qid,question,archetype,word_count,active_cues,source_disagreement_at5,source_top5_union_size,ce_margin5_minus6,ce_score_std,rank_to_primary_set_churn,entering,leaving,rank_only_top5,blend015_top5,primary_top5,ce_only_top5,primary_top5_names,primary_support5,primary_support10,primary_support20
121272,Việc lập và điều chỉnh tăng giá điện được dựa trên những căn cứ nào?,GENERAL_SEMANTIC,15,CROSSREF,0.7555555555555555,17,0.0,3.551351308822632,1,217143,131639,148098|238125|236157|48456|131639,148098|238125|236157|48456|131639,148098|238125|236157|48456|217143,148098|270152|57792|238125|213187,Luat-Dien-Luc-2004-28-2004-QH11-18056 || Quyet-dinh-24-2017-QD-TTg-co-che-dieu-chinh-muc-gia-ban-le-dien-binh-quan-353584 || Quyet-dinh-28-2014-QD-TTg-co-cau-bieu-gia-ban-le-dien-225738 || Thong-tu-18-2020-TT-BCT-hop-dong-mua-ban-dien-mau-ap-dung-cho-du-an-dien-mat-troi-448189 || Thong-tu-02-2019-TT-BCT-phat-trien-du-an-dien-gio-Hop-dong-mua-ban-dien-mau-cho-du-an-dien-gio-40494,5|5|1|2|2,5|5|4|2|2,5|5|5|2|2
140668,Đáp án đề thi lớp 10 chuyên Văn tại TP HCM năm 2023 2024? Tải đáp án đề thi chuyên Văn lớp 10 ở đâu?,GENERAL_SEMANTIC,25,,0.7235449735449737,15,0.0,0.060895755887031555,1,236871|279981,281912|152976,268375|285994|249505|281912|152976,268375|285994|249505|281912|152976,268375|236871|285994|249505|279981,236871|279981|268375|152976|174545,Quyet-dinh-1153-QD-UBND-2023-tuyen-sinh-vao-cac-lop-dau-cap-nam-hoc-2023-2024-Ho-Chi-Minh-562836 || Thong-tu-lien-tich-123-2015-TTLT-BQP-BGDDT-BLDTBXH-to-chuc-trung-tam-giao-duc-quoc-phong-an-ninh-295 ||  ||  || Thong-tu-15-2020-TT-BGDDT-Quy-che-thi-tot-nghiep-trung-hoc-pho-thong-444173,4|1|6|2|0,5|2|6|3|1,5|2|6|5|4
7718,Mục tiêu và nguyên tắc phục hồi chức năng và điều trị các bệnh lý ở người lớn do hậu COVID-19 gây ra?,GENERAL_SEMANTIC,24,,0.6997354497354498,13,0.0,4.34366512298584,1,296375,254937,65009|292497|222242|276631|254937,65009|222242|276631|292497|254937,65009|292497|222242|276631|296375,65009|296375|276631|222242|254937,Quyet-dinh-2122-QD-BYT-2022-chan-doan-va-dieu-tri-sau-nhiem-COVID19-o-nguoi-lon-524317 ||  || Luat-15-2023-QH15-kham-benh-chua-benh-372143 ||  || Quyet-dinh-250-QD-BYT-2022-Huong-dan-chan-doan-dieu-tri-COVID19-502064,6|2|3|4|1,6|2|5|5|4,6|5|5|5|6
134740,"Trình tự, thủ tục tăng vốn điều lệ của công ty chứng khoán được quy định như thế nào?",PROCEDURE,19,,0.6880952380952381,13,0.0,2.940197467803955,1,133938,159107,165780|17396|54752|177687|159107,165780|17396|177687|54752|133938,165780|17396|177687|54752|133938,165780|14350|17396|88170|177687,Nghi-dinh-155-2020-ND-CP-huong-dan-Luat-Chung-khoan-461323 || Thong-tu-25-2017-TT-NHNN-huong-dan-thu-tuc-chap-thuan-thay-doi-to-chuc-tin-dung-phi-ngan-hang-353862 || Nghi-dinh-91-2015-ND-CP-dau-tu-von-nha-nuoc-vao-doanh-nghiep-292804 || Thong-tu-50-2018-TT-NHNN-trinh-tu-thu-tuc-chap-thuan-noi-dung-thay-doi-ngan-hang-thuong-mai-344923 || ,5|4|2|4|3,6|5|5|5|3,6|5|6|5|5
105332,Người ứng cử được đại biểu Quốc hội giới thiệu phải chuẩn bị hồ sơ nhân sự như thế nào?,PROCEDURE,20,,0.6791005291005291,14,0.0,3.9380156993865967,1,2933,101494,14244|280226|166947|4736|101494,14244|166947|4736|280226|101494,14244|166947|280226|4736|2933,166947|4736|14244|61383|193815,Nghi-quyet-31-2023-UBTVQH15-huong-dan-mot-so-dieu-khoan-cua-Noi-quy-ky-hop-Quoc-hoi-560208 || Nghi-quyet-71-2022-QH15-Noi-quy-ky-hop-Quoc-hoi-295408 || Luat-Bau-cu-dai-bieu-Quoc-hoi-va-dai-bieu-Hoi-dong-nhan-dan-2015-282376 || Nghi-quyet-102-2015-QH13-ban-hanh-noi-quy-ky-hop-Quoc-hoi-298382 || Huong-dan-66-HD-TWDTN-BTC-2021-tien-toi-Dai-hoi-dai-bieu-Doan-Thanh-nien-cong-san-Ho-Chi-Minh-505390,5|4|5|3|2,5|4|5|3|3,5|5|6|4|4
165930,Điều kiện để được phép kinh doanh bất động sản là gì?,DEFINITION,12,,0.6444444444444445,15,0.0,2.7567074298858643,1,184038,281247,223375|287560|168163|2113|281247,223375|287560|168163|2113|281247,223375|287560|168163|2113|184038,223375|165780|26667|287560|144551,Luat-Kinh-doanh-bat-dong-san-2014-259722 ||  || Nghi-dinh-02-2022-ND-CP-huong-dan-Luat-Kinh-doanh-bat-dong-san-2014-484653 || Luat-Dau-tu-so-61-2020-QH14-321051 || ,5|5|5|1|1,5|5|5|2|2,5|5|5|5|2
139016,"Những Thông tư, Nghị định nào hướng dẫn Luật Cạnh tranh 2018?",DIRECT_REF,12,INSTRUMENT,0.6404761904761905,13,0.0,2.140277624130249,1,102268,26854,66759|34537|41460|156029|26854,66759|34537|41460|156029|279595,66759|34537|41460|156029|102268,145019|66759|102268|156029|279595,Luat-canh-tranh-345182 || Nghi-dinh-75-2019-ND-CP-quy-dinh-ve-xu-phat-vi-pham-hanh-chinh-trong-linh-vuc-canh-tranh-425023 || Nghi-dinh-35-2020-ND-CP-huong-dan-Luat-Canh-tranh-398083 || Nghi-dinh-03-2023-ND-CP-chuc-nang-nhiem-vu-quyen-han-Uy-ban-Canh-tranh-Quoc-gia-553977 || Thong-tu-12-2023-TT-BCT-sua-doi-Thong-tu-10-2018-TT-BCT-huong-dan-Nghi-dinh-40-2018-ND-CP-kinh-doanh,5|5|4|2|0,5|5|5|5|2,5|5|5|5|5
78846,Chương trình mục tiêu quốc gia phát triển kinh tế xã hội vùng đồng bào dân tộc thiểu số và miền núi giai đoạn 2021-2030 có hỗ trợ nhà ở cho hộ đồng bào dân tộc thiểu số không?,GENERAL_SEMANTIC,40,NEGATION,0.638888888888889,12,0.001953125,3.8164234161376953,1,281469,285636,82252|172183|279608|225809|285636,225809|172183|279608|82252|285636,82252|172183|225809|279608|281469,225809|279608|11864|281469|162307,Quyet-dinh-1719-QD-TTg-2021-Chuong-trinh-phat-trien-kinh-te-xa-hoi-vung-dan-toc-thieu-so-491217 || Thong-tu-02-2022-TT-UBDT-huong-dan-du-an-Chuong-trinh-phat-trien-kinh-te-dan-toc-thieu-so-521070 || Thong-tu-01-2022-TT-BXD-ho-tro-nha-o-ho-ngheo-thuoc-Chuong-trinh-giam-ngheo-ben-vung-520547 || Nghi-quyet-88-2019-QH14-De-an-phat-trien-kinh-te-xa-hoi-vung-dong-bao-dan-toc-thieu-so-va-mien-nui-4 || Quyet-dinh-90-QD-TTg-2022-phe-duyet-Chuong-trinh-muc-tieu-quoc-gia-giam-ngheo-ben-vung-500969,6|4|2|4|2,6|6|4|6|2,6|6|5|6|2
78844,Chủ nợ và doanh nghiệp mất khả năng thanh toán có được quyền thương lượng rút đơn yêu cầu mở thủ tục phá sản không?,PROCEDURE,25,NEGATION,0.6550264550264551,15,0.00390625,3.1549582481384277,1,198465|90853,288736|57682,277391|217416|144344|288736|57682,277391|217416|144344|288736|57682,277391|217416|144344|198465|90853,277391|217416|156593|198465|213424,Luat-Pha-san-2014-238641 || Thong-tu-01-2015-TT-CA-Quy-che-lam-viec-to-tham-phan-trong-qua-trinh-giai-quyet-vu-viec-pha-san-2932 || Nghi-quyet-03-2016-NQ-HDTP-huong-dan-thi-hanh-quy-dinh-Luat-pha-san-304588 || Quyet-dinh-436-QD-VKSTC-2020-quy-trinh-kiem-sat-viec-giai-quyet-pha-san-459143 || Nghi-quyet-326-2016-UBTVQH14-muc-thu-mien-giam-thu-nop-quan-ly-su-dung-an-phi-le-phi-Toa-an-337085,6|5|4|0|0,6|5|4|3|2,6|5|5|3|2
126942,Bay kiểm tra được phân loại gồm những hình thức nào?,GENERAL_SEMANTIC,11,,0.7828042328042328,17,0.0078125,3.2128238677978516,1,112250,194788,15628|157128|73464|96750|194788,15628|157128|96750|73464|112250,15628|157128|96750|73464|112250,15628|25241|112250|240806|96750,Thong-tu-19-2017-TT-BGTVT-quy-dinh-ve-quan-ly-va-bao-dam-hoat-dong-bay-330393 || Thong-tu-28-2018-TT-BTNMT-quy-dinh-ky-thuat-cong-tac-bay-do-tu-trong-dieu-tra-dia-chat-khoang-san-40 || Nghi-dinh-89-2018-ND-CP-huong-dan-Luat-phong-chong-benh-truyen-nhiem-ve-kiem-dich-y-te-bien-gioi-363 || Nghi-dinh-125-2015-ND-CP-quan-ly-hoat-dong-bay-297529 || Thong-tu-69-2020-TT-BCA-kiem-tra-cong-tac-bao-ve-moi-truong-trong-Cong-an-nhan-dan-446246,5|3|1|2|1,6|4|3|2|2,6|5|5|3|3
99242,Bóng cười có bị cấm sản xuất tại Việt Nam không?,GENERAL_SEMANTIC,11,NEGATION,0.7777777777777778,17,0.0078125,1.2498114109039307,1,259205,126836,201003|126836|69484|7683|208872,69484|201003|7683|208872|126836,69484|208872|201003|7683|259205,101555|69484|259205|208872|220365,Nghi-dinh-98-2020-ND-CP-xu-phat-vi-pham-hanh-chinh-hoat-dong-san-xuat-buon-ban-hang-gia-406627 ||  || Luat-Quang-cao-2012-142541 || Thong-tu-28-2014-TT-BVHTTDL-quan-ly-hoat-dong-mua-ban-hang-hoa-quoc-te-267539 || Nghi-dinh-69-2018-ND-CP-huong-dan-Luat-Quan-ly-ngoai-thuong-382305,1|2|4|3|1,3|4|5|4|2,5|5|5|4|5
38702,Khi kết thúc điều trị nắn chỉnh răng hai hàm sử dụng mắc cài sứ truyền thống cần thực hiện những việc gì?,GENERAL_SEMANTIC,23,HYPOTHETICAL,0.6746031746031746,15,0.0078125,3.4985814094543457,1,58855,36340,116971|45655|17489|83120|36340,116971|45655|17489|83120|36340,116971|45655|17489|83120|58855,116971|45655|154031|54328|36340,Quyet-dinh-2121-QD-BYT-2020-tai-lieu-Huong-dan-quy-trinh-ky-thuat-chuyen-nganh-Rang-ham-mat-454411 || Quyet-dinh-3108-QD-BYT-2015-tai-lieu-chuyen-mon-huong-dan-chan-doan-dieu-tri-benh-Rang-Ham-Mat-28510 || Thong-tu-15-2019-TT-BVHTTDL-bao-quan-tu-bo-phuc-hoi-di-tich-434020 ||  || Thong-tu-34-2012-TT-NHNN-phat-trien-bao-tri-phan-mem-nghiep-vu-ngan-hang-162371,6|6|0|0|0,6|6|0|0|0,6|6|1|0|0
71950,Pháp nhân thương mại được quy định như thế nào?,GENERAL_SEMANTIC,10,,0.5968253968253968,13,0.0078125,3.484243631362915,1,119613,198374,81598|220365|132797|153054|198374,81598|220365|132797|153054|21398,81598|220365|132797|153054|119613,81598|119613|43981|245154|21398,Bo-luat-dan-su-2015-296215 || Luat-Thuong-mai-2005-36-2005-QH11-2633 || Bo-luat-Dan-su-2005-33-2005-QH11-2463 || Bo-luat-Dan-su-1995-44-L-CTN-39391 || Nghi-dinh-55-2020-ND-CP-huong-dan-Luat-Thi-hanh-an-hinh-su-thi-hanh-an-phap-nhan-thuong-mai-443525,5|2|5|5|3,5|5|6|5|4,5|6|6|5|5
100080,Tổng giám đốc Tổng công ty Viễn thông MobiFone được đề nghị Hội đồng thành viên quyết định bổ nhiệm những chức danh nào?,PROCEDURE,24,INSTRUMENT,0.5706349206349206,11,0.0078125,3.501433849334717,1,115758,60818,251459|58154|36967|135528|60818,251459|135528|36967|58154|60818,251459|58154|36967|135528|115758,251459|115758|135528|134613|240460,Quyet-dinh-1524-QD-BTTTT-Dieu-le-to-chuc-hoat-dong-tong-cong-ty-vien-thong-mobiFone-2015-290968 || Quyet-dinh-618-QD-UBQLV-2022-Quy-che-quan-ly-tai-chinh-cua-Cong-ty-me-Vien-thong-MobiFone-544588 || Quyet-dinh-552-QD-BXD-2017-quan-ly-nguoi-quan-ly-doanh-nghiep-do-Bo-Xay-dung-lam-dai-dien-373475 || Nghi-dinh-25-2016-ND-CP-dieu-le-to-chuc-hoat-dong-tap-doan-buu-chinh-vien-thong-Viet-Nam-308264 || Nghi-dinh-118-2013-ND-CP-Dieu-le-to-chuc-hoat-dong-Tap-doan-Det-May-Viet-Nam-209734,6|3|3|6|2,6|3|3|6|3,6|6|4|6|5
19426,Có bắt buộc lập hồ sơ quản lý tại mỗi điểm kết nối tín hiệu đèn báo hiệu trên đường bộ tại đường ngang với đèn giao thông đường bộ hay không?,PROCEDURE,32,NEGATION,0.5373015873015873,12,0.0078125,3.7622087001800537,1,184715|150499,118171|50885,129719|279475|216398|118171|50885,129719|279475|216398|150499|50885,129719|279475|216398|184715|150499,129719|150499|279475|184715|107319,Thong-tu-28-2018-TT-BGTVT-ket-noi-tin-hieu-den-giao-thong-duong-bo-voi-tin-hieu-den-duong-ngang-3673 ||  || Thong-tu-37-2018-TT-BGTVT-quy-dinh-ve-quan-ly-khai-thac-va-bao-tri-cong-trinh-duong-bo-374657 || Thong-tu-50-2015-TT-BGTVT-huong-dan-11-2010-ND-CP-quan-ly-bao-tri-ket-cau-ha-tang-giao-thong-duong-b || Luat-Duong-sat-2017-307545,6|6|1|1|1,6|6|2|2|2,6|6|5|4|5
57478,Phí công chứng phải nộp khi công chứng hợp đồng mua bán là bao nhiêu?,GENERAL_SEMANTIC,15,HYPOTHETICAL,0.5333333333333333,13,0.0078125,2.903280735015869,1,57221,293727,248593|114415|267782|47546|293727,114415|248593|267782|47546|57221,114415|248593|267782|47546|57221,114415|57221|267782|248593|47546,Luat-Cong-chung-2014-238638 || Thong-tu-257-2016-TT-BTC-phi-cong-chung-thuc-tham-dinh-hanh-nghe-cong-chung-the-cong-chung-vien-3332 || Quyet-dinh-08-2016-QD-UBND-muc-tran-thu-lao-cong-chung-thanh-pho-Ho-Chi-Minh-306699 ||  || Thong-tu-226-2016-TT-BTC-phi-chung-thuc-322363,5|5|5|5|0,5|5|5|5|4,5|5|5|5|4
70886,"14 tuổi phạm tội cướp tài sản, giết người thì bị phạt bao nhiêu năm tù?",SANCTION,16,,0.4555555555555555,9,0.0078125,2.6730902194976807,1,161003,102434,245154|43981|24778|147066|102434,245154|43981|24778|147066|161003,245154|43981|24778|147066|161003,43981|245154|237914|175298|177925,Bo-luat-hinh-su-2015-296661 || Luat-sua-doi-Bo-luat-Hinh-su-2017-354053 || Bo-Luat-hinh-su-1999-15-1999-QH10-46056 || Bo-luat-Hinh-su-1985-17-LCT-HDNN7-37003 || Bo-luat-hinh-su-2009-sua-doi-37-2009-QH12-90648,6|5|6|4|3,6|6|6|5|5,6|6|6|6|6
84194,Điều kiện trở thành hội viên Hiệp hội Doanh nhân Việt Nam ở nước ngoài là gì?,DEFINITION,17,,0.8296296296296296,19,0.0089111328125,3.651238441467285,1,57743,69410,20307|181387|62869|69410|135848,20307|181387|62869|135848|69410,20307|181387|62869|135848|57743,20307|181387|71721|253943|37921,Quyet-dinh-81-QD-BNV-phe-duyet-Dieu-le-sua-doi-bo-sung-Hiep-hoi-Doanh-nhan-176368 || Quyet-dinh-390-QD-BNV-nam-2010-phe-duyet-Dieu-le-cua-Hiep-hoi-Chu-hang-Viet-Nam-180677 || Quyet-dinh-172-QD-BNV-2015-phe-duyet-Dieu-le-Hiep-hoi-Xuat-khau-lao-dong-Viet-Nam-268652 || Quyet-dinh-514-QD-BNV-nam-2012-phe-duyet-Dieu-le-sua-doi-Hiep-hoi-Du-lich-173447 || Quyet-dinh-897-QD-BNV-2022-Dieu-le-sua-doi-Hiep-hoi-Doanh-nghiep-cua-Thuong-binh-539580,5|2|3|2|1,6|2|5|2|4,6|4|5|3|5
35056,Chất lượng của lựu quả tươi hạng II được quy định như thế nào?,GENERAL_SEMANTIC,14,,0.737037037037037,16,0.009765625,1.8749996423721313,1,48177,289932,235935|17058|161384|242694|289932,235935|17058|161384|242694|289932,235935|17058|161384|48177|242694,297738|146691|190878|279109|61960, ||  ||  ||  || ,6|3|4|0|1,6|4|5|2|5,6|6|5|6|6
42086,Nội dung báo cáo kết quả kiểm định xây dựng?,GENERAL_SEMANTIC,10,,0.6801587301587302,15,0.009765625,3.7765910625457764,1,67734,115126,83081|42262|89392|128471|115126,83081|42262|89392|128471|115126,83081|42262|89392|128471|67734,83081|67734|234609|42262|167359,Thong-tu-10-2021-TT-BXD-huong-dan-Nghi-dinh-06-2021-ND-CP-va-Nghi-dinh-44-2016-ND-CP-486108 || Nghi-dinh-15-2021-ND-CP-huong-dan-mot-so-noi-dung-quan-ly-du-an-dau-tu-xay-dung-466771 || Luat-Xay-dung-2014-238644 || Nghi-dinh-35-2023-ND-CP-sua-doi-cac-Nghi-dinh-thuoc-linh-vuc-quan-ly-nha-nuoc-516212 || Quyet-dinh-2692-QD-BGDDT-2018-quy-dinh-ve-cong-tac-kiem-tra-cua-Bo-Giao-duc-va-Dao-tao-388680,5|2|5|1|1,5|4|5|2|2,5|5|5|4|4
41364,Điều kiện công nhận hoàn thành chương trình trung học của học sinh là gì?,DEFINITION,15,,0.7119047619047619,15,0.01171875,2.559678077697754,1,199119|256444,27623|146513,218445|199759|22825|27623|146513,218445|199759|199119|27623|22825,218445|199759|199119|256444|22825,145718|199119|256444|104092|206812,Quyet-dinh-11-2006-QD-BGD-DT-Quy-che-xet-cong-nhan-tot-nghiep-trung-hoc-co-so-11027 || Luat-giao-duc-2019-367665 || Thong-tu-22-2021-TT-BGDDT-danh-gia-hoc-sinh-trung-hoc-co-so-485242 || Thong-tu-43-2021-TT-BGDDt-danh-gia-hoc-vien-giao-duc-thuong-xuyen-cap-trung-hoc-co-so-499850 || Thong-tu-32-2020-TT-BGDDT-Dieu-le-truong-trung-hoc-co-so-truong-trung-hoc-pho-thong-443627,5|5|1|0|2,5|5|5|2|2,5|5|5|2|5
25174,Hoạt động thanh tra tài nguyên và môi trường gồm những nội dung nào? ,GENERAL_SEMANTIC,14,,0.6880952380952381,15,0.01171875,3.770139217376709,1,67945|303096,193936|136938,131811|72305|117074|193936|136938,131811|117074|72305|193936|303096,131811|117074|72305|67945|303096,131811|117074|303096|81400|184038,Nghi-dinh-35-2009-ND-CP-to-chuc-hoat-dong-Thanh-tra-Tai-nguyen-Moi-truong-86917 || Thong-tu-27-2019-TT-BTNMT-phuong-tien-thiet-bi-ky-thuat-cua-Thanh-tra-tai-nguyen-va-moi-truong-43259 || Luat-Thanh-tra-2022-544688 || Luat-Dat-dai-2003-13-2003-QH11-51685 || Nghi-dinh-08-2022-ND-CP-huong-dan-Luat-Bao-ve-moi-truong-479457,5|3|5|1|2,5|4|5|4|2,5|5|5|5|2
75114,Có được viết giấy đặt cọc không có công chứng không?,CONDITION,11,NEGATION,0.6775132275132275,15,0.01171875,1.7096054553985596,1,183078,153054,81598|114415|132797|259656|153054,81598|114415|132797|259656|183078,81598|132797|114415|183078|259656,183078|114415|132797|81598|156354,Bo-luat-dan-su-2015-296215 || Bo-luat-Dan-su-2005-33-2005-QH11-2463 || Luat-Cong-chung-2014-238638 || Nghi-dinh-99-2022-ND-CP-dang-ky-bien-phap-bao-dam-542323 || Nghi-dinh-23-2015-ND-CP-cap-chung-thuc-ban-sao-tu-ban-chinh-chung-thuc-chu-ky-266857,4|4|5|1|3,5|4|5|2|5,5|5|5|2|5
12820,Thu hồi hoàn thuế trong những trường hợp nào?,PROCEDURE,9,,0.6626984126984128,15,0.01171875,2.695887327194214,1,240117,222640,133819|161949|160381|195677|222640,133819|195677|160381|161949|240117,133819|195677|160381|161949|240117,71436|240117|195677|190965|133819,Quyet-dinh-679-QD-TCT-2023-Quy-trinh-hoan-thue-568320 ||  || Thong-tu-80-2021-TT-BTC-huong-dan-Luat-Quan-ly-thue-Nghi-dinh-126-2020-ND-CP-466716 || Luat-quan-ly-thue-2019-387595 || Luat-thue-thu-nhap-ca-nhan-2007-04-2007-QH12-59652,5|4|4|5|1,5|5|5|5|1,5|5|5|5|4
53834,Điều kiện để chuyển nhượng Condotel là gì?,DEFINITION,8,,0.6603174603174604,15,0.01171875,1.421954870223999,1,85368,113741,287560|168163|223375|184038|113741,287560|168163|223375|184038|305455,287560|168163|223375|184038|85368,85368|2113|287560|6411|168163, || Nghi-dinh-02-2022-ND-CP-huong-dan-Luat-Kinh-doanh-bat-dong-san-2014-484653 || Luat-Kinh-doanh-bat-dong-san-2014-259722 ||  || Nghi-dinh-88-2021-ND-CP-thu-tien-cap-quyen-su-dung-tan-so-vo-tuyen-dien-489892,5|5|5|1|0,5|5|5|2|3,5|5|5|3|3
136288,Việc quy hoạch cảng hàng không phải dựa trên những căn cứ nào để thực hiện?,GENERAL_SEMANTIC,16,CROSSREF|NEGATION,0.66005291005291,12,0.01171875,3.2912862300872803,1,258509|239017,20594|288109,214505|61567|11665|20594|288109,214505|11665|61567|20594|258509,214505|61567|11665|258509|239017,11665|214505|258509|292772|305455,Nghi-dinh-05-2021-ND-CP-quan-ly-khai-thac-cang-hang-khong-san-bay-463681 || Luat-hang-khong-dan-dung-Viet-Nam-2006-66-2006-QH11-12983 || Quyet-dinh-648-QD-TTg-2023-phat-trien-he-thong-cang-hang-khong-san-bay-toan-quoc-2021-2030-568857 || Luat-quy-hoach-322935 || Thong-tu-23-2021-TT-BGTVT-lua-chon-nha-dau-tu-cong-trinh-dich-vu-chuyen-nganh-hang-khong-493941,5|5|4|2|2,5|5|5|3|4,5|5|5|5|4
68018,"Trường hợp nào thì bị thu hồi, hủy giá trị sử dụng hộ chiếu?",PROCEDURE,14,,0.6391534391534393,13,0.01171875,4.82641077041626,1,268007,206126,52666|77650|244943|206126|132219,52666|77650|244943|132219|206126,52666|244943|77650|132219|268007,52666|244943|132219|268007|305134,Luat-Xuat-canh-nhap-canh-cua-cong-dan-Viet-Nam-2019-402073 || Nghi-dinh-76-2020-ND-CP-huong-dan-doi-tuong-cap-thu-hoi-huy-gia-tri-su-dung-giay-thong-hanh-446497 || Luat-Nhap-canh-xuat-canh-qua-canh-cu-tru-cua-nguoi-nuoc-ngoai-tai-Viet-Nam-2014-238649 ||  || Nghi-dinh-16-2020-ND-CP-huong-dan-Luat-Quoc-tich-Viet-Nam-433706,6|2|5|3|0,6|4|5|3|3,6|6|5|5|5
65880,Người đứng đầu cơ quan cung cấp thông tin bảo đảm các biện pháp kỹ thuật trong việc cung cấp thông tin nhằm mục đích gì?,GENERAL_SEMANTIC,26,,0.6343915343915345,14,0.01171875,4.111263275146484,1,218610,107812,21977|251339|183078|241299|107812,21977|251339|183078|241299|107812,21977|251339|183078|241299|218610,21977|241299|183078|251339|295631,Nghi-dinh-13-2018-ND-CP-huong-dan-Luat-tiep-can-thong-tin-348639 || Luat-tiep-can-thong-tin-2016-280116 || Nghi-dinh-99-2022-ND-CP-dang-ky-bien-phap-bao-dam-542323 ||  || ,6|5|2|3|1,6|5|2|5|2,6|5|5|5|4
49818,"Điều kiện về Giấy khen để được tặng ""Bằng khen của Thủ tướng chính phủ"" ra sao?",CONDITION,17,,0.6261904761904762,12,0.01171875,3.8737223148345947,1,274422,231961,85834|261914|295779|167368|231961,85834|261914|295779|167368|192255,85834|261914|295779|167368|274422,261914|274422|85834|192255|106161,Luat-Thi-dua-Khen-thuong-2022-418232 || Nghi-dinh-91-2017-ND-CP-huong-dan-Luat-thi-dua-khen-thuong-315685 || Luat-Thi-dua-Khen-thuong-2003-15-2003-QH11-51686 || Quyet-dinh-2418-QD-BHXH-2020-Quy-che-thi-dua-khen-thuong-cua-Bao-hiem-xa-hoi-Viet-Nam-460813 || Thong-tu-151-2018-TT-BQP-huong-dan-thi-dua-khen-thuong-trong-Quan-doi-nhan-dan-Viet-Nam-399280,5|5|3|2|0,5|6|5|6|4,5|6|5|6|5
14814,"Ai có thẩm quyền quyết định chủ trương về thanh lý, xử lý trang thiết bị tìm kiếm cứu nạn?",PROCEDURE,20,INSTRUMENT,0.6166666666666667,13,0.01171875,4.008500576019287,1,291209|75590,151530|79032,127335|259504|151530|79032|104903,127335|259504|151530|79032|104903,127335|259504|104903|291209|75590,127335|291209|259504|205761|110243,Quyet-dinh-124-2007-QD-TTg-Quy-che-quan-ly-trang-thiet-bi-tim-kiem-cuu-nan-54005 || Nghi-dinh-30-2017-ND-CP-quy-dinh-to-chuc-hoat-dong-ung-pho-su-co-thien-tai-tim-kiem-cuu-nan-320085 || Quyet-dinh-1281-QD-BGTVT-2018-phan-cap-su-dung-tai-san-cong-tai-cac-co-quan-thuoc-Bo-Giao-thong-3891 || Quyet-dinh-1291-QD-BNN-TCTL-nam-2013-Quy-che-cua-Ban-chi-dao-Tim-kiem-cuu-nan-192681 || Quyet-dinh-51-2015-QD-TTg-to-chuc-tim-kiem-cuu-nan-giao-thong-duong-thuy-noi-dia-293043,6|6|2|3|3,6|6|3|3|3,6|6|3|3|3
164984,Khi có dự báo xảy ra sự cố thiên tai thì cơ quan nào có trách nhiệm tổ chức và duy trì hoạt động của cơ quan thường trực Phòng chống thiên tai?,PROCEDURE,33,HYPOTHETICAL,0.5716931216931217,11,0.01171875,4.245545387268066,1,191771,22174,259504|237571|243124|224977|22174,259504|237571|243124|224977|22174,259504|237571|243124|224977|191771,259504|110243|153299|254670|89571,Nghi-dinh-30-2017-ND-CP-quy-dinh-to-chuc-hoat-dong-ung-pho-su-co-thien-tai-tim-kiem-cuu-nan-320085 || Quyet-dinh-20-2021-QD-TTg-quan-ly-su-dung-trang-thiet-bi-chuyen-dung-phong-chong-thien-tai-476469 || Luat-phong-chong-thien-tai-nam-2013-197310 || Thong-tu-10-2019-TT-BGTVT-quy-dinh-ve-phong-chong-thien-tai-trong-linh-vuc-hang-hai-408960 || Thong-tu-03-2019-TT-BGTVT-phong-chong-va-khac-phuc-hau-qua-thien-tai-trong-linh-vuc-duong-bo-407515,6|2|4|2|0,6|5|6|5|6,6|5|6|5|6
85098,Chó nhà có dấu hiệu mắc bệnh Dại thì có bị tiêu hủy không?,GENERAL_SEMANTIC,14,NEGATION,0.45793650793650786,8,0.01171875,3.190812349319458,1,88309,177440,291854|72491|129920|253221|177440,291854|72491|129920|88309|253221,291854|72491|129920|88309|253221,291854|72491|129920|88309|221584,Thong-tu-07-2016-TT-BNNPTNT-phong-chong-dich-benh-dong-vat-tren-can-313499 || Ke-hoach-105-KH-UBND-2022-thuc-hien-Chuong-trinh-quoc-gia-phong-chong-benh-Dai-Ha-Noi-509211 || Luat-thu-y-2015-282384 || Nghi-dinh-90-2017-ND-CP-quy-dinh-xu-phat-vi-pham-hanh-chinh-trong-linh-vuc-thu-y-336190 || Thong-tu-24-2022-TT-BNNPTNT-co-so-vung-an-toan-dich-benh-dong-vat-549293,6|5|5|2|1,6|5|5|6|5,6|5|5|6|6
87044,Thuế suất thuế tiêu thụ đặc biệt đối với xăng dầu là bao nhiêu?,GENERAL_SEMANTIC,14,,0.5671957671957673,13,0.013671875,3.013044834136963,1,80245,278114,141958|187813|62074|87239|278114,141958|87239|187813|62074|278114,141958|187813|87239|62074|80245,87239|169300|141958|187813|62074,Luat-thue-tieu-thu-dac-biet-2008-26-2008-QH12-82198 || Luat-Thue-tieu-thu-dac-biet-sua-doi-2014-259732 || Thong-tu-104-2021-TT-BTC-xac-dinh-yeu-to-cau-thanh-trong-cong-thuc-gia-co-so-xang-dau-495547 || Nghi-dinh-108-2015-ND-CP-huong-dan-Luat-Thue-tieu-thu-dac-biet-sua-doi-294252 || Luat-thue-bao-ve-moi-truong-2010-115247,5|5|5|5|1,5|5|6|6|4,6|5|6|6|4
30278,"Để tiếp tục thực hiện Chương trình phục hồi và phát triển kinh tế - xã hội, Chính phủ giao các cơ quan ban ngành những nhiệm vụ gì?",GENERAL_SEMANTIC,28,,0.85,19,0.0146484375,3.46765398979187,1,148246,288451,213418|297470|119090|16548|288451,213418|119090|297470|16548|288451,119090|213418|297470|16548|148246,119090|118975|161441|16548|186125,Nghi-quyet-63-NQ-CP-2022-phien-hop-Chinh-phu-thuong-ky-thang-4-512643 || Nghi-quyet-25-NQ-CP-2022-phien-hop-Chinh-phu-thuong-ky-thang-02-506481 || Nghi-quyet-50-NQ-CP-2022-phien-hop-Chinh-phu-thuong-ky-thang-3-510000 || Nghi-quyet-24-2021-QH15-chu-truong-dau-tu-Chuong-trinh-muc-tieu-quoc-gia-giam-ngheo-ben-vung-484262 || Nghi-quyet-50-NQ-CP-2023-Phien-hop-Chinh-phu-thuong-ky-thang-3-562395,2|3|4|2|1,2|5|4|3|3,5|5|4|3|4
167730,Chế độ phụ cấp đặc thù đối với lực lượng Cảnh vệ thuộc Bộ Quốc phòng áp dụng đối với các đối tượng nào?,GENERAL_SEMANTIC,24,,0.5928571428571429,11,0.0146484375,3.7002973556518555,1,252586,234976,224702|228288|72472|246977|234976,224702|228288|72472|246977|252586,224702|228288|72472|246977|252586,224702|252586|228288|93496|63327,Thong-tu-162-2018-TT-BQP-che-do-phu-cap-dac-thu-doi-voi-luc-luong-Canh-ve-thuoc-Bo-Quoc-phong-399832 || Nghi-dinh-90-2018-ND-CP-huong-dan-Luat-Canh-ve-376625 || Thong-tu-14-2018-TT-BCA-mau-quan-ly-va-su-dung-Giay-bao-ve-dac-biet-cua-luc-luong-Canh-ve-385683 || Luat-Canh-ve-2017-280117 || Nghi-dinh-58-2010-ND-CP-huong-dan-Luat-Dan-quan-tu-ve-106576,6|6|3|3|2,6|6|5|3|5,6|6|5|6|5
150824,Trang phục Thuế Việt Nam cấp cho công chức Thuế do ai có thẩm quyền trang bị?,PROCEDURE,17,,0.8150793650793651,19,0.015625,1.8027441501617432,1,61202|188404,252002|17545,92863|123392|252002|159049|17545,92863|123392|252002|61202|159049,92863|123392|61202|159049|188404,92863|61202|123392|40273|168891,Quyet-dinh-1054-QD-TCT-2021-quan-ly-trang-phuc-va-the-cua-nganh-Thue-479983 || Quyet-dinh-499-QD-TCT-2019-Quy-che-to-chuc-hoat-dong-Truong-Nghiep-vu-Thue-514564 || Quyet-dinh-188-QD-TCHQ-Quy-che-hoat-dong-cong-vu-Hai-quan-Viet-Nam-2017-339091 || Quyet-dinh-41-2018-QD-TTg-quyen-han-va-co-cau-to-chuc-cua-Tong-cuc-Thue-thuoc-Bo-Tai-chinh-395311 || Quyet-dinh-1062-QD-TCHQ-2021-Quy-che-quan-ly-su-dung-trang-phuc-trong-nganh-Hai-quan-470777,5|1|3|1|1,5|2|3|2|3,5|2|4|2|3
61258,"Thực hiện cải cách tiền lương, chính sách BHXH phù hợp với điều kiện đất nước trong giai đoạn 2023-2025?",CONDITION,21,,0.7423280423280423,15,0.015625,3.2401506900787354,1,13927,241314,284539|174741|267593|241314|162235,284539|267593|174741|162235|13927,284539|267593|174741|162235|13927,267593|284539|174741|13927|141738,Nghi-quyet-69-2022-QH15-du-toan-ngan-sach-nha-nuoc-2023-541860 || Chi-thi-12-CT-TTg-2022-xay-dung-ke-hoach-phat-trien-kinh-te-xa-hoi-du-toan-ngan-sach-2023-523074 || Thong-tu-78-2022-TT-BTC-du-toan-ngan-sach-Nha-nuoc-2023-547888 || Thong-tu-47-2022-TT-BTC-huong-dan-xay-dung-du-toan-ngan-sach-va-ke-hoach-tai-chinh-2023-524554 || Nghi-quyet-23-2021-QH15-Ke-hoach-tai-chinh-quoc-gia-vay-tra-no-cong-5-nam-483941,5|4|4|1|3,5|5|5|6|4,5|6|5|6|5
168024,Trường hợp Công an viên mất trong lúc làm nhiệm vụ có tham gia BHXH thì được nhận tiền trợ cấp như thế nào?,GENERAL_SEMANTIC,24,,0.7410052910052911,15,0.015625,2.0614216327667236,1,2309,207907,176541|181804|53519|103601|207907,176541|181804|53519|103601|2309,176541|181804|53519|2309|103601,176541|2309|53519|161158|52327,Nghi-dinh-73-2009-ND-CP-huong-dan-Phap-lenh-Cong-an-xa-94347 || Thong-tu-19-2015-TT-BCA-che-do-huan-luyen-vien-van-dong-vien-hoat-dong-the-duc-the-thao-cong-an-nhan || Thong-tu-lien-tich-05-2012-TTLT-BCA-BLDTBXH-BTC-huong-dan-chinh-sach-si-quan-141078 || Thong-tu-lien-tich-105-2016-TTLT-BQP-BCA-BLDTBXH-huong-dan-Luat-Bao-hiem-xa-hoi-33-2016-ND-CP-330898 || Nghi-dinh-49-2019-ND-CP-huong-dan-Luat-Cong-an-nhan-dan-406963,5|2|4|1|3,5|3|5|4|4,5|5|5|6|5
166328,"Xử phạt đối với hành vi phạt tiền, trừ lương của nhân viên trái quy định pháp luật?",SANCTION,18,,0.7224867724867725,15,0.015625,1.2687981128692627,1,237914|207163,94754|143446,26782|129823|94754|13768|143446,26782|13768|129823|94754|143446,26782|129823|13768|237914|207163,237914|93883|269720|13768|51405,Nghi-dinh-12-2022-ND-CP-xu-phat-vi-pham-hanh-chinh-lao-dong-bao-hiem-nguoi-lam-viec-nuoc-ngoai-47931 || Bo-Luat-lao-dong-2019-333670 || Nghi-dinh-141-2005-ND-CP-quan-ly-lao-dong-Viet-Nam-lam-viec-o-nuoc-ngoai-5460 || Luat-67-2020-QH14-xu-ly-vi-pham-hanh-chinh-sua-doi-373520 || Nghi-dinh-124-2021-ND-CP-sua-doi-Nghi-dinh-115-2018-ND-CP-va-117-2020-ND-CP-499187,6|2|0|0|1,6|2|2|1|1,6|2|5|1|1
141506,Trình tự và thủ tục đăng ký tham gia Giải thưởng xuất khẩu của Thủ tướng Chính phủ được thực hiện thế nào?,PROCEDURE,23,,0.703968253968254,14,0.015625,3.5737879276275635,1,23636|86836,21|213188,101609|167047|167964|21|213188,101609|167047|167964|21|213188,101609|167964|167047|23636|86836,101609|173911|90026|167964|20261,Quyet-dinh-1252-QD-BTM-2007-Quy-che-quy-dinh-trinh-tu-thu-tuc-danh-gia-Giai-thuong-xuat-khau-252912 || Thong-tu-45-2020-TT-BGDDT-Quy-che-xet-tang-Giai-thuong-khoa-hoc-danh-cho-giang-vien-tre-458259 || Quyet-dinh-3699-QD-BNN-CB-Quy-che-dang-ky-chung-nhan-hang-nong-lam-san-Viet-Nam-chat-luong-cao-uy-ti || Quyet-dinh-1376-QD-BYT-nam-2014-Giai-thuong-Thuong-hieu-vang-Thuc-pham-Viet-Nam-230125 || ,6|1|2|0|0,6|3|4|2|3,6|3|4|3|3
10164,Quá trình thiết kế trường dạy nghề cần đảm bảo tuân thủ các quy định chung nào?,GENERAL_SEMANTIC,17,,0.662962962962963,14,0.015625,2.2034027576446533,1,66847,178412,37755|89392|20457|161237|178412,37755|161237|89392|20457|178412,37755|89392|161237|20457|66847,37755|161237|167237|89403|66847, || Luat-Xay-dung-2014-238644 || Thong-tu-06-2022-TT-BLDTBXH-chuong-trinh-boi-duong-nghiep-vu-su-pham-giao-duc-nghe-nghiep-511564 || Thong-tu-02-2023-TT-BXD-huong-dan-hop-dong-xay-dung-557432 || Thong-tu-03-2017-TT-BLDTBXH-ban-hanh-chuong-trinh-tham-dinh-giao-trinh-trinh-do-trung-cap-cao-dang-3,6|5|1|2|1,6|5|3|2|2,6|5|4|5|5
76824,Đại diện người sở hữu trái phiếu có thực hiện các biện pháp xử lý tài sản theo hợp đồng thay cho người sở hữu trái phiếu không?,GENERAL_SEMANTIC,28,NEGATION,0.6550264550264551,14,0.015625,3.566986322402954,1,120244,81598,165780|258477|92296|207772|81598,165780|258477|207772|92296|120244,165780|258477|207772|92296|120244,165780|70436|126546|120244|199374,Nghi-dinh-155-2020-ND-CP-huong-dan-Luat-Chung-khoan-461323 || Nghi-dinh-65-2022-ND-CP-sua-doi-Nghi-dinh-153-2020-ND-CP-chao-ban-giao-dich-trai-phieu-doanh-nghiep- || Thong-tu-10-2016-TT-BTC-the-chap-tai-san-de-bao-dam-cho-khoan-vay-duoc-Chinh-phu-bao-lanh-301916 || Thong-tu-30-2023-TT-BTC-huong-dan-viec-dang-ky-giao-dich-trai-phieu-thi-truong-trong-nuoc-568790 || Nghi-dinh-21-2021-ND-CP-huong-dan-Bo-luat-Dan-su-bao-dam-thuc-hien-nghia-vu-468069,6|2|3|5|1,6|2|4|5|5,6|5|4|5|5
48178,"Sĩ số học sinh, sinh viên vượt quá quy định bị phạt đến 10 triệu đồng?",SANCTION,16,,0.6140211640211641,13,0.015625,2.947587728500366,1,44647,255913,278875|117001|221671|242728|255913,117001|221671|278875|242728|44647,117001|221671|278875|242728|44647,117001|221671|44647|146481|209474,Nghi-dinh-79-2015-ND-CP-xu-phat-vi-pham-hanh-chinh-trong-linh-vuc-giao-duc-nghe-nghiep-290383 || Nghi-dinh-88-2022-ND-CP-xu-phat-vi-pham-hanh-chinh-giao-duc-nghe-nghiep-534876 || Nghi-dinh-04-2021-ND-CP-xu-phat-vi-pham-hanh-chinh-trong-linh-vuc-giao-duc-450564 || Nghi-dinh-127-2021-ND-CP-sua-doi-Nghi-dinh-04-2021-ND-CP-xu-phat-hanh-chinh-giao-duc-488371 || Thong-tu-17-2017-TT-BLDTBXH-Quy-che-cong-tac-hoc-sinh-sinh-vien-truong-trung-cap-cao-dang-286989,5|5|6|2|1,5|5|6|2|2,5|5|6|5|4
6770,Nội dung chi tiết của đào tạo cấp chứng chỉ chứng nhận chuyên môn về y tế lao động được quy định như thế nào?,GENERAL_SEMANTIC,25,,0.5746031746031746,12,0.015625,3.841254472732544,1,252814,274746,127858|116851|136441|251585|274746,127858|136441|116851|251585|274746,127858|136441|116851|252814|251585,127858|252814|136441|116851|283045,Thong-tu-29-2021-TT-BYT-huong-dan-hoat-dong-dao-tao-chuyen-mon-y-te-lao-dong-498597 ||  || Thong-tu-02-2017-TT-BQP-hoat-dong-huan-luyen-an-toan-ve-sinh-lao-dong-337143 || Thong-tu-33-2018-TT-BGTVT-tieu-chuan-chuc-danh-nhan-vien-duong-sat-truc-tiep-phuc-vu-chay-tau-383598 || Thong-tu-26-2020-TT-BYT-sua-doi-bo-sung-Thong-tu-22-2013-TT-BYT-dao-tao-lien-tuc-cho-can-bo-y-te-460,5|5|5|4|2,5|5|5|4|5,5|5|5|4|6
32778,Có thể ủy quyền cho người khác (đại diện theo ủy quyền) bán nhà đất được không? ,GENERAL_SEMANTIC,17,NEGATION,0.6470899470899472,13,0.01611328125,3.5829248428344727,1,305455,6411,132797|81598|144551|184038|6411,132797|81598|144551|184038|6411,132797|81598|144551|184038|305455,132797|81598|153054|59149|21398,Bo-luat-Dan-su-2005-33-2005-QH11-2463 || Bo-luat-dan-su-2015-296215 ||  ||  || Luat-dat-dai-2013-215836,6|5|4|2|1,6|6|6|3|2,6|6|6|6|6
12968,Vi bằng là gì?,DEFINITION,4,,0.8481481481481481,21,0.01953125,3.246222972869873,1,10719,4644,127073|161167|99335|174171|4644,127073|161167|174171|99335|4644,127073|161167|99335|174171|10719,127073|174171|161167|293727|145302,Nghi-dinh-08-2020-ND-CP-to-chuc-va-hoat-dong-cua-Thua-phat-lai-331814 || Thong-tu-lien-tich-09-2014-TTLT-BTP-TANDTC-VKSNDTC-BTC-huong-dan-thi-diem-Thua-phat-lai-224304 || Quyet-dinh-2885-QD-BYT-2022-tai-lieu-truyen-thong-truc-tiep-cham-soc-suc-khoe-sinh-san-vi-thanh-nien || Thong-tu-05-2020-TT-BTP-huong-dan-Nghi-dinh-08-2020-ND-CP-to-chuc-Thua-phat-lai-453632 || Thong-tu-08-2023-TT-BGDDT-sua-doi-Thong-tu-01-2021-TT-BGDDT-02-2021-TT-BGDDT-514067,5|3|1|1|1,5|3|2|1|1,5|4|2|2|1
39878,Trường phổ thông năng khiếu TDTT có phải xây dựng ký túc xá để hỗ trợ các học sinh có nhu cầu ở nội trú không?,GENERAL_SEMANTIC,26,NEGATION,0.6798941798941799,13,0.01953125,3.7905681133270264,1,28340,199759,173701|179847|101679|104092|199759,173701|179847|101679|104092|199759,173701|179847|101679|104092|28340,173701|222120|28340|179847|44647,Thong-tu-07-2021-TT-BGDDT-Quy-che-to-chuc-hoat-dong-truong-pho-thong-nang-khieu-the-thao-468415 || Nghi-dinh-46-2017-ND-CP-quy-dinh-dieu-kien-dau-tu-hoat-dong-trong-linh-vuc-giao-duc-336219 || Thong-tu-27-2011-TT-BGDDT-Quy-che-cong-tac-hoc-sinh-sinh-vien-noi-tru-125897 || Luat-Giao-duc-2005-38-2005-QH11-2636 || Thong-tu-06-2012-TT-BGDDT-Quy-che-to-chuc-va-hoat-dong-truong-trung-hoc-pho-135402,6|2|5|2|2,6|5|6|3|3,6|6|6|6|4
59904,"Thực hiện đề án hỗ trợ học sinh, sinh viên khởi nghiệp theo các nhiệm vụ và giải pháp như thế nào?",GENERAL_SEMANTIC,22,,0.662962962962963,13,0.01953125,2.6872191429138184,1,93604,173386,248534|52434|79879|173386|95253,248534|52434|79879|173386|93604,248534|52434|79879|93604|95253,248534|257591|79879|52434|93604,Quyet-dinh-1665-QD-TTg-2017-de-an-Ho-tro-hoc-sinh-sinh-vien-khoi-nghiep-den-nam-2025-365846 || Quyet-dinh-619-QD-BGDDT-2022-thuc-hien-Chien-luoc-phat-trien-thanh-nien-nganh-Giao-duc-505693 || Thong-tu-126-2018-TT-BTC-kinh-phi-thuc-hien-De-an-Ho-tro-hoc-sinh-sinh-vien-khoi-nghiep-405667 || Quyet-dinh-844-QD-TTg-de-an-ho-tro-he-sinh-thai-khoi-nghiep-doi-moi-sang-tao-quoc-gia-den-2025-2016- || Nghi-quyet-01-NQLT-CP-BCHTWD-2017-phoi-hop-cua-Chinh-phu-va-Ban-chap-hanh-Trung-uong-Doan-372132,5|3|5|1|2,5|5|5|5|3,5|5|5|5|5
54870,Cách tính mức phụ cấp ưu đãi nghề đối với công chức phục vụ người bệnh gây mê hồi sức hiện nay được quy định như thế nào?,GENERAL_SEMANTIC,28,,0.5333333333333333,13,0.01953125,3.02150559425354,1,53589,140693,189865|215423|165830|140693|235497,189865|165830|215423|235497|140693,189865|165830|215423|235497|53589,189865|165830|53589|89901|235497,Nghi-dinh-56-2011-ND-CP-che-do-phu-cap-uu-dai-theo-nghe-126149 || Thong-tu-lien-tich-02-2012-TTLT-BYT-BNV-BTC-huong-dan-Nghi-dinh-56-2011-ND-CP-134437 || Nghi-dinh-26-2016-ND-CP-tro-phu-cap-cong-vien-chuc-nguoi-lao-dong-co-so-quan-ly-nguoi-nghien-ma-tuy- || Thong-tu-lien-tich-06-2009-TTLT-BKHDT-BNV-BTC-huong-dan-thuc-hien-QD-45-200-che-do-phu-cap-uu-dai-th || Quyet-dinh-132-2006-QD-TTg-che-do-phu-cap-uu-dai-theo-nghe-cong-chuc-vien-chuc-nganh-kiem-lam-bao-ve,5|5|5|1|0,5|5|5|2|3,5|5|5|5|3
108542,Người phạm tội vận chuyển trái phép vũ khí quân dụng được xóa án tích khi nào?,CONDITION,17,HYPOTHETICAL,0.5158730158730158,10,0.021484375,3.380000114440918,1,136247,24778,245154|43981|102434|24778|194863,245154|43981|194863|102434|69560,245154|43981|102434|194863|136247,288833|136247|199484|43981|245154,Bo-luat-hinh-su-2015-296661 || Luat-sua-doi-Bo-luat-Hinh-su-2017-354053 || Bo-luat-to-tung-hinh-su-2015-296884 || Bo-luat-To-tung-Hinh-su-2003-19-2003-QH11-51701 || Nghi-quyet-41-2017-QH14-thi-hanh-Bo-luat-Hinh-su-100-2015-QH13-duoc-sua-doi-tai-12-2017-QH14-353900,6|5|5|4|1,6|6|5|5|3,6|6|5|5|3
145386,Người lợi dụng chức vụ phạm tội tha trái pháp luật người bị bắt về tội phạm đặc biệt nghiêm trọng đã chấp hành xong hình phạt tù thì đương nhiên được xóa án tích khi nào?,SANCTION,37,INSTRUMENT|HYPOTHETICAL,0.6256613756613756,12,0.022705078125,5.003678321838379,1,230077,194863,245154|43981|102434|24778|194863,245154|43981|24778|230077|102434,245154|43981|24778|230077|102434,288833|136247|245154|195539|151526,Bo-luat-hinh-su-2015-296661 || Luat-sua-doi-Bo-luat-Hinh-su-2017-354053 || Bo-Luat-hinh-su-1999-15-1999-QH10-46056 ||  || Bo-luat-to-tung-hinh-su-2015-296884,6|4|5|1|3,6|6|5|6|6,6|6|6|6|6
11582,Khi phẫu thuật PRK điều trị tật lão thị có thể có những biến chứng nào?,GENERAL_SEMANTIC,16,HYPOTHETICAL,0.8206349206349206,16,0.0234375,1.484748363494873,1,303613,238267,270063|88970|49846|258607|238267,270063|49846|88970|258607|190541,270063|88970|49846|258607|303613,270063|303613|271933|158296|291066,Quyet-dinh-3906-QD-BYT-nam-2012-Quy-trinh-ky-thuat-kham-chua-benh-chuyen-nganh-150058 || Thong-tu-50-2022-TT-BTC-huong-dan-Nghi-dinh-119-2015-ND-CP-bao-hiem-bat-buoc-trong-dau-tu-526434 || Thong-tu-lien-tich-28-2013-TTLT-BYT-BLDTBXH-ty-le-ton-thuong-co-the-thuong-tich-benh-tat-benh-nghe-n || Thong-tu-22-2019-TT-BYT-quy-dinh-ty-le-phan-tram-ton-thuong-co-the-su-dung-trong-giam-dinh-phap-y-42 || Thong-tu-15-2016-TT-BYT-benh-nghe-nghiep-duoc-huong-bao-hiem-xa-hoi-319385,5|2|3|2|1,5|4|5|5|1,6|5|5|5|5
4756,"Tính thuế đối với HKD, CNKD nộp thuế theo phương pháp kê khai như thế nào?",GENERAL_SEMANTIC,16,,0.7613756613756614,15,0.0234375,3.5112180709838867,1,264280,222640,177345|161949|288898|105264|222640,177345|288898|161949|105264|264280,177345|288898|105264|161949|264280,177345|36677|181088|264280|288898,Thong-tu-40-2021-TT-BTC-huong-dan-thue-gia-tri-gia-tang-thue-thu-nhap-ca-nhan-477635 || Thong-tu-92-2015-TT-BTC-huong-dan-thue-gia-tri-gia-tang-thue-thu-nhap-ca-nhan-282089 || Nghi-dinh-218-2013-ND-CP-huong-dan-thi-hanh-Luat-thue-thu-nhap-doanh-nghiep-217811 || Luat-quan-ly-thue-2019-387595 || Luat-thue-thu-nhap-doanh-nghiep-2008-66935,5|3|3|4|1,6|3|5|5|4,6|3|5|5|5
101496,Đơn vị đăng kiểm tiến hành kiểm tra phương tiện chuyển đổi tàu biển thành phương tiện thủy nội địa để cấp Giấy chứng nhận an toàn kỹ thuật và bảo vệ môi trường trong thời gian bao lâu?,PROCEDURE,39,,0.6947089947089948,15,0.0234375,4.0854058265686035,1,133631,303863,194788|226588|271580|303863|93869,194788|226588|271580|93869|303863,194788|226588|271580|93869|133631,194788|269005|93869|281112|226588,Thong-tu-48-2015-TT-BGTVT-quy-dinh-ve-dang-kiem-phuong-tien-thuy-noi-dia-292820 || Thong-tu-33-2011-TT-BGTVT-thu-tuc-cap-giay-chung-nhan-chat-luong-an-toan-123555 || Thong-tu-40-2016-TT-BGTVT-dang-kiem-tau-bien-Viet-Nam-334634 || Thong-tu-29-2018-TT-BGTVT-kiem-tra-chat-luong-an-toan-ky-thuat-phuong-tien-giao-thong-duong-sat-3261 || Quyet-dinh-854-QD-BGTVT-2022-cong-bo-thu-tuc-hanh-chinh-linh-vuc-dang-kiem-521795,6|5|2|2|0,6|5|4|3|3,6|5|5|5|5
136056,Cơ quan tổ chức phòng chống tham nhũng trong ngành Thuế cần công khai những nội dung nào?,GENERAL_SEMANTIC,18,,0.6854497354497354,13,0.0234375,2.461016893386841,1,222030,245167,71659|184002|286384|279667|245167,71659|286384|279667|184002|214767,71659|286384|279667|184002|222030,71659|286384|222030|176420|279667,Quyet-dinh-742-QD-TCT-2020-Quy-che-phong-chong-tham-nhung-nganh-Thue-514626 || Quyet-dinh-2282-QD-TCT-2017-quy-che-lam-viec-co-quan-Tong-cuc-Thue-514258 || Luat-Phong-chong-tham-nhung-322049 || Luat-Thuc-hien-dan-chu-o-co-so-nam-2022-546085 || Thong-tu-117-2021-TT-BCA-thuc-hien-dan-chu-trong-thanh-tra-cua-Cong-an-nhan-dan-499131,6|4|3|2|3,6|6|6|5|4,6|6|6|5|4
98794,Doanh nghiệp nào phải nộp và không cần nộp báo cáo tài chính?,GENERAL_SEMANTIC,13,NEGATION,0.6693121693121693,15,0.0234375,2.357438564300537,1,166642,150467,42223|281238|306022|168520|150467,42223|168520|281238|306022|166642,42223|281238|168520|306022|166642,166642|168520|15491|163525|42223,Thong-tu-200-2014-TT-BTC-huong-dan-Che-do-ke-toan-Doanh-nghiep-263599 || Thong-tu-133-2016-TT-BTC-huong-dan-che-do-ke-toan-doanh-nghiep-nho-va-vua-284997 || Thong-tu-132-2018-TT-BTC-huong-dan-Che-do-ke-toan-cho-doanh-nghiep-sieu-nho-401322 || Thong-tu-107-2017-TT-BTC-huong-dan-Che-do-ke-toan-hanh-chinh-su-nghiep-333131 || Thong-tu-so-202-2014-TT-BTC-huong-dan-phuong-phap-lap-trinh-bay-Bao-cao-tai-chinh-hop-nhat-263617,5|6|1|4|0,6|6|1|5|5,6|6|4|5|5
54338,Pháp luật giới hạn số lượng ngoại tệ khi đi nước ngoài như thế nào?,DIRECT_REF,15,INSTRUMENT|HYPOTHETICAL,0.6682539682539683,15,0.0234375,1.3964964151382446,1,197900,105483,17913|193680|165049|274372|105483,17913|193680|274372|165049|197900,17913|197900|165049|193680|274372,197900|32778|274372|235622|17913,Thong-tu-20-2011-TT-NHNN-mua-ban-ngoai-te-tien-mat-ca-nhan-128505 || Thong-tu-07-2012-TT-NHNN-trang-thai-ngoai-te-to-chuc-tin-dung-136532 || Phap-lenh-ngoai-hoi-2005-28-2005-PL-UBTVQH11-8043 || Thong-tu-20-2022-TT-NHNN-huong-dan-hoat-dong-chuyen-tien-mot-chieu-tu-Viet-Nam-ra-nuoc-ngoai-512082 || Thong-tu-15-2011-TT-NHNN-mang-ngoai-te-tien-mat-dong-Viet-Nam-127834,5|1|4|3|5,5|2|5|5|5,5|4|5|5|5
156868,Cần chú ý những nội dung nào khi lập Biên bản kiểm toán dự án đầu tư?,GENERAL_SEMANTIC,17,HYPOTHETICAL,0.6428571428571429,14,0.0234375,2.152269124984741,1,133037,240772,66826|27511|243051|88080|240772,66826|88080|27511|243051|240772,66826|88080|27511|243051|133037,66826|88080|236693|282279|290988,Quyet-dinh-47-QD-KTNN-2021-huong-dan-kiem-toan-du-an-dau-tu-xay-dung-cong-trinh-cua-Kiem-toan-463543 || Quyet-dinh-01-2023-QD-KTNN-He-thong-mau-bieu-ho-so-kiem-toan-550680 || Thong-tu-67-2015-TT-BTC-Chuan-muc-kiem-toan-Viet-Nam-ve-kiem-toan-bao-cao-du-an-hoan-thanh-275072 || Quyet-dinh-158-QD-KTNN-2021-kiem-toan-chuong-trinh-muc-tieu-quoc-gia-cua-Kiem-toan-nha-nuoc-539310 || Quyet-dinh-08-2023-QD-KTNN-Quy-trinh-kiem-toan-cua-Kiem-toan-nha-nuoc-567835,6|2|6|2|1,6|3|6|5|5,6|3|6|6|5
44928,Phí bảo hiểm trách nhiệm nghề nghiệp tư vấn đầu tư xây dựng được xác định như thế nào?,GENERAL_SEMANTIC,19,,0.6166666666666667,13,0.0234375,4.3274312019348145,1,81128,7177,148391|88970|255906|212096|7177,148391|88970|212096|255906|7177,88970|148391|212096|255906|81128,88970|148391|212096|294517|89392,Thong-tu-50-2022-TT-BTC-huong-dan-Nghi-dinh-119-2015-ND-CP-bao-hiem-bat-buoc-trong-dau-tu-526434 || Thong-tu-329-2016-TT-BTC-huong-dan-119-2015-ND-CP-bao-hiem-bat-buoc-trong-dau-tu-xay-dung-300483 || Nghi-dinh-119-2015-ND-CP-quy-dinh-bao-hiem-bat-buoc-trong-hoat-dong-dau-tu-xay-dung-286180 || Nghi-dinh-10-2021-ND-CP-quan-ly-chi-phi-dau-tu-xay-dung-465104 || Thong-tu-08-2016-TT-BXD-huong-dan-hop-dong-tu-van-xay-dung-2016-307460,6|6|2|2|1,6|6|5|2|1,6|6|6|5|3
696,Hơn 90.000 người lao động nông thôn sẽ được đào tạo nghề giai đoạn 2022-2025?,GENERAL_SEMANTIC,17,,0.5185185185185186,13,0.0234375,1.5858782529830933,1,236176,30156,75514|285636|98867|11864|30156,75514|98867|285636|11864|236176,75514|98867|285636|11864|236176,75514|98867|281469|285636|302138,Quyet-dinh-3685-QD-BNN-KTHT-2022-dao-tao-nghe-nong-nghiep-lao-dong-nong-thon-2022-2025-531006 || Nghi-quyet-26-NQ-CP-2023-thuc-hien-Nghi-quyet-19-NQ-TW-nong-nghiep-nong-dan-den-2030-556818 || Thong-tu-17-2022-TT-BLDTBXH-giao-duc-nghe-nghiep-nguoi-lao-dong-chuong-trinh-muc-tieu-quoc-gia-53002 || Quyet-dinh-263-QD-TTg-2022-Chuong-trinh-muc-tieu-quoc-gia-xay-dung-nong-thon-moi-505023 || Thong-tu-05-2022-TT-BNNPTNT-huong-dan-noi-dung-xay-dung-nong-thon-moi-2021-2025-524354,6|5|5|1|1,6|5|5|5|5,6|5|6|6|5
126574,"Khi kết nối Cơ sở dữ liệu quốc gia về dân cư thì cơ quan, tổ chức có được phép lấy các thông tin về đời sống riêng tư, bí mật cá nhân hay không?",CONDITION,35,NEGATION|HYPOTHETICAL,0.2962962962962964,9,0.0234375,3.5355567932128906,1,64367,269190,107707|86639|178955|163224|269190,107707|86639|178955|163224|269190,107707|86639|178955|163224|64367,107707|86639|178955|299883|65054,Thong-tu-46-2022-TT-BCA-ket-noi-thong-tin-giua-Co-so-du-lieu-ve-dan-cu-voi-co-so-du-lieu-quoc-gia-54 || Nghi-dinh-137-2015-ND-CP-huong-dan-Luat-Can-cuoc-cong-dan-282742 ||  || Luat-Can-cuoc-cong-dan-2014-259782 || Nghi-dinh-62-2021-ND-CP-huong-dan-Luat-Cu-tru-473325,5|6|5|5|1,6|6|6|5|6,6|6|6|5|6
12510,Chủ tịch Ủy ban nhân dân cấp tỉnh có quyền xử phạt cơ sở giết mổ không có biện pháp gây ngất vật nuôi trước khi giết mổ không?,SANCTION,29,NEGATION|HYPOTHETICAL,0.6285714285714286,14,0.025390625,1.780650019645691,1,108148|63930,129920|183011,293254|88309|129920|174929|183011,293254|88309|174929|108148|183011,293254|88309|174929|108148|63930,293254|137582|88309|108148|210490,Nghi-dinh-14-2021-ND-CP-xu-phat-vi-pham-hanh-chinh-ve-chan-nuoi-466330 || Nghi-dinh-90-2017-ND-CP-quy-dinh-xu-phat-vi-pham-hanh-chinh-trong-linh-vuc-thu-y-336190 || Nghi-dinh-42-2019-ND-CP-xu-phat-vi-pham-hanh-chinh-trong-linh-vuc-thuy-san-367439 || Nghi-dinh-130-2021-ND-CP-xu-phat-vi-pham-hanh-chinh-bao-tro-xa-hoi-va-tre-em-499523 || Nghi-dinh-167-2013-ND-CP-xu-phat-vi-pham-hanh-chinh-an-ninh-an-toan-xa-hoi-phong-chua-chay-213552,6|6|2|1|0,6|6|3|3|2,6|6|3|3|2
107904,Chủ tịch Ủy ban nhân dân cấp xã có quyền xử phạt cá nhân đưa vật thể thuộc diện kiểm dịch thực vật tới nơi không quy định trong Giấy phép kiểm dịch không?,SANCTION,34,NEGATION,0.8465608465608465,20,0.02734375,1.8621245622634888,1,32643|17545,81400|174929,165596|293254|81400|114608|174929,165596|293254|81400|114608|174929,165596|293254|32643|114608|17545,165596|32643|45352|293254|278751,Nghi-dinh-31-2016-ND-CP-xu-phat-vi-pham-hanh-chinh-linh-vuc-giong-cay-trong-bao-ve-thuc-vat-2016-310 || Nghi-dinh-14-2021-ND-CP-xu-phat-vi-pham-hanh-chinh-ve-chan-nuoi-466330 || Nghi-dinh-96-2020-ND-CP-xu-phat-vi-pham-hanh-chinh-trong-quan-ly-bao-ve-bien-gioi-quoc-gia-450989 || Nghi-dinh-71-2019-ND-CP-xu-phat-vi-pham-hanh-chinh-trong-linh-vuc-hoa-chat-vat-lieu-no-cong-nghiep-4 || Luat-xu-ly-vi-pham-hanh-chinh-2012-142766,1|2|1|1|1,3|2|2|2|1,5|2|5|3|5
20870,Thủ tục bổ nhiệm Thừa phát lại theo quy định mới nhất hiện nay được thực hiện như thế nào?,PROCEDURE,20,,0.7185185185185186,14,0.02734375,2.271470069885254,1,93888,174171,127073|80730|174171|43848|292761,127073|80730|93888|292761|174171,127073|80730|292761|43848|93888,61383|170248|93888|127073|16583,Nghi-dinh-08-2020-ND-CP-to-chuc-va-hoat-dong-cua-Thua-phat-lai-331814 ||  || Quyet-dinh-400-QD-VKSTC-2021-Quy-che-bo-nhiem-bo-nhiem-lai-cong-chuc-nganh-Kiem-sat-496325 || Thong-tu-08-2022-TT-BTP-Quy-tac-dao-duc-nghe-nghiep-Thua-phat-lai-506270 || Nghi-dinh-159-2020-ND-CP-quan-ly-nguoi-giu-chuc-danh-chuc-vu-tai-doanh-nghiep-100-von-Nha-nuoc-46172,5|2|3|2|0,5|3|3|2|2,5|5|5|5|2
25942,"Chồng ngoại tình, vợ có được đơn phương ly hôn không?",CONDITION,11,NEGATION,0.6746031746031746,13,0.02734375,2.006293773651123,1,46918,245154,134404|204578|258410|176583|245154,134404|204578|258410|176583|245154,134404|204578|258410|176583|46918,204578|134404|258410|276833|176583,Luat-Hon-nhan-va-gia-dinh-2014-238640 ||  || Nghi-quyet-02-2000-NQ-HDTP-huong-dan-ap-dung-quy-dinh-Luat-Hon-nhan-va-gia-dinh-nam-2000-47272 || Thong-tu-lien-tich-01-2016-TTLT-TANDTC-VKSNDTC-BTP-huong-dan-thi-hanh-Luat-hon-nhan-gia-dinh-293202 || Bo-luat-to-tung-dan-su-2015-296861,5|6|3|3|0,6|6|3|5|5,6|6|4|5|5
35736,Thủ tục ra quyết định không công nhận hòa giải thành tại tòa án trong trường hợp thuận tình ly hôn được quy định ra sao?,PROCEDURE,26,INSTRUMENT|NEGATION|HYPOTHETICAL,0.615079365079365,12,0.02734375,4.360513210296631,1,161495,130747,203564|46918|98697|98045|130747,203564|98697|46918|130747|98045,203564|98697|46918|161495|98045,161495|98697|203564|130747|98045,Luat-Hoa-giai-doi-thoai-tai-Toa-an-so-58-2020-QH14-395767 ||  || Bo-luat-to-tung-dan-su-2015-296861 ||  || ,6|4|6|2|2,6|4|6|3|5,6|4|6|6|5
21386,Hội đồng tư vấn xác định dự án khoa học và công nghệ đặt hàng cấp Bộ Quốc phòng mở phiên họp có bắt buộc Chủ tịch Hội đồng phải tham gia?,GENERAL_SEMANTIC,32,,0.3936507936507937,9,0.02734375,2.3567593097686768,1,163424,236717,192327|57856|50424|11663|236717,192327|57856|50424|11663|163424,192327|57856|50424|11663|163424,226458|163424|57856|192327|120600,Thong-tu-180-2019-TT-BQP-trinh-tu-thu-tuc-de-xuat-xac-dinh-nhiem-vu-khoa-hoc-cong-nghe-dat-hang-4307 || Thong-tu-07-2014-TT-BKHCN-trinh-tu-thu-tuc-xac-dinh-nhiem-vu-khoa-hoc-cong-nghe-su-dung-ngan-sach-23 || Thong-tu-06-2023-TT-BKHCN-thu-tuc-xac-dinh-nhiem-vu-khoa-hoc-cong-nghe-cap-quoc-gia-su-dung-ngan-sac || Quyet-dinh-332-QD-LDTBXH-2018-Quy-che-quan-ly-nhiem-vu-khoa-hoc-va-cong-nghe-cap-Bo-380383 || Thong-tu-03-2017-TT-BKHCN-sua-doi-07-2014-TT-BKHCN-nhiem-vu-khoa-hoc-quoc-gia-ngan-sach-350179,6|5|6|5|0,6|6|6|6|2,6|6|6|6|3
164484,Chủ tịch Ủy ban nhân dân cấp huyện được quyền xử phạt người tổ chức sự kiện giới thiệu mỹ phẩm nhưng không thông báo tới cơ quan có thẩm quyền không?,SANCTION,32,NEGATION,0.8462962962962963,18,0.029296875,2.0697083473205566,1,229874,18428,107019|9129|18428|306050|32778,107019|9129|306050|18428|32778,107019|9129|229874|306050|32778,107019|152966|9129|229874|108148,Nghi-dinh-117-2020-ND-CP-quy-dinh-xu-phat-vi-pham-hanh-chinh-trong-linh-vuc-y-te-398159 || Nghi-dinh-38-2021-ND-CP-xu-phat-vi-pham-hanh-chinh-trong-linh-vuc-van-hoa-quang-cao-469165 || Nghi-dinh-119-2020-ND-CP-xu-phat-vi-pham-hanh-chinh-trong-hoat-dong-bao-chi-hoat-dong-xuat-ban-45462 ||  || Nghi-dinh-128-2020-ND-CP-xu-phat-vi-pham-hanh-chinh-trong-linh-vuc-hai-quan-426375,4|2|1|1|1,4|4|1|2|1,6|6|2|2|3
156316,"Thời gian thực hiện thí điểm nộp thuế điện tử đối với hàng hóa xuất khẩu, nhập khẩu Đề án là khi nào?",CONDITION,23,HYPOTHETICAL,0.7883597883597884,18,0.03125,2.6954550743103027,1,257429,200293,120333|35531|161949|200293|190965,120333|35531|161949|200293|190965,120333|35531|161949|257429|190965,120333|161949|257429|246534|277210,Quyet-dinh-101-QD-TCHQ-2023-nop-thue-dien-tu-hang-hoa-xuat-nhap-khau-qua-trung-gian-thanh-toan-55300 || Thong-tu-19-2021-TT-BTC-huong-dan-giao-dich-dien-tu-trong-linh-vuc-thue-469068 || Luat-quan-ly-thue-2019-387595 || Nghi-dinh-18-2021-ND-CP-sua-doi-Nghi-dinh-134-2016-ND-CP-huong-dan-Luat-Thue-xuat-nhap-khau-386321 || Luat-thue-xuat-khau-thue-nhap-khau-2016-280693,6|3|3|0|1,6|4|4|3|1,6|5|5|3|1
92524,Công tác đưa hoạt động chữ thập đỏ vào trường học để tiếp cận với thanh thiếu niên phải được thực hiện như thế nào?,GENERAL_SEMANTIC,25,,0.683068783068783,14,0.03125,1.458153247833252,1,195170,299436,183216|17305|224736|299436|201504,183216|224736|17305|299436|201504,183216|224736|17305|195170|201504,183216|195170|224736|123877|119286,Thong-tu-07-2014-TT-BGDDT-hoat-dong-chu-thap-do-trong-truong-hoc-Bo-truong-Bo-Giao-duc-Dao-tao-2014- || Luat-hoat-dong-chu-thap-do-2008-11-2008-QH12-66954 || Quyet-dinh-1895-QD-TTg-2021-giao-duc-ly-tuong-cach-mang-dao-duc-loi-song-cho-nhi-dong-494137 || Thong-tu-19-2020-TT-BGDDT-quy-dinh-che-do-bao-cao-dinh-ky-447229 || Quyet-dinh-282-QD-TTg-2018-phe-duyet-Dieu-le-Hoi-Chu-thap-do-Viet-Nam-376742,5|2|4|0|2,5|5|4|1|2,5|5|4|2|5
148206,Đề xuất mở rộng phạm vi đánh thuế bảo vệ môi trường đối với hàng hóa khi sử dụng gây ô nhiễm môi trường?,GENERAL_SEMANTIC,24,HYPOTHETICAL,0.6317460317460317,12,0.03125,2.0694735050201416,1,111532,122717,272812|299694|80245|80630|122717,299694|80245|272812|111532|80630,299694|80245|272812|111532|80630,303466|80245|299694|111532|187075,Luat-so-72-2020-QH14-Bao-ve-moi-truong-2020-431147 || Luat-thue-bao-ve-moi-truong-2010-115247 || Thong-tu-152-2011-TT-BTC-huong-dan-Nghi-dinh-67-2011-ND-CP-huong-dan-Luat-thue-131987 || Nghi-quyet-579-2018-UBTVQH14-Bieu-thue-bao-ve-moi-truong-374960 || Thong-tu-159-2012-TT-BTC-sua-doi-Thong-tu-152-2011-TT-BTC-huong-dan-Nghi-dinh-67-149966,4|5|5|3|3,6|5|5|5|4,6|5|5|5|5
56766,Người muốn trở thành hội viên của Hội Nghệ sĩ Nhiếp ảnh Việt Nam thì phải đáp ứng những điều kiện nào?,CONDITION,22,,0.5915343915343916,13,0.03125,2.610053062438965,1,229046|70255,102561|280367,183231|207058|134982|102561|280367,183231|134982|207058|229046|102561,183231|207058|134982|229046|70255,183231|134982|229046|60889|207058,Quyet-dinh-65-2005-QD-BNV-Dieu-le-Hoi-Nghe-si-Nhiep-anh-Viet-Nam-sua-doi-20948 || Quyet-dinh-97-2005-QD-BNV-Dieu-le-sua-doi-Hoi-nhung-nguoi-lam-cong-tac-Dien-anh-Viet-Nam-Hoi-Dien-an || Quyet-dinh-861-QD-BNV-Dieu-le-Hoi-My-thuat-Viet-Nam-181087 || Quyet-dinh-840-QD-BNV-2021-phe-duyet-Dieu-le-Hoi-Bao-ve-quyen-tac-pham-dien-anh-483281 || Quyet-dinh-316-QD-BNV-nam-2012-phe-duyet-Dieu-le-Hoi-Truyen-thong-so-Viet-Nam-141708,6|5|5|1|0,6|5|5|4|1,6|5|5|5|4
105856,Nội dung chính cần có khi lập phương thức vận hành hệ thống điện miền là gì?,DEFINITION,17,HYPOTHETICAL,0.5375661375661377,11,0.03125,3.2660443782806396,1,279492,265229,212986|189946|150162|263188|265229,212986|189946|150162|263188|265229,212986|189946|150162|263188|279492,212986|189946|131639|148098|150162,Thong-tu-40-2014-TT-BCT-quy-trinh-dieu-do-he-thong-dien-quoc-gia-257251 || Quyet-dinh-69-QD-DTDL-2018-Kiem-tra-chuc-danh-tham-gia-dieu-do-van-hanh-he-thong-dien-quoc-gia-39596 || Thong-tu-39-2015-TT-BCT-he-thong-dien-phan-phoi-296868 || Thong-tu-25-2016-TT-BCT-he-thong-dien-truyen-tai-334019 || Nghi-dinh-37-2019-ND-CP-huong-dan-Luat-Quy-hoach-374745,6|5|5|3|0,6|6|5|5|2,6|6|5|6|2
93166,Quy định về giải pháp phòng chống lũ thì các bãi sông tại sông Hồng và sông Thái Bình được nghiên cứu xây dựng như thế nào?,GENERAL_SEMANTIC,27,,0.5134920634920634,11,0.03125,1.355993628501892,1,260249,205155,195131|80085|227969|14021|205155,195131|80085|227969|14021|205155,195131|80085|227969|14021|260249,80085|195131|227969|260249|3011,Quyet-dinh-257-QD-TTg-quy-hoach-phong-chong-lu-de-dieu-song-Hong-Thai-Binh-2016-303048 || Quyet-dinh-429-QD-TTg-2023-sua-doi-Quyet-dinh-257-QD-TTg-phong-chong-lu-song-Hong-564091 || Luat-de-dieu-2006-79-2006-QH11-15872 || Luat-tai-nguyen-nuoc-2012-142767 || Luat-Phong-chong-thien-tai-Luat-De-dieu-sua-doi-2020-so-60-2020-QH14-373522,6|5|5|2|1,6|5|6|6|2,6|5|6|6|3
38602,Chi cục Hải quan quản lý kho có trách nhiệm như thế nào với việc chuyển loại xăng dầu trong kho ngoại quan xăng dầu?,GENERAL_SEMANTIC,25,,0.3388888888888889,9,0.03125,4.400600910186768,1,122813,34136,70574|260889|177389|222640|34136,70574|177389|222640|260889|34136,70574|260889|177389|222640|122813,70574|222640|177389|196969|34136, || Thong-tu-69-2016-TT-BTC-thu-tuc-hai-quan-xang-dau-hoa-chat-xuat-nhap-khau-tam-nhap-tai-xuat-chuyen-k || Thong-tu-39-2018-TT-BTC-sua-doi-Thong-tu-38-2015-TT-BTC-kiem-tra-giam-sat-hai-quan-342345 || Thong-tu-38-2015-TT-BTC-thu-tuc-hai-quan-thue-xuat-khau-nhap-khau-quan-ly-thue-hang-xuat-nhap-khau-2 || Quyet-dinh-140-2021-QD-TANDTC-Quy-che-quan-ly-xe-o-to-phuc-vu-chuc-danh-trong-Toa-an-nhan-dan-474826,6|6|4|5|0,6|6|4|5|0,6|6|4|5|1
97416,Thời hiệu xử phạt vi phạm hành chính đối với thuyền viên cho thuê chứng chỉ chuyên môn của mình là bao lâu?,SANCTION,23,,0.33650793650793653,8,0.03125,3.2802016735076904,1,258855,174929,125243|86502|17545|89814|174929,125243|86502|17545|258855|89814,125243|86502|17545|258855|89814,258855|164239|86502|17545|125243,Nghi-dinh-142-2017-ND-CP-quy-dinh-xu-phat-vi-pham-hanh-chinh-trong-linh-vuc-hang-hai-357272 || Nghi-dinh-139-2021-ND-CP-xu-phat-vi-pham-hanh-chinh-giao-thong-duong-thuy-noi-dia-499527 || Luat-xu-ly-vi-pham-hanh-chinh-2012-142766 || Nghi-dinh-123-2021-ND-CP-sua-doi-Nghi-dinh-xu-phat-vi-pham-hanh-chinh-linh-vuc-hang-hai-477975 || ,6|6|5|3|6,6|6|5|4|6,6|6|5|6|6
119470,Giám đốc Công an cấp tỉnh được quyền xử phạt cơ sở trợ giúp xã hội không báo cáo định kỳ về tình hình hoạt động của cơ sở theo quy định không?,SANCTION,33,NEGATION,0.683862433862434,14,0.033203125,2.547329902648926,1,221671,269720,108148|125585|98892|269720|9129,108148|125585|98892|9129|269720,108148|125585|98892|9129|221671,108148|229874|278875|8824|271411,Nghi-dinh-130-2021-ND-CP-xu-phat-vi-pham-hanh-chinh-bao-tro-xa-hoi-va-tre-em-499523 || Nghi-dinh-14-2022-ND-CP-sua-doi-Nghi-dinh-15-2020-ND-CP-xu-phat-hanh-chinh-buu-chinh-482325 || Nghi-dinh-144-2021-ND-CP-xu-phat-vi-pham-hanh-chinh-linh-vuc-an-ninh-an-toan-xa-hoi-425471 || Nghi-dinh-38-2021-ND-CP-xu-phat-vi-pham-hanh-chinh-trong-linh-vuc-van-hoa-quang-cao-469165 || Nghi-dinh-88-2022-ND-CP-xu-phat-vi-pham-hanh-chinh-giao-duc-nghe-nghiep-534876,6|2|5|2|1,6|3|5|2|2,6|5|5|5|3
91268,Quỹ Nước sạch và Bảo vệ môi trường Việt Nam có chức năng là gì?,DEFINITION,15,,0.5293650793650793,11,0.033203125,3.011855125427246,1,121889,187045,221604|198723|167439|187045|33450,198723|221604|167439|33450|187045,221604|198723|167439|33450|121889,198723|47686|218452|204597|33450,Quyet-dinh-404-QD-BNV-nam-2010-Quy-Nuoc-sach-va-Bao-ve-moi-truong-Viet-Nam-180699 || Quyet-dinh-78-2014-QD-TTg-to-chuc-hoat-dong-Quy-Bao-ve-moi-truong-Viet-Nam-261815 || Quyet-dinh-808-QD-BNV-2018-cap-Giay-phep-thanh-lap-Dieu-le-Quy-Xa-hoi-Tu-thien-Hanh-Trinh-Xanh-38369 || Quyet-dinh-05-QD-BNV-2019-cap-Giap-phep-thanh-lap-Quy-Ho-tro-phat-trien-sinh-ke-vi-cong-dong-404764 || Quyet-dinh-346-QD-BNV-2021-cong-nhan-Dieu-le-Quy-Hanh-phuc-cho-moi-nguoi-467132,6|6|5|0|0,6|6|5|2|1,6|6|5|3|3
58594,Thanh toán khối lượng hoàn thành đối với các công việc được thực hiện không thông qua hợp đồng?,GENERAL_SEMANTIC,19,NEGATION,0.4380952380952381,10,0.033203125,4.321195125579834,1,60416,258342,282279|195377|16570|258342|66826,282279|195377|16570|258342|66826,282279|195377|16570|60416|66826,60416|282279|35296|89392|66826,Nghi-dinh-99-2021-ND-CP-quan-ly-thanh-toan-quyet-toan-du-an-su-dung-von-dau-tu-cong-494480 || Nghi-dinh-63-2014-ND-CP-huong-dan-Luat-Dau-thau-ve-lua-chon-nha-thau-237481 || Nghi-dinh-95-2020-ND-CP-thuc-hien-dau-thau-mua-sam-theo-Hiep-dinh-Doi-tac-xuyen-Thai-Binh-Duong-4511 || Nghi-dinh-11-2020-ND-CP-thu-tuc-hanh-chinh-thuoc-linh-vuc-Kho-bac-Nha-nuoc-433293 || Quyet-dinh-47-QD-KTNN-2021-huong-dan-kiem-toan-du-an-dau-tu-xay-dung-cong-trinh-cua-Kiem-toan-463543,6|5|5|1|1,6|5|6|1|3,6|6|6|2|5
62588,"Mục đích của Chương trình hành động thực hiện Nghị quyết 19-NQ/TW về nông nghiệp, nông dân, nông thôn là gì?",DEFINITION,23,INSTRUMENT,0.7277777777777779,15,0.03515625,4.062277793884277,1,179260,174300,98867|24784|239793|174300|13074,98867|24784|239793|13074|174300,98867|24784|239793|13074|179260,98867|236176|243023|179260|13074,Nghi-quyet-26-NQ-CP-2023-thuc-hien-Nghi-quyet-19-NQ-TW-nong-nghiep-nong-dan-den-2030-556818 || Thong-tu-05-2022-TT-BTTTT-huong-dan-Noi-dung-09-Chuong-trinh-xay-dung-nong-thon-moi-523287 || Nghi-quyet-115-NQ-CP-2022-thuc-hien-Nghi-quyet-39-2021-QH15-Quy-hoach-su-dung-dat-528304 || Quyet-dinh-300-QD-TTg-2023-chuyen-doi-he-thong-luong-thuc-thuc-pham-minh-bach-560858 || Nghi-quyet-09-NQ-CP-2023-doi-moi-phat-trien-nang-cao-hieu-qua-kinh-te-tap-the-552628,6|3|2|2|2,6|5|2|4|5,6|5|2|5|5
104118,Canh tác là gì?,DEFINITION,4,,0.7158730158730159,15,0.03515625,2.720740556716919,1,153173,10876,108670|270830|184038|268509|10876,108670|270830|184038|268509|153173,108670|268509|270830|184038|153173,108670|103184|205572|268509|94754,Luat-Trong-trot-2018-336355 || Quyet-dinh-1680-QD-BNN-VPDP-2022-huong-dan-tieu-chi-Bo-tieu-chi-quoc-gia-ve-xa-nong-thon-moi-513101 || Nghi-dinh-55-2015-ND-CP-chinh-sach-tin-dung-phuc-vu-phat-trien-nong-nghiep-nong-thon-277254 ||  || Luat-Chan-nuoi-2018-353242,5|1|4|2|4,6|2|5|3|4,6|2|5|5|5
62434,Điều kiện thay đổi người nuôi con sau khi ly hôn là gì?,DEFINITION,13,HYPOTHETICAL,0.707936507936508,15,0.03515625,3.071397066116333,1,110049,258410,134404|35408|204578|46918|258410,134404|46918|35408|204578|110049,134404|46918|35408|110049|204578,134404|46918|217329|110049|60283,Luat-Hon-nhan-va-gia-dinh-2014-238640 || Bo-luat-to-tung-dan-su-2015-296861 || Luat-nuoi-con-nuoi-2010-108082 || Quyet-dinh-323-QD-CA-2022-cong-bo-an-le-533850 || ,5|1|5|1|3,6|2|5|2|5,6|6|5|3|5
16188,"Kế hoạch xác minh tài sản, thu nhập hằng năm tại cơ quan, tổ chức, đơn vị phải có những nội dung gì?",GENERAL_SEMANTIC,23,,0.7066137566137567,15,0.03515625,5.003708362579346,1,246812,239917,179363|279667|56363|239917|140094,179363|279667|239917|140094|56363,179363|279667|140094|56363|246812,179363|251260|140094|1510|246812, || Luat-Phong-chong-tham-nhung-322049 || Quyet-dinh-70-QD-TTCP-2021-cong-bo-thu-tuc-hanh-chinh-linh-vuc-phong-chong-tham-nhung-467999 || Thong-tu-01-2020-TT-TANDTC-quy-dinh-giai-quyet-khieu-nai-to-cao-trong-Toa-an-nhan-dan-445522 || Thong-tu-23-2022-TT-BCA-tham-quyen-trinh-tu-giai-quyet-khieu-nai-trong-Cong-an-nhan-dan-514402,6|4|2|2|1,6|6|4|5|4,6|6|6|5|4
88978,Bình đẳng giới trong lĩnh vực giáo dục và đào tạo được thể hiện như thế nào?,GENERAL_SEMANTIC,17,,0.6626984126984128,13,0.03515625,2.9189000129699707,1,75897,99335,37091|300434|36459|219388|99335,37091|300434|36459|219388|99335,37091|36459|300434|219388|75897,37091|75897|99335|219388|300434,Luat-Binh-dang-gioi-2006-73-2006-QH11-15866 || Nghi-dinh-125-2021-ND-CP-xu-phat-vi-pham-hanh-chinh-linh-vuc-binh-dang-gioi-482329 || Nghi-dinh-48-2009-ND-CP-bien-phap-bao-dam-binh-dang-gioi-88677 || Nghi-quyet-28-NQ-CP-2021-Chien-luoc-quoc-gia-ve-binh-dang-gioi-giai-doan-2021-2030-466613 || Thong-tu-05-2022-TT-BGDDT-sua-doi-Thong-tu-33-2017-TT-BGDDT-508531,5|2|5|2|0,5|3|5|4|0,5|6|6|4|1
64542,"Quy định của pháp luật về giảm thuế đối với hàng hóa xuất khẩu, nhập khẩu?",DIRECT_REF,16,INSTRUMENT,0.40555555555555545,10,0.03515625,3.5639567375183105,1,205344,246534,200293|190965|257429|246534|273580,190965|257429|200293|273580|246534,190965|200293|257429|273580|205344,161949|190965|205344|257429|273580,Luat-thue-xuat-khau-thue-nhap-khau-2016-280693 || Nghi-dinh-134-2016-ND-CP-huong-dan-Luat-thue-xuat-khau-thue-nhap-khau-323602 || Nghi-dinh-18-2021-ND-CP-sua-doi-Nghi-dinh-134-2016-ND-CP-huong-dan-Luat-Thue-xuat-nhap-khau-386321 || Nghi-dinh-64-2020-ND-CP-huong-dan-viec-thuc-hien-co-che-tam-quan-theo-Cong-uoc-Istanbul-444935 || Nghi-dinh-46-2020-ND-CP-thu-tuc-hai-quan-doi-voi-hang-hoa-qua-canh-thong-qua-He-thong-qua-canh-43944,6|6|5|3|0,6|6|5|4|2,6|6|6|6|5
59328,Người đã hoàn thành nghĩa vụ quân sự khi thi tuyển công chức cấp huyện có được cộng điểm ưu tiên không?,CONDITION,22,NEGATION|HYPOTHETICAL,0.6960317460317461,14,0.0360107421875,3.7607359886169434,1,42493,58182,81060|273261|58662|215094|58182,81060|273261|58662|215094|58182,81060|273261|215094|58662|42493,215094|58662|42493|58182|81060,Quyet-dinh-401-QD-VKSTC-2021-tuyen-dung-cong-chuc-Vien-kiem-sat-nhan-dan-495273 || Nghi-dinh-112-2011-ND-CP-cong-chuc-xa-phuong-thi-tran-132674 || Nghi-dinh-161-2018-ND-CP-tuyen-dung-su-dung-quan-ly-cong-vien-chuc-thuc-hien-che-do-hop-dong-336803 || Nghi-dinh-138-2020-ND-CP-tuyen-dung-su-dung-va-quan-ly-cong-chuc-458542 || Nghi-dinh-34-2019-ND-CP-can-bo-cong-chuc-cap-xa-va-nguoi-hoat-dong-khong-chuyen-trach-o-cap-xa-41226,4|6|3|1|3,5|6|3|2|4,6|6|5|5|6
140320,Công ty đại chúng mua lại cổ phiếu của chính mình theo yêu cầu của cổ đông thì có bắt buộc phải được Đại hội đồng cổ đông thông qua không?,GENERAL_SEMANTIC,31,NEGATION,0.38015873015873003,8,0.036865234375,3.79084849357605,1,165780,198374,268313|33078|43013|21398|198374,268313|33078|43013|21398|198374,268313|33078|43013|21398|165780,268313|165780|33078|21398|12343,Luat-Chung-khoan-nam-2019-399763 || Thong-tu-99-2020-TT-BTC-huong-dan-hoat-dong-cua-cong-ty-quan-ly-quy-dau-tu-chung-khoan-461198 || Thong-tu-120-2020-TT-BTC-giao-dich-co-phieu-niem-yet-dang-ky-giao-dich-chung-khoan-chung-chi-quy-451 || Luat-Doanh-nghiep-so-59-2020-QH14-427301 || Nghi-dinh-155-2020-ND-CP-huong-dan-Luat-Chung-khoan-461323,5|6|3|5|1,6|6|5|6|5,6|6|5|6|6
40866,Xe máy chuyên dùng quân sự được kiểm định ở đâu?,GENERAL_SEMANTIC,11,,0.6087301587301587,13,0.037109375,2.966134786605835,1,139192,136587,30469|72497|48773|136587|231867,30469|72497|48773|231867|290673,30469|72497|48773|231867|139192,30469|64982|304889|161425|139192,Thong-tu-103-2021-TT-BQP-kiem-dinh-chat-luong-an-toan-ky-thuat-xe-may-chuyen-dung-483795 || Thong-tu-16-2021-TT-BGTVT-bao-ve-moi-truong-phuong-tien-giao-thong-co-gioi-duong-bo-484636 || Thong-tu-169-2021-TT-BQP-quan-ly-su-dung-xe-co-gioi-xe-may-chuyen-dung-Bo-Quoc-phong-501580 || Thong-tu-89-2015-TT-BGTVT-chat-luong-an-toan-xe-may-chuyen-dung-302468 || Thong-tu-170-2021-TT-BQP-dao-tao-sat-hach-cap-Giay-phep-lai-xe-quan-su-502239,5|4|5|2|0,5|5|5|5|2,5|5|5|5|5
137718,Chỉnh hình trong bệnh Arthogryposis sẽ chỉ định cho đối tượng nào?,GENERAL_SEMANTIC,12,,0.791005291005291,18,0.0390625,2.551300287246704,1,261730,65558,190541|258607|164898|65558|284691,190541|258607|164898|261730|65558,190541|258607|261730|164898|284691,190541|94403|261730|202376|171181,Quyet-dinh-5728-QD-BYT-2017-quy-trinh-ky-thuat-Ngoai-khoa-chuyen-khoa-Chan-thuong-chinh-hinh-370394 || Thong-tu-22-2019-TT-BYT-quy-dinh-ty-le-phan-tram-ton-thuong-co-the-su-dung-trong-giam-dinh-phap-y-42 || Thong-tu-46-2013-TT-BYT-chuc-nang-nhiem-vu-co-cau-to-chuc-co-so-phuc-hoi-chuc-nang-220731 || Quyet-dinh-1832-QD-BYT-2022-tai-lieu-huong-dan-chan-doan-dieu-tri-benh-ly-huyet-hoc-520596 || Thong-tu-39-2018-TT-BYT-thong-nhat-gia-kham-chua-benh-bao-hiem-y-te-giua-benh-vien-cung-hang-401940,6|2|1|1|1,6|2|4|1|1,6|4|5|3|2
11158,"Hướng dẫn hồ sơ, thủ tục làm giấy chứng tử năm 2022?",PROCEDURE,12,,0.7873015873015873,16,0.0390625,1.3835707902908325,1,156354,249204,293796|249204|259656|157168|268757,259656|293796|268757|157168|249204,259656|293796|268757|156354|157168,156354|268757|157168|259656|183078,Nghi-dinh-23-2015-ND-CP-cap-chung-thuc-ban-sao-tu-ban-chinh-chung-thuc-chu-ky-266857 || Quyet-dinh-1872-QD-BTP-2020-cong-bo-thu-tuc-hanh-chinh-linh-vuc-ho-tich-tai-co-quan-dang-ky-ho-tich- || Thong-tu-01-2022-TT-BTP-huong-dan-Nghi-dinh-87-2020-ND-CP-502821 || Thong-tu-01-2020-TT-BTP-huong-dan-ve-cap-ban-sao-tu-so-goc-chung-thuc-chu-ky-436529 || Luat-Ho-tich-2014-259727,2|3|3|0|2,2|4|3|1|2,5|4|3|2|2
122514,Các chương trình hành động tiểu vùng chống sa mạc hóa tại các khu vực thuộc Châu Phi sẽ tập trung vào các vấn đề nào?,GENERAL_SEMANTIC,26,,0.7605820105820106,18,0.0390625,3.2055559158325195,1,70052|221801,279492|221925,204946|16548|3486|279492|221925,204946|16548|3486|279492|221925,204946|16548|70052|3486|221801,204946|82252|67321|226359|34869,Cong-uoc-Chong-sa-mac-hoa-136070 || Nghi-quyet-24-2021-QH15-chu-truong-dau-tu-Chuong-trinh-muc-tieu-quoc-gia-giam-ngheo-ben-vung-484262 || Quyet-dinh-911-QD-TTg-2022-De-an-bao-ve-moi-truong-hoat-dong-thuy-san-2021-2030-524085 || Nghi-dinh-66-2019-ND-CP-ve-bao-ton-va-su-dung-ben-vung-cac-vung-dat-ngap-nuoc-348641 || Thong-tu-03-2022-TT-BTC-su-dung-kinh-phi-su-nghiep-phat-trien-cong-tac-xa-hoi-2021-2030-501344,6|0|0|1|0,6|0|0|1|0,6|0|0|2|0
7672,Việc công khai tài chính đối với các nguồn thu của Quỹ xã hội từ thiện Tấm lòng vàng được quy định thế nào?,GENERAL_SEMANTIC,24,,0.7272486772486773,15,0.0390625,2.15402889251709,1,39897,79112,107589|124581|79112|209471|119715,124581|209471|107589|119715|79112,107589|124581|39897|119715|209471,39897|124581|47686|18371|204597,Quyet-dinh-1288-QD-BNV-cap-giay-phep-thanh-lap-cong-nhan-Dieu-le-Quy-114245 || Quyet-dinh-192-2004-QD-TTg-Quy-che-cong-khai-tai-chinh-Ngan-sach-Nha-nuoc-don-vi-du-toan-duoc-ho-tro || Quyet-dinh-1782-QD-BNV-cap-Giay-phep-thanh-lap-va-cong-nhan-Dieu-le-130355 || Quyet-dinh-103-QD-BNV-nam-2010-giay-phep-thanh-lap-Quy-Phat-trien-vi-cong-dong-178824 || Thong-tu-19-2005-TT-BTC-huong-dan-cong-khai-tai-chinh-quy-nguon-ngan-sach-nha-nuoc-khoan-dong-gop-nh,5|5|2|1|1,5|5|2|1|2,5|5|3|2|3
151450,Trường mầm non quốc tế tiếp nhận học sinh Việt Nam như thế nào?,GENERAL_SEMANTIC,14,,0.7063492063492064,15,0.0390625,2.6801459789276123,1,104092,250943,93930|136279|258616|250943|199759,93930|136279|258616|250943|199759,93930|136279|258616|199759|104092,93930|8854|278875|104092|103990,Nghi-dinh-86-2018-ND-CP-quy-dinh-ve-hop-tac-dau-tu-cua-nuoc-ngoai-trong-linh-vuc-giao-duc-337783 || Quyet-dinh-51-2002-QD-BGDDT-chuyen-truong-tiep-nhan-hoc-sinh-hoc-tai-truong-trung-hoc-co-so-pho-thon || Thong-tu-52-2020-TT-BGDDT-Dieu-le-Truong-mam-non-469795 || Luat-giao-duc-2019-367665 || Luat-Giao-duc-2005-38-2005-QH11-2636,5|5|2|2|1,5|5|5|3|2,6|5|5|3|5
6104,Chồng vay tiền chơi lô đề thì khi ly hôn vợ có nghĩa vụ phải trả nợ hay không? ,GENERAL_SEMANTIC,19,NEGATION|HYPOTHETICAL,0.6865079365079365,15,0.0390625,1.4662693738937378,1,262189,132797,134404|176583|81598|204578|132797,81598|134404|176583|204578|270799,81598|134404|176583|204578|262189,81598|177925|262189|270799|90853,Bo-luat-dan-su-2015-296215 || Luat-Hon-nhan-va-gia-dinh-2014-238640 || Thong-tu-lien-tich-01-2016-TTLT-TANDTC-VKSNDTC-BTP-huong-dan-thi-hanh-Luat-hon-nhan-gia-dinh-293202 ||  || Nghi-quyet-01-NQ-HDTP-huong-dan-ap-dung-quy-dinh-cua-Luat-Hon-nhan-va-gia-dinh-42184,2|5|5|4|3,2|5|6|5|4,6|6|6|6|4
17186,Mẫu đơn đề nghị cấp chứng chỉ nghiệp vụ khai hải quan mới nhất ra sao? ,PROCEDURE,16,,0.6761904761904762,14,0.0390625,3.2093958854675293,1,253656,208243,237468|194646|36650|213424|208243,194646|237468|36650|208243|213424,237468|194646|36650|213424|253656,194646|237468|36650|253656|208243,Thong-tu-12-2015-TT-BTC-Chung-chi-nghiep-vu-cap-thu-hoi-ma-so-nhan-vien-dai-ly-lam-thu-tuc-hai-quan- || Thong-tu-79-2022-TT-BTC-sua-doi-van-ban-quy-pham-phap-luat-548438 || Quyet-dinh-3605-QD-TCHQ-2019-Quy-che-to-chuc-thi-cap-Chung-chi-nghiep-vu-khai-hai-quan-431054 || Nghi-dinh-22-2015-ND-CP-huong-dan-Luat-Pha-san-ve-Quan-tai-vien-va-hanh-nghe-quan-ly-thanh-ly-tai-sa || Luat-Hai-quan-2014-238637,5|5|3|2|1,5|5|5|3|2,6|5|5|3|2
11042,Tòa án ra quyết định thi hành án phạt tù nhưng chưa nhận được quyết định này thì có bị áp giải không?,DIRECT_REF,23,INSTRUMENT|NEGATION,0.6666666666666667,13,0.0390625,1.7659744024276733,1,304934|245154,18894|17545,68399|194863|102434|18894|17545,194863|68399|102434|245154|18894,68399|194863|102434|304934|245154,304934|194863|284988|34350|217329,Luat-Thi-hanh-an-hinh-su-2019-387991 || Bo-luat-To-tung-Hinh-su-2003-19-2003-QH11-51701 || Bo-luat-to-tung-hinh-su-2015-296884 || Quyet-dinh-501-QD-VKSTC-2017-Quy-che-cong-tac-kiem-sat-viec-tam-giu-tam-giam-thi-hanh-an-hinh-su-371 || Bo-luat-hinh-su-2015-296661,5|6|3|0|3,6|6|5|0|3,6|6|6|4|5
140100,Trưởng đoàn thanh tra chuyên ngành của Bộ Giao thông vận tải có quyền xử phạt hãng hàng không không thực hiện vận chuyển hành khách là người khuyết tật theo quy định không?,SANCTION,34,NEGATION,0.6113756613756614,12,0.0390625,2.6334474086761475,1,219419,292790,51405|50885|17545|292790|208373,51405|50885|17545|208373|292790,51405|50885|219419|17545|208373,51405|219419|237914|258855|125243,Nghi-dinh-162-2018-ND-CP-xu-phat-vi-pham-hanh-chinh-trong-linh-vuc-hang-khong-dan-dung-321856 || Nghi-dinh-100-2019-ND-CP-xu-phat-vi-pham-hanh-chinh-linh-vuc-giao-thong-duong-bo-va-duong-sat-426369 || Nghi-dinh-118-2021-ND-CP-huong-dan-Luat-Xu-ly-vi-pham-hanh-chinh-477969 || Luat-xu-ly-vi-pham-hanh-chinh-2012-142766 || Nghi-dinh-03-2022-ND-CP-xu-phat-vi-pham-hanh-chinh-linh-vuc-phong-chong-thien-tai-500041,6|5|3|3|1,6|6|3|3|3,6|6|4|5|4
157938,Người nào phải nộp thuế thu nhập cá nhân?,GENERAL_SEMANTIC,9,,0.6523809523809525,13,0.03955078125,2.897995710372925,1,257070,135644,171570|240117|111323|181088|135644,240117|111323|171570|181088|135644,171570|240117|111323|181088|257070,111323|240117|247150|28752|243954,Thong-tu-111-2013-TT-BTC-Huong-dan-Luat-thue-thu-nhap-ca-nhan-va-Nghi-dinh-65-2013-ND-CP-205356 || Luat-thue-thu-nhap-ca-nhan-2007-04-2007-QH12-59652 || Nghi-dinh-65-2013-ND-CP-huong-dan-Luat-thue-thu-nhap-ca-nhan-2007-sua-doi-2012-196609 || Nghi-dinh-126-2020-ND-CP-huong-dan-Luat-Quan-ly-thue-455733 || Luat-thue-thu-nhap-ca-nhan-sua-doi-2012-26-2012-QH13-152719,5|5|4|2|2,6|5|5|3|5,6|6|6|4|5
59458,Nộp thuế giá trị gia tăng tại đâu?,GENERAL_SEMANTIC,8,,0.6626984126984128,14,0.041015625,2.4664220809936523,1,14927,160381,181088|161768|161949|160381|264280,181088|161768|161949|160381|264280,181088|161768|161949|264280|14927,181088|14927|84557|231881|15138,Nghi-dinh-126-2020-ND-CP-huong-dan-Luat-Quan-ly-thue-455733 ||  || Luat-quan-ly-thue-2019-387595 || Luat-thue-thu-nhap-doanh-nghiep-2008-66935 || Thong-tu-84-2016-TT-BTC-huong-dan-thu-tuc-thu-nop-ngan-sach-nha-nuoc-thue-thu-noi-dia-301601,5|4|5|2|0,5|5|5|2|5,5|5|5|4|5
146734,Cấp lại Giấy chứng nhận an toàn sinh học theo quy trình như thế nào?,PROCEDURE,15,,0.5767195767195767,12,0.041015625,4.041896343231201,1,93527,51823,82532|163464|178021|51823|253221,82532|178021|163464|93527|253221,82532|163464|178021|93527|253221,82532|178021|174887|93527|108356,Nghi-dinh-103-2016-ND-CP-quy-dinh-bao-dam-an-toan-sinh-hoc-tai-phong-xet-nghiem-319874 || Nghi-dinh-69-2010-ND-CP-an-toan-sinh-hoc-sinh-vat-bien-doi-gen-mau-v-107700 || Nghi-dinh-118-2020-ND-CP-sua-doi-Nghi-dinh-69-2010-ND-CP-an-toan-sinh-hoc-sinh-vat-bien-doi-gen-4545 || Thong-tu-38-2018-TT-BNNPTNT-tham-dinh-co-so-san-xuat-thuc-pham-nong-lam-an-toan-thuc-pham-406512 || Thong-tu-24-2022-TT-BNNPTNT-co-so-vung-an-toan-dich-benh-dong-vat-549293,5|5|2|2|5,5|5|4|2|5,5|5|6|2|5
6264,"Người tham gia thanh tra, kiểm tra cần đáp ứng những điều kiện nào?",CONDITION,14,,0.7806878306878307,15,0.044921875,4.774230003356934,1,37407|274387,72305|236481,36873|42541|136938|72305|236481,36873|42541|136938|37407|56081,36873|37407|42541|274387|136938,274387|37407|189946|1992|56081, ||  || Nghi-dinh-43-2023-ND-CP-huong-dan-Luat-Thanh-tra-555032 ||  || Thong-tu-06-2021-TT-TTCP-hoat-dong-Doan-thanh-tra-trinh-tu-tien-hanh-mot-cuoc-thanh-tra-490930,3|0|3|0|4,5|2|5|0|4,5|3|5|1|5
164006,Ai có quyền bổ nhiệm Kiểm tra viên Viện kiểm sát nhân dân?,GENERAL_SEMANTIC,13,,0.6285714285714286,14,0.046875,3.840606689453125,1,264121|70182,102434|170173,163084|292761|396|102434|170173,163084|396|292761|264121|170173,163084|292761|396|264121|70182,396|163084|70182|292761|151998,Luat-To-chuc-Vien-kiem-sat-nhan-dan-2014-259723 || Quyet-dinh-400-QD-VKSTC-2021-Quy-che-bo-nhiem-bo-nhiem-lai-cong-chuc-nganh-Kiem-sat-496325 || Nghi-quyet-924-2015-UBTVQH13-bo-nhiem-dieu-kien-nang-ngach-Kiem-tra-vien-cua-Vien-kiem-sat-nhan-dan- || Quyet-dinh-208-QD-VKSTC-2023-Quy-che-phan-cap-quan-ly-cong-vien-chuc-nganh-Kiem-sat-569199 || Quyet-dinh-222-QD-VKSTC-2020-Quy-che-to-chuc-va-hoat-dong-cua-Vien-kiem-sat-cap-cao-468669,5|5|5|1|1,5|5|5|5|5,6|6|5|6|6
53756,Các biện pháp khẩn cấp tạm thời,GENERAL_SEMANTIC,7,,0.6042328042328042,11,0.046875,4.662668228149414,1,187506,277391,46918|223633|160120|277391|144344,46918|160120|223633|144344|277391,46918|160120|223633|144344|187506,46918|160120|144344|72004|187506,Bo-luat-to-tung-dan-su-2015-296861 || Luat-to-tung-hanh-chinh-2015-298372 || Nghi-quyet-02-2020-NQ-HDTP-ap-dung-bien-phap-khan-cap-tam-thoi-cua-Bo-luat-To-tung-dan-su-457919 || Nghi-quyet-03-2016-NQ-HDTP-huong-dan-thi-hanh-quy-dinh-Luat-pha-san-304588 || Bo-luat-To-tung-dan-su-2004-24-2004-QH11-52189,5|3|3|5|2,5|5|6|6|6,6|6|6|6|6
121114,Nội dung báo cáo đối với tổ chức kinh tế thực hiện dự án đầu tư tại báo cáo định kỳ bao gồm những gì?,GENERAL_SEMANTIC,25,,0.5650793650793651,13,0.046875,5.121809959411621,1,269904,247318,52555|84570|2113|290988|247318,52555|84570|2113|290988|247318,52555|84570|2113|269904|290988,2113|84570|52555|269904|153353,Nghi-dinh-118-2015-ND-CP-huong-dan-Luat-dau-tu-281054 || Nghi-dinh-31-2021-ND-CP-huong-dan-Luat-Dau-tu-462291 || Luat-Dau-tu-so-61-2020-QH14-321051 || Thong-tu-03-2021-TT-BKHDT-mau-van-ban-bao-cao-lien-quan-den-hoat-dong-dau-tu-tai-Viet-Nam-470603 || Nghi-dinh-29-2021-ND-CP-thu-tuc-tham-dinh-du-an-quan-trong-quoc-gia-giam-sat-danh-gia-dau-tu-468883,5|5|5|1|4,5|5|5|2|5,5|5|5|2|6
102332,Văn bản mật hiện nay được chia làm bao nhiêu cấp độ mật theo quy định của pháp luật?,DIRECT_REF,19,INSTRUMENT,0.5365079365079365,12,0.046875,2.0436651706695557,1,253426|128583,298075|35448,210883|52552|134366|298075|35448,210883|253426|52552|134366|298075,210883|253426|52552|128583|134366,128583|253426|121850|224257|169478,Luat-Bao-ve-bi-mat-nha-nuoc-2018-337064 || Quyet-dinh-1032-QD-BNV-2020-Quy-che-cong-tac-van-thu-luu-tru-cua-Bo-Noi-vu-458504 || Quyet-dinh-245-QD-TCT-2023-Noi-quy-bao-ve-bi-mat-nha-nuoc-nganh-Thue-563381 || Quyet-dinh-2696-QD-BKHCN-2022-Quy-che-cong-tac-van-thu-luu-tru-562758 || Quyet-dinh-50-QD-BCT-2017-Quy-che-bao-ve-bi-mat-nha-nuoc-trong-nganh-Cong-Thuong-438464,5|2|5|0|4,5|2|5|0|5,5|2|5|5|5
52502,Nguyên tắc khi Vụ trưởng các Vụ trực thuộc Tổng cục Quản lý đất đai khi ký thừa lệnh Tổng cục trưởng như thế nào?,GENERAL_SEMANTIC,25,HYPOTHETICAL,0.4976190476190475,11,0.046875,4.246009349822998,1,104718,286384,54206|264448|272942|216723|286384,54206|272942|264448|104718|286384,54206|272942|264448|216723|104718,54206|104718|272942|286384|264448,Quyet-dinh-10-QD-TCQLDD-2017-ban-hanh-quy-che-lam-viec-Tong-cuc-Quan-ly-dat-dai-361213 || Quyet-dinh-380-QD-TCTL-nam-2013-Quy-che-lam-viec-Tong-cuc-Thuy-loi-216381 || Quyet-dinh-2288-QD-BKHCN-2017-Quy-che-lam-viec-cua-Bo-Khoa-hoc-va-Cong-nghe-414996 || Quyet-dinh-751-QD-BGTVT-2020-Quy-che-lam-viec-cua-Bo-Giao-thong-van-tai-441125 || Quyet-dinh-128-QD-TCTDTT-2015-Quy-che-cong-tac-van-thu-luu-tru-cua-Tong-cuc-The-duc-the-thao-279862,6|4|5|2|1,6|5|5|5|6,6|5|5|6|6
105768,Điều kiện để tài xế lái xe tải 5 tấn được nghỉ hưởng chế độ ốm đau là gì?,DEFINITION,19,,0.49629629629629646,12,0.046875,1.564349889755249,1,126324,235672,23402|164447|190257|2309|235672,23402|164447|190257|2309|235672,23402|164447|190257|2309|126324,23402|164447|126324|138380|295381, ||  || Thong-tu-59-2015-TT-BLDTBXH-huong-dan-Luat-bao-hiem-xa-hoi-ve-bao-hiem-xa-hoi-bat-buoc-299644 || Thong-tu-lien-tich-105-2016-TTLT-BQP-BCA-BLDTBXH-huong-dan-Luat-Bao-hiem-xa-hoi-33-2016-ND-CP-330898 || Nghi-dinh-143-2018-ND-CP-bao-hiem-xa-hoi-bat-buoc-nguoi-lao-dong-nuoc-ngoai-lam-o-Viet-Nam-346012,5|5|5|6|2,5|5|6|6|3,6|6|6|6|4
154872,"Những loại tài sản, thu nhập nào thì phải thực hiện kê khai tài sản, thu nhập?",GENERAL_SEMANTIC,17,,0.5822751322751323,13,0.04736328125,6.286826133728027,1,299073,194238,279667|71659|179363|140094|194238,279667|71659|179363|140094|299073,279667|71659|179363|140094|299073,71659|279667|299073|75796|179363,Luat-Phong-chong-tham-nhung-322049 || Quyet-dinh-742-QD-TCT-2020-Quy-che-phong-chong-tham-nhung-nganh-Thue-514626 ||  || Quyet-dinh-70-QD-TTCP-2021-cong-bo-thu-tuc-hanh-chinh-linh-vuc-phong-chong-tham-nhung-467999 || Quyet-dinh-222-QD-BCT-2022-nang-ngach-cong-chuc-va-cong-tac-can-bo-Bo-Cong-thuong-505064,4|5|6|5|0,5|5|6|5|3,5|6|6|6|4
98314,Đối tượng nào phải nộp thuế thu nhập cá nhân?,GENERAL_SEMANTIC,10,,0.4809523809523809,11,0.0478515625,2.6947948932647705,1,247150,177345,171570|240117|111323|135644|177345,240117|171570|111323|135644|177345,240117|171570|111323|247150|135644,240117|247150|156358|32132|16227,Luat-thue-thu-nhap-ca-nhan-2007-04-2007-QH12-59652 || Thong-tu-111-2013-TT-BTC-Huong-dan-Luat-thue-thu-nhap-ca-nhan-va-Nghi-dinh-65-2013-ND-CP-205356 || Nghi-dinh-65-2013-ND-CP-huong-dan-Luat-thue-thu-nhap-ca-nhan-2007-sua-doi-2012-196609 || Thong-tu-205-2013-TT-BTC-huong-dan-Hiep-dinh-tranh-danh-thue-hai-lan-Viet-Nam-voi-cac-nuoc-217929 || Thong-tu-105-2020-TT-BTC-huong-dan-dang-ky-thue-459433,6|6|4|1|4,6|6|5|3|5,6|6|6|4|5
8236,Ai có quyền kháng nghị bản án sơ thẩm trong tố tụng hình sự? ,GENERAL_SEMANTIC,14,,0.6563492063492065,12,0.048828125,2.055112361907959,1,90853,160120,102434|194863|46918|160120|784,102434|46918|194863|784|160120,102434|194863|46918|784|90853,46918|102434|194863|290077|22695,Bo-luat-to-tung-hinh-su-2015-296884 || Bo-luat-To-tung-Hinh-su-2003-19-2003-QH11-51701 || Bo-luat-to-tung-dan-su-2015-296861 || Quyet-dinh-505-QD-VKSTC-2017-Quy-che-cong-tac-thuc-hanh-quyen-cong-to-369970 || Nghi-quyet-326-2016-UBTVQH14-muc-thu-mien-giam-thu-nop-quan-ly-su-dung-an-phi-le-phi-Toa-an-337085,5|4|4|4|2,6|6|5|5|3,6|6|6|6|4
146572,Đăng ký giao dịch đảm bảo có tốn phí hay không?,PROCEDURE,11,NEGATION,0.8306878306878307,17,0.04931640625,3.932671546936035,1,226123,183078,59149|28706|183078|207772|202936,28706|59149|202936|207772|226123,28706|59149|202936|207772|226123,294187|28706|226123|101752|202936,Thong-tu-202-2016-TT-BTC-phi-trong-linh-vuc-giao-dich-bao-dam-332321 || Nghi-dinh-181-2004-ND-CP-thi-hanh-Luat-Dat-dai-52514 || Nghi-quyet-24-2021-NQ-HDND-phi-le-phi-thuoc-Hoi-dong-nhan-dan-Binh-Dinh-498328 || Thong-tu-10-2016-TT-BTC-the-chap-tai-san-de-bao-dam-cho-khoan-vay-duoc-Chinh-phu-bao-lanh-301916 || Nghi-quyet-03-2020-NQ-HDND-quy-dinh-muc-thu-cac-loai-phi-va-le-phi-tinh-Dak-Lak-448463,3|3|3|3|3,5|5|4|5|5,5|5|5|5|5
65830,Tài liệu công bố kết quả điều tra đánh giá đất đai gồm những giấy tờ gì?,GENERAL_SEMANTIC,17,,0.7148148148148149,15,0.05078125,3.806675672531128,1,305455,130378,4634|63276|305828|130378|51629,4634|63276|305828|305455|51629,4634|63276|305455|305828|51629,4634|305455|293243|81673|51629,Thong-tu-35-2014-TT-BTNMT-quy-dinh-dieu-tra-danh-gia-dat-dai-240758 || Thong-tu-lien-tich-14-2015-TTLT-BTNMT-BTP-dau-gia-quyen-su-dung-dat-giao-dat-co-thu-tien-cho-thue-da || Luat-dat-dai-2013-215836 || Thong-tu-60-2015-TT-BTNMT-ky-thuat-dieu-tra-danh-gia-dat-dai-300364 || Thong-tu-36-2014-TT-BTNMT-phuong-phap-dinh-gia-dat-xay-dung-dieu-chinh-bang-gia-dat-242349,6|2|4|3|2,6|2|5|5|4,6|2|5|5|5
2742,Sinh viên sư phạm chuyển sang học ngành học khác thì có phải bồi hoàn kinh phí hỗ trợ không?,GENERAL_SEMANTIC,20,NEGATION,0.7013227513227513,15,0.05078125,3.6375393867492676,1,146481,131007,209069|199759|263594|188316|131007,209069|199759|263594|188316|146481,209069|199759|263594|188316|146481,209069|199759|146481|179734|71303,Nghi-dinh-116-2020-ND-CP-chinh-sach-ho-tro-tien-dong-hoc-phi-doi-voi-sinh-vien-su-pham-433178 || Luat-giao-duc-2019-367665 || Thong-tu-lien-tich-35-2014-TTLT-BGDDT-BTC-huong-dan-66-2013-QD-TTg-ho-tro-chi-phi-hoc-tap-dan-toc-th || Thong-tu-30-2022-TT-BTC-co-che-tai-chinh-nang-cao-nang-luc-giang-vien-dai-hoc-516332 || Thong-tu-08-2021-TT-BGDDT-Quy-che-dao-tao-trinh-do-dai-hoc-470013,6|5|2|1|3,6|6|3|4|5,6|6|5|5|5
95774,Trưởng phòng xét nghiệm có trách nhiệm thế nào trong việc quản lý chất lượng xét nghiệm tại cơ sở khám chữa bệnh?,GENERAL_SEMANTIC,23,,0.6513227513227513,12,0.05078125,2.2125167846679688,1,238624,84314,130357|242643|211973|22123|84314,130357|242643|22123|211973|238624,130357|242643|238624|22123|211973,130357|242643|238624|83537|22123,Thong-tu-01-2013-TT-BYT-huong-dan-thuc-hien-quan-ly-chat-luong-xet-nghiem-164494 || Thong-tu-49-2018-TT-BYT-huong-dan-hoat-dong-xet-nghiem-trong-kham-chua-benh-407226 || Quyet-dinh-6858-QD-BYT-Bo-tieu-chi-chat-luong-benh-vien-Viet-Nam-2016-331011 || Quyet-dinh-1895-1997-QD-BYT-Quy-che-benh-vien-66676 || Thong-tu-19-2013-TT-BYT-quan-ly-chat-luong-dich-vu-kham-chua-benh-tai-benh-vien-199707,5|6|2|2|2,5|6|3|4|5,5|6|5|5|5
138784,"Số lượng sách giáo khoa, sách nghiệp vụ của giáo viên, sách tham khảo trong thư viện cơ sở giáo dục trung học cơ sở phải có bao nhiêu bộ?",GENERAL_SEMANTIC,30,,0.5994708994708995,12,0.05078125,4.1642374992370605,1,139645,228035,176710|98663|88423|242240|228035,98663|176710|139645|242240|88423,176710|98663|139645|88423|242240,139645|98663|176710|118957|242240,Quyet-dinh-01-2003-QD-BGDDT-tieu-chuan-thu-vien-truong-pho-thong-16939 || Nghi-dinh-93-2020-ND-CP-huong-dan-Luat-Thu-vien-450595 ||  || Thong-tu-16-2017-TT-BGDDT-khung-vi-tri-viec-lam-so-luong-nguoi-lam-co-so-giao-duc-pho-thong-355050 || Thong-tu-16-2022-TT-BGDDT-tieu-chuan-thu-vien-co-so-giao-duc-mam-non-pho-thong-493269,5|6|2|2|4,5|6|3|3|6,5|6|4|5|6
4044,Cấp bậc quân hàm cao nhất đối với chức vụ Đại đội trưởng của sĩ quan Quân đội nhân dân Việt Nam là gì?,DEFINITION,24,,0.2761904761904762,7,0.05224609375,5.391944885253906,1,205038,283457,223812|156637|68906|190620|283457,223812|156637|68906|190620|205038,223812|156637|68906|190620|205038,68906|156637|223812|205038|190620,Van-ban-hop-nhat-24-VBHN-VPQH-2019-Luat-Si-quan-Quan-doi-nhan-dan-439156 || Luat-si-quan-Quan-doi-nhan-dan-Viet-Nam-2008-sua-doi-19-2008-QH12-66965 || Luat-Si-quan-Quan-doi-nhan-dan-Viet-Nam-1999-16-1999-QH10-46063 || Thong-tu-07-2016-TT-BQP-phong-quan-ham-cao-nhat-ha-si-quan-binh-si-Quan-doi-303571 || Nghi-quyet-1032-2020-UBTVQH14-cap-bac-quan-ham-cao-nhat-Benh-vien-Trung-uong-Quan-doi-108-456378,6|6|6|5|0,6|6|6|6|4,6|6|6|6|4
56666,Đối tượng không chịu thuế bảo vệ môi trường là những hàng hóa nào?,GENERAL_SEMANTIC,14,NEGATION,0.6510582010582011,13,0.05267333984375,4.120763301849365,1,90812,122717,80245|272812|84557|141958|122717,80245|272812|84557|141958|90812,80245|272812|84557|90812|141958,80245|90812|187075|84557|272812,Luat-thue-bao-ve-moi-truong-2010-115247 || Thong-tu-152-2011-TT-BTC-huong-dan-Nghi-dinh-67-2011-ND-CP-huong-dan-Luat-thue-131987 || Luat-thue-gia-tri-gia-tang-2008-13-2008-QH12-66934 ||  || Luat-thue-tieu-thu-dac-biet-2008-26-2008-QH12-82198,6|5|2|3|2,6|5|3|4|5,6|5|5|4|5
119016,Trường hợp nào bị thu hồi Giấy phép khai thác tận thu khoáng sản?,PROCEDURE,14,,0.569047619047619,11,0.05322265625,4.390218734741211,1,137582,241846,117172|208663|247578|51256|241846,117172|208663|51256|247578|72296,117172|208663|51256|247578|137582,117172|51256|91097|282917|72296,Luat-khoang-san-2010-115263 || Nghi-dinh-201-2013-ND-CP-huong-dan-Luat-tai-nguyen-nuoc-214786 || Nghi-dinh-02-2023-ND-CP-huong-dan-Luat-Tai-nguyen-nuoc-513343 || Nghi-dinh-158-2016-ND-CP-huong-dan-Luat-khoang-san-332220 || Nghi-dinh-36-2020-ND-CP-xu-phat-vi-pham-hanh-chinh-trong-linh-vuc-tai-nguyen-nuoc-va-khoang-san-4381,6|4|4|4|1,6|5|5|6|5,6|5|5|6|6
68674,Điều kiện để được hưởng chế độ phụ cấp ưu đãi là gì?,DEFINITION,13,,0.8447089947089947,19,0.0546875,1.393795132637024,1,57266,23402,117673|40635|156|123271|23402,40635|117673|156|123271|57266,40635|117673|156|57266|123271,140693|165830|40635|131770|57266,Nghi-dinh-76-2019-ND-CP-chinh-sach-doi-voi-can-bo-cong-chuc-cong-tac-o-vung-kinh-te-dac-biet-kho-kha || Thong-tu-36-2015-TT-BLDTBXH-ho-so-thu-tuc-che-do-uu-dai-giao-duc-nguoi-co-cong-cach-mang-va-con-2915 || Nghi-dinh-131-2021-ND-CP-huong-dan-Phap-lenh-Uu-dai-nguoi-co-cong-voi-cach-mang-288920 || Thong-tu-lien-tich-06-2010-TTLT-BYT-BNV-BTC-huong-dan-Nghi-dinh-64-2009-ND-CP-105278 || Nghi-dinh-31-2013-ND-CP-huong-dan-Phap-lenh-uu-dai-nguoi-co-cong-voi-cach-mang-181099,3|1|1|3|1,4|4|1|3|4,5|4|6|4|6
80022,Người phụ trách kế toán Quỹ Hỗ trợ Phụ nữ nông thôn Việt Nam do ai có quyền bổ nhiệm?,GENERAL_SEMANTIC,20,,0.8177248677248677,17,0.0546875,3.7816641330718994,1,98859|34535,179849|260505,179849|33450|17711|137618|260505,33450|17711|137618|260505|34535,33450|137618|17711|98859|34535,17711|34535|204597|139722|121889,Quyet-dinh-05-QD-BNV-2019-cap-Giap-phep-thanh-lap-Quy-Ho-tro-phat-trien-sinh-ke-vi-cong-dong-404764 || Quyet-dinh-1208-QD-BNV-2013-Giay-phep-thanh-lap-cong-nhan-Dieu-le-Quy-Xa-hoi-Cong-doan-Giao-thong-va || Quyet-dinh-106-QD-BNV-2021-doi-ten-thanh-Quy-Tu-thien-Cong-doan-giao-thong-Viet-Nam-466304 || Quyet-dinh-487-QD-BNV-2020-cap-Giay-phep-thanh-lap-Dieu-le-Quy-Tu-thien-benh-nhan-ngheo-446730 || Quyet-dinh-1311-QD-BNV-nam-2012-cap-Giay-phep-thanh-lap-cong-nhan-Dieu-le-154213,3|1|3|0|1,6|2|3|1|1,6|4|5|5|4
143102,Vợ có được nộp đơn ly hôn khi chồng bỏ nhà đi không có mặt ở địa phương không?,CONDITION,19,NEGATION|HYPOTHETICAL,0.6957671957671958,12,0.0546875,1.8991531133651733,1,177925,132797,134404|204578|176583|46918|132797,134404|204578|176583|177925|46918,134404|177925|204578|176583|46918,177925|134404|203564|204578|272362,Luat-Hon-nhan-va-gia-dinh-2014-238640 ||  ||  || Thong-tu-lien-tich-01-2016-TTLT-TANDTC-VKSNDTC-BTP-huong-dan-thi-hanh-Luat-hon-nhan-gia-dinh-293202 || Bo-luat-to-tung-dan-su-2015-296861,5|2|4|2|4,5|3|5|5|5,5|3|6|5|6
156784,Giấy chứng nhận cơ sở đủ điều kiện an toàn thực phẩm sẽ được kiểm tra như thế nào?,CONDITION,19,,0.6939153439153439,14,0.0546875,3.1341934204101562,1,45794,20261,219533|55414|34777|19512|20261,219533|55414|34777|19512|20261,219533|55414|34777|19512|45794,45794|299215|136914|219533|93527,Luat-an-toan-thuc-pham-2010-108074 || Thong-tu-43-2018-TT-BCT-quan-ly-an-toan-thuc-pham-thuoc-trach-nhiem-cua-Bo-Cong-thuong-400848 || Thong-tu-48-2015-TT-BYT-kiem-tra-an-toan-ve-sinh-thuc-pham-san-xuat-kinh-doanh-thuc-pham-297660 || Thong-tu-48-2013-TT-BNNPTNT-kiem-tra-chung-nhan-an-toan-thuy-san-xuat-khau-213842 || Ke-hoach-302-KH-UBND-2022-dam-bao-an-toan-thuc-pham-phuc-vu-Tet-Duong-lich-Ha-Noi-2023-544242,4|5|3|4|0,5|5|5|4|3,5|5|5|5|4
113350,Trợ lý của Ủy viên Bộ Chính trị được cấp hộ chiếu ngoại giao khi có đủ các điều kiện gì?,CONDITION,21,HYPOTHETICAL,0.6703703703703703,13,0.0546875,2.6551876068115234,1,206126,77650,52666|305134|99929|7100|77650,52666|305134|7100|99929|77650,52666|305134|99929|7100|206126,52666|132219|305134|7100|77650,Luat-Xuat-canh-nhap-canh-cua-cong-dan-Viet-Nam-2019-402073 || Thong-tu-04-2020-TT-BNG-cap-gia-han-huy-gia-tri-su-dung-ho-chieu-ngoai-giao-453966 || Nghi-dinh-88-2012-ND-CP-Quy-dinh-hoat-dong-thong-tin-bao-chi-cua-bao-chi-150053 || Quy-dinh-30-QD-TW-2021-quyen-han-quy-trinh-bo-nhiem-chinh-sach-doi-voi-chuc-danh-tro-ly-thu-ky-48961 || Quyet-dinh-2825-QD-BTC-nam-2013-Quy-che-su-dung-quan-ly-ho-chieu-ngoai-giao-cong-vu-can-bo-214331,5|5|2|2|3,5|5|4|2|3,6|5|5|2|3
8076,Người học ngành thanh nhạc trình độ trung cấp sau khi tốt nghiệp phải đạt được những kỹ năng nào?,GENERAL_SEMANTIC,20,HYPOTHETICAL,0.667989417989418,14,0.0546875,3.6325953006744385,1,299563,85711,9980|290366|37894|85711|161283,9980|290366|37894|85711|299563,9980|299563|290366|37894|161283,9980|299563|65326|215754|66847,Thong-tu-40-2018-TT-BLDTBXH-yeu-cau-ve-nang-luc-ma-nguoi-hoc-phai-dat-duoc-sau-khi-tot-nghiep-422052 || Thong-tu-47-2018-TT-BLDTBXH-yeu-cau-ve-nang-luc-ma-nguoi-hoc-phai-dat-duoc-sau-khi-tot-nghiep-422056 || Thong-tu-12-2017-TT-BLDTBXH-kien-thuc-nang-luc-toi-thieu-nguoi-tot-nghiep-trung-cap-cao-dang-325039 || Thong-tu-51-2018-TT-BLDTBXH-yeu-cau-ve-nang-luc-ma-nguoi-hoc-phai-dat-duoc-sau-khi-tot-nghiep-422059 || Thong-tu-44-2018-TT-BLDTBXH-nang-luc-ma-nguoi-hoc-phai-dat-duoc-sau-khi-tot-nghiep-422053,6|0|5|1|4,6|3|5|3|4,6|4|5|4|5
35738,Hợp đồng vận tải hành lý bằng đường sắt là gì?,DEFINITION,11,,0.6285714285714286,13,0.0546875,2.9170150756835938,1,117541,81598,150499|252264|288109|61567|81598,150499|252264|288109|61567|117541,150499|252264|288109|117541|61567,150499|117541|61567|288109|88533,Luat-Duong-sat-2017-307545 || Thong-tu-09-2018-TT-BGTVT-van-tai-hanh-khach-tren-duong-sat-quoc-gia-duong-sat-chuyen-dung-365752 || Bo-luat-hang-hai-Viet-Nam-2015-298374 || Luat-Giao-thong-duong-thuy-noi-dia-2004-23-2004-QH11-52184 || Luat-hang-khong-dan-dung-Viet-Nam-2006-66-2006-QH11-12983,5|5|4|2|4,6|5|5|5|5,6|5|5|5|5
2572,Có được đi làm trở lại sau khi bị tạm giam không?,CONDITION,12,NEGATION|HYPOTHETICAL,0.4992063492063491,10,0.0546875,2.645202159881592,1,234652,245154,102434|194863|217349|68399|245154,217349|102434|194863|68399|129823,217349|102434|194863|68399|234652,234652|143446|217349|23115|129823,Luat-thi-hanh-tam-giu-tam-giam-2015-298373 || Bo-luat-to-tung-hinh-su-2015-296884 || Bo-luat-To-tung-Hinh-su-2003-19-2003-QH11-51701 || Luat-Thi-hanh-an-hinh-su-2019-387991 || Nghi-dinh-05-2015-ND-CP-huong-dan-Bo-luat-Lao-dong-263294,5|6|6|3|0,5|6|6|3|1,6|6|6|6|1
105218,Ủy viên Ủy ban thường vụ Quốc hội có phải là đại biểu Quốc hội không?,GENERAL_SEMANTIC,16,NEGATION,0.543915343915344,12,0.056640625,3.9060568809509277,1,4736,51753,135923|96450|151998|51753|92692,135923|151998|96450|92692|4736,135923|96450|151998|92692|4736,14140|47401|4736|166947|250433,Luat-To-chuc-Quoc-hoi-2014-259784 || Hien-phap-nam-2013-215627 || Nghi-quyet-1075-2015-UBTVQH13-quy-che-lam-viec-cua-uy-ban-thuong-vu-Quoc-hoi-2015-302775 || Nghi-quyet-283-2021-NQ-UBTVQH15-Quy-che-lam-viec-mau-cua-Hoi-dong-Dan-toc-494396 || Nghi-quyet-102-2015-QH13-ban-hanh-noi-quy-ky-hop-Quoc-hoi-298382,6|5|5|2|0,6|6|5|2|5,6|6|5|6|5
105440,Cách xếp lương giáo viên tiểu học năm 2023 như thế nào? ,GENERAL_SEMANTIC,12,,0.7312169312169312,14,0.05859375,4.329194068908691,1,244095|76184,1178|88423,92545|200477|10719|1178|88423,92545|200477|10719|1178|244095,200477|92545|10719|244095|76184,200477|92545|10719|252461|253947,Thong-tu-02-2021-TT-BGDDT-ma-so-tieu-chuan-chuc-danh-vien-chuc-trong-truong-tieu-hoc-cong-lap-464397 || Thong-tu-lien-tich-21-2015-TTLT-BGDDT-BNV-ma-so-tieu-chuan-chuc-danh-nghe-nghiep-giao-vien-tieu-hoc- || Thong-tu-08-2023-TT-BGDDT-sua-doi-Thong-tu-01-2021-TT-BGDDT-02-2021-TT-BGDDT-514067 ||  || Thong-tu-03-2021-TT-BGDDT-ma-so-tieu-chuan-vien-chuc-giang-day-truong-trung-hoc-co-so-cong-lap-46439,5|5|1|2|0,5|5|6|6|4,6|5|6|6|5
66112,"Vùng hoạt động vui chơi, giải trí dưới nước được quy định như thế nào?",GENERAL_SEMANTIC,15,,0.7142857142857144,15,0.05859375,3.3996899127960205,1,164130|118685|303623|99335,70872|31768|14021|199232,192853|70872|31768|14021|199232,192853|70872|31768|199232|14021,192853|164130|118685|303623|99335,192853|31422|164130|118685|39896,Nghi-dinh-48-2019-ND-CP-quan-ly-hoat-dong-cua-phuong-tien-du-lich-the-thao-vui-choi-giai-tri-duoi-nu || Thong-tu-26-2016-TT-BTNMT-quy-dinh-tieu-chi-phan-cap-vung-rui-ro-o-nhiem-moi-truong-bien-hai-dao-326 ||  || Cong-uoc-ve-quyen-cua-nguoi-khuyet-tat-269871 || Quyet-dinh-2885-QD-BYT-2022-tai-lieu-truyen-thong-truc-tiep-cham-soc-suc-khoe-sinh-san-vi-thanh-nien,6|0|0|0|1,6|1|0|1|1,6|1|1|1|1
128732,Có cấm sử dụng thuốc gây nghiện hay không? ,GENERAL_SEMANTIC,9,NEGATION,0.6931216931216931,14,0.05859375,2.2487945556640625,1,200924|113492,56178|275401,191452|105570|33079|56178|275401,191452|105570|33079|56178|200924,191452|105570|33079|200924|113492,33079|105570|191452|113492|270912,Luat-Phong-chong-ma-tuy-2021-445185 ||  || Luat-Duoc-2016-309815 ||  || Nghi-dinh-108-2007-ND-CP-huong-dan-Luat-Phong-chong-nhiem-vi-rut-gay-ra-hoi-chung-suy-giam-mien-dich,5|6|2|3|0,6|6|5|3|1,6|6|5|5|6
59554,Sau khi bảo quản bơ quả tươi có cần đưa vào làm lạnh hay không?,GENERAL_SEMANTIC,15,NEGATION|HYPOTHETICAL,0.6825396825396826,14,0.05859375,3.2663612365722656,1,250518,58503,231801|250021|219533|19838|58503,231801|250021|19838|219533|58503,231801|250021|19838|219533|250518,231801|19838|250021|224243|200953, ||  ||  || Luat-an-toan-thuc-pham-2010-108074 || ,6|5|3|1|2,6|6|3|3|2,6|6|4|5|2
7502,Hội đồng thi tuyển Điều tra viên ở Viện kiểm sát nhân dân tối cao gồm những ai?,GENERAL_SEMANTIC,18,,0.5476190476190477,12,0.05859375,5.434728622436523,1,163084,212198,234863|43909|81060|396|212198,234863|43909|396|81060|163084,234863|43909|81060|396|163084,234863|396|43909|292761|178910,Luat-to-chuc-co-quan-dieu-tra-hinh-su-2015-298378 || Quyet-dinh-328-QD-VKSTC-2017-thi-tuyen-Kiem-sat-vien-so-cap-trung-cap-cao-cap-nganh-Kiem-sat-361174 || Quyet-dinh-401-QD-VKSTC-2021-tuyen-dung-cong-chuc-Vien-kiem-sat-nhan-dan-495273 || Nghi-quyet-924-2015-UBTVQH13-bo-nhiem-dieu-kien-nang-ngach-Kiem-tra-vien-cua-Vien-kiem-sat-nhan-dan- || Luat-To-chuc-Vien-kiem-sat-nhan-dan-2014-259723,5|6|5|4|1,5|6|6|4|5,5|6|6|4|5
104214,Ủy ban nhân dân xã tổ chức triển khai cắm mốc giới ngoài thực địa có được thuê cá nhân tham gia thực hiện cắm mốc giới không?,CONDITION,28,NEGATION,0.5047619047619047,10,0.05859375,3.5641140937805176,1,119471,27650,250342|89392|35296|27650|24170,250342|89392|35296|27650|24170,250342|89392|35296|24170|119471,250342|89392|35296|118480|59852,Thong-tu-10-2016-TT-BXD-cam-quan-ly-moc-gioi-theo-quy-hoach-xay-dung-307461 || Luat-Xay-dung-2014-238644 || Van-ban-hop-nhat-02-VBHN-VPQH-2020-hop-nhat-Luat-Xay-dung-457471 || Luat-08-2017-QH14-Thuy-loi-2017-322933 || Nghi-dinh-114-2018-ND-CP-quan-ly-an-toan-dap-ho-chua-nuoc-393268,6|6|4|1|1,6|6|4|4|4,6|6|5|5|4
35990,Quỹ Hỗ trợ bệnh nhi Việt Nam có những chức năng nào?,GENERAL_SEMANTIC,12,,0.6074074074074075,13,0.059326171875,2.7197301387786865,1,40528|287259,187045|218452,276501|187045|204597|218452|18371,276501|204597|187045|40528|18371,276501|204597|40528|287259|18371,40528|101100|142223|164317|287259,Quyet-dinh-748-QD-BNV-Giay-phep-thanh-lapcong-nhan-Dieu-le-Quy-Ho-tro-benh-nhi-177342 || Quyet-dinh-845-QD-BNV-2022-cong-nhan-Dieu-le-sua-doi-Quy-Vi-cuoc-song-tuoi-dep-535008 || Quyet-dinh-1074-QD-BNV-cap-giay-phep-thanh-lap-cong-nhan-Dieu-le-Quy-111795 || Quyet-dinh-502-QD-BNV-cap-giay-phep-thanh-lap-cong-nhan-Dieu-le-105593 || Quyet-dinh-1916-QD-BNV-cap-Giay-phep-thanh-lap-va-cong-nhan-Dieu-le-quy-132313,6|2|4|2|5,6|5|4|3|5,6|5|4|5|5
116988,"Đánh giá kết quả học tập và rèn luyện của học sinh cấp 2, cấp 3 như thế nào?",GENERAL_SEMANTIC,19,,0.5214285714285714,10,0.060546875,3.922983407974243,1,219768,146513,199119|256444|22825|146513|187779,22825|199119|256444|187779|146513,199119|22825|256444|219768|187779,22825|219768|206812|84035|220655,Thong-tu-22-2021-TT-BGDDT-danh-gia-hoc-sinh-trung-hoc-co-so-485242 || Thong-tu-32-2020-TT-BGDDT-Dieu-le-truong-trung-hoc-co-so-truong-trung-hoc-pho-thong-443627 || Thong-tu-43-2021-TT-BGDDt-danh-gia-hoc-vien-giao-duc-thuong-xuyen-cap-trung-hoc-co-so-499850 || Thong-tu-28-2020-TT-BGDDT-ve-Dieu-le-Truong-tieu-hoc-282401 || Thong-tu-58-2011-TT-BGDDT-Quy-che-danh-gia-xep-loai-hoc-sinh-trung-hoc-co-so-133268,6|2|6|1|4,6|2|6|1|6,6|4|6|6|6
153498,Đối với phi công quân sự cấp 3 thì việc cấp Giấy chứng nhận cấp kỹ thuật phi công thuộc thẩm quyền của ai?,PROCEDURE,24,,0.7158730158730159,16,0.0625,3.692314863204956,1,46289|280282,257253|276613,105724|30374|156|257253|276613,105724|30374|156|257253|276613,105724|30374|156|46289|280282,105724|52751|116851|23115|22975,Thong-tu-120-2020-TT-BQP-phan-cap-ky-thuat-phi-cong-thanh-vien-to-bay-trong-Quan-doi-nhan-dan-454819 || Thong-tu-142-2020-TT-BQP-kiem-tra-danh-gia-nang-bac-trinh-do-ky-nang-nghe-cong-nhan-quoc-phong-45944 || Nghi-dinh-131-2021-ND-CP-huong-dan-Phap-lenh-Uu-dai-nguoi-co-cong-voi-cach-mang-288920 || Thong-tu-85-2018-TT-BQP-quy-dinh-ve-quan-ly-hoat-dong-vat-lieu-no-cong-nghiep-tien-chat-thuoc-no-374 || Thong-tu-58-2020-TT-BCA-cap-thu-hoi-dang-ky-bien-so-phuong-tien-giao-thong-co-gioi-duong-bo-427243,5|5|3|1|1,6|5|4|2|1,6|5|5|2|1
75826,Nhiệm vụ của Văn phòng Tổng cục Thủy sản trong công tác cán bộ được quy định ra sao?,GENERAL_SEMANTIC,19,,0.7158730158730159,15,0.0625,3.1205835342407227,1,50764,302793,280049|241738|30685|107536|302793,280049|107536|241738|50764|30685,280049|241738|107536|50764|30685,50764|107536|280049|54206|241738,Quyet-dinh-636-QD-TCTS-VP-chuc-nang-nhiem-vu-quyen-han-co-cau-to-chuc-Van-phong-Tong-cuc-2014-293770 || Quyet-dinh-421-QD-TCTS-VP-chuc-nang-nhiem-vu-quyen-han-co-cau-to-chuc-Cuc-Kiem-ngu-2013-289676 || Quyet-dinh-689-QD-BTNMT-2018-chuc-nang-nhiem-vu-Van-phong-Tong-cuc-Khi-tuong-Thuy-van-376947 ||  || Quyet-dinh-699-QD-BTNMT-2018-co-cau-to-chuc-cua-Vu-To-chuc-can-bo-376993,5|5|2|2|2,5|6|2|2|5,5|6|4|4|5
145992,"Tài liệu, thông tin được sử dụng làm bằng chứng kiểm toán trong các lĩnh vực kiểm toán gồm có những loại nào?",GENERAL_SEMANTIC,23,,0.6415343915343916,13,0.0625,4.339325904846191,1,101814,133037,214848|191960|194989|27511|133037,214848|191960|27511|194989|101814,214848|191960|194989|27511|101814,214848|27511|191960|60691|101814,Quyet-dinh-03-2018-QD-KTNN-Huong-dan-ve-bang-chung-kiem-toan-404799 || Luat-kiem-toan-nha-nuoc-2015-282381 || Quyet-dinh-02-2016-QD-KTNN-He-thong-chuan-muc-kiem-toan-nha-nuoc-317462 || Thong-tu-67-2015-TT-BTC-Chuan-muc-kiem-toan-Viet-Nam-ve-kiem-toan-bao-cao-du-an-hoan-thanh-275072 || Thong-tu-155-2013-TT-BTC-quy-dinh-thoi-han-bao-quan-ho-so-tai-chinh-213779,6|5|2|4|0,6|5|3|4|1,6|5|4|4|1
2422,Được đăng ký phòng thi khi thi tốt nghiệp THPT theo ý muốn cá nhân không?,PROCEDURE,16,NEGATION|HYPOTHETICAL,0.634920634920635,12,0.0625,1.1389344930648804,1,65567|249088|296613,120889|285994|6986,279981|238680|120889|285994|6986,279981|238680|285994|120889|249088,279981|238680|65567|249088|296613,65567|104102|296613|279981|249088,Thong-tu-15-2020-TT-BGDDT-Quy-che-thi-tot-nghiep-trung-hoc-pho-thong-444173 || Thong-tu-05-2021-TT-BGDDT-sua-doi-Thong-tu-15-2020-TT-BGDDT-Quy-che-thi-tot-nghiep-trung-hoc-pho-tho ||  || Thong-tu-06-2023-TT-BGDDT-sua-doi-Quy-che-thi-tot-nghiep-trung-hoc-pho-thong-560877 || Quyet-dinh-1584-QD-BGDDT-2021-cong-bo-thu-tuc-hanh-chinh-linh-vuc-thi-tuyen-sinh-474938,6|5|0|4|2,6|5|3|5|2,6|6|6|5|2
144922,Cơ quan thanh tra chuyên ngành của Bộ Công thương là cơ quan nào?,PROCEDURE,14,,0.6126984126984126,14,0.0634765625,3.955991268157959,1,72305,189039,78163|40273|195962|193936|189039,78163|195962|40273|193936|189039,78163|40273|195962|193936|72305,78163|195962|40273|115247|12837,Nghi-dinh-127-2015-ND-CP-to-chuc-va-hoat-dong-thanh-tra-nganh-Cong-Thuong-298054 || Thong-tu-14-2020-TT-BCT-huong-dan-quy-dinh-thanh-tra-chuyen-nganh-Cong-thuong-446554 || Nghi-dinh-07-2012-ND-CP-co-quan-duoc-giao-thuc-hien-chuc-nang-thanh-tra-134598 || Luat-thanh-tra-2010-115311 || Luat-Thanh-tra-2022-544688,5|5|5|3|0,5|5|5|5|6,5|5|5|6|6
148458,Có mấy trường hợp công dân Việt Nam được quyền có hai quốc tịch?,GENERAL_SEMANTIC,14,,0.6761904761904762,16,0.06640625,2.080235481262207,1,96450,153054,268714|268007|81598|153054|132797,268714|268007|81598|132797|153054,268714|268007|81598|132797|96450,268714|81598|268007|63700|272362,Luat-quoc-tich-Viet-Nam-2008-24-2008-QH12-82204 || Nghi-dinh-16-2020-ND-CP-huong-dan-Luat-Quoc-tich-Viet-Nam-433706 || Bo-luat-dan-su-2015-296215 || Bo-luat-Dan-su-2005-33-2005-QH11-2463 || Hien-phap-nam-2013-215627,5|5|5|2|1,5|5|5|5|1,5|5|5|5|6
35376,"Hình thức cung cấp thông tin liên quan đến bảo vệ an ninh quốc gia và bảo đảm trật tự, an toàn xã hội trong lĩnh vực tài chính là gì?",DEFINITION,31,,0.6185185185185186,13,0.06640625,2.713925361633301,1,181088,25714,76576|78234|183078|45962|25714,76576|78234|183078|181088|45962,76576|78234|181088|183078|45962,76576|181088|259898|292631|295631,Thong-tu-lien-tich-85-2016-TTLT-BTC-BCA-phoi-hop-cong-tac-bao-ve-an-ninh-quoc-gia-linh-vuc-tai-chinh || Nghi-dinh-82-2007-ND-CP-cung-cap-thong-tin-phuc-vu-xay-dung-dieu-hanh-chinh-sach-tien-te-quoc-gia-20 || Nghi-dinh-126-2020-ND-CP-huong-dan-Luat-Quan-ly-thue-455733 || Nghi-dinh-99-2022-ND-CP-dang-ky-bien-phap-bao-dam-542323 || Nghi-dinh-16-2014-ND-CP-quan-ly-can-can-thanh-toan-quoc-te-222363,6|5|0|2|1,6|5|2|2|3,6|5|2|5|5
98328,Lệ phí trước bạ đối với xe ô tô cũ dưới 9 chỗ được quy định như thế nào?,GENERAL_SEMANTIC,19,,0.5055555555555555,10,0.06640625,4.479881763458252,1,267868,280282,254787|263085|9871|101752|280282,263085|254787|101752|9871|267868,254787|263085|9871|101752|267868,263085|101752|86314|254787|9871,Nghi-dinh-10-2022-ND-CP-quy-dinh-ve-le-phi-truoc-ba-484768 || Nghi-dinh-140-2016-ND-CP-le-phi-truoc-ba-325345 || Thong-tu-13-2022-TT-BTC-huong-dan-Nghi-dinh-10-2022-ND-CP-le-phi-truoc-ba-496405 || Nghi-quyet-06-2020-NQ-HDND-thu-phi-le-phi-thuoc-tham-quyen-quyet-dinh-Hoi-dong-Ha-Noi-447524 || Thong-tu-229-2016-TT-BTC-quan-ly-le-phi-dang-ky-cap-bien-phuong-tien-giao-thong-co-gioi-duong-bo-331,6|5|6|3|3,6|6|6|4|6,6|6|6|5|6
23540,Thay đổi kháng nghị giám đốc thẩm đối với quyết định của Tòa án trong vụ án hình sự được thực hiện gửi như thế nào?,DIRECT_REF,26,INSTRUMENT,0.3396825396825398,7,0.0703125,3.5260863304138184,1,302115,194863,102434|46918|160120|784|194863,46918|102434|784|160120|302115,46918|784|102434|160120|302115,46918|286872|302115|300749|22695,Bo-luat-to-tung-dan-su-2015-296861 || Quyet-dinh-505-QD-VKSTC-2017-Quy-che-cong-tac-thuc-hanh-quyen-cong-to-369970 || Bo-luat-to-tung-hinh-su-2015-296884 || Luat-to-tung-hanh-chinh-2015-298372 || Quyet-dinh-364-QD-VKSTC-2017-Quy-che-cong-tac-kiem-sat-viec-giai-quyet-cac-vu-viec-dan-su-363049,6|2|6|6|0,6|6|6|6|5,6|6|6|6|6
95648,Em ruột của người chồng chết có được hưởng thừa kế từ người chồng đã chết không?,CONDITION,17,NEGATION,0.26666666666666683,8,0.0703125,3.108288288116455,1,270799,164447,81598|132797|134404|153054|164447,81598|132797|153054|134404|270799,81598|132797|134404|153054|270799,132797|81598|153054|270799|176583,Bo-luat-dan-su-2015-296215 || Bo-luat-Dan-su-2005-33-2005-QH11-2463 || Luat-Hon-nhan-va-gia-dinh-2014-238640 || Bo-luat-Dan-su-1995-44-L-CTN-39391 || Nghi-dinh-126-2014-ND-CP-quy-dinh-chi-tiet-mot-so-dieu-bien-phap-thi-hanh-Luat-Hon-nhan-gia-dinh-262,6|6|6|6|0,6|6|6|6|4,6|6|6|6|5
93834,Hiệp hội Chống hàng giả và bảo vệ quyền sở hữu trí tuệ của các doanh nghiệp có vốn đầu tư nước ngoài tại Việt Nam có tư cách pháp nhân và con dấu riêng hay không? ,GENERAL_SEMANTIC,37,NEGATION,0.7317460317460318,16,0.072265625,4.786745071411133,1,20307,286624,37921|71721|120173|286624|34866,37921|71721|120173|34866|20307,37921|71721|120173|34866|20307,37921|71721|181387|283426|121588,Quyet-dinh-103-2005-QD-BNV-Dieu-le-Hiep-hoi-Chong-hang-gia-bao-ve-quyen-so-huu-tri-tue-doanh-nghiep- || Quyet-dinh-44-2004-QD-BNV-phe-duyet-Dieu-le-Hiep-hoi-chong-hang-gia-bao-ve-thuong-hieu-Viet-Nam-1843 || Nghi-dinh-08-1998-ND-CP-Quy-che-thanh-lap-Hiep-hoi-Doanh-nghiep-nuoc-ngoai-tai-Viet-Nam-41310 || Quyet-dinh-674-QD-BNV-2021-Dieu-le-sua-doi-Hiep-hoi-Giao-duc-nghe-nghiep-Viet-Nam-475790 || Quyet-dinh-81-QD-BNV-phe-duyet-Dieu-le-sua-doi-bo-sung-Hiep-hoi-Doanh-nhan-176368,6|4|3|1|0,6|5|4|3|4,6|5|5|4|4
121136,Đóng bảo hiểm y tế khi làm việc theo nhiều hợp đồng lao động ra sao?,GENERAL_SEMANTIC,16,HYPOTHETICAL,0.5502645502645503,12,0.0732421875,4.091770648956299,1,295381,129823,40539|243812|227964|281235|129823,40539|243812|227964|281235|295381,40539|243812|227964|281235|295381,227964|243812|40539|263444|177137,Nghi-dinh-146-2018-ND-CP-huong-dan-Luat-bao-hiem-y-te-357505 || Luat-bao-hiem-y-te-2008-25-2008-QH12-82196 || Luat-Bao-hiem-y-te-sua-doi-2014-238506 || Thong-tu-57-2019-TT-BCA-thuc-hien-bao-hiem-y-te-doi-voi-nguoi-lao-dong-hoc-sinh-sinh-vien-430525 || Nghi-dinh-88-2020-ND-CP-huong-dan-Luat-An-toan-ve-sinh-lao-dong-ve-bao-hiem-tai-nan-lao-dong-448472,6|5|4|5|1,6|5|4|5|5,6|5|5|5|6
10766,Đối với công chức dự thi nâng ngạch lên ngạch Cán sự chuyên ngành hành chính thì có những yêu cầu gì?,GENERAL_SEMANTIC,22,,0.6587301587301588,13,0.07373046875,4.623198509216309,1,34179,299073,15331|192042|247965|58662|299073,15331|247965|192042|58662|299073,15331|247965|192042|58662|34179,15331|261198|284782|34179|220359,Thong-tu-2-2021-TT-BNV-xep-luong-doi-voi-cac-ngach-cong-chuc-chuyen-nganh-hanh-chinh-467710 ||  || Quyet-dinh-28-QD-BNV-2018-ke-hoach-to-chuc-thi-nang-ngach-cong-chuc-trong-cac-co-quan-nha-nuoc-37260 || Nghi-dinh-138-2020-ND-CP-tuyen-dung-su-dung-va-quan-ly-cong-chuc-458542 || Ke-hoach-103-TANDTC-TCCB-2023-to-chuc-thi-nang-ngach-can-su-chuyen-vien-chuyen-vien-chinh-555747,5|3|3|6|2,5|3|5|6|3,6|4|6|6|3
115768,Cách xác định tổng nguồn vốn để xác định quy mô sản xuất kinh doanh của doanh nghiệp nhỏ và vừa,GENERAL_SEMANTIC,21,,0.7071428571428572,14,0.07421875,3.44539475440979,1,103215,22282,227118|274362|166766|243216|22282,227118|274362|166766|243216|103215,227118|274362|166766|243216|103215,227118|274362|103215|77697|212312,Nghi-dinh-80-2021-ND-CP-huong-dan-Luat-Ho-tro-doanh-nghiep-nho-va-vua-486147 || Quyet-dinh-07-QD-HDTV-2019-Quy-che-cho-vay-gian-tiep-Quy-Phat-trien-doanh-nghiep-nho-va-vua-431881 || Thong-tu-33-2022-TT-BCT-He-thong-chi-tieu-thong-ke-nganh-Cong-Thuong-549977 || Quyet-dinh-05-2023-QD-TTg-He-thong-chi-tieu-thong-ke-cap-tinh-cap-huyen-cap-xa-557688 || Luat-Ho-tro-doanh-nghiep-nho-va-vua-2017-320905,5|5|4|1|3,6|6|5|4|4,6|6|5|4|5
15802,Điều kiện đăng ký dự tuyển công chức vào làm việc trong các đơn vị thuộc Thanh tra Chính phủ thế nào?,PROCEDURE,22,,0.6246031746031746,13,0.07421875,2.951436758041382,1,19215,58662,163533|58182|220359|299073|58662,163533|220359|58182|299073|58662,163533|220359|58182|299073|19215,19215|220359|163533|8747|118485,Quyet-dinh-398-QD-TTCP-2021-tuyen-dung-cong-chuc-vien-chuc-cua-Thanh-tra-Chinh-phu-492436 || Luat-can-bo-cong-chuc-2008-22-2008-QH12-82202 || Quyet-dinh-2141-QD-BTC-nam-2012-Quy-che-thi-xet-tuyen-cong-chuc-Bo-Tai-chinh-147402 || Quyet-dinh-222-QD-BCT-2022-nang-ngach-cong-chuc-va-cong-tac-can-bo-Bo-Cong-thuong-505064 || Van-ban-hop-nhat-25-VBHN-VPQH-2019-Luat-Can-bo-cong-chuc-439157,6|4|5|1|3,6|5|5|4|3,6|5|5|5|4
137594,Nội dung thẩm định điều chỉnh dự án đầu tư công không có cấu phần xây dựng bao gồm những gì?,GENERAL_SEMANTIC,21,NEGATION,0.5915343915343916,13,0.076171875,4.170410633087158,1,103779,255906,172948|290988|252295|89392|255906,172948|252295|290988|89392|255906,172948|290988|252295|89392|103779,172948|252295|103779|247318|290988,Nghi-dinh-40-2020-ND-CP-huong-dan-Luat-Dau-tu-cong-426374 || Nghi-dinh-29-2021-ND-CP-thu-tuc-tham-dinh-du-an-quan-trong-quoc-gia-giam-sat-danh-gia-dau-tu-468883 || Quyet-dinh-1672-QD-BGTVT-2021-phan-cap-quan-ly-du-an-cong-trinh-su-dung-von-dau-tu-cong-488040 || Luat-Xay-dung-2014-238644 || Luat-Dau-tu-cong-2019-362113,6|5|5|2|0,6|5|5|5|1,6|5|5|6|5
11840,Chủ tàu biển Việt Nam sử dụng thuyền viên nước ngoài có trách nhiệm thế nào?,GENERAL_SEMANTIC,16,,0.41481481481481475,9,0.076171875,4.776463031768799,1,10876,135686,138880|288109|297059|84412|135686,138880|288109|297059|84412|135686,138880|288109|297059|84412|10876,138880|288109|288415|184275|297059,Thong-tu-17-2017-TT-BGTVT-dieu-kien-de-thuyen-vien-nuoc-ngoai-lam-viec-tren-tau-bien-Viet-Nam-345047 || Bo-luat-hang-hai-Viet-Nam-2015-298374 || Thong-tu-23-2017-TT-BGTVT-nhiem-vu-theo-chuc-danh-thuyen-vien-dang-ky-lam-viec-tren-tau-358575 || Nghi-dinh-121-2014-ND-CP-huong-dan-Cong-uoc-Lao-dong-hang-hai-2006-che-do-lao-dong-thuyen-vien-lam-v || Luat-Thuy-san-338490,5|5|6|5|0,5|6|6|5|6,5|6|6|6|6
164242,Đối với lĩnh vực y tế Nghị quyết 41/2021/QH15 quy định như thế nào?,DIRECT_REF,16,INSTRUMENT,0.837037037037037,20,0.078125,2.355708122253418,1,88923,41384,193476|41384|234757|27645|207163,193476|27645|234757|41384|207163,88923|193476|234757|27645|207163,88923|27645|69296|39522|98167,Nghi-quyet-41-2021-QH15-hoat-dong-chat-van-tai-ky-hop-thu-2-khoa-XV-495758 || Nghi-quyet-144-NQ-CP-2022-thanh-toan-chi-phi-kham-benh-chua-benh-bao-hiem-y-te-536907 || Luat-kham-benh-chua-benh-nam-2009-98714 || Nghi-dinh-29-2022-ND-CP-huong-dan-Nghi-quyet-12-2021-UBTVQH15-511844 || Nghi-dinh-124-2021-ND-CP-sua-doi-Nghi-dinh-115-2018-ND-CP-va-117-2020-ND-CP-499187,3|2|1|1|1,3|2|4|2|1,4|2|4|2|2
66538,Đang ở bệnh viện do bị tai nạn nặng có được ủy quyền nộp hồ sơ hưởng trợ cấp thất nghiệp không?,PROCEDURE,22,NEGATION,0.715873015873016,13,0.078125,1.9295166730880737,1,84617,305827,71551|37580|6233|183515|305827,71551|6233|37580|183515|84617,71551|6233|37580|183515|84617,71551|6233|58002|37580|244943,Nghi-dinh-28-2015-ND-CP-huong-dan-Luat-Viec-lam-va-bao-hiem-that-nghiep-268405 || Nghi-dinh-61-2020-ND-CP-sua-doi-28-2015-ND-CP-huong-dan-Luat-Viec-lam-ve-bao-hiem-that-nghiep-393789 || Quyet-dinh-896-QD-BHXH-2021-Danh-muc-dich-vu-cong-truc-tuyen-thu-tuc-hanh-chinh-506998 || Thong-tu-28-2015-TT-BLDTBXH-huong-dan-Luat-viec-lam-Nghi-dinh-28-2015-ND-CP-bao-hiem-that-nghiep-280 || Luat-viec-lam-nam-2013-215628,5|3|4|3|1,5|5|4|5|2,5|5|4|5|5
114634,Hồ sơ xin phép thành lập Hội đấu tranh vì nữ quyền gồm những giấy tờ tài liệu gì?,PROCEDURE,19,,0.6857142857142857,15,0.078125,2.022864580154419,1,104343,58260,304262|100761|73116|46970|58260,304262|100761|46970|73116|267036,304262|100761|46970|73116|104343,304262|100761|46970|104343|18922,Nghi-dinh-45-2010-ND-CP-to-chuc-hoat-dong-quan-ly-hoi-104561 || Thong-tu-03-2013-TT-BNV-huong-dan-to-chuc-hoat-dong-va-quan-ly-hoi-186607 || Nghi-dinh-103-2017-ND-CP-thanh-lap-to-chuc-hoat-dong-giai-the-quan-ly-co-so-tro-giup-xa-hoi-322986 || Nghi-dinh-258-TTg-quyen-lap-hoi-de-quy-dinh-chi-tiet-thi-hanh-Luat-102-SL-L004-21088 || ,5|5|2|4|0,5|5|4|4|2,5|5|5|5|2
52472,Thủ tục tạm ngừng hoạt động kinh doanh của tổ chức tài chính vi mô được thực hiện như thế nào?,PROCEDURE,21,,0.6285714285714286,14,0.078125,3.3136239051818848,1,30157,154819,276267|17396|54752|72196|154819,276267|17396|54752|72196|154819,276267|17396|54752|72196|30157,276267|9492|17396|249551|205491,Thong-tu-10-2018-TT-NHNN-trinh-tu-thu-tuc-chap-thuan-nhung-thay-doi-cua-to-chuc-tai-chinh-vi-mo-3642 || Thong-tu-25-2017-TT-NHNN-huong-dan-thu-tuc-chap-thuan-thay-doi-to-chuc-tin-dung-phi-ngan-hang-353862 || Thong-tu-50-2018-TT-NHNN-trinh-tu-thu-tuc-chap-thuan-noi-dung-thay-doi-ngan-hang-thuong-mai-344923 || Thong-tu-05-2018-TT-NHNN-chap-thuan-thay-doi-danh-sach-bau-nhan-su-to-chuc-tin-dung-la-hop-tac-xa-37 || Thong-tu-19-2019-TT-NHNN-mang-luoi-hoat-dong-cua-to-chuc-tai-chinh-vi-mo-428431,5|5|5|3|2,5|5|5|4|4,5|5|5|5|5
1736,Trên chứng minh quân nhân chuyên nghiệp phải thể hiện được những thông tin nào?,GENERAL_SEMANTIC,15,,0.5746031746031746,13,0.078125,4.239600658416748,1,21201,115950,246156|23115|55699|128503|115950,246156|23115|55699|128503|115950,246156|23115|55699|128503|21201,23115|246156|128503|55699|72531,Nghi-dinh-59-2016-ND-CP-Chung-minh-quan-nhan-chuyen-nghiep-cong-nhan-vien-chuc-quoc-phong-316134 || Thong-tu-218-2016-TT-BQP-su-dung-Giay-chung-minh-si-quan-Chung-minh-quan-nhan-chuyen-nghiep-337227 || Thong-tu-63-2022-TT-BQP-chung-chi-dao-tao-boi-duong-tap-huan-trong-nha-truong-Quan-doi-534108 || Luat-quan-nhan-chuyen-nghiep-cong-nhan-vien-chuc-quoc-phong-2015-298377 || Quyet-dinh-02-2008-QD-BNV-mau-bieu-quan-ly-ho-so-can-bo-cong-chuc-81897,5|5|5|4|0,5|5|5|4|2,5|5|5|5|2
38462,Kế hoạch kiểm tra công tác thi hành án dân sự trong quân đội được xác lập dựa trên căn cứ nào?,GENERAL_SEMANTIC,22,CROSSREF,0.6947089947089948,15,0.08203125,4.10360050201416,1,234707,163290,183804|43611|244502|157768|163290,183804|43611|244502|157768|163290,183804|43611|244502|157768|234707,183804|43611|181416|163290|178136,Thong-tu-96-2016-TT-BQP-cong-tac-kiem-tra-bieu-mau-nghiep-vu-thi-hanh-an-dan-su-trong-Quan-doi-31722 || Thong-tu-01-2016-TT-BTP-huong-dan-thuc-hien-thu-tuc-ve-quan-ly-hanh-chinh-bieu-mau-nghiep-vu-trong-t || Quyet-dinh-02-2022-QD-KTNN-kiem-tra-thuc-hien-ket-luan-kien-nghi-kiem-toan-cua-Kiem-toan-nha-nuoc-53 || Thong-tu-09-2021-TT-BCA-kiem-tra-dieu-lenh-quan-su-vo-thuat-Cong-an-nhan-dan-555027 || Thong-tu-107-2010-TT-BQP-Quy-che-dao-tao-can-bo-quan-su-Ban-chi-huy-quan-su-126936,5|6|2|1|1,6|6|2|4|1,6|6|2|5|1
4534,"Thẩm quyền xử phạt xử phạt xe chở vật liệu xây dựng làm rơi đất, đá ra đường là ai?",SANCTION,20,,0.5886243386243386,11,0.08203125,3.003044605255127,1,281247|86502,208373|258855,208373|50885|91006|32643|258855,32643|50885|281247|91006|208373,32643|281247|50885|91006|86502,281247|108148|32643|86502|292790,Nghi-dinh-96-2020-ND-CP-xu-phat-vi-pham-hanh-chinh-trong-quan-ly-bao-ve-bien-gioi-quoc-gia-450989 || Nghi-dinh-16-2022-ND-CP-quy-dinh-xu-phat-vi-pham-hanh-chinh-ve-xay-dung-502065 || Nghi-dinh-100-2019-ND-CP-xu-phat-vi-pham-hanh-chinh-linh-vuc-giao-thong-duong-bo-va-duong-sat-426369 || Nghi-dinh-46-2016-ND-CP-xu-phat-vi-pham-hanh-chinh-giao-thong-duong-bo-duong-sat-288330 || Nghi-dinh-139-2021-ND-CP-xu-phat-vi-pham-hanh-chinh-giao-thong-duong-thuy-noi-dia-499527,2|2|6|5|2,2|4|6|6|4,2|5|6|6|6
7446,Thủ tướng Chính phủ đã có những chỉ đạo gì để ứng phó mưa lũ tại khu vực Bắc Bộ?,GENERAL_SEMANTIC,20,,0.44999999999999996,11,0.08203125,2.976113796234131,1,243124,254670,117301|142556|236341|155454|254670,117301|236341|142556|254670|155454,117301|236341|142556|243124|155454,117301|236341|243124|23576|254670,Cong-dien-415-CD-TTg-2022-chu-dong-ung-pho-mua-lu-khu-vuc-Bac-bo-513187 || Chi-thi-9-CT-TTg-2022-tang-cuong-phong-chong-thien-tai-tim-kiem-cuu-nan-515416 || Thong-bao-113-TB-VPCP-2022-ket-luan-cuoc-hop-khac-phuc-hau-qua-mua-lu-mien-Trung-510316 || Luat-phong-chong-thien-tai-nam-2013-197310 || Cong-dien-397-CD-TTg-2023-bien-phap-cap-bach-ung-pho-voi-nguy-co-nang-nong-han-han-566228,6|6|5|0|5,6|6|6|2|5,6|6|6|3|5
93680,Trình tự để cá nhân thực hiện thủ tục thay đổi thông tin đăng ký thuế trực tiếp tại cơ quan thuế được quy định như thế nào?,PROCEDURE,28,,0.2962962962962964,9,0.08203125,4.734323024749756,1,175695,35531,9492|135644|161949|181088|35531,9492|135644|161949|181088|35531,9492|135644|161949|181088|175695,9492|161949|181088|160381|16227,Quyet-dinh-2589-QD-BTC-2021-cong-bo-thu-tuc-hanh-chinh-quan-ly-thue-521386 || Thong-tu-105-2020-TT-BTC-huong-dan-dang-ky-thue-459433 || Luat-quan-ly-thue-2019-387595 || Nghi-dinh-126-2020-ND-CP-huong-dan-Luat-Quan-ly-thue-455733 || Thong-tu-lien-tich-01-2016-TTLT-BKHDT-BTC-trao-doi-thong-tin-doanh-nghiep-he-thong-thong-tin-quoc-gi,5|5|5|6|0,5|6|5|6|4,5|6|5|6|5
56104,Những đối tượng phải quyết toán thuế thu nhập cá nhân?,GENERAL_SEMANTIC,11,,0.7317460317460318,14,0.082763671875,3.09232759475708,1,174178,288898,171570|18044|186336|288898|13920,18044|171570|186336|13920|288898,171570|18044|186336|174178|13920,174178|18044|13920|186336|181088,Thong-tu-111-2013-TT-BTC-Huong-dan-Luat-thue-thu-nhap-ca-nhan-va-Nghi-dinh-65-2013-ND-CP-205356 ||  ||  ||  || ,4|2|1|2|2,6|4|5|3|4,6|4|6|6|5
161400,Thời gian làm bài môn toán trong kỳ thi tốt nghiệp THPT 2023 là bao nhiêu phút?,GENERAL_SEMANTIC,17,,0.7306878306878307,15,0.08278656005859375,4.922937870025635,1,285994|281912,120889|108015,6986|279981|249505|120889|108015,6986|279981|249505|285994|120889,6986|279981|249505|285994|281912,6986|65154|111800|199946|279981, || Thong-tu-15-2020-TT-BGDDT-Quy-che-thi-tot-nghiep-trung-hoc-pho-thong-444173 ||  ||  || ,4|5|1|1|1,4|5|4|3|1,6|6|5|4|4
21830,Nguyên tắc chung về chế độ tài sản của vợ chồng theo quy định pháp luật ,GENERAL_SEMANTIC,16,,0.36825396825396817,8,0.083984375,4.260268211364746,1,204578,262189,134404|270799|81598|176583|262189,134404|270799|81598|176583|262189,134404|270799|81598|176583|204578,134404|81598|120244|270799|176583,Luat-Hon-nhan-va-gia-dinh-2014-238640 || Nghi-dinh-126-2014-ND-CP-quy-dinh-chi-tiet-mot-so-dieu-bien-phap-thi-hanh-Luat-Hon-nhan-gia-dinh-262 || Bo-luat-dan-su-2015-296215 || Thong-tu-lien-tich-01-2016-TTLT-TANDTC-VKSNDTC-BTP-huong-dan-thi-hanh-Luat-hon-nhan-gia-dinh-293202 || ,6|6|4|6|3,6|6|5|6|5,6|6|5|6|5
141380,Quỹ thành viên là gì?,DEFINITION,5,,0.8611111111111112,19,0.0859375,2.6760125160217285,1,268656,265884,268313|138768|22282|265884|217480,268313|138768|22282|217480|268656,268313|217480|268656|138768|22282,268313|268656|165780|217480|151239,Luat-Chung-khoan-nam-2019-399763 || Nghi-dinh-93-2019-ND-CP-ve-to-chuc-hoat-dong-cua-quy-xa-hoi-quy-tu-thien-398154 || Nghi-dinh-30-2012-ND-CP-to-chuc-hoat-dong-quy-xa-hoi-tu-thien-137920 || Nghi-dinh-45-2021-ND-CP-thanh-lap-to-chuc-hoat-dong-cua-Quy-ho-tro-phat-trien-hop-tac-xa-469454 || Nghi-dinh-39-2019-ND-CP-to-chuc-va-hoat-dong-cua-Quy-Phat-trien-doanh-nghiep-nho-va-vua-325336,2|3|3|3|1,4|3|4|4|3,5|4|5|4|5
160676,Điều kiện hưởng chế độ thai sản khi sinh đôi nhưng nghỉ việc trước sinh được pháp luật quy định như thế nào? ,CONDITION,23,INSTRUMENT|HYPOTHETICAL,0.47777777777777775,10,0.0859375,2.614534854888916,1,143446,2309,190257|164447|23402|2309|129823,190257|23402|129823|164447|143446,190257|23402|129823|164447|143446,129823|143446|63906|126324|209787,Thong-tu-59-2015-TT-BLDTBXH-huong-dan-Luat-bao-hiem-xa-hoi-ve-bao-hiem-xa-hoi-bat-buoc-299644 ||  || Bo-Luat-lao-dong-2019-333670 ||  || Bo-Luat-lao-dong-2012-142187,6|4|3|5|2,6|6|6|6|5,6|6|6|6|6
71274,Liệt sĩ làm nghĩa vụ quốc tế có được xem là người có công với cách mạng không?,CONDITION,18,NEGATION,0.5333333333333333,11,0.0888671875,2.755397081375122,1,305827,55889,6239|156|123271|40539|55889,6239|156|40539|123271|55889,6239|156|123271|40539|305827,6239|156|40539|177137|25945,Phap-lenh-02-2020-UBTVQH14-uu-dai-nguoi-co-cong-voi-Cach-mang-460718 || Nghi-dinh-131-2021-ND-CP-huong-dan-Phap-lenh-Uu-dai-nguoi-co-cong-voi-cach-mang-288920 || Nghi-dinh-31-2013-ND-CP-huong-dan-Phap-lenh-uu-dai-nguoi-co-cong-voi-cach-mang-181099 || Nghi-dinh-146-2018-ND-CP-huong-dan-Luat-bao-hiem-y-te-357505 || Thong-tu-05-2013-TT-BLDTBXH-huong-dan-thu-tuc-lap-ho-so-thuc-hien-che-do-uu-dai-192986,5|6|6|2|1,6|6|6|2|1,6|6|6|4|1
167794,Không đăng ký giấy chứng nhận xuất xứ hàng hóa mà lưu hành hàng hóa sẽ bị phạt bao nhiêu tiền?,SANCTION,21,NEGATION,0.4740740740740742,11,0.08984375,1.8368496894836426,1,269720,152966,69484|32778|210490|45352|152966,69484|32778|210490|45352|152966,69484|32778|210490|269720|45352,69484|269720|32643|207163|152966,Nghi-dinh-98-2020-ND-CP-xu-phat-vi-pham-hanh-chinh-hoat-dong-san-xuat-buon-ban-hang-gia-406627 || Nghi-dinh-128-2020-ND-CP-xu-phat-vi-pham-hanh-chinh-trong-linh-vuc-hai-quan-426375 || Nghi-dinh-119-2017-ND-CP-xu-phat-vi-pham-hanh-chinh-trong-linh-vuc-tieu-chuan-do-luong-343705 || Nghi-dinh-17-2022-ND-CP-sua-doi-nghi-dinh-xu-phat-vi-pham-hanh-chinh-linh-vuc-hoa-chat-502253 || Nghi-dinh-115-2018-ND-CP-quy-dinh-xu-phat-vi-pham-hanh-chinh-ve-an-toan-thuc-pham-360333,6|5|5|0|2,6|5|5|2|3,6|6|5|4|6
118074,Nhiệm vụ và quyền hạn của Tổng cục Phòng chống thiên tai là gì?,DEFINITION,14,,0.6444444444444445,13,0.091796875,3.364121913909912,1,30685,153472,48619|57832|66022|153472|107536,48619|66022|57832|107536|153472,48619|66022|57832|107536|30685,48619|225375|66022|50764|9248,Quyet-dinh-26-2017-QD-TTg-chuc-nang-co-cau-Tong-cuc-Phong-chong-thien-tai-Bo-Nong-nghiep-353918 || Quyet-dinh-03-2018-QD-TTg-co-cau-to-chuc-cua-Tong-cuc-Khi-tuong-Thuy-van-thuoc-Bo-tai-nguyen-373800 || Quyet-dinh-10-2023-QD-TTg-chuc-nang-nhiem-vu-quyen-han-cua-Tong-cuc-Khi-tuong-Thuy-van-564442 || Quyet-dinh-689-QD-BTNMT-2018-chuc-nang-nhiem-vu-Van-phong-Tong-cuc-Khi-tuong-Thuy-van-376947 || Quyet-dinh-699-QD-BTNMT-2018-co-cau-to-chuc-cua-Vu-To-chuc-can-bo-376993,5|5|3|0|2,6|5|5|5|5,6|5|5|5|5
90984,Cảnh sát giao thông dừng xe kiểm soát trong các trường hợp nào?,CONDITION,13,,0.6216931216931219,12,0.09375,3.365654945373535,1,93491,173547,193708|104500|99842|173547|107319,193708|104500|99842|173547|107319,193708|104500|99842|93491|107319,193708|93491|104500|141008|193070,Thong-tu-65-2020-TT-BCA-quy-trinh-tuan-tra-xu-ly-vi-pham-hanh-chinh-ve-giao-thong-duong-bo-427300 || Thong-tu-15-2022-TT-BCA-sua-doi-Thong-tu-43-2017-TT-BCA-45-2017-TT-BCA-68-2020-TT-BCA-510287 || Thong-tu-68-2020-TT-BCA-quy-trinh-tuan-tra-kiem-soat-va-xu-ly-vi-pham-hanh-chinh-Canh-sat-duong-thuy || Luat-Canh-sat-co-dong-2022-477977 || Van-ban-hop-nhat-15-VBHN-VPQH-2019-Luat-Giao-thong-duong-bo-424690,5|3|4|0|3,6|5|4|1|4,6|5|5|4|6
58178,Phẫu thuật gãy mỏm khuỷu phức tạp sẽ chỉ định cho người bệnh khi nào?,CONDITION,15,HYPOTHETICAL,0.5833333333333333,11,0.09375,2.6833765506744385,1,122329,202376,94403|171181|190541|284691|202376,94403|190541|171181|284691|202376,94403|190541|171181|284691|122329,94403|190541|122329|222242|22123,Quyet-dinh-4484-QD-BYT-tai-lieu-huong-dan-quy-trinh-ky-thuat-chuyen-khoa-chan-thuong-chinh-hinh-2016 || Quyet-dinh-5728-QD-BYT-2017-quy-trinh-ky-thuat-Ngoai-khoa-chuyen-khoa-Chan-thuong-chinh-hinh-370394 || Quyet-dinh-199-QD-BYT-2014-Huong-dan-quy-trinh-ky-thuat-chuyen-khoa-Nan-chinh-hinh-bo-bot-248994 || Thong-tu-39-2018-TT-BYT-thong-nhat-gia-kham-chua-benh-bao-hiem-y-te-giua-benh-vien-cung-hang-401940 || Thong-tu-50-2014-TT-BYT-phan-loai-phau-thuat-thu-thuat-dinh-muc-nhan-luc-trong-ca-phau-thuat-thu-thu,6|6|4|2|2,6|6|4|3|5,6|6|5|6|5
167662,Doanh nghiệp bắt buộc mua lại trái phiếu trước hạn chào bán ra thị trường quốc tế theo yêu cầu của nhà đầu tư trong trường hợp nào?,CONDITION,28,HYPOTHETICAL,0.40555555555555545,10,0.09375,4.981383800506592,1,21398,227727,70436|258477|126546|204131|227727,258477|70436|126546|204131|227727,258477|70436|126546|204131|21398,258477|70436|126546|268313|136901,Nghi-dinh-65-2022-ND-CP-sua-doi-Nghi-dinh-153-2020-ND-CP-chao-ban-giao-dich-trai-phieu-doanh-nghiep- || Nghi-dinh-153-2020-ND-CP-chao-ban-giao-dich-trai-phieu-doanh-nghiep-tai-thi-truong-trong-nuoc-461187 || Nghi-dinh-163-2018-ND-CP-quy-dinh-ve-phat-hanh-trai-phieu-doanh-nghiep-365270 || Thong-tu-16-2021-TT-NHNN-to-chuc-tin-dung-nuoc-ngoai-mua-ban-trai-phieu-doanh-nghiep-494842 || Luat-Doanh-nghiep-so-59-2020-QH14-427301,6|6|5|5|1,6|6|5|5|3,6|6|5|5|4
66716,Chủ rừng có trách nhiệm tham gia phát triển rừng hay không?,GENERAL_SEMANTIC,12,NEGATION,0.40555555555555545,10,0.095703125,2.822927474975586,1,16208,115523,293705|143165|254201|115523|170722,293705|254201|143165|170722|16208,293705|254201|143165|170722|16208,16208|14606|103777|254201|76020,Nghi-dinh-156-2018-ND-CP-huong-dan-Luat-Lam-nghiep-379366 || Luat-lam-nghiep-367277 || Luat-Bao-ve-va-Phat-trien-rung-2004-29-2004-QH11-52653 || Thong-tu-28-2018-TT-BNNPTNT-quy-dinh-ve-quan-ly-rung-ben-vung-402853 || Quyet-dinh-07-2012-QD-TTg-chinh-sach-tang-cuong-cong-tac-bao-ve-rung-134539,6|5|5|1|1,6|5|5|6|3,6|6|5|6|6
16706,Số lượng thành viên của Hội đồng thẩm định giáo trình sử dụng chung trình độ trung cấp chuyên nghiệp phải có ít nhất bao nhiêu thành viên?,GENERAL_SEMANTIC,28,,0.6267195767195768,13,0.0966796875,5.171114921569824,1,30744,150880,203193|186739|290366|66847|150880,203193|186739|66847|290366|146798,186739|203193|66847|290366|30744,186739|203193|30744|146798|45001,Thong-tu-42-2011-TT-BGDDT-giao-trinh-su-dung-chung-to-chuc-bien-soan-129481 || Quyet-dinh-63-2007-QD-BGDDT-nhiem-vu-quyen-han-hoat-dong-tieu-chuan-co-cau-thanh-vien-Hoi-dong-tham- || Thong-tu-03-2017-TT-BLDTBXH-ban-hanh-chuong-trinh-tham-dinh-giao-trinh-trinh-do-trung-cap-cao-dang-3 || Thong-tu-12-2017-TT-BLDTBXH-kien-thuc-nang-luc-toi-thieu-nguoi-tot-nghiep-trung-cap-cao-dang-325039 || Thong-tu-14-2017-TT-BGDDT-tieu-chuan-chinh-sua-chuong-trinh-giao-duc-pho-thong-353757,5|5|2|5|1,6|5|6|5|2,6|5|6|5|5
137852,Làm thế nào để được hưởng bảo hiểm xã hội một lần?,GENERAL_SEMANTIC,12,,0.5841269841269842,13,0.0966796875,4.0111985206604,1,126324,190257,237840|164447|23402|199641|190257,237840|23402|164447|199641|126324,237840|164447|23402|199641|126324,106223|2309|199641|170066|23402,Nghi-dinh-115-2015-ND-CP-huong-dan-Luat-bao-hiem-xa-hoi-bat-buoc-279974 ||  ||  || Nghi-quyet-93-2015-QH13-thuc-hien-chinh-sach-huong-bao-hiem-xa-hoi-mot-lan-doi-voi-nguoi-lao-dong-28 || Nghi-dinh-143-2018-ND-CP-bao-hiem-xa-hoi-bat-buoc-nguoi-lao-dong-nuoc-ngoai-lam-o-Viet-Nam-346012,5|5|5|1|2,5|5|5|5|5,5|5|5|5|5
50786,Phụ cấp thâm niên nhà giáo năm 2023 có tăng không?,GENERAL_SEMANTIC,11,NEGATION,0.7277777777777779,15,0.09765625,2.009878158569336,1,100945,284539,94749|60237|174741|284539|219922,94749|60237|219922|174741|100945,94749|60237|100945|219922|174741,94749|100945|219922|40635|66159,Nghi-dinh-77-2021-ND-CP-che-do-phu-cap-tham-nien-nha-giao-483182 || Thong-tu-22-2017-TT-BLDTBXH-huong-dan-113-2015-ND-CP-phu-cap-dac-thu-uu-dai-trach-nhiem-345393 || Nghi-dinh-113-2015-ND-CP-phu-cap-dac-thu-trach-nhiem-cong-viec-nguy-hiem-nha-giao-co-so-giao-duc-ngh || Nghi-dinh-14-2020-ND-CP-che-do-tro-cap-nha-giao-da-nghi-huu-chua-duoc-huong-phu-cap-tham-nien-433501 || Thong-tu-78-2022-TT-BTC-du-toan-ngan-sach-Nha-nuoc-2023-547888,5|2|1|2|4,6|2|5|2|5,6|6|6|3|5
103930,Người tốt nghiệp ngành công nghệ ô tô trình độ trung cấp có thể làm những công việc nào?,GENERAL_SEMANTIC,19,,0.6206349206349207,13,0.09765625,3.534438371658325,1,63532,238053,107159|65326|299563|161283|238053,65326|107159|299563|161283|9980,65326|107159|299563|161283|63532,65326|107159|299563|63532|290366,Thong-tu-45-2018-TT-BLDTBXH-yeu-cau-ve-nang-luc-ma-nguoi-hoc-phai-dat-duoc-sau-khi-tot-nghiep-422054 || Thong-tu-46-2018-TT-BLDTBXH-khoi-luong-kien-thuc-toi-thieu-nguoi-hoc-phai-dat-duoc-khi-tot-nghiep-42 || Thong-tu-47-2018-TT-BLDTBXH-yeu-cau-ve-nang-luc-ma-nguoi-hoc-phai-dat-duoc-sau-khi-tot-nghiep-422056 || Thong-tu-44-2018-TT-BLDTBXH-nang-luc-ma-nguoi-hoc-phai-dat-duoc-sau-khi-tot-nghiep-422053 || Thong-tu-41-2018-TT-BLDTBXH-quy-dinh-ve-khoi-luong-kien-thuc-toi-thieu-ma-nguoi-hoc-dat-duoc-422049,5|6|4|2|1,5|6|5|4|2,6|6|6|4|4
31328,"Thời hiệu, thời hạn xử lý kỷ luật đối với Hải đoàn trưởng đơn vị Dân quân tự vệ trong bao nhiêu tháng?",DIRECT_REF,23,INSTRUMENT,0.48571428571428565,11,0.09765625,3.4023795127868652,1,93888,299574,110305|48429|299985|31179|299574,48429|110305|31179|299985|93888,110305|48429|299985|31179|93888,48429|48031|31179|93888|233902,Thong-tu-75-2020-TT-BQP-hinh-thuc-ky-luat-tham-quyen-xu-ly-ky-luat-doi-voi-Dan-quan-tu-ve-447470 || Thong-tu-16-2020-TT-BQP-ap-dung-ky-luat-trinh-tu-thu-tuc-thoi-hieu-thoi-han-xu-ly-ky-luat-436877 || Luat-Dan-quan-tu-ve-2019-366794 || Quyet-dinh-531-QD-BTC-2015-xem-xet-xu-ly-ky-luat-cong-vien-chuc-Bo-Tai-chinh-270351 || Nghi-dinh-159-2020-ND-CP-quan-ly-nguoi-giu-chuc-danh-chuc-vu-tai-doanh-nghiep-100-von-Nha-nuoc-46172,6|6|6|3|0,6|6|6|5|3,6|6|6|5|5
99346,Đối tượng được hỗ trợ chi phí học tập,GENERAL_SEMANTIC,9,,0.5306878306878307,10,0.09814453125,3.401092052459717,1,131007,276168,179734|294481|263594|276168|219332,294481|179734|263594|219332|83397,294481|179734|263594|219332|131007,294481|179734|131007|83397|282842,Nghi-dinh-86-2015-ND-CP-co-che-thu-quan-ly-hoc-phi-co-so-giao-duc-quoc-dan-nam-hoc-2015-2016-den-202 || Nghi-dinh-81-2021-ND-CP-quan-ly-hoc-phi-doi-voi-co-so-giao-duc-thuoc-he-thong-giao-duc-quoc-dan-4573 || Thong-tu-lien-tich-35-2014-TTLT-BGDDT-BTC-huong-dan-66-2013-QD-TTg-ho-tro-chi-phi-hoc-tap-dan-toc-th || Nghi-dinh-57-2017-ND-CP-uu-tien-tuyen-sinh-ho-tro-hoc-tap-tre-mau-giao-hoc-sinh-sinh-vien-dan-toc-34 || Thong-tu-152-2016-TT-BTC-quan-ly-su-dung-kinh-phi-ho-tro-dao-tao-trinh-do-so-cap-duoi-3-thang-329375,5|6|5|4|0,6|6|6|6|5,6|6|6|6|5
125516,Mức lương tối thiểu vùng 2023 đóng BHXH là bao nhiêu?,GENERAL_SEMANTIC,11,,0.7362433862433863,15,0.099609375,1.8358914852142334,1,236657,93496,259195|263444|93496|277743|285041,263444|259195|277743|93496|285041,263444|259195|277743|285041|236657,263444|259195|272638|111676|236657, ||  ||  ||  || ,2|5|3|4|1,3|5|3|6|3,6|5|4|6|5
1872,Thủ tục ra khỏi Hiệp hội Vận tải ôtô Việt Nam được quy định thế nào?,PROCEDURE,16,,0.7671957671957672,15,0.10009765625,3.1959497928619385,1,120448,69410,150938|204209|121588|4255|69410,4255|204209|150938|121588|69410,150938|4255|121588|204209|120448,4255|181387|113978|120448|253943,Quyet-dinh-58-2003-QD-BNV-phe-duyet-ban-Dieu-le-sua-doi-cua-Hiep-hoi-Van-tai-oto-Viet-Nam-17332 || Quyet-dinh-473-QD-BNV-2021-Dieu-le-sua-doi-Hiep-hoi-Trang-trai-va-Doanh-nghiep-nong-nghiep-470566 || Quyet-dinh-705-QD-BNV-2021-phe-duyet-Dieu-le-sua-doi-Hiep-hoi-Ban-hang-da-cap-Viet-Nam-476886 || Quyet-dinh-727-QD-BNV-2022-phe-duyet-Dieu-le-sua-doi-Hiep-hoi-Cau-ca-the-thao-Viet-Nam-530529 || Quyet-dinh-790-QD-BNV-2021-phe-duyet-Dieu-le-Hiep-hoi-Sang-tao-va-Ban-quyen-tac-gia-480175,3|3|2|5|2,3|4|4|5|4,6|5|5|5|5
112328,Nhiệm vụ của Quỹ Trò nghèo vùng cao được quy định như thế nào?,GENERAL_SEMANTIC,14,,0.6722222222222223,13,0.101318359375,1.6661815643310547,1,66264|179849,39897|18371,19890|119715|39897|18371|22797,119715|19890|22797|66264|18371,119715|19890|22797|66264|179849,119715|179849|40528|101100|66264,Quyet-dinh-103-QD-BNV-nam-2010-giay-phep-thanh-lap-Quy-Phat-trien-vi-cong-dong-178824 || Quyet-dinh-142-QD-BNV-nam-2014-cap-Giay-phep-thanh-lap-cong-nhan-Dieu-le-Quy-Tro-ngheo-vung-cao-2219 || Quyet-dinh-1299-QD-BNV-cap-Giay-phep-thanh-lap-va-cong-nhan-Dieu-le-126134 || Quyet-dinh-977-QD-BNV-cap-giay-phep-thanh-lap-va-cong-nhan-Dieu-le-Quy-123485 || Quyet-dinh-1052-QD-BNV-nam-2013-Giay-phep-thanh-lap-cong-nhan-Dieu-le-Quy-Ho-tro-Phu-nu-nong-thon-20,2|6|2|3|0,4|6|3|4|1,5|6|5|6|5
127696,"Cục trưởng Cục Đường thủy nội địa Việt Nam có quyền xử phạt người đặt vó đánh bắt cá trên sông gây cản trở hoạt động di chuyển của tàu, thuyền hay không?",SANCTION,33,NEGATION,0.7066137566137567,14,0.1015625,2.8963444232940674,1,255913,174929,32643|86502|258855|89814|174929,86502|32643|89814|258855|255913,32643|86502|89814|258855|255913,18428|50885|86502|269720|208373,Nghi-dinh-96-2020-ND-CP-xu-phat-vi-pham-hanh-chinh-trong-quan-ly-bao-ve-bien-gioi-quoc-gia-450989 || Nghi-dinh-139-2021-ND-CP-xu-phat-vi-pham-hanh-chinh-giao-thong-duong-thuy-noi-dia-499527 ||  || Nghi-dinh-123-2021-ND-CP-sua-doi-Nghi-dinh-xu-phat-vi-pham-hanh-chinh-linh-vuc-hang-hai-477975 || Nghi-dinh-37-2022-ND-CP-sua-doi-Nghi-dinh-xu-phat-vi-pham-quoc-phong-bao-ve-bien-gioi-quoc-gia-51609,6|3|3|1|2,6|4|4|4|2,6|6|6|5|5
135028,Khi tính toán kết cấu thiết bị xếp dỡ cần xét đến các trường hợp tải trọng nào?,GENERAL_SEMANTIC,18,HYPOTHETICAL,0.5992063492063492,13,0.1015625,4.019036769866943,1,278852,194597,4644|290592|128211|204366|194597,4644|128211|290592|204366|194597,4644|128211|290592|204366|278852,4644|128211|155620|204366|107501, ||  ||  ||  || ,6|3|6|4|0,6|4|6|5|1,6|6|6|5|3
84070,Khu du lịch cấp tỉnh cần có hệ thống cơ sở lưu trú du lịch đáp ứng tối thiểu bao nhiêu lượt khách lưu trú mỗi năm?,GENERAL_SEMANTIC,27,,0.5648148148148149,12,0.1015625,4.408495903015137,1,44531,186393,17366|122601|208543|112664|186393,17366|122601|44531|208543|112664,17366|122601|208543|44531|112664,17366|44531|122601|79036|208543,Nghi-dinh-168-2017-ND-CP-huong-dan-Luat-du-lich-356282 || Luat-du-lich-2017-322936 || Nghi-dinh-45-2019-ND-CP-quy-dinh-xu-phat-vi-pham-hanh-chinh-trong-linh-vuc-du-lich-414619 || Quyet-dinh-787-QD-BVHTTDL-2023-cong-bo-thu-tuc-hanh-chinh-noi-bo-trong-he-thong-hanh-chinh-561394 || Thong-tu-16-2022-TT-BVHTTDL-che-do-bao-cao-thong-ke-cua-nganh-van-hoa-the-thao-547143,6|5|4|1|5,6|5|5|1|5,6|6|5|4|5
54518,"Người học ngành xây dựng và hoàn thiện công trình thủy lợi trình độ cao đẳng thì phải có khả năng học tập, nâng cao trình độ như thế nào?",GENERAL_SEMANTIC,30,,0.6986772486772488,15,0.1025390625,6.745177745819092,1,107159,238053,37894|63532|85711|65326|238053,37894|63532|85711|65326|238053,37894|63532|85711|65326|107159,37894|63532|85711|238053|299563,Thong-tu-51-2018-TT-BLDTBXH-yeu-cau-ve-nang-luc-ma-nguoi-hoc-phai-dat-duoc-sau-khi-tot-nghiep-422059 || Thong-tu-41-2018-TT-BLDTBXH-quy-dinh-ve-khoi-luong-kien-thuc-toi-thieu-ma-nguoi-hoc-dat-duoc-422049 || Thong-tu-56-2018-TT-BLDTBXH-yeu-cau-ve-nang-luc-ma-nguoi-hoc-phai-dat-duoc-sau-khi-tot-nghiep-422062 || Thong-tu-45-2018-TT-BLDTBXH-yeu-cau-ve-nang-luc-ma-nguoi-hoc-phai-dat-duoc-sau-khi-tot-nghiep-422054 || Thong-tu-46-2018-TT-BLDTBXH-khoi-luong-kien-thuc-toi-thieu-nguoi-hoc-phai-dat-duoc-khi-tot-nghiep-42,6|4|4|2|0,6|5|4|3|3,6|5|4|4|4
38550,Các khoản thu chi của Hội Cựu giáo chức Việt Nam gồm những khoản nào?,GENERAL_SEMANTIC,15,,0.7780423280423281,17,0.103515625,5.257965564727783,1,203532|167520,288611|25046,148910|16890|203597|288611|25046,148910|16890|203532|203597|288611,148910|16890|203532|167520|203597,68098|16756|232388|60889|29394,Quyet-dinh-61-2004-QD-BNV-phe-duyet-Dieu-le-Hoi-Cuu-giao-chuc-Viet-Nam-18767 || Nghi-dinh-150-2006-ND-CP-huong-dan-Phap-lenh-Cuu-chien-binh-15970 || Quyet-dinh-1016-QD-BNV-nam-2012-phe-duyet-Dieu-le-Hoi-Thong-ke-Viet-Nam-178265 || Quyet-dinh-680-QD-BNV-2021-phe-duyet-Dieu-le-sua-doi-Hoi-Luat-quoc-te-Viet-Nam-476108 || Phap-lenh-Cuu-chien-binh-Hoi-Cuu-chien-binh-Viet-Nam-2005-27-2005-PL-UBTVQH11-4483,6|3|2|1|2,6|4|2|1|3,6|4|3|4|3
134642,Thủ tục chuyển nơi hưởng trợ cấp thất nghiệp được pháp luật quy định như thế nào? ,PROCEDURE,17,INSTRUMENT,0.7923280423280423,17,0.10546875,3.278618812561035,1,183515,164447,71551|6233|156|23402|164447,6233|71551|156|23402|183515,71551|6233|183515|23402|156,6233|183515|71551|305827|37580,Nghi-dinh-28-2015-ND-CP-huong-dan-Luat-Viec-lam-va-bao-hiem-that-nghiep-268405 || Nghi-dinh-61-2020-ND-CP-sua-doi-28-2015-ND-CP-huong-dan-Luat-Viec-lam-ve-bao-hiem-that-nghiep-393789 || Thong-tu-28-2015-TT-BLDTBXH-huong-dan-Luat-viec-lam-Nghi-dinh-28-2015-ND-CP-bao-hiem-that-nghiep-280 ||  || Nghi-dinh-131-2021-ND-CP-huong-dan-Phap-lenh-Uu-dai-nguoi-co-cong-voi-cach-mang-288920,5|4|1|3|2,5|5|5|4|5,5|5|5|4|5
165430,Số lượng thành viên của hội đồng quản trị là bao nhiêu thành viên?,GENERAL_SEMANTIC,14,,0.7391534391534391,16,0.10546875,3.326066017150879,1,142867|172560,33078|21398,69835|33078|21398|292842|46025,69835|292842|33078|46025|21398,69835|292842|46025|142867|172560,273315|173392|53178|82004|201540,Luat-Doanh-nghiep-2005-60-2005-QH11-7019 || Quyet-dinh-2396-QD-BTC-2017-Dieu-le-to-chuc-hoat-dong-Trung-tam-Luu-ky-Chung-khoan-Viet-Nam-368620 || Quyet-dinh-2399-QD-BTC-2017-Dieu-le-to-chuc-hoat-dong-So-Giao-dich-Chung-khoan-Ho-Chi-Minh-368621 || Quyet-dinh-2398-QD-BTC-2017-Dieu-le-to-chuc-va-hoat-dong-cua-So-Giao-dich-Chung-khoan-Ha-Noi-368590 || Thong-tu-116-2020-TT-BTC-huong-dan-Nghi-dinh-155-2020-ND-CP-quan-tri-cong-ty-dai-chung-463922,4|2|1|4|3,4|5|5|5|4,5|5|5|5|6
22326,Chế độ làm việc của Hội đồng thành viên Tổng công ty Giấy Việt Nam được quy định thế nào?,GENERAL_SEMANTIC,20,,0.6402116402116402,12,0.10546875,3.513437032699585,1,115758,257264,44082|228889|129075|257264|200437,228889|44082|257264|129075|115758,228889|44082|129075|115758|200437,115758|247184|228889|198374|257264,Nghi-dinh-10-2014-ND-CP-Dieu-le-to-chuc-hoat-dong-Tong-cong-ty-Luong-thuc-mien-Nam-221361 || Nghi-dinh-01-2018-ND-CP-dieu-le-hoat-dong-Tong-cong-ty-Luong-thuc-mien-Bac-371839 || Quyet-dinh-2760-QD-BCT-2022-Dieu-le-To-chuc-va-hoat-dong-Tong-cong-ty-Giay-Viet-Nam-545548 || Nghi-dinh-118-2013-ND-CP-Dieu-le-to-chuc-hoat-dong-Tap-doan-Det-May-Viet-Nam-209734 || Nghi-dinh-52-CP-phe-chuan-Dieu-le-to-chuc-va-hoat-dong-cua-Tong-cong-ty-Giay-Viet-Nam-39269,5|5|3|0|2,5|5|6|2|3,5|5|6|2|6
144344,Khu vực cách ly xuất nhập cảnh là gì?,DEFINITION,9,,0.6034391534391536,12,0.10546875,3.192945957183838,1,157311,296686,174451|253656|77650|296686|76646,174451|253656|77650|296686|76646,174451|253656|77650|76646|157311,174451|157311|245992|248883|196969,Nghi-dinh-93-2022-ND-CP-quan-ly-bao-dam-an-ninh-trat-tu-tai-cua-khau-duong-hang-khong-537145 || Luat-Hai-quan-2014-238637 || Luat-Nhap-canh-xuat-canh-qua-canh-cu-tru-cua-nguoi-nuoc-ngoai-tai-Viet-Nam-2014-238649 || Nghi-dinh-112-2014-ND-CP-quan-ly-cua-khau-bien-gioi-dat-lien-258205 || Nghi-dinh-68-2016-ND-CP-thu-tuc-thanh-lap-cua-hang-mien-thue-kho-bai-dia-diem-lam-thu-tuc-hai-quan-3,6|2|5|2|0,6|2|5|3|2,6|3|5|5|4
134576,Thực phẩm nhập khẩu có bắt buộc phải có nhãn phụ không?,GENERAL_SEMANTIC,12,NEGATION,0.5730158730158731,12,0.10546875,2.877995252609253,1,282261,2327,79616|20261|219533|2327|218681,79616|20261|219533|2327|218681,79616|20261|219533|218681|282261,79616|20261|228779|73552|105608,Nghi-dinh-43-2017-ND-CP-nhan-hang-hoa-346310 || Nghi-dinh-15-2018-ND-CP-huong-dan-Luat-an-toan-thuc-pham-341254 || Luat-an-toan-thuc-pham-2010-108074 || Nghi-dinh-111-2021-ND-CP-sua-doi-Nghi-dinh-43-2017-ND-CP-497099 || ,6|5|5|3|1,6|5|5|6|3,6|6|5|6|4
86908,Điều kiện của người lái xe tham gia giao thông là gì?,DEFINITION,12,,0.6285714285714286,13,0.1058349609375,4.872358322143555,1,292336,138380,221909|107319|111710|138380|126466,221909|107319|111710|138380|292336,221909|107319|111710|292336|126466,107319|221909|111710|292336|59807,Luat-giao-thong-duong-bo-2008-23-2008-QH12-82203 || Van-ban-hop-nhat-15-VBHN-VPQH-2019-Luat-Giao-thong-duong-bo-424690 || Thong-tu-86-2014-TT-BGTVT-dieu-kien-xe-cho-nguoi-4-banh-co-gan-dong-co-265423 || Nghi-dinh-80-2009-ND-CP-xe-o-to-cua-nguoi-nuoc-ngoai-dang-ky-tai-co-tay-lai-o-ben-phai-tham-gia-giao || ,6|6|2|1|2,6|6|4|3|3,6|6|5|5|4
106586,Người phạm tội trong thời gian chấp hành án phạt tù có lập công lớn thì có được xóa án tích theo diện đặc biệt không?,CONDITION,26,NEGATION,0.6415343915343916,14,0.107421875,3.3305068016052246,1,175298,24778,245154|43981|2948|24778|223631,2948|245154|43981|175298|24778,245154|43981|2948|175298|223631,284333|175298|2948|104273|136247,Bo-luat-hinh-su-2015-296661 || Luat-sua-doi-Bo-luat-Hinh-su-2017-354053 || Nghi-dinh-52-2019-ND-CP-huong-dan-Luat-Dac-xa-416493 || Quyet-dinh-766-2022-QD-CTN-thuc-hien-dac-xa-520959 || Thong-tu-lien-tich-02-2013-TTLT-BCA-BQP-TANDTC-VKSNDTC-huong-dan-thi-hanh-193732,6|4|5|1|1,6|4|6|4|2,6|6|6|6|6
84652,"Chủ tịch Ủy ban nhân dân cấp xã có được quyền xử phạt người lưu hành bản ghi âm, ghi hình có nội dung nghệ thuật biểu diễn xâm phạm chủ quyền và toàn vẹn lãnh thổ đất nước không?",SANCTION,40,NEGATION,0.7925925925925926,19,0.109375,2.3657686710357666,1,306050,210490,9129|125585|229763|194359|210490,9129|229763|125585|306050|194359,9129|229763|306050|125585|194359,9129|174929|306050|102208|278875,Nghi-dinh-38-2021-ND-CP-xu-phat-vi-pham-hanh-chinh-trong-linh-vuc-van-hoa-quang-cao-469165 || Nghi-dinh-129-2021-ND-CP-sua-doi-Nghi-dinh-xu-phat-vi-pham-hanh-chinh-linh-vuc-du-lich-482326 ||  || Nghi-dinh-14-2022-ND-CP-sua-doi-Nghi-dinh-15-2020-ND-CP-xu-phat-hanh-chinh-buu-chinh-482325 || Nghi-dinh-131-2013-ND-CP-xu-phat-vi-pham-hanh-chinh-quyen-tac-gia-quyen-lien-quan-210029,5|1|1|1|1,6|1|1|3|1,6|2|3|3|2
53858,Người lao động vận hành cần máy bơm bê tông có cần phải có chứng chỉ về an toàn vệ sinh lao động gì không?,GENERAL_SEMANTIC,25,NEGATION,0.7891534391534392,16,0.109375,1.4644112586975098,1,283938,294152,218158|32123|26290|294152|143446,218158|283938|26290|294152|143446,218158|283938|26290|143446|32123,283938|290149|143446|294152|182041,Thong-tu-16-2021-TT-BXD-Quy-chuan-ky-thuat-An-toan-trong-thi-cong-xay-dung-499054 || Thong-tu-06-2020-TT-BLDTBXH-Danh-muc-cong-viec-co-yeu-cau-nghiem-ngat-ve-an-toan-ve-sinh-lao-dong-45 ||  || Bo-Luat-lao-dong-2012-142187 || Thong-tu-25-2022-TT-BLDTBXH-che-do-trang-cap-phuong-tien-bao-ve-ca-nhan-trong-lao-dong-551396,5|2|4|2|3,5|3|4|3|4,5|4|5|5|5
136600,Ai có quyền tổ chức bồi dưỡng nghiệp vụ cho Thư ký viên tại Tòa án quân sự trung ương?,GENERAL_SEMANTIC,20,,0.7687830687830688,16,0.109375,2.2982592582702637,1,67567,300362,211090|228160|14105|300362|278944,211090|14105|228160|278944|300362,211090|14105|228160|278944|67567,211090|278944|14105|152217|132098,Luat-to-chuc-Toa-an-nhan-dan-2014-259724 || Quyet-dinh-1718-QD-TANDTC-2017-tieu-chuan-chuyen-mon-nghiep-vu-thi-nang-ngach-Tham-tra-vien-368347 || Quyet-dinh-636-QD-TANDTC-2018-Quy-che-dao-tao-boi-duong-can-bo-cong-chuc-vien-chuc-Toa-an-382122 || Nghi-dinh-101-2017-ND-CP-dao-tao-boi-duong-can-bo-cong-chuc-vien-chuc-319214 || Quyet-dinh-303-QD-VKSTC-2020-Quy-che-dao-tao-boi-duong-cong-chuc-nganh-Kiem-sat-nhan-dan-451123,3|2|5|0|3,6|2|5|1|3,6|5|6|4|3
29236,Muốn làm bác sỹ y học dự phòng hạng II thì cần phải làm bác sỹ y học dự phòng hạng III trong bao nhiêu năm?,GENERAL_SEMANTIC,26,,0.7243386243386244,14,0.109375,3.3989861011505127,1,204875,163016,166703|72622|208337|226624|163016,166703|72622|208337|163016|226624,166703|72622|208337|204875|226624,166703|72622|154236|121367|140940,Thong-tu-lien-tich-10-2015-TTLT-BYT-BNV-tieu-chuan-chuc-danh-bac-si-bac-si-y-hoc-du-phong-y-si-27609 ||  ||  || Nghi-dinh-155-2018-ND-CP-sua-doi-quy-dinh-lien-quan-den-dieu-kien-kinh-doanh-thuoc-Bo-Y-te-399829 || Thong-tu-23-2020-TT-BYT-Quy-dinh-viec-xet-tang-giai-thuong-Dang-Van-Ngu-trong-linh-vuc-Y-te-du-phong,5|3|3|1|2,6|4|5|1|2,6|4|5|3|2
129124,Mức phụ cấp ưu đãi nghề nghiệp được hưởng đối với người chỉ huy dàn nhạc giao hưởng nhạc vũ kịch là bao nhiêu?,GENERAL_SEMANTIC,24,,0.716931216931217,15,0.109375,2.925142526626587,1,78034|41395,140693|166505,302526|128691|140693|44425|166505,302526|128691|44425|140693|41395,302526|128691|44425|78034|41395,78034|128691|302526|44425|40635,Quyet-dinh-14-2015-QD-TTg-phu-cap-uu-dai-nghe-nghiep-boi-duong-nguoi-lam-nghe-thuat-bieu-dien-274842 || Nghi-dinh-21-2015-ND-CP-nhuan-but-thu-lao-tac-pham-dien-anh-my-thuat-nhiep-anh-san-khau-266549 || Thong-tu-167-2008-TT-BQP-phu-cap-uu-dai-theo-nghe-boi-duong-lao-dong-bieu-dien-nghe-thuat-quan-doi-2 || Nghi-dinh-89-2014-ND-CP-xet-tang-danh-hieu-Nghe-si-nhan-dan-Nghe-si-uu-tu-251406 || Nghi-dinh-24-2023-ND-CP-muc-luong-co-so-can-bo-cong-vien-chuc-luc-luong-vu-trang-432518,6|5|1|1|2,6|5|4|1|2,6|6|6|1|2
90464,Chế độ làm việc của Hội đồng thẩm định nhà nước các dự án quan trọng quốc gia được quy định ra sao?,GENERAL_SEMANTIC,23,,0.7105820105820106,16,0.109375,3.355024814605713,1,37271,52409,290988|161471|61540|278944|52409,290988|278944|161471|61540|37271,290988|278944|161471|61540|37271,278944|65934|37271|290988|45001,Nghi-dinh-29-2021-ND-CP-thu-tuc-tham-dinh-du-an-quan-trong-quoc-gia-giam-sat-danh-gia-dau-tu-468883 || Nghi-dinh-101-2017-ND-CP-dao-tao-boi-duong-can-bo-cong-chuc-vien-chuc-319214 || Quyet-dinh-290-QD-BKH-Quy-che-lam-viec-Hoi-dong-tham-dinh-Nha-nuoc-Du-an-dau-tu-xay-dung-cong-trinh- || Nghi-dinh-126-2008-ND-CP-huong-dan-Phap-lenh-Bao-ve-cong-trinh-nhquan-trong-lien-quan-den-an-ninh-qu || Quyet-dinh-508-QD-TTg-2014-Hoi-dong-tu-van-tham-dinh-du-an-luat-phap-lenh-trien-khai-thi-hanh-Hien-p,6|2|5|1|3,6|2|5|5|3,6|2|5|5|3
