qid,question,archetype,word_count,active_cues,source_disagreement_at5,source_top5_union_size,ce_margin5_minus6,ce_score_std,rank_to_primary_set_churn,entering,leaving,rank_only_top5,blend015_top5,primary_top5,ce_only_top5,primary_top5_names,primary_support5,primary_support10,primary_support20
105332,Người ứng cử được đại biểu Quốc hội giới thiệu phải chuẩn bị hồ sơ nhân sự như thế nào?,PROCEDURE,20,,0.6791005291005291,14,0.0,3.9380156993865967,1,2933,101494,14244|280226|166947|4736|101494,14244|166947|4736|280226|101494,14244|166947|280226|4736|2933,166947|4736|14244|61383|193815,Nghi-quyet-31-2023-UBTVQH15-huong-dan-mot-so-dieu-khoan-cua-Noi-quy-ky-hop-Quoc-hoi-560208 || Nghi-quyet-71-2022-QH15-Noi-quy-ky-hop-Quoc-hoi-295408 || Luat-Bau-cu-dai-bieu-Quoc-hoi-va-dai-bieu-Hoi-dong-nhan-dan-2015-282376 || Nghi-quyet-102-2015-QH13-ban-hanh-noi-quy-ky-hop-Quoc-hoi-298382 || Huong-dan-66-HD-TWDTN-BTC-2021-tien-toi-Dai-hoi-dai-bieu-Doan-Thanh-nien-cong-san-Ho-Chi-Minh-505390,5|4|5|3|2,5|4|5|3|3,5|5|6|4|4
121272,Việc lập và điều chỉnh tăng giá điện được dựa trên những căn cứ nào?,GENERAL_SEMANTIC,15,CROSSREF,0.7555555555555555,17,0.0,3.551351308822632,1,217143,131639,148098|238125|236157|48456|131639,148098|238125|236157|48456|131639,148098|238125|236157|48456|217143,148098|270152|57792|238125|213187,Luat-Dien-Luc-2004-28-2004-QH11-18056 || Quyet-dinh-24-2017-QD-TTg-co-che-dieu-chinh-muc-gia-ban-le-dien-binh-quan-353584 || Quyet-dinh-28-2014-QD-TTg-co-cau-bieu-gia-ban-le-dien-225738 || Thong-tu-18-2020-TT-BCT-hop-dong-mua-ban-dien-mau-ap-dung-cho-du-an-dien-mat-troi-448189 || Thong-tu-02-2019-TT-BCT-phat-trien-du-an-dien-gio-Hop-dong-mua-ban-dien-mau-cho-du-an-dien-gio-40494,5|5|1|2|2,5|5|4|2|2,5|5|5|2|2
129780,Quyền yêu cầu giải quyết ly hôn khi chồng không thừa nhận con,PROCEDURE,13,NEGATION|HYPOTHETICAL,0.48703703703703705,9,0.0,2.7718372344970703,0,,,134404|204578|46918|258410|176583,134404|204578|258410|46918|176583,134404|204578|258410|46918|176583,204578|134404|132797|249204|258410,Luat-Hon-nhan-va-gia-dinh-2014-238640 ||  || Nghi-quyet-02-2000-NQ-HDTP-huong-dan-ap-dung-quy-dinh-Luat-Hon-nhan-va-gia-dinh-nam-2000-47272 || Bo-luat-to-tung-dan-su-2015-296861 || Thong-tu-lien-tich-01-2016-TTLT-TANDTC-VKSNDTC-BTP-huong-dan-thi-hanh-Luat-hon-nhan-gia-dinh-293202,6|5|4|5|4,6|5|5|5|6,6|6|5|6|6
134740,"Trình tự, thủ tục tăng vốn điều lệ của công ty chứng khoán được quy định như thế nào?",PROCEDURE,19,,0.6880952380952381,13,0.0,2.940197467803955,1,133938,159107,165780|17396|54752|177687|159107,165780|17396|177687|54752|133938,165780|17396|177687|54752|133938,165780|14350|17396|88170|177687,Nghi-dinh-155-2020-ND-CP-huong-dan-Luat-Chung-khoan-461323 || Thong-tu-25-2017-TT-NHNN-huong-dan-thu-tuc-chap-thuan-thay-doi-to-chuc-tin-dung-phi-ngan-hang-353862 || Nghi-dinh-91-2015-ND-CP-dau-tu-von-nha-nuoc-vao-doanh-nghiep-292804 || Thong-tu-50-2018-TT-NHNN-trinh-tu-thu-tuc-chap-thuan-noi-dung-thay-doi-ngan-hang-thuong-mai-344923 || ,5|4|2|4|3,6|5|5|5|3,6|5|6|5|5
139016,"Những Thông tư, Nghị định nào hướng dẫn Luật Cạnh tranh 2018?",DIRECT_REF,12,INSTRUMENT,0.6404761904761905,13,0.0,2.140277624130249,1,102268,26854,66759|34537|41460|156029|26854,66759|34537|41460|156029|279595,66759|34537|41460|156029|102268,145019|66759|102268|156029|279595,Luat-canh-tranh-345182 || Nghi-dinh-75-2019-ND-CP-quy-dinh-ve-xu-phat-vi-pham-hanh-chinh-trong-linh-vuc-canh-tranh-425023 || Nghi-dinh-35-2020-ND-CP-huong-dan-Luat-Canh-tranh-398083 || Nghi-dinh-03-2023-ND-CP-chuc-nang-nhiem-vu-quyen-han-Uy-ban-Canh-tranh-Quoc-gia-553977 || Thong-tu-12-2023-TT-BCT-sua-doi-Thong-tu-10-2018-TT-BCT-huong-dan-Nghi-dinh-40-2018-ND-CP-kinh-doanh,5|5|4|2|0,5|5|5|5|2,5|5|5|5|5
140522,"Công tác bảo đảm trật tự, an toàn giao thông, chống ùn tắc giao thông còn tồn tại những hạn chế nào?",GENERAL_SEMANTIC,22,,0.6603174603174604,12,0.0,5.056715965270996,0,,,6440|211293|126478|275675|186125,6440|186125|211293|126478|275675,6440|211293|186125|275675|126478,6440|186125|59441|10790|169568,Nghi-quyet-48-NQ-CP-2022-bao-dam-trat-tu-an-toan-giao-thong-va-chong-un-tac-giao-thong-509181 || Chi-thi-10-CT-TTg-2023-bao-dam-trat-tu-an-toan-giao-thong-duong-bo-trong-tinh-hinh-moi-563863 || Chi-thi-03-CT-TTg-2023-don-doc-thuc-hien-nhiem-vu-trong-tam-sau-ky-nghi-Tet-nguyen-dan-551858 || Quyet-dinh-22-2017-QD-TTg-to-chuc-hoat-dong-Uy-ban-Ban-An-toan-giao-thong-352691 || Quyet-dinh-2060-QD-TTg-2020-phe-duyet-Chien-luoc-bao-dam-trat-tu-an-toan-giao-thong-duong-bo-459358,5|5|2|2|4,6|6|2|4|5,6|6|4|6|6
140668,Đáp án đề thi lớp 10 chuyên Văn tại TP HCM năm 2023 2024? Tải đáp án đề thi chuyên Văn lớp 10 ở đâu?,GENERAL_SEMANTIC,25,,0.7235449735449737,15,0.0,0.060895755887031555,1,236871|279981,281912|152976,268375|285994|249505|281912|152976,268375|285994|249505|281912|152976,268375|236871|285994|249505|279981,236871|279981|268375|152976|174545,Quyet-dinh-1153-QD-UBND-2023-tuyen-sinh-vao-cac-lop-dau-cap-nam-hoc-2023-2024-Ho-Chi-Minh-562836 || Thong-tu-lien-tich-123-2015-TTLT-BQP-BGDDT-BLDTBXH-to-chuc-trung-tam-giao-duc-quoc-phong-an-ninh-295 ||  ||  || Thong-tu-15-2020-TT-BGDDT-Quy-che-thi-tot-nghiep-trung-hoc-pho-thong-444173,4|1|6|2|0,5|2|6|3|1,5|2|6|5|4
156366,Thủ tục đăng ký công nhận tiến bộ kỹ thuật về thuốc thú y được quy định ra sao?,PROCEDURE,19,,0.44999999999999996,9,0.0,2.294544219970703,0,,,8447|131310|284475|129920|51210,8447|51210|131310|284475|129920,8447|131310|51210|284475|129920,8447|42910|51210|99311|158189,Thong-tu-23-2010-TT-BNNPTNT-cong-nhan-tien-bo-ky-thuat-cong-nghe-sinh-hoc-Nganh-Nong-nghiep-Phat-tri || Thong-tu-04-2018-TT-BNNPTNT-trinh-tu-thu-tuc-cong-nhan-tien-bo-ky-thuat-trong-nong-nghiep-383304 || Thong-tu-13-2016-TT-BNNPTNT-quan-ly-thuoc-thu-y-317036 || Quyet-dinh-4014-QD-BNN-TY-2022-cong-bo-thu-tuc-hanh-chinh-linh-vuc-thu-y-534637 || Luat-thu-y-2015-282384,6|5|4|6|3,6|5|6|6|6,6|5|6|6|6
165930,Điều kiện để được phép kinh doanh bất động sản là gì?,DEFINITION,12,,0.6444444444444445,15,0.0,2.7567074298858643,1,184038,281247,223375|287560|168163|2113|281247,223375|287560|168163|2113|281247,223375|287560|168163|2113|184038,223375|165780|26667|287560|144551,Luat-Kinh-doanh-bat-dong-san-2014-259722 ||  || Nghi-dinh-02-2022-ND-CP-huong-dan-Luat-Kinh-doanh-bat-dong-san-2014-484653 || Luat-Dau-tu-so-61-2020-QH14-321051 || ,5|5|5|1|1,5|5|5|2|2,5|5|5|5|2
167262,Hồ sơ đề nghị cấp nhanh số lưu hành gồm những thành phần nào? ,PROCEDURE,14,,0.6523809523809524,13,0.0,3.0225040912628174,0,,,222206|218533|240951|184972|158189,222206|240951|184972|218533|158189,222206|240951|184972|158189|218533,222206|117449|99209|240951|158189,Nghi-dinh-98-2021-ND-CP-quan-ly-trang-thiet-bi-y-te-493940 || Thong-tu-13-2021-TT-BYT-cap-so-nhap-khau-thiet-bi-y-te-phong-chong-COVID19-truong-hop-cap-bach-48825 ||  ||  || Thong-tu-32-2018-TT-BYT-quy-dinh-viec-dang-ky-luu-hanh-thuoc-nguyen-lieu-thuoc-409358,5|4|1|3|4,5|5|5|5|5,5|6|5|5|6
40290,Thực hiện đề nghị cấp Giấy phép khảo nghiệm thuốc bảo vệ thực vật để đăng ký bổ sung khi có sự thay đổi về cách sử dụng bằng cách nào?,PROCEDURE,31,HYPOTHETICAL,0.5611111111111111,13,0.0,3.468050718307495,0,,,245029|44086|205572|165596|122134,44086|245029|205572|165596|122134,245029|44086|205572|165596|122134,44086|245029|205572|153413|158189,Thong-tu-21-2015-TT-BNNPTNT-quan-ly-thuoc-bao-ve-thuc-vat-277987 || Quyet-dinh-238-QD-BNN-BVTV-2022-cong-bo-thu-tuc-hanh-chinh-linh-vuc-bao-ve-thuc-vat-500997 || Luat-bao-ve-kiem-dich-thuc-vat-2013-215840 || Nghi-dinh-31-2016-ND-CP-xu-phat-vi-pham-hanh-chinh-linh-vuc-giong-cay-trong-bao-ve-thuc-vat-2016-310 || Thong-tu-16-2013-TT-BNNPTNT-huong-dan-bao-ho-quyen-doi-voi-giong-cay-trong-174903,6|6|5|1|1,6|6|5|5|2,6|6|5|5|5
44970,Phụ nữ đang nuôi con nhỏ đã được ân giảm án tử hình thì thì phải chấp hành tối thiểu bao nhiêu năm tù?,GENERAL_SEMANTIC,24,,0.6489417989417989,12,0.0,2.9026689529418945,0,,,245154|24778|43981|217349|147066,245154|43981|24778|147066|217349,245154|24778|43981|147066|217349,43981|147066|245154|202211|24778,Bo-luat-hinh-su-2015-296661 || Bo-Luat-hinh-su-1999-15-1999-QH10-46056 || Luat-sua-doi-Bo-luat-Hinh-su-2017-354053 || Bo-luat-Hinh-su-1985-17-LCT-HDNN7-37003 || Luat-thi-hanh-tam-giu-tam-giam-2015-298373,5|5|4|2|2,5|5|4|5|3,6|6|5|6|6
7718,Mục tiêu và nguyên tắc phục hồi chức năng và điều trị các bệnh lý ở người lớn do hậu COVID-19 gây ra?,GENERAL_SEMANTIC,24,,0.6997354497354498,13,0.0,4.34366512298584,1,296375,254937,65009|292497|222242|276631|254937,65009|222242|276631|292497|254937,65009|292497|222242|276631|296375,65009|296375|276631|222242|254937,Quyet-dinh-2122-QD-BYT-2022-chan-doan-va-dieu-tri-sau-nhiem-COVID19-o-nguoi-lon-524317 ||  || Luat-15-2023-QH15-kham-benh-chua-benh-372143 ||  || Quyet-dinh-250-QD-BYT-2022-Huong-dan-chan-doan-dieu-tri-COVID19-502064,6|2|3|4|1,6|2|5|5|4,6|5|5|5|6
94746,Người lao động cao tuổi có quyền thỏa thuận với người sử dụng lao động về việc rút ngắn thời giờ làm việc hằng ngày không?,GENERAL_SEMANTIC,26,NEGATION,0.3746031746031745,8,0.0,4.919064998626709,0,,,129823|143446|234652|208105|222158,129823|143446|234652|222158|208105,129823|143446|234652|222158|208105,129823|143446|222158|245505|183757,Bo-Luat-lao-dong-2019-333670 || Bo-Luat-lao-dong-2012-142187 || Nghi-dinh-05-2015-ND-CP-huong-dan-Bo-luat-Lao-dong-263294 || Nghi-dinh-45-2013-ND-CP-huong-dan-Bo-luat-lao-dong-thoi-gio-lam-viec-nghi-ngoi-186885 || Nghi-dinh-145-2020-ND-CP-huong-dan-Bo-luat-Lao-dong-ve-dieu-kien-lao-dong-quan-he-lao-dong-459400,6|6|6|3|4,6|6|6|5|6,6|6|6|6|6
78846,Chương trình mục tiêu quốc gia phát triển kinh tế xã hội vùng đồng bào dân tộc thiểu số và miền núi giai đoạn 2021-2030 có hỗ trợ nhà ở cho hộ đồng bào dân tộc thiểu số không?,GENERAL_SEMANTIC,40,NEGATION,0.638888888888889,12,0.001953125,3.8164234161376953,1,281469,285636,82252|172183|279608|225809|285636,225809|172183|279608|82252|285636,82252|172183|225809|279608|281469,225809|279608|11864|281469|162307,Quyet-dinh-1719-QD-TTg-2021-Chuong-trinh-phat-trien-kinh-te-xa-hoi-vung-dan-toc-thieu-so-491217 || Thong-tu-02-2022-TT-UBDT-huong-dan-du-an-Chuong-trinh-phat-trien-kinh-te-dan-toc-thieu-so-521070 || Thong-tu-01-2022-TT-BXD-ho-tro-nha-o-ho-ngheo-thuoc-Chuong-trinh-giam-ngheo-ben-vung-520547 || Nghi-quyet-88-2019-QH14-De-an-phat-trien-kinh-te-xa-hoi-vung-dong-bao-dan-toc-thieu-so-va-mien-nui-4 || Quyet-dinh-90-QD-TTg-2022-phe-duyet-Chuong-trinh-muc-tieu-quoc-gia-giam-ngheo-ben-vung-500969,6|4|2|4|2,6|6|4|6|2,6|6|5|6|2
35574,Người được ủy quyền phát ngôn và cung cấp thông tin cho báo chí của Tổng cục Hải quan có quyền lợi gì?,GENERAL_SEMANTIC,23,,0.4817460317460317,11,0.0029296875,4.779728889465332,0,,,149025|200063|216303|262748|182256,149025|216303|200063|262748|182256,149025|200063|216303|262748|182256,149025|216303|211524|100548|262748,Quyet-dinh-178-QD-TCHQ-2019-phat-ngon-va-cung-cap-thong-tin-cho-bao-chi-cua-Tong-cuc-Hai-quan-406167 || Quyet-dinh-836-QD-TCT-2018-cung-cap-thong-tin-cho-bao-chi-cua-Tong-cuc-Thue-528425 || Quyet-dinh-388-QD-BKHDT-Quy-che-phat-ngon-cung-cap-thong-tin-cho-bao-chi-2017-345556 || Quyet-dinh-959-QD-CHK-2022-Quy-che-phat-ngon-cho-bao-chi-cua-Hang-khong-Viet-Nam-514002 || Nghi-dinh-09-2017-ND-CP-phat-ngon-cung-cap-thong-tin-cho-bao-chi-cua-cac-co-quan-hanh-chinh-nha-nuoc,6|5|6|4|1,6|6|6|5|5,6|6|6|6|6
130848,Khai thác khoáng sản làm vật liệu xây dựng thông thường bị xem là trái phép khi nào?,CONDITION,18,HYPOTHETICAL,0.6034391534391534,12,0.00390625,2.1442878246307373,0,,,117172|137582|247578|67945|305455,117172|137582|247578|305455|67945,117172|137582|247578|305455|67945,117172|305455|81400|28288|137582,Luat-khoang-san-2010-115263 || Nghi-dinh-36-2020-ND-CP-xu-phat-vi-pham-hanh-chinh-trong-linh-vuc-tai-nguyen-nuoc-va-khoang-san-4381 || Nghi-dinh-158-2016-ND-CP-huong-dan-Luat-khoang-san-332220 || Luat-dat-dai-2013-215836 || Luat-Dat-dai-2003-13-2003-QH11-51685,6|5|4|2|4,6|6|6|5|5,6|6|6|6|6
78844,Chủ nợ và doanh nghiệp mất khả năng thanh toán có được quyền thương lượng rút đơn yêu cầu mở thủ tục phá sản không?,PROCEDURE,25,NEGATION,0.6550264550264551,15,0.00390625,3.1549582481384277,1,198465|90853,288736|57682,277391|217416|144344|288736|57682,277391|217416|144344|288736|57682,277391|217416|144344|198465|90853,277391|217416|156593|198465|213424,Luat-Pha-san-2014-238641 || Thong-tu-01-2015-TT-CA-Quy-che-lam-viec-to-tham-phan-trong-qua-trinh-giai-quyet-vu-viec-pha-san-2932 || Nghi-quyet-03-2016-NQ-HDTP-huong-dan-thi-hanh-quy-dinh-Luat-pha-san-304588 || Quyet-dinh-436-QD-VKSTC-2020-quy-trinh-kiem-sat-viec-giai-quyet-pha-san-459143 || Nghi-quyet-326-2016-UBTVQH14-muc-thu-mien-giam-thu-nop-quan-ly-su-dung-an-phi-le-phi-Toa-an-337085,6|5|4|0|0,6|5|4|3|2,6|5|5|3|2
87462,Yêu cầu về kinh nghiệm công tác đối với Trưởng phòng tại các đơn vị thuộc cơ quan Cục Thuế thế nào?,GENERAL_SEMANTIC,22,,0.6724867724867726,14,0.00390625,3.0138583183288574,0,,,128674|23771|209678|285734|134648,128674|23771|285734|209678|134648,128674|23771|285734|209678|134648,128674|27125|299093|23771|249866,Quyet-dinh-558-QD-TCT-2017-Tieu-chuan-cac-chuc-danh-lanh-dao-thuoc-Tong-cuc-Thue-411658 || Quyet-dinh-353-QD-BTC-2022-Tieu-chuan-chuc-danh-lanh-dao-cap-Phong-508452 || Quyet-dinh-298-QD-BTC-2022-tieu-chuan-chuc-danh-lanh-dao-cap-Vu-thuoc-Tong-cuc-514178 || Quyet-dinh-1836-QD-BTC-2018-co-cau-to-chuc-cua-Cuc-Thue-truc-thuoc-Tong-cuc-Thue-401820 || Quyet-dinh-1596-QD-BVHTTDL-2021-tieu-chuan-chuc-danh-lanh-dao-quan-ly-co-quan-hanh-chinh-476110,6|5|2|2|3,6|5|2|2|4,6|5|4|2|4
36886,Tổ chức tín dụng được cung cấp thông tin tiền gửi của khách hàng cho người khác trong trường hợp nào?,CONDITION,21,HYPOTHETICAL,0.47777777777777775,10,0.005859375,4.01482629776001,0,,,232521|26667|82450|102948|180368,232521|26667|82450|180368|102948,232521|26667|82450|180368|102948,232521|26667|82450|189206|237356,Nghi-dinh-117-2018-ND-CP-giu-bi-mat-cung-cap-thong-tin-khach-hang-cua-to-chuc-tin-dung-336189 || Luat-cac-to-chuc-tin-dung-2010-108079 || Quyet-dinh-16-QD-HDQL-Quy-che-cung-cap-thong-tin-hoat-dong-cua-Ngan-hang-Phat-trien-Viet-Nam-68109 || Thong-tu-03-2013-TT-NHNN-hoat-dong-thong-tin-tin-dung-Ngan-hang-nha-nuoc-167551 || Nghi-dinh-58-2021-ND-CP-hoat-dong-cung-ung-dich-vu-thong-tin-tin-dung-477450,6|6|5|3|4,6|6|5|5|6,6|6|5|5|6
100080,Tổng giám đốc Tổng công ty Viễn thông MobiFone được đề nghị Hội đồng thành viên quyết định bổ nhiệm những chức danh nào?,PROCEDURE,24,INSTRUMENT,0.5706349206349206,11,0.0078125,3.501433849334717,1,115758,60818,251459|58154|36967|135528|60818,251459|135528|36967|58154|60818,251459|58154|36967|135528|115758,251459|115758|135528|134613|240460,Quyet-dinh-1524-QD-BTTTT-Dieu-le-to-chuc-hoat-dong-tong-cong-ty-vien-thong-mobiFone-2015-290968 || Quyet-dinh-618-QD-UBQLV-2022-Quy-che-quan-ly-tai-chinh-cua-Cong-ty-me-Vien-thong-MobiFone-544588 || Quyet-dinh-552-QD-BXD-2017-quan-ly-nguoi-quan-ly-doanh-nghiep-do-Bo-Xay-dung-lam-dai-dien-373475 || Nghi-dinh-25-2016-ND-CP-dieu-le-to-chuc-hoat-dong-tap-doan-buu-chinh-vien-thong-Viet-Nam-308264 || Nghi-dinh-118-2013-ND-CP-Dieu-le-to-chuc-hoat-dong-Tap-doan-Det-May-Viet-Nam-209734,6|3|3|6|2,6|3|3|6|3,6|6|4|6|5
113004,Không thực hiện đăng ký giao dịch cổ phiếu trên sàn Upcom thì có bị phạt gì không? ,SANCTION,18,NEGATION,0.6256613756613757,13,0.0078125,1.8932665586471558,0,,,93883|79101|165780|186584|86112,93883|165780|79101|86112|186584,93883|79101|165780|186584|86112,93883|165780|213188|79101|86112,Nghi-dinh-156-2020-ND-CP-quy-dinh-xu-phat-vi-pham-hanh-chinh-trong-linh-vuc-chung-khoan-461194 || Nghi-dinh-128-2021-ND-CP-sua-doi-Nghi-dinh-156-2020-ND-CP-306856 || Nghi-dinh-155-2020-ND-CP-huong-dan-Luat-Chung-khoan-461323 || Nghi-dinh-122-2021-ND-CP-xu-phat-vi-pham-hanh-chinh-linh-vuc-ke-hoach-285024 || Quyet-dinh-34-QD-HDTV-2022-Quy-che-Dang-ky-va-Quan-ly-giao-dich-chung-khoan-chua-niem-yet-542097,5|4|6|2|4,5|4|6|2|5,5|5|6|5|6
126942,Bay kiểm tra được phân loại gồm những hình thức nào?,GENERAL_SEMANTIC,11,,0.7828042328042328,17,0.0078125,3.2128238677978516,1,112250,194788,15628|157128|73464|96750|194788,15628|157128|96750|73464|112250,15628|157128|96750|73464|112250,15628|25241|112250|240806|96750,Thong-tu-19-2017-TT-BGTVT-quy-dinh-ve-quan-ly-va-bao-dam-hoat-dong-bay-330393 || Thong-tu-28-2018-TT-BTNMT-quy-dinh-ky-thuat-cong-tac-bay-do-tu-trong-dieu-tra-dia-chat-khoang-san-40 || Nghi-dinh-89-2018-ND-CP-huong-dan-Luat-phong-chong-benh-truyen-nhiem-ve-kiem-dich-y-te-bien-gioi-363 || Nghi-dinh-125-2015-ND-CP-quan-ly-hoat-dong-bay-297529 || Thong-tu-69-2020-TT-BCA-kiem-tra-cong-tac-bao-ve-moi-truong-trong-Cong-an-nhan-dan-446246,5|3|1|2|1,6|4|3|2|2,6|5|5|3|3
19426,Có bắt buộc lập hồ sơ quản lý tại mỗi điểm kết nối tín hiệu đèn báo hiệu trên đường bộ tại đường ngang với đèn giao thông đường bộ hay không?,PROCEDURE,32,NEGATION,0.5373015873015873,12,0.0078125,3.7622087001800537,1,184715|150499,118171|50885,129719|279475|216398|118171|50885,129719|279475|216398|150499|50885,129719|279475|216398|184715|150499,129719|150499|279475|184715|107319,Thong-tu-28-2018-TT-BGTVT-ket-noi-tin-hieu-den-giao-thong-duong-bo-voi-tin-hieu-den-duong-ngang-3673 ||  || Thong-tu-37-2018-TT-BGTVT-quy-dinh-ve-quan-ly-khai-thac-va-bao-tri-cong-trinh-duong-bo-374657 || Thong-tu-50-2015-TT-BGTVT-huong-dan-11-2010-ND-CP-quan-ly-bao-tri-ket-cau-ha-tang-giao-thong-duong-b || Luat-Duong-sat-2017-307545,6|6|1|1|1,6|6|2|2|2,6|6|5|4|5
38702,Khi kết thúc điều trị nắn chỉnh răng hai hàm sử dụng mắc cài sứ truyền thống cần thực hiện những việc gì?,GENERAL_SEMANTIC,23,HYPOTHETICAL,0.6746031746031746,15,0.0078125,3.4985814094543457,1,58855,36340,116971|45655|17489|83120|36340,116971|45655|17489|83120|36340,116971|45655|17489|83120|58855,116971|45655|154031|54328|36340,Quyet-dinh-2121-QD-BYT-2020-tai-lieu-Huong-dan-quy-trinh-ky-thuat-chuyen-nganh-Rang-ham-mat-454411 || Quyet-dinh-3108-QD-BYT-2015-tai-lieu-chuyen-mon-huong-dan-chan-doan-dieu-tri-benh-Rang-Ham-Mat-28510 || Thong-tu-15-2019-TT-BVHTTDL-bao-quan-tu-bo-phuc-hoi-di-tich-434020 ||  || Thong-tu-34-2012-TT-NHNN-phat-trien-bao-tri-phan-mem-nghiep-vu-ngan-hang-162371,6|6|0|0|0,6|6|0|0|0,6|6|1|0|0
44854,Vi phạm quy định về họp báo thì tổ chức sẽ bị xử phạt vi phạm hành chính như thế nào?,SANCTION,21,,0.5333333333333333,13,0.0078125,2.993016242980957,0,,,229874|19627|177510|99929|125585,229874|19627|177510|125585|99929,229874|19627|177510|99929|125585,229874|254178|125585|26782|186584,Nghi-dinh-119-2020-ND-CP-xu-phat-vi-pham-hanh-chinh-trong-hoat-dong-bao-chi-hoat-dong-xuat-ban-45462 || Luat-Bao-chi-2016-280645 || Nghi-dinh-51-2002-ND-CP-huong-dan-Luat-Bao-chi-Luat-sua-doi-bo-sung-mot-so-dieu-cua-Luat-Bao-chi-493 || Nghi-dinh-88-2012-ND-CP-Quy-dinh-hoat-dong-thong-tin-bao-chi-cua-bao-chi-150053 || Nghi-dinh-14-2022-ND-CP-sua-doi-Nghi-dinh-15-2020-ND-CP-xu-phat-hanh-chinh-buu-chinh-482325,5|5|5|5|0,5|5|5|5|5,5|5|5|5|5
57478,Phí công chứng phải nộp khi công chứng hợp đồng mua bán là bao nhiêu?,GENERAL_SEMANTIC,15,HYPOTHETICAL,0.5333333333333333,13,0.0078125,2.903280735015869,1,57221,293727,248593|114415|267782|47546|293727,114415|248593|267782|47546|57221,114415|248593|267782|47546|57221,114415|57221|267782|248593|47546,Luat-Cong-chung-2014-238638 || Thong-tu-257-2016-TT-BTC-phi-cong-chung-thuc-tham-dinh-hanh-nghe-cong-chung-the-cong-chung-vien-3332 || Quyet-dinh-08-2016-QD-UBND-muc-tran-thu-lao-cong-chung-thanh-pho-Ho-Chi-Minh-306699 ||  || Thong-tu-226-2016-TT-BTC-phi-chung-thuc-322363,5|5|5|5|0,5|5|5|5|4,5|5|5|5|4
70886,"14 tuổi phạm tội cướp tài sản, giết người thì bị phạt bao nhiêu năm tù?",SANCTION,16,,0.4555555555555555,9,0.0078125,2.6730902194976807,1,161003,102434,245154|43981|24778|147066|102434,245154|43981|24778|147066|161003,245154|43981|24778|147066|161003,43981|245154|237914|175298|177925,Bo-luat-hinh-su-2015-296661 || Luat-sua-doi-Bo-luat-Hinh-su-2017-354053 || Bo-Luat-hinh-su-1999-15-1999-QH10-46056 || Bo-luat-Hinh-su-1985-17-LCT-HDNN7-37003 || Bo-luat-hinh-su-2009-sua-doi-37-2009-QH12-90648,6|5|6|4|3,6|6|6|5|5,6|6|6|6|6
71950,Pháp nhân thương mại được quy định như thế nào?,GENERAL_SEMANTIC,10,,0.5968253968253968,13,0.0078125,3.484243631362915,1,119613,198374,81598|220365|132797|153054|198374,81598|220365|132797|153054|21398,81598|220365|132797|153054|119613,81598|119613|43981|245154|21398,Bo-luat-dan-su-2015-296215 || Luat-Thuong-mai-2005-36-2005-QH11-2633 || Bo-luat-Dan-su-2005-33-2005-QH11-2463 || Bo-luat-Dan-su-1995-44-L-CTN-39391 || Nghi-dinh-55-2020-ND-CP-huong-dan-Luat-Thi-hanh-an-hinh-su-thi-hanh-an-phap-nhan-thuong-mai-443525,5|2|5|5|3,5|5|6|5|4,5|6|6|5|5
76048,Ngoài lương được hưởng trong thời gian thi đấu huấn luyện viên và vận động viên còn được nhận những khoản nào khác?,GENERAL_SEMANTIC,23,,0.40555555555555545,10,0.0078125,2.9744598865509033,0,,,142152|181804|43837|247611|236448,181804|142152|43837|247611|236448,181804|142152|43837|236448|247611,181804|142152|78406|123446|43837,Thong-tu-19-2015-TT-BCA-che-do-huan-luyen-vien-van-dong-vien-hoat-dong-the-duc-the-thao-cong-an-nhan || Nghi-dinh-152-2018-ND-CP-che-do-doi-voi-huan-luyen-vien-the-thao-trong-thoi-gian-tap-huan-399240 || Thong-tu-86-2020-TT-BTC-che-do-dinh-duong-dac-thu-doi-voi-huan-luyen-vien-the-thao-thanh-tich-cao-45 || Thong-tu-164-2019-TT-BQP-muc-tien-an-thuoc-bo-doi-voi-huan-luyen-vien-van-dong-vien-Quan-doi-427750 || Nghi-dinh-36-2019-ND-CP-huong-dan-Luat-The-duc-The-thao-sua-doi-412696,6|6|5|1|5,6|6|5|5|5,6|6|5|5|6
87630,Nhân viên vận hành hệ thống điện quốc gia phải báo cáo ngay cho Cấp điều độ có quyền điều khiển những thông tin gì khi máy cắt đường dây 500 kV nhảy sự cố?,GENERAL_SEMANTIC,35,HYPOTHETICAL,0.288888888888889,8,0.0078125,4.622704982757568,0,,,257943|212986|263188|150597|150162,257943|212986|263188|150597|150162,257943|212986|263188|150597|150162,257943|212986|148098|150597|263188,Thong-tu-28-2014-TT-BCT-quy-trinh-xu-ly-su-co-trong-he-thong-dien-quoc-gia-250103 || Thong-tu-40-2014-TT-BCT-quy-trinh-dieu-do-he-thong-dien-quoc-gia-257251 || Thong-tu-25-2016-TT-BCT-he-thong-dien-truyen-tai-334019 || Thong-tu-44-2014-TT-BCT-quy-dinh-quy-trinh-thao-tac-trong-he-thong-dien-quoc-gia-259613 || Thong-tu-39-2015-TT-BCT-he-thong-dien-phan-phoi-296868,6|6|6|6|1,6|6|6|6|6,6|6|6|6|6
99242,Bóng cười có bị cấm sản xuất tại Việt Nam không?,GENERAL_SEMANTIC,11,NEGATION,0.7777777777777778,17,0.0078125,1.2498114109039307,1,259205,126836,201003|126836|69484|7683|208872,69484|201003|7683|208872|126836,69484|208872|201003|7683|259205,101555|69484|259205|208872|220365,Nghi-dinh-98-2020-ND-CP-xu-phat-vi-pham-hanh-chinh-hoat-dong-san-xuat-buon-ban-hang-gia-406627 ||  || Luat-Quang-cao-2012-142541 || Thong-tu-28-2014-TT-BVHTTDL-quan-ly-hoat-dong-mua-ban-hang-hoa-quoc-te-267539 || Nghi-dinh-69-2018-ND-CP-huong-dan-Luat-Quan-ly-ngoai-thuong-382305,1|2|4|3|1,3|4|5|4|2,5|5|5|4|5
84194,Điều kiện trở thành hội viên Hiệp hội Doanh nhân Việt Nam ở nước ngoài là gì?,DEFINITION,17,,0.8296296296296296,19,0.0089111328125,3.651238441467285,1,57743,69410,20307|181387|62869|69410|135848,20307|181387|62869|135848|69410,20307|181387|62869|135848|57743,20307|181387|71721|253943|37921,Quyet-dinh-81-QD-BNV-phe-duyet-Dieu-le-sua-doi-bo-sung-Hiep-hoi-Doanh-nhan-176368 || Quyet-dinh-390-QD-BNV-nam-2010-phe-duyet-Dieu-le-cua-Hiep-hoi-Chu-hang-Viet-Nam-180677 || Quyet-dinh-172-QD-BNV-2015-phe-duyet-Dieu-le-Hiep-hoi-Xuat-khau-lao-dong-Viet-Nam-268652 || Quyet-dinh-514-QD-BNV-nam-2012-phe-duyet-Dieu-le-sua-doi-Hiep-hoi-Du-lich-173447 || Quyet-dinh-897-QD-BNV-2022-Dieu-le-sua-doi-Hiep-hoi-Doanh-nghiep-cua-Thuong-binh-539580,5|2|3|2|1,6|2|5|2|4,6|4|5|3|5
35056,Chất lượng của lựu quả tươi hạng II được quy định như thế nào?,GENERAL_SEMANTIC,14,,0.737037037037037,16,0.009765625,1.8749996423721313,1,48177,289932,235935|17058|161384|242694|289932,235935|17058|161384|242694|289932,235935|17058|161384|48177|242694,297738|146691|190878|279109|61960, ||  ||  ||  || ,6|3|4|0|1,6|4|5|2|5,6|6|5|6|6
42086,Nội dung báo cáo kết quả kiểm định xây dựng?,GENERAL_SEMANTIC,10,,0.6801587301587302,15,0.009765625,3.7765910625457764,1,67734,115126,83081|42262|89392|128471|115126,83081|42262|89392|128471|115126,83081|42262|89392|128471|67734,83081|67734|234609|42262|167359,Thong-tu-10-2021-TT-BXD-huong-dan-Nghi-dinh-06-2021-ND-CP-va-Nghi-dinh-44-2016-ND-CP-486108 || Nghi-dinh-15-2021-ND-CP-huong-dan-mot-so-noi-dung-quan-ly-du-an-dau-tu-xay-dung-466771 || Luat-Xay-dung-2014-238644 || Nghi-dinh-35-2023-ND-CP-sua-doi-cac-Nghi-dinh-thuoc-linh-vuc-quan-ly-nha-nuoc-516212 || Quyet-dinh-2692-QD-BGDDT-2018-quy-dinh-ve-cong-tac-kiem-tra-cua-Bo-Giao-duc-va-Dao-tao-388680,5|2|5|1|1,5|4|5|2|2,5|5|5|4|4
12820,Thu hồi hoàn thuế trong những trường hợp nào?,PROCEDURE,9,,0.6626984126984128,15,0.01171875,2.695887327194214,1,240117,222640,133819|161949|160381|195677|222640,133819|195677|160381|161949|240117,133819|195677|160381|161949|240117,71436|240117|195677|190965|133819,Quyet-dinh-679-QD-TCT-2023-Quy-trinh-hoan-thue-568320 ||  || Thong-tu-80-2021-TT-BTC-huong-dan-Luat-Quan-ly-thue-Nghi-dinh-126-2020-ND-CP-466716 || Luat-quan-ly-thue-2019-387595 || Luat-thue-thu-nhap-ca-nhan-2007-04-2007-QH12-59652,5|4|4|5|1,5|5|5|5|1,5|5|5|5|4
136288,Việc quy hoạch cảng hàng không phải dựa trên những căn cứ nào để thực hiện?,GENERAL_SEMANTIC,16,CROSSREF|NEGATION,0.66005291005291,12,0.01171875,3.2912862300872803,1,258509|239017,20594|288109,214505|61567|11665|20594|288109,214505|11665|61567|20594|258509,214505|61567|11665|258509|239017,11665|214505|258509|292772|305455,Nghi-dinh-05-2021-ND-CP-quan-ly-khai-thac-cang-hang-khong-san-bay-463681 || Luat-hang-khong-dan-dung-Viet-Nam-2006-66-2006-QH11-12983 || Quyet-dinh-648-QD-TTg-2023-phat-trien-he-thong-cang-hang-khong-san-bay-toan-quoc-2021-2030-568857 || Luat-quy-hoach-322935 || Thong-tu-23-2021-TT-BGTVT-lua-chon-nha-dau-tu-cong-trinh-dich-vu-chuyen-nganh-hang-khong-493941,5|5|4|2|2,5|5|5|3|4,5|5|5|5|4
14814,"Ai có thẩm quyền quyết định chủ trương về thanh lý, xử lý trang thiết bị tìm kiếm cứu nạn?",PROCEDURE,20,INSTRUMENT,0.6166666666666667,13,0.01171875,4.008500576019287,1,291209|75590,151530|79032,127335|259504|151530|79032|104903,127335|259504|151530|79032|104903,127335|259504|104903|291209|75590,127335|291209|259504|205761|110243,Quyet-dinh-124-2007-QD-TTg-Quy-che-quan-ly-trang-thiet-bi-tim-kiem-cuu-nan-54005 || Nghi-dinh-30-2017-ND-CP-quy-dinh-to-chuc-hoat-dong-ung-pho-su-co-thien-tai-tim-kiem-cuu-nan-320085 || Quyet-dinh-1281-QD-BGTVT-2018-phan-cap-su-dung-tai-san-cong-tai-cac-co-quan-thuoc-Bo-Giao-thong-3891 || Quyet-dinh-1291-QD-BNN-TCTL-nam-2013-Quy-che-cua-Ban-chi-dao-Tim-kiem-cuu-nan-192681 || Quyet-dinh-51-2015-QD-TTg-to-chuc-tim-kiem-cuu-nan-giao-thong-duong-thuy-noi-dia-293043,6|6|2|3|3,6|6|3|3|3,6|6|3|3|3
159336,Nhà thầu nước ngoài có được thực hiện hoạt động xây dựng tại Việt Nam không?,CONDITION,16,NEGATION,0.6256613756613756,13,0.01171875,3.8315796852111816,0,,,42262|294152|111391|89392|258342,42262|294152|111391|89392|258342,42262|294152|111391|89392|258342,42262|281247|89392|178412|111391,Nghi-dinh-15-2021-ND-CP-huong-dan-mot-so-noi-dung-quan-ly-du-an-dau-tu-xay-dung-466771 || Nghi-dinh-59-2015-ND-CP-quan-ly-du-an-dau-tu-xay-dung-278744 || Nghi-dinh-100-2018-ND-CP-sua-doi-quy-dinh-ve-dieu-kien-dau-tu-kinh-doanh-trong-quan-ly-nha-nuoc-3683 || Luat-Xay-dung-2014-238644 || Nghi-dinh-37-2015-ND-CP-hop-dong-xay-dung-272352,5|6|2|4|1,6|6|5|5|5,6|6|5|5|5
164984,Khi có dự báo xảy ra sự cố thiên tai thì cơ quan nào có trách nhiệm tổ chức và duy trì hoạt động của cơ quan thường trực Phòng chống thiên tai?,PROCEDURE,33,HYPOTHETICAL,0.5716931216931217,11,0.01171875,4.245545387268066,1,191771,22174,259504|237571|243124|224977|22174,259504|237571|243124|224977|22174,259504|237571|243124|224977|191771,259504|110243|153299|254670|89571,Nghi-dinh-30-2017-ND-CP-quy-dinh-to-chuc-hoat-dong-ung-pho-su-co-thien-tai-tim-kiem-cuu-nan-320085 || Quyet-dinh-20-2021-QD-TTg-quan-ly-su-dung-trang-thiet-bi-chuyen-dung-phong-chong-thien-tai-476469 || Luat-phong-chong-thien-tai-nam-2013-197310 || Thong-tu-10-2019-TT-BGTVT-quy-dinh-ve-phong-chong-thien-tai-trong-linh-vuc-hang-hai-408960 || Thong-tu-03-2019-TT-BGTVT-phong-chong-va-khac-phuc-hau-qua-thien-tai-trong-linh-vuc-duong-bo-407515,6|2|4|2|0,6|5|6|5|6,6|5|6|5|6
22946,Việc khám nghiệm tử thi trong vụ án hình sự được quy định như thế nào?,GENERAL_SEMANTIC,16,,0.36825396825396817,8,0.01171875,3.3033058643341064,0,,,102434|194863|261165|120415|81598,102434|194863|120415|261165|81598,102434|194863|261165|120415|81598,102434|120415|81598|94372|117746,Bo-luat-to-tung-hinh-su-2015-296884 || Bo-luat-To-tung-Hinh-su-2003-19-2003-QH11-51701 || Quyet-dinh-111-QD-VKSTC-2020-Quy-che-cong-tac-thuc-hanh-quyen-cong-to-440459 || Thong-tu-lien-tich-01-2022-TTLT-VKSNDTC-TANDTC-BCA-BQP-BLDTBXH-xam-hai-tinh-duc-nguoi-duoi-18-tuoi-5 || Bo-luat-dan-su-2015-296215,6|6|6|3|4,6|6|6|5|4,6|6|6|5|4
24688,Bên ủy quyền và bên được ủy quyền không thể cùng đi công chứng thì phải làm gì?,GENERAL_SEMANTIC,18,NEGATION,0.6444444444444445,15,0.01171875,4.111982822418213,0,,,114415|47546|81598|132797|207476,114415|47546|207476|81598|132797,114415|47546|207476|81598|132797,207476|114415|220347|47546|206088,Luat-Cong-chung-2014-238638 ||  || Thong-tu-01-2021-TT-BTP-huong-dan-Luat-Cong-chung-465909 || Bo-luat-dan-su-2015-296215 || Bo-luat-Dan-su-2005-33-2005-QH11-2463,5|4|1|5|4,5|5|2|5|5,5|5|5|6|5
25174,Hoạt động thanh tra tài nguyên và môi trường gồm những nội dung nào? ,GENERAL_SEMANTIC,14,,0.6880952380952381,15,0.01171875,3.770139217376709,1,67945|303096,193936|136938,131811|72305|117074|193936|136938,131811|117074|72305|193936|303096,131811|117074|72305|67945|303096,131811|117074|303096|81400|184038,Nghi-dinh-35-2009-ND-CP-to-chuc-hoat-dong-Thanh-tra-Tai-nguyen-Moi-truong-86917 || Thong-tu-27-2019-TT-BTNMT-phuong-tien-thiet-bi-ky-thuat-cua-Thanh-tra-tai-nguyen-va-moi-truong-43259 || Luat-Thanh-tra-2022-544688 || Luat-Dat-dai-2003-13-2003-QH11-51685 || Nghi-dinh-08-2022-ND-CP-huong-dan-Luat-Bao-ve-moi-truong-479457,5|3|5|1|2,5|4|5|4|2,5|5|5|5|2
41364,Điều kiện công nhận hoàn thành chương trình trung học của học sinh là gì?,DEFINITION,15,,0.7119047619047619,15,0.01171875,2.559678077697754,1,199119|256444,27623|146513,218445|199759|22825|27623|146513,218445|199759|199119|27623|22825,218445|199759|199119|256444|22825,145718|199119|256444|104092|206812,Quyet-dinh-11-2006-QD-BGD-DT-Quy-che-xet-cong-nhan-tot-nghiep-trung-hoc-co-so-11027 || Luat-giao-duc-2019-367665 || Thong-tu-22-2021-TT-BGDDT-danh-gia-hoc-sinh-trung-hoc-co-so-485242 || Thong-tu-43-2021-TT-BGDDt-danh-gia-hoc-vien-giao-duc-thuong-xuyen-cap-trung-hoc-co-so-499850 || Thong-tu-32-2020-TT-BGDDT-Dieu-le-truong-trung-hoc-co-so-truong-trung-hoc-pho-thong-443627,5|5|1|0|2,5|5|5|2|2,5|5|5|2|5
49818,"Điều kiện về Giấy khen để được tặng ""Bằng khen của Thủ tướng chính phủ"" ra sao?",CONDITION,17,,0.6261904761904762,12,0.01171875,3.8737223148345947,1,274422,231961,85834|261914|295779|167368|231961,85834|261914|295779|167368|192255,85834|261914|295779|167368|274422,261914|274422|85834|192255|106161,Luat-Thi-dua-Khen-thuong-2022-418232 || Nghi-dinh-91-2017-ND-CP-huong-dan-Luat-thi-dua-khen-thuong-315685 || Luat-Thi-dua-Khen-thuong-2003-15-2003-QH11-51686 || Quyet-dinh-2418-QD-BHXH-2020-Quy-che-thi-dua-khen-thuong-cua-Bao-hiem-xa-hoi-Viet-Nam-460813 || Thong-tu-151-2018-TT-BQP-huong-dan-thi-dua-khen-thuong-trong-Quan-doi-nhan-dan-Viet-Nam-399280,5|5|3|2|0,5|6|5|6|4,5|6|5|6|5
52850,Mẫu những giấy tờ sẽ thay thế sổ hộ khẩu giấy được quy định như thế nào?,GENERAL_SEMANTIC,17,,0.5216931216931218,11,0.01171875,2.3032493591308594,0,,,274899|249204|60683|122021|107674,60683|249204|122021|274899|107674,60683|249204|274899|122021|107674,60683|122021|152118|293796|220347,Nghi-dinh-104-2022-ND-CP-sua-doi-Nghi-dinh-nop-xuat-trinh-so-ho-khau-thuc-hien-thu-tuc-hanh-chinh-54 || Thong-tu-04-2020-TT-BTP-huong-dan-Luat-ho-tich-va-Nghi-dinh-123-2015-ND-CP-ve-ho-tich-446237 || Thong-tu-36-2014-TT-BCA-bieu-mau-su-dung-trong-dang-ky-quan-ly-cu-tru-250026 ||  || Thong-tu-24-2014-TT-BTNMT-ho-so-dia-chinh-236560,4|5|5|5|3,5|5|5|5|3,6|5|5|6|6
53834,Điều kiện để chuyển nhượng Condotel là gì?,DEFINITION,8,,0.6603174603174604,15,0.01171875,1.421954870223999,1,85368,113741,287560|168163|223375|184038|113741,287560|168163|223375|184038|305455,287560|168163|223375|184038|85368,85368|2113|287560|6411|168163, || Nghi-dinh-02-2022-ND-CP-huong-dan-Luat-Kinh-doanh-bat-dong-san-2014-484653 || Luat-Kinh-doanh-bat-dong-san-2014-259722 ||  || Nghi-dinh-88-2021-ND-CP-thu-tien-cap-quyen-su-dung-tan-so-vo-tuyen-dien-489892,5|5|5|1|0,5|5|5|2|3,5|5|5|3|3
65880,Người đứng đầu cơ quan cung cấp thông tin bảo đảm các biện pháp kỹ thuật trong việc cung cấp thông tin nhằm mục đích gì?,GENERAL_SEMANTIC,26,,0.6343915343915345,14,0.01171875,4.111263275146484,1,218610,107812,21977|251339|183078|241299|107812,21977|251339|183078|241299|107812,21977|251339|183078|241299|218610,21977|241299|183078|251339|295631,Nghi-dinh-13-2018-ND-CP-huong-dan-Luat-tiep-can-thong-tin-348639 || Luat-tiep-can-thong-tin-2016-280116 || Nghi-dinh-99-2022-ND-CP-dang-ky-bien-phap-bao-dam-542323 ||  || ,6|5|2|3|1,6|5|2|5|2,6|5|5|5|4
66128,Người đứng đầu đơn vị thuộc Bộ Nội vụ vắng mặt tại cuộc họp giao ban hàng tuần của Bộ thì có được ủy nhiệm cho cấp phó dự thay hay không?,CONDITION,32,NEGATION,0.5544973544973545,11,0.01171875,3.089364767074585,0,,,107101|85275|71629|264448|269870,107101|85275|264448|71629|269870,107101|85275|71629|264448|269870,107101|286384|277080|264448|39278,Quyet-dinh-1079-QD-BNV-nam-2012-Quy-che-lam-viec-cua-Bo-Noi-vu-178937 || Quyet-dinh-355-QD-BGDDT-2022-Quy-che-lam-viec-cua-Bo-Giao-duc-va-Dao-tao-501866 || Quyet-dinh-898-QD-BXD-2016-Quy-che-lam-viec-cua-co-quan-Bo-Xay-dung-364308 || Quyet-dinh-2288-QD-BKHCN-2017-Quy-che-lam-viec-cua-Bo-Khoa-hoc-va-Cong-nghe-414996 || Quyet-dinh-2402-QD-BTP-2017-ve-Quy-che-lam-viec-cua-Bo-Tu-phap-369263,6|5|5|4|2,6|5|6|5|4,6|6|6|6|6
66842,Người chưa đủ 18 tuổi có phải chịu trách nhiệm hình sự với hành vi phạm tội mà mình gây ra không?,GENERAL_SEMANTIC,22,NEGATION,0.5134920634920634,10,0.01171875,3.0595903396606445,0,,,245154|24778|43981|147066|102434,245154|24778|43981|147066|102434,245154|24778|43981|147066|102434,24778|245154|147066|43981|261165,Bo-luat-hinh-su-2015-296661 || Bo-Luat-hinh-su-1999-15-1999-QH10-46056 || Luat-sua-doi-Bo-luat-Hinh-su-2017-354053 || Bo-luat-Hinh-su-1985-17-LCT-HDNN7-37003 || Bo-luat-to-tung-hinh-su-2015-296884,6|6|3|4|4,6|6|5|5|6,6|6|5|6|6
68018,"Trường hợp nào thì bị thu hồi, hủy giá trị sử dụng hộ chiếu?",PROCEDURE,14,,0.6391534391534393,13,0.01171875,4.82641077041626,1,268007,206126,52666|77650|244943|206126|132219,52666|77650|244943|132219|206126,52666|244943|77650|132219|268007,52666|244943|132219|268007|305134,Luat-Xuat-canh-nhap-canh-cua-cong-dan-Viet-Nam-2019-402073 || Nghi-dinh-76-2020-ND-CP-huong-dan-doi-tuong-cap-thu-hoi-huy-gia-tri-su-dung-giay-thong-hanh-446497 || Luat-Nhap-canh-xuat-canh-qua-canh-cu-tru-cua-nguoi-nuoc-ngoai-tai-Viet-Nam-2014-238649 ||  || Nghi-dinh-16-2020-ND-CP-huong-dan-Luat-Quoc-tich-Viet-Nam-433706,6|2|5|3|0,6|4|5|3|3,6|6|5|5|5
75114,Có được viết giấy đặt cọc không có công chứng không?,CONDITION,11,NEGATION,0.6775132275132275,15,0.01171875,1.7096054553985596,1,183078,153054,81598|114415|132797|259656|153054,81598|114415|132797|259656|183078,81598|132797|114415|183078|259656,183078|114415|132797|81598|156354,Bo-luat-dan-su-2015-296215 || Bo-luat-Dan-su-2005-33-2005-QH11-2463 || Luat-Cong-chung-2014-238638 || Nghi-dinh-99-2022-ND-CP-dang-ky-bien-phap-bao-dam-542323 || Nghi-dinh-23-2015-ND-CP-cap-chung-thuc-ban-sao-tu-ban-chinh-chung-thuc-chu-ky-266857,4|4|5|1|3,5|4|5|2|5,5|5|5|2|5
85098,Chó nhà có dấu hiệu mắc bệnh Dại thì có bị tiêu hủy không?,GENERAL_SEMANTIC,14,NEGATION,0.45793650793650786,8,0.01171875,3.190812349319458,1,88309,177440,291854|72491|129920|253221|177440,291854|72491|129920|88309|253221,291854|72491|129920|88309|253221,291854|72491|129920|88309|221584,Thong-tu-07-2016-TT-BNNPTNT-phong-chong-dich-benh-dong-vat-tren-can-313499 || Ke-hoach-105-KH-UBND-2022-thuc-hien-Chuong-trinh-quoc-gia-phong-chong-benh-Dai-Ha-Noi-509211 || Luat-thu-y-2015-282384 || Nghi-dinh-90-2017-ND-CP-quy-dinh-xu-phat-vi-pham-hanh-chinh-trong-linh-vuc-thu-y-336190 || Thong-tu-24-2022-TT-BNNPTNT-co-so-vung-an-toan-dich-benh-dong-vat-549293,6|5|5|2|1,6|5|5|6|5,6|5|5|6|6
9884,"Chồng đi lấy vợ mới, nay vợ cũ chết thì người chồng có được hưởng tài sản thừa kế từ vợ cũ không và cha đẻ của người vợ cũ có được hưởng thừa kế không?",CONDITION,36,NEGATION,0.3579365079365079,8,0.01171875,2.136451005935669,0,,,134404|132797|81598|153054|270799,134404|81598|132797|153054|270799,134404|81598|132797|153054|270799,134404|106223|81598|240117|270799,Luat-Hon-nhan-va-gia-dinh-2014-238640 || Bo-luat-dan-su-2015-296215 || Bo-luat-Dan-su-2005-33-2005-QH11-2463 || Bo-luat-Dan-su-1995-44-L-CTN-39391 || Nghi-dinh-126-2014-ND-CP-quy-dinh-chi-tiet-mot-so-dieu-bien-phap-thi-hanh-Luat-Hon-nhan-gia-dinh-262,5|6|6|4|2,6|6|6|6|5,6|6|6|6|5
99788,Quy định điều kiện về thời gian công chức dự thi nâng ngạch kiểm tra viên thuế?,CONDITION,17,,0.4817460317460317,11,0.01171875,3.690237045288086,0,,,162150|222043|58662|215094|42541,162150|222043|215094|58662|42541,162150|222043|58662|215094|42541,162150|222043|215094|261198|208243,Thong-tu-29-2022-TT-BTC-tieu-chuan-chuyen-mon-ngach-cong-chuc-ke-toan-thue-hai-quan-du-tru-517146 || Thong-tu-77-2019-TT-BTC-tieu-chuan-chuyen-mon-nghiep-vu-xep-luong-doi-voi-cong-chuc-ke-toan-428573 || Nghi-dinh-138-2020-ND-CP-tuyen-dung-su-dung-va-quan-ly-cong-chuc-458542 || Nghi-dinh-161-2018-ND-CP-tuyen-dung-su-dung-quan-ly-cong-vien-chuc-thuc-hien-che-do-hop-dong-336803 || Nghi-dinh-43-2023-ND-CP-huong-dan-Luat-Thanh-tra-555032,6|6|5|1|1,6|6|6|3|5,6|6|6|5|5
154506,Giáo viên phải đảm nhiệm cộng tác viên thanh tra khi kiêm nhiệm cộng tác viên thanh tra giáo dục thì được giảm định mức tiết dạy là bao nhiêu? ,GENERAL_SEMANTIC,30,HYPOTHETICAL,0.543915343915344,11,0.013671875,4.070429801940918,0,,,1178|170691|89242|288036|102345,1178|89242|170691|102345|288036,1178|89242|170691|102345|288036,89242|1178|102345|88423|288036,Thong-tu-28-2009-TT-BGDDT-quy-dinh-che-do-lam-viec-giao-vien-pho-thong-96487 || Thong-tu-15-2017-TT-BGDDT-sua-doi-Quy-dinh-che-do-lam-viec-doi-voi-giao-vien-pho-thong-341252 || Thong-tu-54-2012-TT-BGDDT-quy-dinh-cong-tac-vien-thanh-tra-giao-duc-154129 || Thong-tu-48-2011-TT-BGDDT-che-do-lam-viec-giao-vien-mam-non-130933 || Van-ban-hop-nhat-03-VBHN-BGDDT-2017-che-do-lam-viec-doi-voi-giao-vien-pho-thong-355032,6|3|5|3|4,6|5|5|3|6,6|6|6|4|6
87044,Thuế suất thuế tiêu thụ đặc biệt đối với xăng dầu là bao nhiêu?,GENERAL_SEMANTIC,14,,0.5671957671957673,13,0.013671875,3.013044834136963,1,80245,278114,141958|187813|62074|87239|278114,141958|87239|187813|62074|278114,141958|187813|87239|62074|80245,87239|169300|141958|187813|62074,Luat-thue-tieu-thu-dac-biet-2008-26-2008-QH12-82198 || Luat-Thue-tieu-thu-dac-biet-sua-doi-2014-259732 || Thong-tu-104-2021-TT-BTC-xac-dinh-yeu-to-cau-thanh-trong-cong-thuc-gia-co-so-xang-dau-495547 || Nghi-dinh-108-2015-ND-CP-huong-dan-Luat-Thue-tieu-thu-dac-biet-sua-doi-294252 || Luat-thue-bao-ve-moi-truong-2010-115247,5|5|5|5|1,5|5|6|6|4,6|5|6|6|4
167730,Chế độ phụ cấp đặc thù đối với lực lượng Cảnh vệ thuộc Bộ Quốc phòng áp dụng đối với các đối tượng nào?,GENERAL_SEMANTIC,24,,0.5928571428571429,11,0.0146484375,3.7002973556518555,1,252586,234976,224702|228288|72472|246977|234976,224702|228288|72472|246977|252586,224702|228288|72472|246977|252586,224702|252586|228288|93496|63327,Thong-tu-162-2018-TT-BQP-che-do-phu-cap-dac-thu-doi-voi-luc-luong-Canh-ve-thuoc-Bo-Quoc-phong-399832 || Nghi-dinh-90-2018-ND-CP-huong-dan-Luat-Canh-ve-376625 || Thong-tu-14-2018-TT-BCA-mau-quan-ly-va-su-dung-Giay-bao-ve-dac-biet-cua-luc-luong-Canh-ve-385683 || Luat-Canh-ve-2017-280117 || Nghi-dinh-58-2010-ND-CP-huong-dan-Luat-Dan-quan-tu-ve-106576,6|6|3|3|2,6|6|5|3|5,6|6|5|6|5
30278,"Để tiếp tục thực hiện Chương trình phục hồi và phát triển kinh tế - xã hội, Chính phủ giao các cơ quan ban ngành những nhiệm vụ gì?",GENERAL_SEMANTIC,28,,0.85,19,0.0146484375,3.46765398979187,1,148246,288451,213418|297470|119090|16548|288451,213418|119090|297470|16548|288451,119090|213418|297470|16548|148246,119090|118975|161441|16548|186125,Nghi-quyet-63-NQ-CP-2022-phien-hop-Chinh-phu-thuong-ky-thang-4-512643 || Nghi-quyet-25-NQ-CP-2022-phien-hop-Chinh-phu-thuong-ky-thang-02-506481 || Nghi-quyet-50-NQ-CP-2022-phien-hop-Chinh-phu-thuong-ky-thang-3-510000 || Nghi-quyet-24-2021-QH15-chu-truong-dau-tu-Chuong-trinh-muc-tieu-quoc-gia-giam-ngheo-ben-vung-484262 || Nghi-quyet-50-NQ-CP-2023-Phien-hop-Chinh-phu-thuong-ky-thang-3-562395,2|3|4|2|1,2|5|4|3|3,5|5|4|3|4
10164,Quá trình thiết kế trường dạy nghề cần đảm bảo tuân thủ các quy định chung nào?,GENERAL_SEMANTIC,17,,0.662962962962963,14,0.015625,2.2034027576446533,1,66847,178412,37755|89392|20457|161237|178412,37755|161237|89392|20457|178412,37755|89392|161237|20457|66847,37755|161237|167237|89403|66847, || Luat-Xay-dung-2014-238644 || Thong-tu-06-2022-TT-BLDTBXH-chuong-trinh-boi-duong-nghiep-vu-su-pham-giao-duc-nghe-nghiep-511564 || Thong-tu-02-2023-TT-BXD-huong-dan-hop-dong-xay-dung-557432 || Thong-tu-03-2017-TT-BLDTBXH-ban-hanh-chuong-trinh-tham-dinh-giao-trinh-trinh-do-trung-cap-cao-dang-3,6|5|1|2|1,6|5|3|2|2,6|5|4|5|5
102726,Mỗi chuyên đề thuộc chương trình đào tạo sơ cấp lý luận chính trị tại Trung tâm do mấy giảng viên đảm nhiệm và ai giám sát việc giảng dạy?,GENERAL_SEMANTIC,30,,0.7420634920634921,16,0.015625,4.053135395050049,0,,,144363|238270|197991|191651|12382,144363|238270|197991|12382|191651,144363|238270|12382|197991|191651,144363|12382|252676|238270|197991,Quyet-dinh-883-QD-BTGTW-2021-Quy-che-boi-duong-cua-Trung-tam-chinh-tri-cap-huyen-496777 || Quyet-dinh-1853-QD-BTGTW-nam-2010-Quy-che-Giang-day-hoc-tap-Trung-tam-boi-duong-chinh-tri-214403 || Quy-dinh-208-QD-TW-2019-chuc-nang-nhiem-vu-to-chuc-bo-may-cua-trung-tam-chinh-tri-cap-huyen-429393 || Huong-dan-so-65-HD-BTGTW-thuc-hien-chuong-trinh-So-cap-ly-luan-chinh-tri-214433 || Quyet-dinh-421-QD-BNV-2022-Chuong-trinh-boi-duong-cong-chuc-ngach-chuyen-vien-chinh-516108,6|4|1|3|2,6|6|1|4|3,6|6|3|5|4
141506,Trình tự và thủ tục đăng ký tham gia Giải thưởng xuất khẩu của Thủ tướng Chính phủ được thực hiện thế nào?,PROCEDURE,23,,0.703968253968254,14,0.015625,3.5737879276275635,1,23636|86836,21|213188,101609|167047|167964|21|213188,101609|167047|167964|21|213188,101609|167964|167047|23636|86836,101609|173911|90026|167964|20261,Quyet-dinh-1252-QD-BTM-2007-Quy-che-quy-dinh-trinh-tu-thu-tuc-danh-gia-Giai-thuong-xuat-khau-252912 || Thong-tu-45-2020-TT-BGDDT-Quy-che-xet-tang-Giai-thuong-khoa-hoc-danh-cho-giang-vien-tre-458259 || Quyet-dinh-3699-QD-BNN-CB-Quy-che-dang-ky-chung-nhan-hang-nong-lam-san-Viet-Nam-chat-luong-cao-uy-ti || Quyet-dinh-1376-QD-BYT-nam-2014-Giai-thuong-Thuong-hieu-vang-Thuc-pham-Viet-Nam-230125 || ,6|1|2|0|0,6|3|4|2|3,6|3|4|3|3
150824,Trang phục Thuế Việt Nam cấp cho công chức Thuế do ai có thẩm quyền trang bị?,PROCEDURE,17,,0.8150793650793651,19,0.015625,1.8027441501617432,1,61202|188404,252002|17545,92863|123392|252002|159049|17545,92863|123392|252002|61202|159049,92863|123392|61202|159049|188404,92863|61202|123392|40273|168891,Quyet-dinh-1054-QD-TCT-2021-quan-ly-trang-phuc-va-the-cua-nganh-Thue-479983 || Quyet-dinh-499-QD-TCT-2019-Quy-che-to-chuc-hoat-dong-Truong-Nghiep-vu-Thue-514564 || Quyet-dinh-188-QD-TCHQ-Quy-che-hoat-dong-cong-vu-Hai-quan-Viet-Nam-2017-339091 || Quyet-dinh-41-2018-QD-TTg-quyen-han-va-co-cau-to-chuc-cua-Tong-cuc-Thue-thuoc-Bo-Tai-chinh-395311 || Quyet-dinh-1062-QD-TCHQ-2021-Quy-che-quan-ly-su-dung-trang-phuc-trong-nganh-Hai-quan-470777,5|1|3|1|1,5|2|3|2|3,5|2|4|2|3
166328,"Xử phạt đối với hành vi phạt tiền, trừ lương của nhân viên trái quy định pháp luật?",SANCTION,18,,0.7224867724867725,15,0.015625,1.2687981128692627,1,237914|207163,94754|143446,26782|129823|94754|13768|143446,26782|13768|129823|94754|143446,26782|129823|13768|237914|207163,237914|93883|269720|13768|51405,Nghi-dinh-12-2022-ND-CP-xu-phat-vi-pham-hanh-chinh-lao-dong-bao-hiem-nguoi-lam-viec-nuoc-ngoai-47931 || Bo-Luat-lao-dong-2019-333670 || Nghi-dinh-141-2005-ND-CP-quan-ly-lao-dong-Viet-Nam-lam-viec-o-nuoc-ngoai-5460 || Luat-67-2020-QH14-xu-ly-vi-pham-hanh-chinh-sua-doi-373520 || Nghi-dinh-124-2021-ND-CP-sua-doi-Nghi-dinh-115-2018-ND-CP-va-117-2020-ND-CP-499187,6|2|0|0|1,6|2|2|1|1,6|2|5|1|1
168024,Trường hợp Công an viên mất trong lúc làm nhiệm vụ có tham gia BHXH thì được nhận tiền trợ cấp như thế nào?,GENERAL_SEMANTIC,24,,0.7410052910052911,15,0.015625,2.0614216327667236,1,2309,207907,176541|181804|53519|103601|207907,176541|181804|53519|103601|2309,176541|181804|53519|2309|103601,176541|2309|53519|161158|52327,Nghi-dinh-73-2009-ND-CP-huong-dan-Phap-lenh-Cong-an-xa-94347 || Thong-tu-19-2015-TT-BCA-che-do-huan-luyen-vien-van-dong-vien-hoat-dong-the-duc-the-thao-cong-an-nhan || Thong-tu-lien-tich-05-2012-TTLT-BCA-BLDTBXH-BTC-huong-dan-chinh-sach-si-quan-141078 || Thong-tu-lien-tich-105-2016-TTLT-BQP-BCA-BLDTBXH-huong-dan-Luat-Bao-hiem-xa-hoi-33-2016-ND-CP-330898 || Nghi-dinh-49-2019-ND-CP-huong-dan-Luat-Cong-an-nhan-dan-406963,5|2|4|1|3,5|3|5|4|4,5|5|5|6|5
33616,Đi nghĩa vụ quân sự mà làm mất súng có thể ở tù hay không?,GENERAL_SEMANTIC,15,NEGATION,0.5902116402116402,12,0.015625,1.7107709646224976,0,,,245154|24778|147066|54776|43981,245154|24778|43981|147066|54776,245154|24778|43981|147066|54776,43981|110305|98892|245154|72534,Bo-luat-hinh-su-2015-296661 || Bo-Luat-hinh-su-1999-15-1999-QH10-46056 || Luat-sua-doi-Bo-luat-Hinh-su-2017-354053 || Bo-luat-Hinh-su-1985-17-LCT-HDNN7-37003 || Luat-nghia-vu-quan-su-2015-282383,6|5|2|5|2,6|6|5|6|5,6|6|6|6|5
48178,"Sĩ số học sinh, sinh viên vượt quá quy định bị phạt đến 10 triệu đồng?",SANCTION,16,,0.6140211640211641,13,0.015625,2.947587728500366,1,44647,255913,278875|117001|221671|242728|255913,117001|221671|278875|242728|44647,117001|221671|278875|242728|44647,117001|221671|44647|146481|209474,Nghi-dinh-79-2015-ND-CP-xu-phat-vi-pham-hanh-chinh-trong-linh-vuc-giao-duc-nghe-nghiep-290383 || Nghi-dinh-88-2022-ND-CP-xu-phat-vi-pham-hanh-chinh-giao-duc-nghe-nghiep-534876 || Nghi-dinh-04-2021-ND-CP-xu-phat-vi-pham-hanh-chinh-trong-linh-vuc-giao-duc-450564 || Nghi-dinh-127-2021-ND-CP-sua-doi-Nghi-dinh-04-2021-ND-CP-xu-phat-hanh-chinh-giao-duc-488371 || Thong-tu-17-2017-TT-BLDTBXH-Quy-che-cong-tac-hoc-sinh-sinh-vien-truong-trung-cap-cao-dang-286989,5|5|6|2|1,5|5|6|2|2,5|5|6|5|4
61258,"Thực hiện cải cách tiền lương, chính sách BHXH phù hợp với điều kiện đất nước trong giai đoạn 2023-2025?",CONDITION,21,,0.7423280423280423,15,0.015625,3.2401506900787354,1,13927,241314,284539|174741|267593|241314|162235,284539|267593|174741|162235|13927,284539|267593|174741|162235|13927,267593|284539|174741|13927|141738,Nghi-quyet-69-2022-QH15-du-toan-ngan-sach-nha-nuoc-2023-541860 || Chi-thi-12-CT-TTg-2022-xay-dung-ke-hoach-phat-trien-kinh-te-xa-hoi-du-toan-ngan-sach-2023-523074 || Thong-tu-78-2022-TT-BTC-du-toan-ngan-sach-Nha-nuoc-2023-547888 || Thong-tu-47-2022-TT-BTC-huong-dan-xay-dung-du-toan-ngan-sach-va-ke-hoach-tai-chinh-2023-524554 || Nghi-quyet-23-2021-QH15-Ke-hoach-tai-chinh-quoc-gia-vay-tra-no-cong-5-nam-483941,5|4|4|1|3,5|5|5|6|4,5|6|5|6|5
6770,Nội dung chi tiết của đào tạo cấp chứng chỉ chứng nhận chuyên môn về y tế lao động được quy định như thế nào?,GENERAL_SEMANTIC,25,,0.5746031746031746,12,0.015625,3.841254472732544,1,252814,274746,127858|116851|136441|251585|274746,127858|136441|116851|251585|274746,127858|136441|116851|252814|251585,127858|252814|136441|116851|283045,Thong-tu-29-2021-TT-BYT-huong-dan-hoat-dong-dao-tao-chuyen-mon-y-te-lao-dong-498597 ||  || Thong-tu-02-2017-TT-BQP-hoat-dong-huan-luyen-an-toan-ve-sinh-lao-dong-337143 || Thong-tu-33-2018-TT-BGTVT-tieu-chuan-chuc-danh-nhan-vien-duong-sat-truc-tiep-phuc-vu-chay-tau-383598 || Thong-tu-26-2020-TT-BYT-sua-doi-bo-sung-Thong-tu-22-2013-TT-BYT-dao-tao-lien-tuc-cho-can-bo-y-te-460,5|5|5|4|2,5|5|5|4|5,5|5|5|4|6
76824,Đại diện người sở hữu trái phiếu có thực hiện các biện pháp xử lý tài sản theo hợp đồng thay cho người sở hữu trái phiếu không?,GENERAL_SEMANTIC,28,NEGATION,0.6550264550264551,14,0.015625,3.566986322402954,1,120244,81598,165780|258477|92296|207772|81598,165780|258477|207772|92296|120244,165780|258477|207772|92296|120244,165780|70436|126546|120244|199374,Nghi-dinh-155-2020-ND-CP-huong-dan-Luat-Chung-khoan-461323 || Nghi-dinh-65-2022-ND-CP-sua-doi-Nghi-dinh-153-2020-ND-CP-chao-ban-giao-dich-trai-phieu-doanh-nghiep- || Thong-tu-10-2016-TT-BTC-the-chap-tai-san-de-bao-dam-cho-khoan-vay-duoc-Chinh-phu-bao-lanh-301916 || Thong-tu-30-2023-TT-BTC-huong-dan-viec-dang-ky-giao-dich-trai-phieu-thi-truong-trong-nuoc-568790 || Nghi-dinh-21-2021-ND-CP-huong-dan-Bo-luat-Dan-su-bao-dam-thuc-hien-nghia-vu-468069,6|2|3|5|1,6|2|4|5|5,6|5|4|5|5
82172,Ai có nghĩa vụ thanh toán số tiền ghi trên hối phiếu đòi nợ?,GENERAL_SEMANTIC,14,,0.6246031746031746,13,0.015625,3.8198015689849854,0,,,178376|124450|146962|81598|225241,178376|124450|146962|81598|225241,178376|124450|146962|225241|81598,178376|124450|146962|24798|281249,Luat-Cac-cong-cu-chuyen-nhuong-2005-49-2005-QH11-7023 || Quyet-dinh-44-2006-QD-NHNN-thu-tuc-nho-thu-hoi-phieu-qua-nguoi-thu-ho-13875 || Nghi-dinh-159-2003-ND-CP-cung-ung-su-dung-sec-51709 || Thong-tu-08-2021-TT-NHNN-cho-vay-dac-biet-doi-voi-to-chuc-tin-dung-duoc-kiem-soat-dac-biet-481026 || Bo-luat-dan-su-2015-296215,6|6|3|1|3,6|6|5|1|3,6|6|6|1|4
32778,Có thể ủy quyền cho người khác (đại diện theo ủy quyền) bán nhà đất được không? ,GENERAL_SEMANTIC,17,NEGATION,0.6470899470899472,13,0.01611328125,3.5829248428344727,1,305455,6411,132797|81598|144551|184038|6411,132797|81598|144551|184038|6411,132797|81598|144551|184038|305455,132797|81598|153054|59149|21398,Bo-luat-Dan-su-2005-33-2005-QH11-2463 || Bo-luat-dan-su-2015-296215 ||  ||  || Luat-dat-dai-2013-215836,6|5|4|2|1,6|6|6|3|2,6|6|6|6|6
49772,Kháng cáo quá hạn được quy định như thế nào?,GENERAL_SEMANTIC,10,,0.6444444444444445,15,0.0166015625,4.64820671081543,0,,,102434|160120|46918|194863|187506,102434|46918|160120|194863|187506,102434|160120|46918|194863|187506,102434|46918|194863|300749|22695,Bo-luat-to-tung-hinh-su-2015-296884 || Luat-to-tung-hanh-chinh-2015-298372 || Bo-luat-to-tung-dan-su-2015-296861 || Bo-luat-To-tung-Hinh-su-2003-19-2003-QH11-51701 || Bo-luat-To-tung-dan-su-2004-24-2004-QH11-52189,5|5|5|3|1,5|5|5|4|4,5|6|5|4|4
43824,Mức đóng bảo hiểm xã hội tự nguyện là bao nhiêu?,GENERAL_SEMANTIC,11,,0.36825396825396817,8,0.017578125,2.883687734603882,0,,,170066|164447|255757|285041|23402,170066|255757|164447|23402|237840,170066|255757|164447|23402|285041,255757|23402|170066|259195|286362,Nghi-dinh-134-2015-ND-CP-huong-dan-Luat-Bao-hiem-xa-hoi-ve-bao-hiem-xa-hoi-tu-nguyen-280020 || Thong-tu-01-2016-TT-BLDTBXH-huong-dan-thi-hanh-luat-bao-hiem-xa-hoi-tu-nguyen-2016-307759 ||  ||  || ,6|6|6|4|3,6|6|6|5|5,6|6|6|6|6
12968,Vi bằng là gì?,DEFINITION,4,,0.8481481481481481,21,0.01953125,3.246222972869873,1,10719,4644,127073|161167|99335|174171|4644,127073|161167|174171|99335|4644,127073|161167|99335|174171|10719,127073|174171|161167|293727|145302,Nghi-dinh-08-2020-ND-CP-to-chuc-va-hoat-dong-cua-Thua-phat-lai-331814 || Thong-tu-lien-tich-09-2014-TTLT-BTP-TANDTC-VKSNDTC-BTC-huong-dan-thi-diem-Thua-phat-lai-224304 || Quyet-dinh-2885-QD-BYT-2022-tai-lieu-truyen-thong-truc-tiep-cham-soc-suc-khoe-sinh-san-vi-thanh-nien || Thong-tu-05-2020-TT-BTP-huong-dan-Nghi-dinh-08-2020-ND-CP-to-chuc-Thua-phat-lai-453632 || Thong-tu-08-2023-TT-BGDDT-sua-doi-Thong-tu-01-2021-TT-BGDDT-02-2021-TT-BGDDT-514067,5|3|1|1|1,5|3|2|1|1,5|4|2|2|1
159488,Chương trình công tác năm của các đơn vị thuộc Viện kiểm sát nhân dân cấp tỉnh được ban hành chậm nhất vào thời gian nào?,GENERAL_SEMANTIC,26,,0.45952380952380945,10,0.01953125,4.374220848083496,0,,,156483|70182|229232|302996|277080,156483|70182|229232|277080|302996,156483|70182|229232|302996|277080,156483|175197|70182|277080|247734,Quyet-dinh-279-QD-VKSTC-2017-Quy-che-quan-ly-cong-tac-trong-nganh-Kiem-sat-nhan-dan-369271 || Quyet-dinh-222-QD-VKSTC-2020-Quy-che-to-chuc-va-hoat-dong-cua-Vien-kiem-sat-cap-cao-468669 || Quyet-dinh-214-QD-VKSTC-2022-Quy-che-to-chuc-va-hoat-dong-cua-Tap-chi-Kiem-sat-529605 || Quyet-dinh-557-QD-VKS-2020-Quy-che-lam-viec-cua-Vien-kiem-sat-nhan-dan-Ho-Chi-Minh-544613 || Quyet-dinh-1828-QD-BYT-2022-Quy-che-lam-viec-520107,6|4|6|5|2,6|4|6|5|2,6|5|6|5|3
39878,Trường phổ thông năng khiếu TDTT có phải xây dựng ký túc xá để hỗ trợ các học sinh có nhu cầu ở nội trú không?,GENERAL_SEMANTIC,26,NEGATION,0.6798941798941799,13,0.01953125,3.7905681133270264,1,28340,199759,173701|179847|101679|104092|199759,173701|179847|101679|104092|199759,173701|179847|101679|104092|28340,173701|222120|28340|179847|44647,Thong-tu-07-2021-TT-BGDDT-Quy-che-to-chuc-hoat-dong-truong-pho-thong-nang-khieu-the-thao-468415 || Nghi-dinh-46-2017-ND-CP-quy-dinh-dieu-kien-dau-tu-hoat-dong-trong-linh-vuc-giao-duc-336219 || Thong-tu-27-2011-TT-BGDDT-Quy-che-cong-tac-hoc-sinh-sinh-vien-noi-tru-125897 || Luat-Giao-duc-2005-38-2005-QH11-2636 || Thong-tu-06-2012-TT-BGDDT-Quy-che-to-chuc-va-hoat-dong-truong-trung-hoc-pho-135402,6|2|5|2|2,6|5|6|3|3,6|6|6|6|4
54870,Cách tính mức phụ cấp ưu đãi nghề đối với công chức phục vụ người bệnh gây mê hồi sức hiện nay được quy định như thế nào?,GENERAL_SEMANTIC,28,,0.5333333333333333,13,0.01953125,3.02150559425354,1,53589,140693,189865|215423|165830|140693|235497,189865|165830|215423|235497|140693,189865|165830|215423|235497|53589,189865|165830|53589|89901|235497,Nghi-dinh-56-2011-ND-CP-che-do-phu-cap-uu-dai-theo-nghe-126149 || Thong-tu-lien-tich-02-2012-TTLT-BYT-BNV-BTC-huong-dan-Nghi-dinh-56-2011-ND-CP-134437 || Nghi-dinh-26-2016-ND-CP-tro-phu-cap-cong-vien-chuc-nguoi-lao-dong-co-so-quan-ly-nguoi-nghien-ma-tuy- || Thong-tu-lien-tich-06-2009-TTLT-BKHDT-BNV-BTC-huong-dan-thuc-hien-QD-45-200-che-do-phu-cap-uu-dai-th || Quyet-dinh-132-2006-QD-TTg-che-do-phu-cap-uu-dai-theo-nghe-cong-chuc-vien-chuc-nganh-kiem-lam-bao-ve,5|5|5|1|0,5|5|5|2|3,5|5|5|5|3
59904,"Thực hiện đề án hỗ trợ học sinh, sinh viên khởi nghiệp theo các nhiệm vụ và giải pháp như thế nào?",GENERAL_SEMANTIC,22,,0.662962962962963,13,0.01953125,2.6872191429138184,1,93604,173386,248534|52434|79879|173386|95253,248534|52434|79879|173386|93604,248534|52434|79879|93604|95253,248534|257591|79879|52434|93604,Quyet-dinh-1665-QD-TTg-2017-de-an-Ho-tro-hoc-sinh-sinh-vien-khoi-nghiep-den-nam-2025-365846 || Quyet-dinh-619-QD-BGDDT-2022-thuc-hien-Chien-luoc-phat-trien-thanh-nien-nganh-Giao-duc-505693 || Thong-tu-126-2018-TT-BTC-kinh-phi-thuc-hien-De-an-Ho-tro-hoc-sinh-sinh-vien-khoi-nghiep-405667 || Quyet-dinh-844-QD-TTg-de-an-ho-tro-he-sinh-thai-khoi-nghiep-doi-moi-sang-tao-quoc-gia-den-2025-2016- || Nghi-quyet-01-NQLT-CP-BCHTWD-2017-phoi-hop-cua-Chinh-phu-va-Ban-chap-hanh-Trung-uong-Doan-372132,5|3|5|1|2,5|5|5|5|3,5|5|5|5|5
163322,Phụ cấp thâm niên nghề đối với sĩ quan quân đội được xác định như thế nào?,GENERAL_SEMANTIC,17,,0.543915343915344,11,0.02099609375,2.5517213344573975,0,,,302089|272424|140693|234976|186788,302089|272424|234976|186788|140693,302089|272424|234976|186788|140693,97506|302089|272424|190257|186788,Thong-tu-224-2017-TT-BQP-huong-dan-thuc-hien-che-do-phu-cap-tham-nien-doi-voi-si-quan-361827 ||  || Nghi-dinh-03-2016-ND-CP-quy-dinh-chi-tiet-bien-phap-thi-hanh-mot-so-dieu-Luat-Dan-quan-tu-ve-299881 || Nghi-dinh-19-2017-ND-CP-che-do-tien-luong-cong-nhan-quoc-phong-phu-cap-tham-nien-vien-chuc-quoc-phon || Thong-tu-33-2014-TT-BTC-phu-cap-tham-nien-phu-cap-uu-dai-nghe-du-tru-quoc-gia-Bo-Tai-chinh-224689,6|5|2|3|5,6|5|6|4|5,6|5|6|5|6
108542,Người phạm tội vận chuyển trái phép vũ khí quân dụng được xóa án tích khi nào?,CONDITION,17,HYPOTHETICAL,0.5158730158730158,10,0.021484375,3.380000114440918,1,136247,24778,245154|43981|102434|24778|194863,245154|43981|194863|102434|69560,245154|43981|102434|194863|136247,288833|136247|199484|43981|245154,Bo-luat-hinh-su-2015-296661 || Luat-sua-doi-Bo-luat-Hinh-su-2017-354053 || Bo-luat-to-tung-hinh-su-2015-296884 || Bo-luat-To-tung-Hinh-su-2003-19-2003-QH11-51701 || Nghi-quyet-41-2017-QH14-thi-hanh-Bo-luat-Hinh-su-100-2015-QH13-duoc-sua-doi-tai-12-2017-QH14-353900,6|5|5|4|1,6|6|5|5|3,6|6|5|5|3
45250,"Tiêu chuẩn để được làm hiệu trưởng trường trung cấp, trường cao đẳng là gì?",DEFINITION,15,INSTRUMENT,0.71984126984127,15,0.0224609375,3.458040475845337,0,,,66159|201540|22825|299925|167203,66159|22825|201540|167203|299925,66159|201540|22825|167203|299925,66159|22825|167203|267450|236560,Luat-Giao-duc-nghe-nghiep-2014-259733 || Thong-tu-14-2021-TT-BLDTBXH-Dieu-le-truong-trung-cap-477996 || Thong-tu-32-2020-TT-BGDDT-Dieu-le-truong-trung-hoc-co-so-truong-trung-hoc-pho-thong-443627 || Quyet-dinh-748-QD-BGTVT-2019-quy-dinh-tieu-chuan-chuc-danh-lanh-dao-Bo-Giao-thong-415819 || Thong-tu-15-2021-TT-BLDTBXH-Dieu-le-truong-cao-dang-477997,5|2|5|2|2,6|5|5|3|4,6|5|5|5|6
69812,Việc tạm giữ tang vật theo thủ tục hành chính chỉ được áp dụng trong trường hợp nào?,PROCEDURE,18,HYPOTHETICAL,0.5952380952380952,12,0.0224609375,5.07828426361084,0,,,17545|178736|237914|177170|125243,17545|178736|237914|177170|125243,17545|178736|237914|177170|125243,17545|7959|237914|125243|178736,Luat-xu-ly-vi-pham-hanh-chinh-2012-142766 || Nghi-dinh-142-2021-ND-CP-xu-phat-truc-xuat-ap-giai-nguoi-vi-pham-theo-thu-tuc-hanh-chinh-499549 || Luat-67-2020-QH14-xu-ly-vi-pham-hanh-chinh-sua-doi-373520 || Nghi-dinh-138-2021-ND-CP-bao-quan-tang-vat-phuong-tien-vi-pham-hanh-chinh-bi-tam-giu-tich-thu-487715 || Nghi-dinh-142-2017-ND-CP-quy-dinh-xu-phat-vi-pham-hanh-chinh-trong-linh-vuc-hang-hai-357272,6|6|3|2|2,6|6|5|5|4,6|6|6|5|5
145386,Người lợi dụng chức vụ phạm tội tha trái pháp luật người bị bắt về tội phạm đặc biệt nghiêm trọng đã chấp hành xong hình phạt tù thì đương nhiên được xóa án tích khi nào?,SANCTION,37,INSTRUMENT|HYPOTHETICAL,0.6256613756613756,12,0.022705078125,5.003678321838379,1,230077,194863,245154|43981|102434|24778|194863,245154|43981|24778|230077|102434,245154|43981|24778|230077|102434,288833|136247|245154|195539|151526,Bo-luat-hinh-su-2015-296661 || Luat-sua-doi-Bo-luat-Hinh-su-2017-354053 || Bo-Luat-hinh-su-1999-15-1999-QH10-46056 ||  || Bo-luat-to-tung-hinh-su-2015-296884,6|4|5|1|3,6|6|5|6|6,6|6|6|6|6
101496,Đơn vị đăng kiểm tiến hành kiểm tra phương tiện chuyển đổi tàu biển thành phương tiện thủy nội địa để cấp Giấy chứng nhận an toàn kỹ thuật và bảo vệ môi trường trong thời gian bao lâu?,PROCEDURE,39,,0.6947089947089948,15,0.0234375,4.0854058265686035,1,133631,303863,194788|226588|271580|303863|93869,194788|226588|271580|93869|303863,194788|226588|271580|93869|133631,194788|269005|93869|281112|226588,Thong-tu-48-2015-TT-BGTVT-quy-dinh-ve-dang-kiem-phuong-tien-thuy-noi-dia-292820 || Thong-tu-33-2011-TT-BGTVT-thu-tuc-cap-giay-chung-nhan-chat-luong-an-toan-123555 || Thong-tu-40-2016-TT-BGTVT-dang-kiem-tau-bien-Viet-Nam-334634 || Thong-tu-29-2018-TT-BGTVT-kiem-tra-chat-luong-an-toan-ky-thuat-phuong-tien-giao-thong-duong-sat-3261 || Quyet-dinh-854-QD-BGTVT-2022-cong-bo-thu-tuc-hanh-chinh-linh-vuc-dang-kiem-521795,6|5|2|2|0,6|5|4|3|3,6|5|5|5|5
11582,Khi phẫu thuật PRK điều trị tật lão thị có thể có những biến chứng nào?,GENERAL_SEMANTIC,16,HYPOTHETICAL,0.8206349206349206,16,0.0234375,1.484748363494873,1,303613,238267,270063|88970|49846|258607|238267,270063|49846|88970|258607|190541,270063|88970|49846|258607|303613,270063|303613|271933|158296|291066,Quyet-dinh-3906-QD-BYT-nam-2012-Quy-trinh-ky-thuat-kham-chua-benh-chuyen-nganh-150058 || Thong-tu-50-2022-TT-BTC-huong-dan-Nghi-dinh-119-2015-ND-CP-bao-hiem-bat-buoc-trong-dau-tu-526434 || Thong-tu-lien-tich-28-2013-TTLT-BYT-BLDTBXH-ty-le-ton-thuong-co-the-thuong-tich-benh-tat-benh-nghe-n || Thong-tu-22-2019-TT-BYT-quy-dinh-ty-le-phan-tram-ton-thuong-co-the-su-dung-trong-giam-dinh-phap-y-42 || Thong-tu-15-2016-TT-BYT-benh-nghe-nghiep-duoc-huong-bao-hiem-xa-hoi-319385,5|2|3|2|1,5|4|5|5|1,6|5|5|5|5
117020,Tòa án có thể quyết định áp dụng các biện pháp tư pháp nào đối với pháp nhân thương mại phạm tội?,DIRECT_REF,22,INSTRUMENT,0.5428571428571428,12,0.0234375,4.279416561126709,0,,,245154|102434|68399|62249|299044,245154|102434|62249|68399|299044,245154|102434|68399|62249|299044,245154|62249|46918|133451|187506,Bo-luat-hinh-su-2015-296661 || Bo-luat-to-tung-hinh-su-2015-296884 || Luat-Thi-hanh-an-hinh-su-2019-387991 || Nghi-dinh-44-2020-ND-CP-quy-dinh-cuong-che-thi-hanh-an-doi-voi-phap-nhan-thuong-mai-427244 || Thong-tu-lien-tich-04-2018-TTLT-VKSNDTC-BCA-BQP-thuc-hien-quy-dinh-cua-Bo-luat-to-tung-hinh-su-40216,5|4|5|5|3,6|6|6|5|5,6|6|6|5|6
121706,Cơ quan nào sẽ cấp giấy đăng ký kết hôn? ,PROCEDURE,10,,0.6140211640211641,12,0.0234375,1.7873588800430298,0,,,157168|270799|60283|272362|249204,157168|270799|60283|272362|249204,157168|270799|60283|249204|272362,157168|146687|299883|270799|59394,Luat-Ho-tich-2014-259727 || Nghi-dinh-126-2014-ND-CP-quy-dinh-chi-tiet-mot-so-dieu-bien-phap-thi-hanh-Luat-Hon-nhan-gia-dinh-262 || Nghi-dinh-123-2015-ND-CP-huong-dan-Luat-ho-tich-282304 || Thong-tu-04-2020-TT-BTP-huong-dan-Luat-ho-tich-va-Nghi-dinh-123-2015-ND-CP-ve-ho-tich-446237 || Thong-tu-lien-tich-02-2016-TTLT-BNG-BTP-huong-dan-dang-ky-quan-ly-ho-tich-Co-quan-dai-dien-ngoai-gia,6|5|3|2|4,6|6|5|6|5,6|6|6|6|6
126574,"Khi kết nối Cơ sở dữ liệu quốc gia về dân cư thì cơ quan, tổ chức có được phép lấy các thông tin về đời sống riêng tư, bí mật cá nhân hay không?",CONDITION,35,NEGATION|HYPOTHETICAL,0.2962962962962964,9,0.0234375,3.5355567932128906,1,64367,269190,107707|86639|178955|163224|269190,107707|86639|178955|163224|269190,107707|86639|178955|163224|64367,107707|86639|178955|299883|65054,Thong-tu-46-2022-TT-BCA-ket-noi-thong-tin-giua-Co-so-du-lieu-ve-dan-cu-voi-co-so-du-lieu-quoc-gia-54 || Nghi-dinh-137-2015-ND-CP-huong-dan-Luat-Can-cuoc-cong-dan-282742 ||  || Luat-Can-cuoc-cong-dan-2014-259782 || Nghi-dinh-62-2021-ND-CP-huong-dan-Luat-Cu-tru-473325,5|6|5|5|1,6|6|6|5|6,6|6|6|5|6
132332,Nơi tiếp nhận phạt nguội,GENERAL_SEMANTIC,5,,0.7825396825396825,18,0.0234375,2.4876186847686768,0,,,17545|219419|138907|50553|263253,17545|219419|138907|50553|263253,17545|219419|138907|50553|263253,292790|232550|263253|208373|50885,Luat-xu-ly-vi-pham-hanh-chinh-2012-142766 || Nghi-dinh-118-2021-ND-CP-huong-dan-Luat-Xu-ly-vi-pham-hanh-chinh-477969 || Thong-tu-153-2013-TT-BTC-thu-tuc-thu-nop-tien-phat-bien-lai-thu-tien-phat-VPHC-212736 || Thong-tu-78-2016-TT-BQP-quy-trinh-xu-ly-vi-pham-hanh-chinh-Bo-doi-Bien-phong-315899 || Thong-tu-18-2023-TT-BTC-thu-nop-tien-phat-bu-tru-so-tien-nop-phat-vi-pham-hanh-chinh-chenh-lech-5603,4|4|3|2|3,4|4|3|4|3,5|5|4|5|4
136056,Cơ quan tổ chức phòng chống tham nhũng trong ngành Thuế cần công khai những nội dung nào?,GENERAL_SEMANTIC,18,,0.6854497354497354,13,0.0234375,2.461016893386841,1,222030,245167,71659|184002|286384|279667|245167,71659|286384|279667|184002|214767,71659|286384|279667|184002|222030,71659|286384|222030|176420|279667,Quyet-dinh-742-QD-TCT-2020-Quy-che-phong-chong-tham-nhung-nganh-Thue-514626 || Quyet-dinh-2282-QD-TCT-2017-quy-che-lam-viec-co-quan-Tong-cuc-Thue-514258 || Luat-Phong-chong-tham-nhung-322049 || Luat-Thuc-hien-dan-chu-o-co-so-nam-2022-546085 || Thong-tu-117-2021-TT-BCA-thuc-hien-dan-chu-trong-thanh-tra-cua-Cong-an-nhan-dan-499131,6|4|3|2|3,6|6|6|5|4,6|6|6|5|4
137736,Công chức nghệ thuật biểu diễn không được nhận phụ cấp ưu đãi nghề khi ngưng làm công tác biểu diễn nghệ thuật bao lâu?,CONDITION,25,NEGATION|HYPOTHETICAL,0.5280423280423281,12,0.0234375,1.8190959692001343,0,,,302526|215423|235497|39975|44425,302526|44425|215423|39975|235497,302526|44425|215423|235497|39975,302526|44425|202048|283590|140693,Quyet-dinh-14-2015-QD-TTg-phu-cap-uu-dai-nghe-nghiep-boi-duong-nguoi-lam-nghe-thuat-bieu-dien-274842 || Thong-tu-167-2008-TT-BQP-phu-cap-uu-dai-theo-nghe-boi-duong-lao-dong-bieu-dien-nghe-thuat-quan-doi-2 || Nghi-dinh-26-2016-ND-CP-tro-phu-cap-cong-vien-chuc-nguoi-lao-dong-co-so-quan-ly-nguoi-nghien-ma-tuy- || Thong-tu-lien-tich-06-2009-TTLT-BKHDT-BNV-BTC-huong-dan-thuc-hien-QD-45-200-che-do-phu-cap-uu-dai-th || Nghi-dinh-144-2020-ND-CP-quy-dinh-hoat-dong-nghe-thuat-bieu-dien-459381,6|3|5|4|5,6|3|5|4|5,6|3|5|5|5
139032,"Chuyển mục đích sử dụng đất trồng lúa sang đất trồng cây lâu năm, đất trồng rừng trái phép bị xử phạt như thế nào?",SANCTION,25,,0.606084656084656,12,0.0234375,4.126594066619873,0,,,94754|257129|245154|305455|67945,94754|245154|257129|305455|67945,94754|245154|305455|67945|257129,94754|245154|43981|67945|305455,Nghi-dinh-91-2019-ND-CP-xu-phat-vi-pham-hanh-chinh-trong-linh-vuc-dat-dai-379364 || Bo-luat-hinh-su-2015-296661 || Luat-dat-dai-2013-215836 || Luat-Dat-dai-2003-13-2003-QH11-51685 || Nghi-dinh-01-2017-ND-CP-sua-doi-nghi-dinh-huong-dan-Luat-dat-dai-337031,6|2|5|4|2,6|5|6|5|3,6|5|6|6|4
156868,Cần chú ý những nội dung nào khi lập Biên bản kiểm toán dự án đầu tư?,GENERAL_SEMANTIC,17,HYPOTHETICAL,0.6428571428571429,14,0.0234375,2.152269124984741,1,133037,240772,66826|27511|243051|88080|240772,66826|88080|27511|243051|240772,66826|88080|27511|243051|133037,66826|88080|236693|282279|290988,Quyet-dinh-47-QD-KTNN-2021-huong-dan-kiem-toan-du-an-dau-tu-xay-dung-cong-trinh-cua-Kiem-toan-463543 || Quyet-dinh-01-2023-QD-KTNN-He-thong-mau-bieu-ho-so-kiem-toan-550680 || Thong-tu-67-2015-TT-BTC-Chuan-muc-kiem-toan-Viet-Nam-ve-kiem-toan-bao-cao-du-an-hoan-thanh-275072 || Quyet-dinh-158-QD-KTNN-2021-kiem-toan-chuong-trinh-muc-tieu-quoc-gia-cua-Kiem-toan-nha-nuoc-539310 || Quyet-dinh-08-2023-QD-KTNN-Quy-trinh-kiem-toan-cua-Kiem-toan-nha-nuoc-567835,6|2|6|2|1,6|3|6|5|5,6|3|6|6|5
18052,Cha mẹ được quyền trực tiếp nuôi dưỡng con có quyền cấm người không trực tiếp nuôi con không được gặp con hay không?,CONDITION,24,NEGATION,0.7185185185185186,15,0.0234375,2.6936278343200684,0,,,134404|228641|249224|61662|35408,134404|228641|249224|61662|35408,134404|228641|249224|61662|35408,134404|187506|249224|204578|110049,Luat-Hon-nhan-va-gia-dinh-2014-238640 ||  ||  || Luat-Phong-chong-bao-luc-gia-dinh-2022-490095 || Luat-nuoi-con-nuoi-2010-108082,6|2|1|2|3,6|3|6|2|4,6|5|6|5|6
19906,"Biểu mẫu thống kê kết quả điều tra, truy tố, xét xử sơ thẩm các vụ án hình sự hiện nay?",GENERAL_SEMANTIC,21,,0.6523809523809525,12,0.0234375,2.965599536895752,0,,,102896|236923|784|171195|133773,102896|171195|784|236923|133773,102896|236923|171195|784|133773,102896|171195|784|26918|82515,Quyet-dinh-452-QD-VKSTC-2013-bao-cao-thong-ke-thuc-hanh-quyen-cong-to-kiem-sat-hoat-dong-tu-phap-218 || Thong-tu-119-2021-TT-BCA-bieu-mau-giay-to-so-sach-ve-dieu-tra-hinh-su-497771 || Thong-tu-lien-tich-05-2018-TTLT-VKSNDTC-TANDTC-BCA-BQP-thuc-hien-thong-ke-hinh-su-401119 || Quyet-dinh-505-QD-VKSTC-2017-Quy-che-cong-tac-thuc-hanh-quyen-cong-to-369970 || Nghi-quyet-05-2017-NQ-HDTP-bieu-mau-van-ban-to-tung-ap-dung-xet-xu-luat-To-tung-hinh-su-320658,5|4|4|4|3,5|5|5|5|4,6|5|5|6|5
30142,Trong quy định về chất lượng kỹ thuật của dịch vụ truy nhập internet băng rộng cố định mặt đất thì mức chiếm dụng băng thông được quy định như thế nào?,GENERAL_SEMANTIC,32,,0.6732804232804233,13,0.0234375,2.3220367431640625,0,,,41144|101819|82140|205448|8847,101819|41144|82140|205448|8847,41144|101819|82140|205448|8847,101819|214347|252891|41144|21941, || Thong-tu-14-2022-TT-BTTTT-danh-muc-chat-luong-dich-vu-vien-thong-cong-ich-536121 || Thong-tu-03-2022-TT-BTTTT-He-thong-chi-tieu-thong-ke-nganh-Thong-tin-truyen-thong-518581 || Thong-tu-02-2020-TT-BTTTT-pham-vi-chat-luong-gia-cuoc-toi-da-dich-vu-vien-thong-cong-ich-435018 || Nghi-dinh-25-2011-ND-CP-huong-dan-Luat-Vien-thong-121713,6|5|2|2|2,6|6|2|5|2,6|6|2|5|3
44928,Phí bảo hiểm trách nhiệm nghề nghiệp tư vấn đầu tư xây dựng được xác định như thế nào?,GENERAL_SEMANTIC,19,,0.6166666666666667,13,0.0234375,4.3274312019348145,1,81128,7177,148391|88970|255906|212096|7177,148391|88970|212096|255906|7177,88970|148391|212096|255906|81128,88970|148391|212096|294517|89392,Thong-tu-50-2022-TT-BTC-huong-dan-Nghi-dinh-119-2015-ND-CP-bao-hiem-bat-buoc-trong-dau-tu-526434 || Thong-tu-329-2016-TT-BTC-huong-dan-119-2015-ND-CP-bao-hiem-bat-buoc-trong-dau-tu-xay-dung-300483 || Nghi-dinh-119-2015-ND-CP-quy-dinh-bao-hiem-bat-buoc-trong-hoat-dong-dau-tu-xay-dung-286180 || Nghi-dinh-10-2021-ND-CP-quan-ly-chi-phi-dau-tu-xay-dung-465104 || Thong-tu-08-2016-TT-BXD-huong-dan-hop-dong-tu-van-xay-dung-2016-307460,6|6|2|2|1,6|6|5|2|1,6|6|6|5|3
4756,"Tính thuế đối với HKD, CNKD nộp thuế theo phương pháp kê khai như thế nào?",GENERAL_SEMANTIC,16,,0.7613756613756614,15,0.0234375,3.5112180709838867,1,264280,222640,177345|161949|288898|105264|222640,177345|288898|161949|105264|264280,177345|288898|105264|161949|264280,177345|36677|181088|264280|288898,Thong-tu-40-2021-TT-BTC-huong-dan-thue-gia-tri-gia-tang-thue-thu-nhap-ca-nhan-477635 || Thong-tu-92-2015-TT-BTC-huong-dan-thue-gia-tri-gia-tang-thue-thu-nhap-ca-nhan-282089 || Nghi-dinh-218-2013-ND-CP-huong-dan-thi-hanh-Luat-thue-thu-nhap-doanh-nghiep-217811 || Luat-quan-ly-thue-2019-387595 || Luat-thue-thu-nhap-doanh-nghiep-2008-66935,5|3|3|4|1,6|3|5|5|4,6|3|5|5|5
54338,Pháp luật giới hạn số lượng ngoại tệ khi đi nước ngoài như thế nào?,DIRECT_REF,15,INSTRUMENT|HYPOTHETICAL,0.6682539682539683,15,0.0234375,1.3964964151382446,1,197900,105483,17913|193680|165049|274372|105483,17913|193680|274372|165049|197900,17913|197900|165049|193680|274372,197900|32778|274372|235622|17913,Thong-tu-20-2011-TT-NHNN-mua-ban-ngoai-te-tien-mat-ca-nhan-128505 || Thong-tu-07-2012-TT-NHNN-trang-thai-ngoai-te-to-chuc-tin-dung-136532 || Phap-lenh-ngoai-hoi-2005-28-2005-PL-UBTVQH11-8043 || Thong-tu-20-2022-TT-NHNN-huong-dan-hoat-dong-chuyen-tien-mot-chieu-tu-Viet-Nam-ra-nuoc-ngoai-512082 || Thong-tu-15-2011-TT-NHNN-mang-ngoai-te-tien-mat-dong-Viet-Nam-127834,5|1|4|3|5,5|2|5|5|5,5|4|5|5|5
696,Hơn 90.000 người lao động nông thôn sẽ được đào tạo nghề giai đoạn 2022-2025?,GENERAL_SEMANTIC,17,,0.5185185185185186,13,0.0234375,1.5858782529830933,1,236176,30156,75514|285636|98867|11864|30156,75514|98867|285636|11864|236176,75514|98867|285636|11864|236176,75514|98867|281469|285636|302138,Quyet-dinh-3685-QD-BNN-KTHT-2022-dao-tao-nghe-nong-nghiep-lao-dong-nong-thon-2022-2025-531006 || Nghi-quyet-26-NQ-CP-2023-thuc-hien-Nghi-quyet-19-NQ-TW-nong-nghiep-nong-dan-den-2030-556818 || Thong-tu-17-2022-TT-BLDTBXH-giao-duc-nghe-nghiep-nguoi-lao-dong-chuong-trinh-muc-tieu-quoc-gia-53002 || Quyet-dinh-263-QD-TTg-2022-Chuong-trinh-muc-tieu-quoc-gia-xay-dung-nong-thon-moi-505023 || Thong-tu-05-2022-TT-BNNPTNT-huong-dan-noi-dung-xay-dung-nong-thon-moi-2021-2025-524354,6|5|5|1|1,6|5|5|5|5,6|5|6|6|5
98726,"Sản phẩm của các nhiệm vụ điều tra, đánh giá tài nguyên nước dưới đất là gì?",DEFINITION,17,,0.5661375661375663,13,0.0234375,3.148308038711548,0,,,111725|214265|14021|30288|81673,111725|214265|30288|81673|14021,111725|214265|30288|81673|14021,111725|135549|293243|270463|81673,Thong-tu-13-2014-TT-BTNMT-ky-thuat-dieu-tra-danh-gia-tai-nguyen-nuoc-duoi-dat-221303 || Thong-tu-34-2018-TT-BTNMT-phan-loai-thuc-hien-dieu-tra-danh-gia-tai-nguyen-nuoc-duoi-dat-404800 || Thong-tu-08-2015-TT-BTNMT-ky-thuat-bom-nuoc-thi-nghiem-trong-dieu-tra-danh-gia-tai-nguyen-nuoc-26663 || Thong-tu-03-2022-TT-BTNMT-ky-thuat-cong-tac-thu-nhan-luu-tru-thong-tin-du-lieu-tai-nguyen-504971 || Luat-tai-nguyen-nuoc-2012-142767,6|5|5|1|4,6|5|5|3|5,6|5|5|4|5
98794,Doanh nghiệp nào phải nộp và không cần nộp báo cáo tài chính?,GENERAL_SEMANTIC,13,NEGATION,0.6693121693121693,15,0.0234375,2.357438564300537,1,166642,150467,42223|281238|306022|168520|150467,42223|168520|281238|306022|166642,42223|281238|168520|306022|166642,166642|168520|15491|163525|42223,Thong-tu-200-2014-TT-BTC-huong-dan-Che-do-ke-toan-Doanh-nghiep-263599 || Thong-tu-133-2016-TT-BTC-huong-dan-che-do-ke-toan-doanh-nghiep-nho-va-vua-284997 || Thong-tu-132-2018-TT-BTC-huong-dan-Che-do-ke-toan-cho-doanh-nghiep-sieu-nho-401322 || Thong-tu-107-2017-TT-BTC-huong-dan-Che-do-ke-toan-hanh-chinh-su-nghiep-333131 || Thong-tu-so-202-2014-TT-BTC-huong-dan-phuong-phap-lap-trinh-bay-Bao-cao-tai-chinh-hop-nhat-263617,5|6|1|4|0,6|6|1|5|5,6|6|4|5|5
12510,Chủ tịch Ủy ban nhân dân cấp tỉnh có quyền xử phạt cơ sở giết mổ không có biện pháp gây ngất vật nuôi trước khi giết mổ không?,SANCTION,29,NEGATION|HYPOTHETICAL,0.6285714285714286,14,0.025390625,1.780650019645691,1,108148|63930,129920|183011,293254|88309|129920|174929|183011,293254|88309|174929|108148|183011,293254|88309|174929|108148|63930,293254|137582|88309|108148|210490,Nghi-dinh-14-2021-ND-CP-xu-phat-vi-pham-hanh-chinh-ve-chan-nuoi-466330 || Nghi-dinh-90-2017-ND-CP-quy-dinh-xu-phat-vi-pham-hanh-chinh-trong-linh-vuc-thu-y-336190 || Nghi-dinh-42-2019-ND-CP-xu-phat-vi-pham-hanh-chinh-trong-linh-vuc-thuy-san-367439 || Nghi-dinh-130-2021-ND-CP-xu-phat-vi-pham-hanh-chinh-bao-tro-xa-hoi-va-tre-em-499523 || Nghi-dinh-167-2013-ND-CP-xu-phat-vi-pham-hanh-chinh-an-ninh-an-toan-xa-hoi-phong-chua-chay-213552,6|6|2|1|0,6|6|3|3|2,6|6|3|3|2
107904,Chủ tịch Ủy ban nhân dân cấp xã có quyền xử phạt cá nhân đưa vật thể thuộc diện kiểm dịch thực vật tới nơi không quy định trong Giấy phép kiểm dịch không?,SANCTION,34,NEGATION,0.8465608465608465,20,0.02734375,1.8621245622634888,1,32643|17545,81400|174929,165596|293254|81400|114608|174929,165596|293254|81400|114608|174929,165596|293254|32643|114608|17545,165596|32643|45352|293254|278751,Nghi-dinh-31-2016-ND-CP-xu-phat-vi-pham-hanh-chinh-linh-vuc-giong-cay-trong-bao-ve-thuc-vat-2016-310 || Nghi-dinh-14-2021-ND-CP-xu-phat-vi-pham-hanh-chinh-ve-chan-nuoi-466330 || Nghi-dinh-96-2020-ND-CP-xu-phat-vi-pham-hanh-chinh-trong-quan-ly-bao-ve-bien-gioi-quoc-gia-450989 || Nghi-dinh-71-2019-ND-CP-xu-phat-vi-pham-hanh-chinh-trong-linh-vuc-hoa-chat-vat-lieu-no-cong-nghiep-4 || Luat-xu-ly-vi-pham-hanh-chinh-2012-142766,1|2|1|1|1,3|2|2|2|1,5|2|5|3|5
20870,Thủ tục bổ nhiệm Thừa phát lại theo quy định mới nhất hiện nay được thực hiện như thế nào?,PROCEDURE,20,,0.7185185185185186,14,0.02734375,2.271470069885254,1,93888,174171,127073|80730|174171|43848|292761,127073|80730|93888|292761|174171,127073|80730|292761|43848|93888,61383|170248|93888|127073|16583,Nghi-dinh-08-2020-ND-CP-to-chuc-va-hoat-dong-cua-Thua-phat-lai-331814 ||  || Quyet-dinh-400-QD-VKSTC-2021-Quy-che-bo-nhiem-bo-nhiem-lai-cong-chuc-nganh-Kiem-sat-496325 || Thong-tu-08-2022-TT-BTP-Quy-tac-dao-duc-nghe-nghiep-Thua-phat-lai-506270 || Nghi-dinh-159-2020-ND-CP-quan-ly-nguoi-giu-chuc-danh-chuc-vu-tai-doanh-nghiep-100-von-Nha-nuoc-46172,5|2|3|2|0,5|3|3|2|2,5|5|5|5|2
21386,Hội đồng tư vấn xác định dự án khoa học và công nghệ đặt hàng cấp Bộ Quốc phòng mở phiên họp có bắt buộc Chủ tịch Hội đồng phải tham gia?,GENERAL_SEMANTIC,32,,0.3936507936507937,9,0.02734375,2.3567593097686768,1,163424,236717,192327|57856|50424|11663|236717,192327|57856|50424|11663|163424,192327|57856|50424|11663|163424,226458|163424|57856|192327|120600,Thong-tu-180-2019-TT-BQP-trinh-tu-thu-tuc-de-xuat-xac-dinh-nhiem-vu-khoa-hoc-cong-nghe-dat-hang-4307 || Thong-tu-07-2014-TT-BKHCN-trinh-tu-thu-tuc-xac-dinh-nhiem-vu-khoa-hoc-cong-nghe-su-dung-ngan-sach-23 || Thong-tu-06-2023-TT-BKHCN-thu-tuc-xac-dinh-nhiem-vu-khoa-hoc-cong-nghe-cap-quoc-gia-su-dung-ngan-sac || Quyet-dinh-332-QD-LDTBXH-2018-Quy-che-quan-ly-nhiem-vu-khoa-hoc-va-cong-nghe-cap-Bo-380383 || Thong-tu-03-2017-TT-BKHCN-sua-doi-07-2014-TT-BKHCN-nhiem-vu-khoa-hoc-quoc-gia-ngan-sach-350179,6|5|6|5|0,6|6|6|6|2,6|6|6|6|3
25942,"Chồng ngoại tình, vợ có được đơn phương ly hôn không?",CONDITION,11,NEGATION,0.6746031746031746,13,0.02734375,2.006293773651123,1,46918,245154,134404|204578|258410|176583|245154,134404|204578|258410|176583|245154,134404|204578|258410|176583|46918,204578|134404|258410|276833|176583,Luat-Hon-nhan-va-gia-dinh-2014-238640 ||  || Nghi-quyet-02-2000-NQ-HDTP-huong-dan-ap-dung-quy-dinh-Luat-Hon-nhan-va-gia-dinh-nam-2000-47272 || Thong-tu-lien-tich-01-2016-TTLT-TANDTC-VKSNDTC-BTP-huong-dan-thi-hanh-Luat-hon-nhan-gia-dinh-293202 || Bo-luat-to-tung-dan-su-2015-296861,5|6|3|3|0,6|6|3|5|5,6|6|4|5|5
35736,Thủ tục ra quyết định không công nhận hòa giải thành tại tòa án trong trường hợp thuận tình ly hôn được quy định ra sao?,PROCEDURE,26,INSTRUMENT|NEGATION|HYPOTHETICAL,0.615079365079365,12,0.02734375,4.360513210296631,1,161495,130747,203564|46918|98697|98045|130747,203564|98697|46918|130747|98045,203564|98697|46918|161495|98045,161495|98697|203564|130747|98045,Luat-Hoa-giai-doi-thoai-tai-Toa-an-so-58-2020-QH14-395767 ||  || Bo-luat-to-tung-dan-su-2015-296861 ||  || ,6|4|6|2|2,6|4|6|3|5,6|4|6|6|5
94682,Thành viên Ban Biên tập Cổng thông tin điện tử Bộ Tài chính sẽ nhận được những quyền lợi gì?,GENERAL_SEMANTIC,20,,0.5716931216931218,11,0.02734375,2.9333019256591797,0,,,218388|27047|142382|183504|250030,218388|183504|27047|142382|250030,218388|183504|27047|142382|250030,218388|160771|183504|260098|186104,Quyet-dinh-2131-QD-BTC-Quy-che-hoat-dong-cua-Cong-thong-tin-dien-tu-Bo-Tai-chinh-2016-325818 || Quyet-dinh-4148-QD-BTP-Quy-che-hoat-dong-Ban-Bien-tap-Cong-thong-tin-130839 || Quyet-dinh-7082-QD-BCT-nam-2012-Quy-che-hoat-dong-Cong-thong-tin-dien-tu-151995 || Quyet-dinh-2819-QD-TTCP-nam-2012-Quy-che-hoat-dong-Ban-Bien-tap-Cong-thong-tin-151046 || Quyet-dinh-146-QD-BTTTT-cung-cap-thong-tin-dich-vu-cong-truc-tuyen-tren-Cong-Thong-tin-dien-tu-2017-,5|4|3|5|4,5|5|6|5|5,6|5|6|5|6
164484,Chủ tịch Ủy ban nhân dân cấp huyện được quyền xử phạt người tổ chức sự kiện giới thiệu mỹ phẩm nhưng không thông báo tới cơ quan có thẩm quyền không?,SANCTION,32,NEGATION,0.8462962962962963,18,0.029296875,2.0697083473205566,1,229874,18428,107019|9129|18428|306050|32778,107019|9129|306050|18428|32778,107019|9129|229874|306050|32778,107019|152966|9129|229874|108148,Nghi-dinh-117-2020-ND-CP-quy-dinh-xu-phat-vi-pham-hanh-chinh-trong-linh-vuc-y-te-398159 || Nghi-dinh-38-2021-ND-CP-xu-phat-vi-pham-hanh-chinh-trong-linh-vuc-van-hoa-quang-cao-469165 || Nghi-dinh-119-2020-ND-CP-xu-phat-vi-pham-hanh-chinh-trong-hoat-dong-bao-chi-hoat-dong-xuat-ban-45462 ||  || Nghi-dinh-128-2020-ND-CP-xu-phat-vi-pham-hanh-chinh-trong-linh-vuc-hai-quan-426375,4|2|1|1|1,4|4|1|2|1,6|6|2|2|3
157564,Thân nhân liệt sĩ có được giải quyết chế độ ưu đãi người có công nuôi liệt sĩ không?,PROCEDURE,19,NEGATION,0.3746031746031746,7,0.029541015625,3.4588398933410645,0,,,156|6239|305827|303955|123271,156|305827|6239|303955|123271,156|305827|6239|303955|123271,156|305827|233494|25075|40539,Nghi-dinh-131-2021-ND-CP-huong-dan-Phap-lenh-Uu-dai-nguoi-co-cong-voi-cach-mang-288920 || Thong-tu-05-2013-TT-BLDTBXH-huong-dan-thu-tuc-lap-ho-so-thuc-hien-che-do-uu-dai-192986 || Phap-lenh-02-2020-UBTVQH14-uu-dai-nguoi-co-cong-voi-Cach-mang-460718 || Quyet-dinh-108-QD-LDTBXH-2022-cong-bo-thu-tuc-hanh-chinh-linh-vuc-nguoi-co-cong-509219 || Nghi-dinh-31-2013-ND-CP-huong-dan-Phap-lenh-uu-dai-nguoi-co-cong-voi-cach-mang-181099,6|6|5|3|5,6|6|5|6|6,6|6|6|6|6
105856,Nội dung chính cần có khi lập phương thức vận hành hệ thống điện miền là gì?,DEFINITION,17,HYPOTHETICAL,0.5375661375661377,11,0.03125,3.2660443782806396,1,279492,265229,212986|189946|150162|263188|265229,212986|189946|150162|263188|265229,212986|189946|150162|263188|279492,212986|189946|131639|148098|150162,Thong-tu-40-2014-TT-BCT-quy-trinh-dieu-do-he-thong-dien-quoc-gia-257251 || Quyet-dinh-69-QD-DTDL-2018-Kiem-tra-chuc-danh-tham-gia-dieu-do-van-hanh-he-thong-dien-quoc-gia-39596 || Thong-tu-39-2015-TT-BCT-he-thong-dien-phan-phoi-296868 || Thong-tu-25-2016-TT-BCT-he-thong-dien-truyen-tai-334019 || Nghi-dinh-37-2019-ND-CP-huong-dan-Luat-Quy-hoach-374745,6|5|5|3|0,6|6|5|5|2,6|6|5|6|2
125272,Chi phí thực hiện bắt giữ tàu biển được thanh toán theo nguyên tắc nào theo quy định của pháp luật?,GENERAL_SEMANTIC,21,,0.6074074074074075,13,0.03125,3.8441436290740967,0,,,242506|288109|232070|82810|289217,242506|288109|232070|82810|90853,242506|288109|232070|82810|289217,242506|90853|288109|82810|65787,Nghi-dinh-57-2010-ND-CP-huong-dan-thi-hanh-Phap-lenh-thu-tuc-bat-giu-tau-bien-106194 || Bo-luat-hang-hai-Viet-Nam-2015-298374 || Phap-lenh-thu-tuc-bat-giu-tau-bien-2008-05-2008-UBTVQH12-70478 || Phap-lenh-11-2010-UBTVQH12-thu-tuc-bat-giu-tau-bay-103504 || Thong-tu-261-2016-TT-BTC-quy-dinh-ve-phi-le-phi-hang-hai-bieu-muc-thu-phi-le-phi-hang-hai-319384,5|6|5|2|2,6|6|5|5|2,6|6|5|5|2
148206,Đề xuất mở rộng phạm vi đánh thuế bảo vệ môi trường đối với hàng hóa khi sử dụng gây ô nhiễm môi trường?,GENERAL_SEMANTIC,24,HYPOTHETICAL,0.6317460317460317,12,0.03125,2.0694735050201416,1,111532,122717,272812|299694|80245|80630|122717,299694|80245|272812|111532|80630,299694|80245|272812|111532|80630,303466|80245|299694|111532|187075,Luat-so-72-2020-QH14-Bao-ve-moi-truong-2020-431147 || Luat-thue-bao-ve-moi-truong-2010-115247 || Thong-tu-152-2011-TT-BTC-huong-dan-Nghi-dinh-67-2011-ND-CP-huong-dan-Luat-thue-131987 || Nghi-quyet-579-2018-UBTVQH14-Bieu-thue-bao-ve-moi-truong-374960 || Thong-tu-159-2012-TT-BTC-sua-doi-Thong-tu-152-2011-TT-BTC-huong-dan-Nghi-dinh-67-149966,4|5|5|3|3,6|5|5|5|4,6|5|5|5|5
156316,"Thời gian thực hiện thí điểm nộp thuế điện tử đối với hàng hóa xuất khẩu, nhập khẩu Đề án là khi nào?",CONDITION,23,HYPOTHETICAL,0.7883597883597884,18,0.03125,2.6954550743103027,1,257429,200293,120333|35531|161949|200293|190965,120333|35531|161949|200293|190965,120333|35531|161949|257429|190965,120333|161949|257429|246534|277210,Quyet-dinh-101-QD-TCHQ-2023-nop-thue-dien-tu-hang-hoa-xuat-nhap-khau-qua-trung-gian-thanh-toan-55300 || Thong-tu-19-2021-TT-BTC-huong-dan-giao-dich-dien-tu-trong-linh-vuc-thue-469068 || Luat-quan-ly-thue-2019-387595 || Nghi-dinh-18-2021-ND-CP-sua-doi-Nghi-dinh-134-2016-ND-CP-huong-dan-Luat-Thue-xuat-nhap-khau-386321 || Luat-thue-xuat-khau-thue-nhap-khau-2016-280693,6|3|3|0|1,6|4|4|3|1,6|5|5|3|1
15670,"Cơ sở giáo dục nào được kiểm tra và công nhận biết tiếng Việt thành thạo trong cơ sở khám bệnh, chữa bệnh?",GENERAL_SEMANTIC,23,,0.346031746031746,9,0.03125,4.386560916900635,0,,,173452|298336|96483|276631|234757,173452|298336|96483|276631|234757,173452|298336|96483|276631|234757,173452|298336|234757|268197|96483,Nghi-dinh-109-2016-ND-CP-cap-chung-chi-hanh-nghe-nguoi-hanh-nghe-cap-giay-phep-hoat-dong-316127 || Thong-tu-41-2011-TT-BYT-huong-dan-cap-chung-chi-hanh-nghe-nguoi-hanh-nghe-131877 || Thong-tu-07-2018-TT-BYT-huong-dan-kinh-doanh-duoc-cua-Luat-duoc-Nghi-dinh-54-2017-ND-CP-381621 ||  || Luat-kham-benh-chua-benh-nam-2009-98714,6|6|6|1|3,6|6|6|5|6,6|6|6|5|6
38602,Chi cục Hải quan quản lý kho có trách nhiệm như thế nào với việc chuyển loại xăng dầu trong kho ngoại quan xăng dầu?,GENERAL_SEMANTIC,25,,0.3388888888888889,9,0.03125,4.400600910186768,1,122813,34136,70574|260889|177389|222640|34136,70574|177389|222640|260889|34136,70574|260889|177389|222640|122813,70574|222640|177389|196969|34136, || Thong-tu-69-2016-TT-BTC-thu-tuc-hai-quan-xang-dau-hoa-chat-xuat-nhap-khau-tam-nhap-tai-xuat-chuyen-k || Thong-tu-39-2018-TT-BTC-sua-doi-Thong-tu-38-2015-TT-BTC-kiem-tra-giam-sat-hai-quan-342345 || Thong-tu-38-2015-TT-BTC-thu-tuc-hai-quan-thue-xuat-khau-nhap-khau-quan-ly-thue-hang-xuat-nhap-khau-2 || Quyet-dinh-140-2021-QD-TANDTC-Quy-che-quan-ly-xe-o-to-phuc-vu-chuc-danh-trong-Toa-an-nhan-dan-474826,6|6|4|5|0,6|6|4|5|0,6|6|4|5|1
49284,"Trình tự cấp Giấy phép đối với trường hợp chuyển đổi chương trình, dự án tài chính vi mô như thế nào?",PROCEDURE,22,,0.7317460317460318,16,0.03125,3.876464605331421,0,,,71651|299550|276267|48595|30157,71651|299550|30157|276267|48595,71651|299550|30157|276267|48595,71651|30157|299550|133938|124296,Thong-tu-03-2018-TT-NHNN-cap-Giay-phep-to-chuc-va-hoat-dong-cua-to-chuc-Tai-chinh-vi-mo-328857 || Quyet-dinh-20-2017-QD-TTg-hoat-dong-chuong-trinh-du-an-tai-chinh-vi-mo-to-chuc-chinh-tri-352057 || Thong-tu-19-2019-TT-NHNN-mang-luoi-hoat-dong-cua-to-chuc-tai-chinh-vi-mo-428431 || Thong-tu-10-2018-TT-NHNN-trinh-tu-thu-tuc-chap-thuan-nhung-thay-doi-cua-to-chuc-tai-chinh-vi-mo-3642 || Thong-tu-30-2015-TT-NHNN-cap-Giay-phep-to-chuc-hoat-dong-cua-to-chuc-tin-dung-phi-ngan-hang-299233,5|5|3|2|2,5|5|3|2|3,5|6|5|5|5
56766,Người muốn trở thành hội viên của Hội Nghệ sĩ Nhiếp ảnh Việt Nam thì phải đáp ứng những điều kiện nào?,CONDITION,22,,0.5915343915343916,13,0.03125,2.610053062438965,1,229046|70255,102561|280367,183231|207058|134982|102561|280367,183231|134982|207058|229046|102561,183231|207058|134982|229046|70255,183231|134982|229046|60889|207058,Quyet-dinh-65-2005-QD-BNV-Dieu-le-Hoi-Nghe-si-Nhiep-anh-Viet-Nam-sua-doi-20948 || Quyet-dinh-97-2005-QD-BNV-Dieu-le-sua-doi-Hoi-nhung-nguoi-lam-cong-tac-Dien-anh-Viet-Nam-Hoi-Dien-an || Quyet-dinh-861-QD-BNV-Dieu-le-Hoi-My-thuat-Viet-Nam-181087 || Quyet-dinh-840-QD-BNV-2021-phe-duyet-Dieu-le-Hoi-Bao-ve-quyen-tac-pham-dien-anh-483281 || Quyet-dinh-316-QD-BNV-nam-2012-phe-duyet-Dieu-le-Hoi-Truyen-thong-so-Viet-Nam-141708,6|5|5|1|0,6|5|5|4|1,6|5|5|5|4
92524,Công tác đưa hoạt động chữ thập đỏ vào trường học để tiếp cận với thanh thiếu niên phải được thực hiện như thế nào?,GENERAL_SEMANTIC,25,,0.683068783068783,14,0.03125,1.458153247833252,1,195170,299436,183216|17305|224736|299436|201504,183216|224736|17305|299436|201504,183216|224736|17305|195170|201504,183216|195170|224736|123877|119286,Thong-tu-07-2014-TT-BGDDT-hoat-dong-chu-thap-do-trong-truong-hoc-Bo-truong-Bo-Giao-duc-Dao-tao-2014- || Luat-hoat-dong-chu-thap-do-2008-11-2008-QH12-66954 || Quyet-dinh-1895-QD-TTg-2021-giao-duc-ly-tuong-cach-mang-dao-duc-loi-song-cho-nhi-dong-494137 || Thong-tu-19-2020-TT-BGDDT-quy-dinh-che-do-bao-cao-dinh-ky-447229 || Quyet-dinh-282-QD-TTg-2018-phe-duyet-Dieu-le-Hoi-Chu-thap-do-Viet-Nam-376742,5|2|4|0|2,5|5|4|1|2,5|5|4|2|5
93166,Quy định về giải pháp phòng chống lũ thì các bãi sông tại sông Hồng và sông Thái Bình được nghiên cứu xây dựng như thế nào?,GENERAL_SEMANTIC,27,,0.5134920634920634,11,0.03125,1.355993628501892,1,260249,205155,195131|80085|227969|14021|205155,195131|80085|227969|14021|205155,195131|80085|227969|14021|260249,80085|195131|227969|260249|3011,Quyet-dinh-257-QD-TTg-quy-hoach-phong-chong-lu-de-dieu-song-Hong-Thai-Binh-2016-303048 || Quyet-dinh-429-QD-TTg-2023-sua-doi-Quyet-dinh-257-QD-TTg-phong-chong-lu-song-Hong-564091 || Luat-de-dieu-2006-79-2006-QH11-15872 || Luat-tai-nguyen-nuoc-2012-142767 || Luat-Phong-chong-thien-tai-Luat-De-dieu-sua-doi-2020-so-60-2020-QH14-373522,6|5|5|2|1,6|5|6|6|2,6|5|6|6|3
97416,Thời hiệu xử phạt vi phạm hành chính đối với thuyền viên cho thuê chứng chỉ chuyên môn của mình là bao lâu?,SANCTION,23,,0.33650793650793653,8,0.03125,3.2802016735076904,1,258855,174929,125243|86502|17545|89814|174929,125243|86502|17545|258855|89814,125243|86502|17545|258855|89814,258855|164239|86502|17545|125243,Nghi-dinh-142-2017-ND-CP-quy-dinh-xu-phat-vi-pham-hanh-chinh-trong-linh-vuc-hang-hai-357272 || Nghi-dinh-139-2021-ND-CP-xu-phat-vi-pham-hanh-chinh-giao-thong-duong-thuy-noi-dia-499527 || Luat-xu-ly-vi-pham-hanh-chinh-2012-142766 || Nghi-dinh-123-2021-ND-CP-sua-doi-Nghi-dinh-xu-phat-vi-pham-hanh-chinh-linh-vuc-hang-hai-477975 || ,6|6|5|3|6,6|6|5|4|6,6|6|5|6|6
119470,Giám đốc Công an cấp tỉnh được quyền xử phạt cơ sở trợ giúp xã hội không báo cáo định kỳ về tình hình hoạt động của cơ sở theo quy định không?,SANCTION,33,NEGATION,0.683862433862434,14,0.033203125,2.547329902648926,1,221671,269720,108148|125585|98892|269720|9129,108148|125585|98892|9129|269720,108148|125585|98892|9129|221671,108148|229874|278875|8824|271411,Nghi-dinh-130-2021-ND-CP-xu-phat-vi-pham-hanh-chinh-bao-tro-xa-hoi-va-tre-em-499523 || Nghi-dinh-14-2022-ND-CP-sua-doi-Nghi-dinh-15-2020-ND-CP-xu-phat-hanh-chinh-buu-chinh-482325 || Nghi-dinh-144-2021-ND-CP-xu-phat-vi-pham-hanh-chinh-linh-vuc-an-ninh-an-toan-xa-hoi-425471 || Nghi-dinh-38-2021-ND-CP-xu-phat-vi-pham-hanh-chinh-trong-linh-vuc-van-hoa-quang-cao-469165 || Nghi-dinh-88-2022-ND-CP-xu-phat-vi-pham-hanh-chinh-giao-duc-nghe-nghiep-534876,6|2|5|2|1,6|3|5|2|2,6|5|5|5|3
150506,"Cách tính thời gian thực tế làm việc ở vùng đặc biệt khó khăn dùng để xác định hưởng các chế độ phụ cấp, trợ cấp như thế nào?",GENERAL_SEMANTIC,29,,0.6087301587301587,13,0.033203125,2.956038236618042,0,,,40635|252565|97506|247822|124454,40635|252565|97506|247822|124454,40635|252565|97506|247822|124454,40635|247822|97468|97506|252565,Nghi-dinh-76-2019-ND-CP-chinh-sach-doi-voi-can-bo-cong-chuc-cong-tac-o-vung-kinh-te-dac-biet-kho-kha ||  || Thong-tu-162-2017-TT-BQP-huong-dan-151-2016-ND-CP-chinh-sach-Luat-Quan-nhan-chuyen-nghiep-354883 || Nghi-dinh-32-2013-ND-CP-huong-dan-che-do-chinh-sach-nguoi-lam-cong-tac-co-yeu-182292 || Thong-tu-lien-tich-01-2012-TTLT-BQP-BLDTBXH-BTC-huong-dan-Quyet-dinh-62-2011-QD-134832,5|5|4|4|2,5|5|5|6|5,5|5|6|6|5
31310,"Trách nhiệm của cơ sở khai thác, sử dụng tài nguyên nước theo quy định hiện nay là gì?",DEFINITION,19,,0.6722222222222223,14,0.033203125,4.2254109382629395,0,,,151981|14021|138634|284128|208663,151981|138634|14021|284128|208663,151981|138634|14021|284128|208663,151981|138634|283074|274532|251354,Thong-tu-17-2021-TT-BTNMT-giam-sat-khai-thac-su-dung-tai-nguyen-nuoc-491173 || Luat-thuc-hanh-tiet-kiem-chong-lang-phi-2013-215837 || Luat-tai-nguyen-nuoc-2012-142767 || Thong-tu-56-2014-TT-BTNMT-dieu-kien-nang-luc-to-chuc-ca-nhan-dieu-tra-cap-giay-phep-tai-nguyen-nuoc- || Nghi-dinh-201-2013-ND-CP-huong-dan-Luat-tai-nguyen-nuoc-214786,5|5|4|2|2,5|5|5|2|5,5|5|5|2|5
58594,Thanh toán khối lượng hoàn thành đối với các công việc được thực hiện không thông qua hợp đồng?,GENERAL_SEMANTIC,19,NEGATION,0.4380952380952381,10,0.033203125,4.321195125579834,1,60416,258342,282279|195377|16570|258342|66826,282279|195377|16570|258342|66826,282279|195377|16570|60416|66826,60416|282279|35296|89392|66826,Nghi-dinh-99-2021-ND-CP-quan-ly-thanh-toan-quyet-toan-du-an-su-dung-von-dau-tu-cong-494480 || Nghi-dinh-63-2014-ND-CP-huong-dan-Luat-Dau-thau-ve-lua-chon-nha-thau-237481 || Nghi-dinh-95-2020-ND-CP-thuc-hien-dau-thau-mua-sam-theo-Hiep-dinh-Doi-tac-xuyen-Thai-Binh-Duong-4511 || Nghi-dinh-11-2020-ND-CP-thu-tuc-hanh-chinh-thuoc-linh-vuc-Kho-bac-Nha-nuoc-433293 || Quyet-dinh-47-QD-KTNN-2021-huong-dan-kiem-toan-du-an-dau-tu-xay-dung-cong-trinh-cua-Kiem-toan-463543,6|5|5|1|1,6|5|6|1|3,6|6|6|2|5
88800,"Khi thực hiện bản kê khai tài sản, thu nhập cần lưu ý điều gì?",GENERAL_SEMANTIC,15,HYPOTHETICAL,0.584126984126984,11,0.033203125,4.744441986083984,0,,,279667|179363|71659|140094|299073,179363|279667|71659|140094|299073,279667|179363|71659|140094|299073,147039|71659|140094|208153|179363,Luat-Phong-chong-tham-nhung-322049 ||  || Quyet-dinh-742-QD-TCT-2020-Quy-che-phong-chong-tham-nhung-nganh-Thue-514626 || Quyet-dinh-70-QD-TTCP-2021-cong-bo-thu-tuc-hanh-chinh-linh-vuc-phong-chong-tham-nhung-467999 || Quyet-dinh-222-QD-BCT-2022-nang-ngach-cong-chuc-va-cong-tac-can-bo-Bo-Cong-thuong-505064,2|5|5|5|2,5|5|5|5|4,5|5|5|5|4
91268,Quỹ Nước sạch và Bảo vệ môi trường Việt Nam có chức năng là gì?,DEFINITION,15,,0.5293650793650793,11,0.033203125,3.011855125427246,1,121889,187045,221604|198723|167439|187045|33450,198723|221604|167439|33450|187045,221604|198723|167439|33450|121889,198723|47686|218452|204597|33450,Quyet-dinh-404-QD-BNV-nam-2010-Quy-Nuoc-sach-va-Bao-ve-moi-truong-Viet-Nam-180699 || Quyet-dinh-78-2014-QD-TTg-to-chuc-hoat-dong-Quy-Bao-ve-moi-truong-Viet-Nam-261815 || Quyet-dinh-808-QD-BNV-2018-cap-Giay-phep-thanh-lap-Dieu-le-Quy-Xa-hoi-Tu-thien-Hanh-Trinh-Xanh-38369 || Quyet-dinh-05-QD-BNV-2019-cap-Giap-phep-thanh-lap-Quy-Ho-tro-phat-trien-sinh-ke-vi-cong-dong-404764 || Quyet-dinh-346-QD-BNV-2021-cong-nhan-Dieu-le-Quy-Hanh-phuc-cho-moi-nguoi-467132,6|6|5|0|0,6|6|5|2|1,6|6|5|3|3
104118,Canh tác là gì?,DEFINITION,4,,0.7158730158730159,15,0.03515625,2.720740556716919,1,153173,10876,108670|270830|184038|268509|10876,108670|270830|184038|268509|153173,108670|268509|270830|184038|153173,108670|103184|205572|268509|94754,Luat-Trong-trot-2018-336355 || Quyet-dinh-1680-QD-BNN-VPDP-2022-huong-dan-tieu-chi-Bo-tieu-chi-quoc-gia-ve-xa-nong-thon-moi-513101 || Nghi-dinh-55-2015-ND-CP-chinh-sach-tin-dung-phuc-vu-phat-trien-nong-nghiep-nong-thon-277254 ||  || Luat-Chan-nuoi-2018-353242,5|1|4|2|4,6|2|5|3|4,6|2|5|5|5
131492,Trong trường hợp người từ đủ 16 tuổi bị xử phạt vi phạm hành chính thì có bị áp dụng biện pháp giáo dục hay không?,SANCTION,26,NEGATION|HYPOTHETICAL,0.43412698412698403,8,0.03515625,3.6878910064697266,0,,,17545|237914|219419|273934|245154,17545|237914|273934|219419|245154,17545|237914|273934|219419|245154,237914|273934|17545|219419|43981,Luat-xu-ly-vi-pham-hanh-chinh-2012-142766 || Luat-67-2020-QH14-xu-ly-vi-pham-hanh-chinh-sua-doi-373520 || Nghi-dinh-120-2021-ND-CP-che-do-ap-dung-bien-phap-xu-ly-hanh-chinh-giao-duc-tai-xa-phuong-477976 || Nghi-dinh-118-2021-ND-CP-huong-dan-Luat-Xu-ly-vi-pham-hanh-chinh-477969 || Bo-luat-hinh-su-2015-296661,6|5|5|5|4,6|5|5|6|6,6|5|6|6|6
16188,"Kế hoạch xác minh tài sản, thu nhập hằng năm tại cơ quan, tổ chức, đơn vị phải có những nội dung gì?",GENERAL_SEMANTIC,23,,0.7066137566137567,15,0.03515625,5.003708362579346,1,246812,239917,179363|279667|56363|239917|140094,179363|279667|239917|140094|56363,179363|279667|140094|56363|246812,179363|251260|140094|1510|246812, || Luat-Phong-chong-tham-nhung-322049 || Quyet-dinh-70-QD-TTCP-2021-cong-bo-thu-tuc-hanh-chinh-linh-vuc-phong-chong-tham-nhung-467999 || Thong-tu-01-2020-TT-TANDTC-quy-dinh-giai-quyet-khieu-nai-to-cao-trong-Toa-an-nhan-dan-445522 || Thong-tu-23-2022-TT-BCA-tham-quyen-trinh-tu-giai-quyet-khieu-nai-trong-Cong-an-nhan-dan-514402,6|4|2|2|1,6|6|4|5|4,6|6|6|5|4
30714,Nội dung hoạt động khảo sát thực tế của đoàn đánh giá ngoài khi kiểm định chất lượng cơ sở giáo dục nghề nghiệp gồm những gì?,GENERAL_SEMANTIC,27,HYPOTHETICAL,0.543915343915344,11,0.03515625,4.212314128875732,0,,,125212|263951|281150|63554|78774,125212|263951|281150|78774|63554,125212|263951|281150|63554|78774,125212|78774|156443|303988|263951,Thong-tu-27-2018-TT-BLDTBXH-danh-gia-cap-the-kiem-dinh-vien-chat-luong-giao-duc-nghe-nghiep-410625 || Thong-tu-12-2017-TT-BGDDT-kiem-dinh-chat-luong-co-so-giao-duc-dai-hoc-349575 || Thong-tu-35-2021-TT-BLDTBXH-tieu-chi-quy-trinh-cong-nhan-truong-cao-dang-chat-luong-cao-499677 ||  || Nghi-dinh-49-2018-ND-CP-quy-dinh-ve-kiem-dinh-chat-luong-giao-duc-nghe-nghiep-342787,6|5|4|3|4,6|6|5|5|5,6|6|6|6|5
34292,Thẩm quyền cấp phép xây dựng tường rào ở khu đô thị quy định như thế nào?,PROCEDURE,17,,0.7806878306878307,17,0.03515625,2.3056039810180664,0,,,161034|89392|134578|238573|249062,89392|161034|238573|134578|249062,89392|161034|134578|238573|249062,79989|89392|125662|161080|276545,Luat-Xay-dung-2014-238644 || Quyet-dinh-05-2022-QD-UBND-phan-cap-cap-giay-phep-xay-dung-quan-ly-trat-tu-xay-dung-Ha-Nam-509657 || Quyet-dinh-39-2021-QD-UBND-noi-dung-ve-quan-ly-du-an-dau-tu-xay-dung-cong-trinh-tinh-Lao-Cai-484284 || Quyet-dinh-26-2016-QD-UBND-cap-giay-phep-xay-dung-trinh-tu-xu-ly-xac-nhan-so-huu-nha-o-Hai-Duong-328 || Quyet-dinh-07-2022-QD-UBND-cap-giay-phep-xay-dung-Thanh-pho-Ha-Noi-500703,4|5|2|2|1,5|5|5|5|5,5|5|5|5|5
62434,Điều kiện thay đổi người nuôi con sau khi ly hôn là gì?,DEFINITION,13,HYPOTHETICAL,0.707936507936508,15,0.03515625,3.071397066116333,1,110049,258410,134404|35408|204578|46918|258410,134404|46918|35408|204578|110049,134404|46918|35408|110049|204578,134404|46918|217329|110049|60283,Luat-Hon-nhan-va-gia-dinh-2014-238640 || Bo-luat-to-tung-dan-su-2015-296861 || Luat-nuoi-con-nuoi-2010-108082 || Quyet-dinh-323-QD-CA-2022-cong-bo-an-le-533850 || ,5|1|5|1|3,6|2|5|2|5,6|6|5|3|5
62588,"Mục đích của Chương trình hành động thực hiện Nghị quyết 19-NQ/TW về nông nghiệp, nông dân, nông thôn là gì?",DEFINITION,23,INSTRUMENT,0.7277777777777779,15,0.03515625,4.062277793884277,1,179260,174300,98867|24784|239793|174300|13074,98867|24784|239793|13074|174300,98867|24784|239793|13074|179260,98867|236176|243023|179260|13074,Nghi-quyet-26-NQ-CP-2023-thuc-hien-Nghi-quyet-19-NQ-TW-nong-nghiep-nong-dan-den-2030-556818 || Thong-tu-05-2022-TT-BTTTT-huong-dan-Noi-dung-09-Chuong-trinh-xay-dung-nong-thon-moi-523287 || Nghi-quyet-115-NQ-CP-2022-thuc-hien-Nghi-quyet-39-2021-QH15-Quy-hoach-su-dung-dat-528304 || Quyet-dinh-300-QD-TTg-2023-chuyen-doi-he-thong-luong-thuc-thuc-pham-minh-bach-560858 || Nghi-quyet-09-NQ-CP-2023-doi-moi-phat-trien-nang-cao-hieu-qua-kinh-te-tap-the-552628,6|3|2|2|2,6|5|2|4|5,6|5|2|5|5
64542,"Quy định của pháp luật về giảm thuế đối với hàng hóa xuất khẩu, nhập khẩu?",DIRECT_REF,16,INSTRUMENT,0.40555555555555545,10,0.03515625,3.5639567375183105,1,205344,246534,200293|190965|257429|246534|273580,190965|257429|200293|273580|246534,190965|200293|257429|273580|205344,161949|190965|205344|257429|273580,Luat-thue-xuat-khau-thue-nhap-khau-2016-280693 || Nghi-dinh-134-2016-ND-CP-huong-dan-Luat-thue-xuat-khau-thue-nhap-khau-323602 || Nghi-dinh-18-2021-ND-CP-sua-doi-Nghi-dinh-134-2016-ND-CP-huong-dan-Luat-Thue-xuat-nhap-khau-386321 || Nghi-dinh-64-2020-ND-CP-huong-dan-viec-thuc-hien-co-che-tam-quan-theo-Cong-uoc-Istanbul-444935 || Nghi-dinh-46-2020-ND-CP-thu-tuc-hai-quan-doi-voi-hang-hoa-qua-canh-thong-qua-He-thong-qua-canh-43944,6|6|5|3|0,6|6|5|4|2,6|6|6|6|5
88978,Bình đẳng giới trong lĩnh vực giáo dục và đào tạo được thể hiện như thế nào?,GENERAL_SEMANTIC,17,,0.6626984126984128,13,0.03515625,2.9189000129699707,1,75897,99335,37091|300434|36459|219388|99335,37091|300434|36459|219388|99335,37091|36459|300434|219388|75897,37091|75897|99335|219388|300434,Luat-Binh-dang-gioi-2006-73-2006-QH11-15866 || Nghi-dinh-125-2021-ND-CP-xu-phat-vi-pham-hanh-chinh-linh-vuc-binh-dang-gioi-482329 || Nghi-dinh-48-2009-ND-CP-bien-phap-bao-dam-binh-dang-gioi-88677 || Nghi-quyet-28-NQ-CP-2021-Chien-luoc-quoc-gia-ve-binh-dang-gioi-giai-doan-2021-2030-466613 || Thong-tu-05-2022-TT-BGDDT-sua-doi-Thong-tu-33-2017-TT-BGDDT-508531,5|2|5|2|0,5|3|5|4|0,5|6|6|4|1
59328,Người đã hoàn thành nghĩa vụ quân sự khi thi tuyển công chức cấp huyện có được cộng điểm ưu tiên không?,CONDITION,22,NEGATION|HYPOTHETICAL,0.6960317460317461,14,0.0360107421875,3.7607359886169434,1,42493,58182,81060|273261|58662|215094|58182,81060|273261|58662|215094|58182,81060|273261|215094|58662|42493,215094|58662|42493|58182|81060,Quyet-dinh-401-QD-VKSTC-2021-tuyen-dung-cong-chuc-Vien-kiem-sat-nhan-dan-495273 || Nghi-dinh-112-2011-ND-CP-cong-chuc-xa-phuong-thi-tran-132674 || Nghi-dinh-161-2018-ND-CP-tuyen-dung-su-dung-quan-ly-cong-vien-chuc-thuc-hien-che-do-hop-dong-336803 || Nghi-dinh-138-2020-ND-CP-tuyen-dung-su-dung-va-quan-ly-cong-chuc-458542 || Nghi-dinh-34-2019-ND-CP-can-bo-cong-chuc-cap-xa-va-nguoi-hoat-dong-khong-chuyen-trach-o-cap-xa-41226,4|6|3|1|3,5|6|3|2|4,6|6|5|5|6
140320,Công ty đại chúng mua lại cổ phiếu của chính mình theo yêu cầu của cổ đông thì có bắt buộc phải được Đại hội đồng cổ đông thông qua không?,GENERAL_SEMANTIC,31,NEGATION,0.38015873015873003,8,0.036865234375,3.79084849357605,1,165780,198374,268313|33078|43013|21398|198374,268313|33078|43013|21398|198374,268313|33078|43013|21398|165780,268313|165780|33078|21398|12343,Luat-Chung-khoan-nam-2019-399763 || Thong-tu-99-2020-TT-BTC-huong-dan-hoat-dong-cua-cong-ty-quan-ly-quy-dau-tu-chung-khoan-461198 || Thong-tu-120-2020-TT-BTC-giao-dich-co-phieu-niem-yet-dang-ky-giao-dich-chung-khoan-chung-chi-quy-451 || Luat-Doanh-nghiep-so-59-2020-QH14-427301 || Nghi-dinh-155-2020-ND-CP-huong-dan-Luat-Chung-khoan-461323,5|6|3|5|1,6|6|5|6|5,6|6|5|6|6
103006,Xử lý số định danh cá nhân bị sai thông tin như thế nào?,GENERAL_SEMANTIC,14,,0.5809523809523809,12,0.037109375,3.4495506286621094,0,,,86639|256847|269190|178955|268757,86639|256847|269190|178955|268757,86639|256847|269190|178955|268757,86639|295123|256847|269190|264484,Nghi-dinh-137-2015-ND-CP-huong-dan-Luat-Can-cuoc-cong-dan-282742 || Thong-tu-59-2021-TT-BCA-huong-dan-Luat-Can-cuoc-cong-dan-478289 || Nghi-dinh-37-2021-ND-CP-sua-doi-Nghi-dinh-137-2015-ND-CP-huong-dan-Luat-Can-cuoc-cong-dan-449402 ||  || Thong-tu-01-2022-TT-BTP-huong-dan-Nghi-dinh-87-2020-ND-CP-502821,5|5|3|4|4,5|5|4|4|5,5|5|5|5|5
118252,Trưởng đoàn thanh tra chuyên ngành cấp sở có quyền xử phạt tổ chức kinh doanh hoạt động thể thao không làm thủ tục cấp lại Giấy chứng nhận đủ điều kiện kinh doanh không?,SANCTION,35,NEGATION,0.7611111111111111,15,0.037109375,3.1566033363342285,0,,,102208|9129|229763|194359|36459,102208|229763|194359|9129|36459,102208|229763|9129|194359|36459,69484|102208|194359|219419|36459,Nghi-dinh-46-2019-ND-CP-quy-dinh-xu-phat-vi-pham-hanh-chinh-trong-linh-vuc-the-thao-415200 || Nghi-dinh-129-2021-ND-CP-sua-doi-Nghi-dinh-xu-phat-vi-pham-hanh-chinh-linh-vuc-du-lich-482326 || Nghi-dinh-38-2021-ND-CP-xu-phat-vi-pham-hanh-chinh-trong-linh-vuc-van-hoa-quang-cao-469165 || Nghi-dinh-131-2013-ND-CP-xu-phat-vi-pham-hanh-chinh-quyen-tac-gia-quyen-lien-quan-210029 || Nghi-dinh-125-2021-ND-CP-xu-phat-vi-pham-hanh-chinh-linh-vuc-binh-dang-gioi-482329,5|2|4|2|2,5|2|6|3|4,6|3|6|5|5
40866,Xe máy chuyên dùng quân sự được kiểm định ở đâu?,GENERAL_SEMANTIC,11,,0.6087301587301587,13,0.037109375,2.966134786605835,1,139192,136587,30469|72497|48773|136587|231867,30469|72497|48773|231867|290673,30469|72497|48773|231867|139192,30469|64982|304889|161425|139192,Thong-tu-103-2021-TT-BQP-kiem-dinh-chat-luong-an-toan-ky-thuat-xe-may-chuyen-dung-483795 || Thong-tu-16-2021-TT-BGTVT-bao-ve-moi-truong-phuong-tien-giao-thong-co-gioi-duong-bo-484636 || Thong-tu-169-2021-TT-BQP-quan-ly-su-dung-xe-co-gioi-xe-may-chuyen-dung-Bo-Quoc-phong-501580 || Thong-tu-89-2015-TT-BGTVT-chat-luong-an-toan-xe-may-chuyen-dung-302468 || Thong-tu-170-2021-TT-BQP-dao-tao-sat-hach-cap-Giay-phep-lai-xe-quan-su-502239,5|4|5|2|0,5|5|5|5|2,5|5|5|5|5
166998,Ai được tuyển sinh vào trường phổ thông dân tộc nội trú?,GENERAL_SEMANTIC,12,,0.692063492063492,15,0.03857421875,2.697587728500366,0,,,53366|30492|16938|132231|11284,53366|30492|16938|11284|132231,53366|30492|16938|11284|132231,30492|249505|53366|11284|245971,Thong-tu-04-2023-TT-BGDDT-Quy-che-hoat-dong-cua-truong-pho-thong-dan-toc-noi-tru-556364 || Quyet-dinh-880-QD-BGDDT-2023-cong-bo-thu-tuc-hanh-chinh-linh-vuc-thi-tuyen-sinh-561219 || Nghi-dinh-141-2020-ND-CP-che-do-cu-tuyen-doi-voi-hoc-sinh-dan-toc-thieu-so-459013 || Thong-tu-11-2014-TT-BGDDT-Quy-che-tuyen-sinh-trung-hoc-co-so-trung-hoc-pho-thong-227237 || Thong-tu-01-2016-TT-BGDDT-to-chuc-hoat-dong-truong-pho-thong-dan-toc-noi-tru-301710,5|3|1|3|5,5|4|6|5|5,6|6|6|5|5
11042,Tòa án ra quyết định thi hành án phạt tù nhưng chưa nhận được quyết định này thì có bị áp giải không?,DIRECT_REF,23,INSTRUMENT|NEGATION,0.6666666666666667,13,0.0390625,1.7659744024276733,1,304934|245154,18894|17545,68399|194863|102434|18894|17545,194863|68399|102434|245154|18894,68399|194863|102434|304934|245154,304934|194863|284988|34350|217329,Luat-Thi-hanh-an-hinh-su-2019-387991 || Bo-luat-To-tung-Hinh-su-2003-19-2003-QH11-51701 || Bo-luat-to-tung-hinh-su-2015-296884 || Quyet-dinh-501-QD-VKSTC-2017-Quy-che-cong-tac-kiem-sat-viec-tam-giu-tam-giam-thi-hanh-an-hinh-su-371 || Bo-luat-hinh-su-2015-296661,5|6|3|0|3,6|6|5|0|3,6|6|6|4|5
11158,"Hướng dẫn hồ sơ, thủ tục làm giấy chứng tử năm 2022?",PROCEDURE,12,,0.7873015873015873,16,0.0390625,1.3835707902908325,1,156354,249204,293796|249204|259656|157168|268757,259656|293796|268757|157168|249204,259656|293796|268757|156354|157168,156354|268757|157168|259656|183078,Nghi-dinh-23-2015-ND-CP-cap-chung-thuc-ban-sao-tu-ban-chinh-chung-thuc-chu-ky-266857 || Quyet-dinh-1872-QD-BTP-2020-cong-bo-thu-tuc-hanh-chinh-linh-vuc-ho-tich-tai-co-quan-dang-ky-ho-tich- || Thong-tu-01-2022-TT-BTP-huong-dan-Nghi-dinh-87-2020-ND-CP-502821 || Thong-tu-01-2020-TT-BTP-huong-dan-ve-cap-ban-sao-tu-so-goc-chung-thuc-chu-ky-436529 || Luat-Ho-tich-2014-259727,2|3|3|0|2,2|4|3|1|2,5|4|3|2|2
122514,Các chương trình hành động tiểu vùng chống sa mạc hóa tại các khu vực thuộc Châu Phi sẽ tập trung vào các vấn đề nào?,GENERAL_SEMANTIC,26,,0.7605820105820106,18,0.0390625,3.2055559158325195,1,70052|221801,279492|221925,204946|16548|3486|279492|221925,204946|16548|3486|279492|221925,204946|16548|70052|3486|221801,204946|82252|67321|226359|34869,Cong-uoc-Chong-sa-mac-hoa-136070 || Nghi-quyet-24-2021-QH15-chu-truong-dau-tu-Chuong-trinh-muc-tieu-quoc-gia-giam-ngheo-ben-vung-484262 || Quyet-dinh-911-QD-TTg-2022-De-an-bao-ve-moi-truong-hoat-dong-thuy-san-2021-2030-524085 || Nghi-dinh-66-2019-ND-CP-ve-bao-ton-va-su-dung-ben-vung-cac-vung-dat-ngap-nuoc-348641 || Thong-tu-03-2022-TT-BTC-su-dung-kinh-phi-su-nghiep-phat-trien-cong-tac-xa-hoi-2021-2030-501344,6|0|0|1|0,6|0|0|1|0,6|0|0|2|0
137718,Chỉnh hình trong bệnh Arthogryposis sẽ chỉ định cho đối tượng nào?,GENERAL_SEMANTIC,12,,0.791005291005291,18,0.0390625,2.551300287246704,1,261730,65558,190541|258607|164898|65558|284691,190541|258607|164898|261730|65558,190541|258607|261730|164898|284691,190541|94403|261730|202376|171181,Quyet-dinh-5728-QD-BYT-2017-quy-trinh-ky-thuat-Ngoai-khoa-chuyen-khoa-Chan-thuong-chinh-hinh-370394 || Thong-tu-22-2019-TT-BYT-quy-dinh-ty-le-phan-tram-ton-thuong-co-the-su-dung-trong-giam-dinh-phap-y-42 || Thong-tu-46-2013-TT-BYT-chuc-nang-nhiem-vu-co-cau-to-chuc-co-so-phuc-hoi-chuc-nang-220731 || Quyet-dinh-1832-QD-BYT-2022-tai-lieu-huong-dan-chan-doan-dieu-tri-benh-ly-huyet-hoc-520596 || Thong-tu-39-2018-TT-BYT-thong-nhat-gia-kham-chua-benh-bao-hiem-y-te-giua-benh-vien-cung-hang-401940,6|2|1|1|1,6|2|4|1|1,6|4|5|3|2
140100,Trưởng đoàn thanh tra chuyên ngành của Bộ Giao thông vận tải có quyền xử phạt hãng hàng không không thực hiện vận chuyển hành khách là người khuyết tật theo quy định không?,SANCTION,34,NEGATION,0.6113756613756614,12,0.0390625,2.6334474086761475,1,219419,292790,51405|50885|17545|292790|208373,51405|50885|17545|208373|292790,51405|50885|219419|17545|208373,51405|219419|237914|258855|125243,Nghi-dinh-162-2018-ND-CP-xu-phat-vi-pham-hanh-chinh-trong-linh-vuc-hang-khong-dan-dung-321856 || Nghi-dinh-100-2019-ND-CP-xu-phat-vi-pham-hanh-chinh-linh-vuc-giao-thong-duong-bo-va-duong-sat-426369 || Nghi-dinh-118-2021-ND-CP-huong-dan-Luat-Xu-ly-vi-pham-hanh-chinh-477969 || Luat-xu-ly-vi-pham-hanh-chinh-2012-142766 || Nghi-dinh-03-2022-ND-CP-xu-phat-vi-pham-hanh-chinh-linh-vuc-phong-chong-thien-tai-500041,6|5|3|3|1,6|6|3|3|3,6|6|4|5|4
151450,Trường mầm non quốc tế tiếp nhận học sinh Việt Nam như thế nào?,GENERAL_SEMANTIC,14,,0.7063492063492064,15,0.0390625,2.6801459789276123,1,104092,250943,93930|136279|258616|250943|199759,93930|136279|258616|250943|199759,93930|136279|258616|199759|104092,93930|8854|278875|104092|103990,Nghi-dinh-86-2018-ND-CP-quy-dinh-ve-hop-tac-dau-tu-cua-nuoc-ngoai-trong-linh-vuc-giao-duc-337783 || Quyet-dinh-51-2002-QD-BGDDT-chuyen-truong-tiep-nhan-hoc-sinh-hoc-tai-truong-trung-hoc-co-so-pho-thon || Thong-tu-52-2020-TT-BGDDT-Dieu-le-Truong-mam-non-469795 || Luat-giao-duc-2019-367665 || Luat-Giao-duc-2005-38-2005-QH11-2636,5|5|2|2|1,5|5|5|3|2,6|5|5|3|5
17186,Mẫu đơn đề nghị cấp chứng chỉ nghiệp vụ khai hải quan mới nhất ra sao? ,PROCEDURE,16,,0.6761904761904762,14,0.0390625,3.2093958854675293,1,253656,208243,237468|194646|36650|213424|208243,194646|237468|36650|208243|213424,237468|194646|36650|213424|253656,194646|237468|36650|253656|208243,Thong-tu-12-2015-TT-BTC-Chung-chi-nghiep-vu-cap-thu-hoi-ma-so-nhan-vien-dai-ly-lam-thu-tuc-hai-quan- || Thong-tu-79-2022-TT-BTC-sua-doi-van-ban-quy-pham-phap-luat-548438 || Quyet-dinh-3605-QD-TCHQ-2019-Quy-che-to-chuc-thi-cap-Chung-chi-nghiep-vu-khai-hai-quan-431054 || Nghi-dinh-22-2015-ND-CP-huong-dan-Luat-Pha-san-ve-Quan-tai-vien-va-hanh-nghe-quan-ly-thanh-ly-tai-sa || Luat-Hai-quan-2014-238637,5|5|3|2|1,5|5|5|3|2,6|5|5|3|2
52688,Cơ quan nào có trách nhiệm lập dự toán chi hỗ trợ giải quyết việc làm và đưa người lao động đi làm việc tại Hàn Quốc tại địa phương?,PROCEDURE,30,,0.6272486772486774,13,0.0390625,3.4816372394561768,0,,,25077|215177|65303|42379|186288,25077|215177|65303|42379|186288,25077|215177|65303|42379|186288,25077|134864|84588|104807|223745,Quyet-dinh-12-2020-QD-TTg-thi-diem-ky-quy-doi-voi-nguoi-lao-dong-di-lam-viec-tai-Han-Quoc-438742 || Thong-tu-09-2016-TTLT-BLDTBXH-BTC-ho-tro-dua-nguoi-lao-dong-di-lam-viec-o-nuoc-ngoai-theo-hop-dong-2 || Nghi-dinh-163-2016-ND-CP-huong-dan-Luat-ngan-sach-nha-nuoc-335331 || Thong-tu-58-2017-TT-BTC-chinh-sach-ho-tro-tai-chinh-cho-don-vi-su-dung-lao-dong-dan-toc-thieu-so-352 || Quyet-dinh-16-2023-QD-TTg-ho-tro-cho-vay-de-ky-quy-nguoi-lao-dong-di-lam-viec-tai-Han-Quoc-568252,6|5|2|4|3,6|5|2|5|3,6|5|2|5|5
6104,Chồng vay tiền chơi lô đề thì khi ly hôn vợ có nghĩa vụ phải trả nợ hay không? ,GENERAL_SEMANTIC,19,NEGATION|HYPOTHETICAL,0.6865079365079365,15,0.0390625,1.4662693738937378,1,262189,132797,134404|176583|81598|204578|132797,81598|134404|176583|204578|270799,81598|134404|176583|204578|262189,81598|177925|262189|270799|90853,Bo-luat-dan-su-2015-296215 || Luat-Hon-nhan-va-gia-dinh-2014-238640 || Thong-tu-lien-tich-01-2016-TTLT-TANDTC-VKSNDTC-BTP-huong-dan-thi-hanh-Luat-hon-nhan-gia-dinh-293202 ||  || Nghi-quyet-01-NQ-HDTP-huong-dan-ap-dung-quy-dinh-cua-Luat-Hon-nhan-va-gia-dinh-42184,2|5|5|4|3,2|5|6|5|4,6|6|6|6|4
7672,Việc công khai tài chính đối với các nguồn thu của Quỹ xã hội từ thiện Tấm lòng vàng được quy định thế nào?,GENERAL_SEMANTIC,24,,0.7272486772486773,15,0.0390625,2.15402889251709,1,39897,79112,107589|124581|79112|209471|119715,124581|209471|107589|119715|79112,107589|124581|39897|119715|209471,39897|124581|47686|18371|204597,Quyet-dinh-1288-QD-BNV-cap-giay-phep-thanh-lap-cong-nhan-Dieu-le-Quy-114245 || Quyet-dinh-192-2004-QD-TTg-Quy-che-cong-khai-tai-chinh-Ngan-sach-Nha-nuoc-don-vi-du-toan-duoc-ho-tro || Quyet-dinh-1782-QD-BNV-cap-Giay-phep-thanh-lap-va-cong-nhan-Dieu-le-130355 || Quyet-dinh-103-QD-BNV-nam-2010-giay-phep-thanh-lap-Quy-Phat-trien-vi-cong-dong-178824 || Thong-tu-19-2005-TT-BTC-huong-dan-cong-khai-tai-chinh-quy-nguon-ngan-sach-nha-nuoc-khoan-dong-gop-nh,5|5|2|1|1,5|5|2|1|2,5|5|3|2|3
157938,Người nào phải nộp thuế thu nhập cá nhân?,GENERAL_SEMANTIC,9,,0.6523809523809525,13,0.03955078125,2.897995710372925,1,257070,135644,171570|240117|111323|181088|135644,240117|111323|171570|181088|135644,171570|240117|111323|181088|257070,111323|240117|247150|28752|243954,Thong-tu-111-2013-TT-BTC-Huong-dan-Luat-thue-thu-nhap-ca-nhan-va-Nghi-dinh-65-2013-ND-CP-205356 || Luat-thue-thu-nhap-ca-nhan-2007-04-2007-QH12-59652 || Nghi-dinh-65-2013-ND-CP-huong-dan-Luat-thue-thu-nhap-ca-nhan-2007-sua-doi-2012-196609 || Nghi-dinh-126-2020-ND-CP-huong-dan-Luat-Quan-ly-thue-455733 || Luat-thue-thu-nhap-ca-nhan-sua-doi-2012-26-2012-QH13-152719,5|5|4|2|2,6|5|5|3|5,6|6|6|4|5
146734,Cấp lại Giấy chứng nhận an toàn sinh học theo quy trình như thế nào?,PROCEDURE,15,,0.5767195767195767,12,0.041015625,4.041896343231201,1,93527,51823,82532|163464|178021|51823|253221,82532|178021|163464|93527|253221,82532|163464|178021|93527|253221,82532|178021|174887|93527|108356,Nghi-dinh-103-2016-ND-CP-quy-dinh-bao-dam-an-toan-sinh-hoc-tai-phong-xet-nghiem-319874 || Nghi-dinh-69-2010-ND-CP-an-toan-sinh-hoc-sinh-vat-bien-doi-gen-mau-v-107700 || Nghi-dinh-118-2020-ND-CP-sua-doi-Nghi-dinh-69-2010-ND-CP-an-toan-sinh-hoc-sinh-vat-bien-doi-gen-4545 || Thong-tu-38-2018-TT-BNNPTNT-tham-dinh-co-so-san-xuat-thuc-pham-nong-lam-an-toan-thuc-pham-406512 || Thong-tu-24-2022-TT-BNNPTNT-co-so-vung-an-toan-dich-benh-dong-vat-549293,5|5|2|2|5,5|5|4|2|5,5|5|6|2|5
59458,Nộp thuế giá trị gia tăng tại đâu?,GENERAL_SEMANTIC,8,,0.6626984126984128,14,0.041015625,2.4664220809936523,1,14927,160381,181088|161768|161949|160381|264280,181088|161768|161949|160381|264280,181088|161768|161949|264280|14927,181088|14927|84557|231881|15138,Nghi-dinh-126-2020-ND-CP-huong-dan-Luat-Quan-ly-thue-455733 ||  || Luat-quan-ly-thue-2019-387595 || Luat-thue-thu-nhap-doanh-nghiep-2008-66935 || Thong-tu-84-2016-TT-BTC-huong-dan-thu-tuc-thu-nop-ngan-sach-nha-nuoc-thue-thu-noi-dia-301601,5|4|5|2|0,5|5|5|2|5,5|5|5|4|5
12346,Có được ký kết nhiều hợp đồng lao động xác định thời hạn liên tục?,CONDITION,15,,0.561904761904762,12,0.04296875,3.02302622795105,0,,,129823|143446|147360|234652|25650,129823|143446|147360|234652|25650,129823|143446|147360|234652|25650,129823|147360|143446|108015|261198,Bo-Luat-lao-dong-2019-333670 || Bo-Luat-lao-dong-2012-142187 || Thong-tu-22-2022-TT-BCA-lao-dong-hop-dong-trong-Cong-an-nhan-dan-548190 || Nghi-dinh-05-2015-ND-CP-huong-dan-Bo-luat-Lao-dong-263294 || Thong-tu-5-2023-TT-BNV-huong-dan-mau-hop-dong-dich-vu-cong-viec-trong-co-quan-hanh-chinh-565161,5|5|5|3|4,5|5|5|5|4,5|5|5|5|6
162374,Phiên tòa trực tuyến là gì?,DEFINITION,6,,0.7476190476190476,17,0.04296875,3.407803773880005,0,,,41372|133659|161104|46918|160120,133659|41372|161104|46918|160120,133659|41372|46918|160120|161104,133659|41372|46918|230077|19479,Nghi-quyet-33-2021-QH15-to-chuc-phien-toa-truc-tuyen-495539 ||  || Bo-luat-to-tung-dan-su-2015-296861 || Luat-to-tung-hanh-chinh-2015-298372 || Nghi-quyet-04-2016-NQ-HDTP-huong-dan-gui-nhan-don-khoi-kien-thong-bao-van-ban-to-tung-336982,5|5|1|0|3,5|5|4|4|3,5|5|5|5|5
31284,"Mẫu Giấy chứng nhận an toàn thực phẩm mới nhất đối với cơ sở sản xuất, kinh doanh thực phẩm nông, lâm, thủy sản ra sao?",GENERAL_SEMANTIC,26,,0.625925925925926,11,0.04296875,3.057480812072754,0,,,93527|55414|110588|92057|20261,93527|110588|55414|92057|20261,93527|110588|55414|92057|20261,110588|93527|55414|20261|123944,Thong-tu-38-2018-TT-BNNPTNT-tham-dinh-co-so-san-xuat-thuc-pham-nong-lam-an-toan-thuc-pham-406512 || Nghi-dinh-17-2020-ND-CP-sua-doi-Nghi-dinh-lien-quan-dieu-kien-dau-tu-kinh-doanh-Bo-Cong-thuong-43438 || Thong-tu-43-2018-TT-BCT-quan-ly-an-toan-thuc-pham-thuoc-trach-nhiem-cua-Bo-Cong-thuong-400848 || Thong-tu-32-2022-TT-BNNPTNT-sua-doi-Thong-tu-tham-dinh-co-so-san-xuat-thuc-pham-nong-lam-san-549083 || Nghi-dinh-15-2018-ND-CP-huong-dan-Luat-an-toan-thuc-pham-341254,5|3|5|3|3,6|5|5|3|6,6|5|5|4|6
97200,"Thành viên hội đồng tiêu hủy mẫu các chất ma túy vì mục đích quốc phòng, an ninh có các cơ quan nào?",PROCEDURE,23,,0.6166666666666667,13,0.04296875,4.39374303817749,0,,,87450|124110|91123|128794|115640,124110|87450|128794|91123|115640,124110|87450|91123|128794|115640,124110|87450|205761|289228|52751,Thong-tu-57-2012-TT-BCA-huong-dan-nhap-khau-quan-ly-su-dung-tieu-huy-mau-ma-tuy-150666 || Nghi-dinh-105-2021-ND-CP-huong-dan-Luat-Phong-chong-ma-tuy-496664 || Thong-tu-04-2013-TT-BCA-phong-ngua-phat-hien-xu-ly-hanh-vi-su-dung-ma-tuy-179811 || Nghi-quyet-757-NQ-UBTVQH15-2023-Quy-che-Bao-ve-bi-mat-nha-nuoc-hoat-dong-Quoc-hoi-561360 || Thong-tu-03-2020-TT-NHNN-tieu-huy-tien-439038,6|6|1|2|3,6|6|5|2|4,6|6|5|2|5
16102,Ban Chỉ đạo thực hiện các dự án bôxit Tây Nguyên làm việc dựa theo nguyên tắc nào?,GENERAL_SEMANTIC,18,,0.6550264550264551,15,0.04443359375,3.756126642227173,0,,,301430|193117|191423|267002|214141,301430|193117|191423|267002|214141,301430|193117|191423|267002|214141,301430|69819|11601|193117|214141,Quyet-dinh-5455-QD-BCT-Quy-che-hoat-dong-Ban-Chi-dao-thuc-hien-cac-du-an-boxit-Tay-Nguyen-97009 || Quyet-dinh-3022-QD-BGTVT-2015-hoat-dong-Ban-Chi-dao-du-an-Cang-hang-khong-quoc-te-Long-Thanh-288018 || Quyet-dinh-11-QD-BCDNNDK-2022-hoat-dong-cua-Ban-Chi-dao-du-an-trong-diem-dau-khi-501022 || Quyet-dinh-550-QD-VKSTC-V9-nam-2013-hoat-dong-Ban-cai-cach-cong-vu-cong-chuc-Kiem-sat-nhan-dan-25111 || Quyet-dinh-146-QD-BCDIUU-2019-hoat-dong-Ban-Chi-dao-chong-khai-thac-hai-san-bat-hop-phap-424832,6|5|4|1|2,6|5|5|1|4,6|5|5|2|4
140134,Quyền và nghĩa vụ của doanh nghiệp bảo hiểm bắt buộc trong đầu tư xây dựng được quy định như thế nào?,GENERAL_SEMANTIC,22,,0.4994708994708996,11,0.044921875,4.451249122619629,0,,,148391|212096|88970|255906|89392,148391|212096|88970|255906|89392,148391|212096|88970|255906|89392,148391|129000|7177|91673|88970,Thong-tu-329-2016-TT-BTC-huong-dan-119-2015-ND-CP-bao-hiem-bat-buoc-trong-dau-tu-xay-dung-300483 || Nghi-dinh-119-2015-ND-CP-quy-dinh-bao-hiem-bat-buoc-trong-hoat-dong-dau-tu-xay-dung-286180 || Thong-tu-50-2022-TT-BTC-huong-dan-Nghi-dinh-119-2015-ND-CP-bao-hiem-bat-buoc-trong-dau-tu-526434 || Nghi-dinh-10-2021-ND-CP-quan-ly-chi-phi-dau-tu-xay-dung-465104 || Luat-Xay-dung-2014-238644,6|5|5|2|4,6|5|5|5|5,6|5|5|5|5
6264,"Người tham gia thanh tra, kiểm tra cần đáp ứng những điều kiện nào?",CONDITION,14,,0.7806878306878307,15,0.044921875,4.774230003356934,1,37407|274387,72305|236481,36873|42541|136938|72305|236481,36873|42541|136938|37407|56081,36873|37407|42541|274387|136938,274387|37407|189946|1992|56081, ||  || Nghi-dinh-43-2023-ND-CP-huong-dan-Luat-Thanh-tra-555032 ||  || Thong-tu-06-2021-TT-TTCP-hoat-dong-Doan-thanh-tra-trinh-tu-tien-hanh-mot-cuoc-thanh-tra-490930,3|0|3|0|4,5|2|5|0|4,5|3|5|1|5
7692,Khi nào Giấy phép thăm dò khoáng sản chấm dứt hiệu lực?,CONDITION,12,HYPOTHETICAL,0.4293650793650793,9,0.044921875,4.4027509689331055,0,,,117172|241846|247578|137582|51256,117172|241846|51256|137582|208663,117172|241846|247578|137582|51256,117172|208663|51256|240260|137582,Luat-khoang-san-2010-115263 || Thong-tu-45-2016-TT-BTNMT-de-an-tham-do-khoang-san-dong-cua-mo-khoang-san-hoat-dong-khoang-san-34262 || Nghi-dinh-158-2016-ND-CP-huong-dan-Luat-khoang-san-332220 || Nghi-dinh-36-2020-ND-CP-xu-phat-vi-pham-hanh-chinh-trong-linh-vuc-tai-nguyen-nuoc-va-khoang-san-4381 || Nghi-dinh-02-2023-ND-CP-huong-dan-Luat-Tai-nguyen-nuoc-513343,6|5|6|3|3,6|6|6|6|5,6|6|6|6|6
89020,Tổ chức giám định tư pháp theo vụ việc trong hoạt động khoa học và công nghệ được thực hiện ra sao?,GENERAL_SEMANTIC,22,,0.658994708994709,14,0.044921875,3.7850215435028076,0,,,102512|62582|305561|165144|270974,102512|62582|305561|165144|146902,102512|62582|305561|165144|270974,102512|62582|260763|35953|146902,Thong-tu-03-2022-TT-BKHCN-giam-dinh-tu-phap-trong-hoat-dong-khoa-hoc-512815 || Luat-giam-dinh-tu-phap-2012-142764 || Thong-tu-30-2016-TT-BCT-giam-dinh-tu-phap-trong-linh-vuc-cong-thuong-324789 || Thong-tu-14-2020-TT-NHNN-giam-dinh-tu-phap-trong-linh-vuc-tien-te-va-ngan-hang-457880 || Thong-tu-04-2021-TT-BVHTTDL-giam-dinh-tu-phap-trong-linh-vuc-van-hoa-476956,6|5|4|2|1,6|5|4|2|5,6|5|5|4|5
165464,Tổ chức nào thực hiện đấu giá tài sản?,GENERAL_SEMANTIC,9,,0.6801587301587302,14,0.0465087890625,1.9824943542480469,0,,,125793|196443|58055|243086|130378,125793|243086|196443|58055|130378,125793|196443|243086|58055|130378,123420|130378|243086|145694|53971,Luat-dau-gia-tai-san-2016-280115 || Thong-tu-48-2017-TT-BTC-quy-dinh-che-do-Tai-chinh-hoat-dong-dau-gia-tai-san-344849 || Nghi-dinh-62-2017-ND-CP-huong-dan-Luat-dau-gia-tai-san-346009 || Nghi-dinh-151-2017-ND-CP-huong-dan-Luat-Quan-ly-su-dung-tai-san-cong-354145 || Quyet-dinh-27-2020-QD-UBND-dau-gia-quyen-su-dung-dat-de-giao-dat-co-thu-tien-su-dung-dat-Ha-Noi-4582,6|4|4|2|3,6|5|5|2|4,6|6|5|4|4
102332,Văn bản mật hiện nay được chia làm bao nhiêu cấp độ mật theo quy định của pháp luật?,DIRECT_REF,19,INSTRUMENT,0.5365079365079365,12,0.046875,2.0436651706695557,1,253426|128583,298075|35448,210883|52552|134366|298075|35448,210883|253426|52552|134366|298075,210883|253426|52552|128583|134366,128583|253426|121850|224257|169478,Luat-Bao-ve-bi-mat-nha-nuoc-2018-337064 || Quyet-dinh-1032-QD-BNV-2020-Quy-che-cong-tac-van-thu-luu-tru-cua-Bo-Noi-vu-458504 || Quyet-dinh-245-QD-TCT-2023-Noi-quy-bao-ve-bi-mat-nha-nuoc-nganh-Thue-563381 || Quyet-dinh-2696-QD-BKHCN-2022-Quy-che-cong-tac-van-thu-luu-tru-562758 || Quyet-dinh-50-QD-BCT-2017-Quy-che-bao-ve-bi-mat-nha-nuoc-trong-nganh-Cong-Thuong-438464,5|2|5|0|4,5|2|5|0|5,5|2|5|5|5
105768,Điều kiện để tài xế lái xe tải 5 tấn được nghỉ hưởng chế độ ốm đau là gì?,DEFINITION,19,,0.49629629629629646,12,0.046875,1.564349889755249,1,126324,235672,23402|164447|190257|2309|235672,23402|164447|190257|2309|235672,23402|164447|190257|2309|126324,23402|164447|126324|138380|295381, ||  || Thong-tu-59-2015-TT-BLDTBXH-huong-dan-Luat-bao-hiem-xa-hoi-ve-bao-hiem-xa-hoi-bat-buoc-299644 || Thong-tu-lien-tich-105-2016-TTLT-BQP-BCA-BLDTBXH-huong-dan-Luat-Bao-hiem-xa-hoi-33-2016-ND-CP-330898 || Nghi-dinh-143-2018-ND-CP-bao-hiem-xa-hoi-bat-buoc-nguoi-lao-dong-nuoc-ngoai-lam-o-Viet-Nam-346012,5|5|5|6|2,5|5|6|6|3,6|6|6|6|4
121114,Nội dung báo cáo đối với tổ chức kinh tế thực hiện dự án đầu tư tại báo cáo định kỳ bao gồm những gì?,GENERAL_SEMANTIC,25,,0.5650793650793651,13,0.046875,5.121809959411621,1,269904,247318,52555|84570|2113|290988|247318,52555|84570|2113|290988|247318,52555|84570|2113|269904|290988,2113|84570|52555|269904|153353,Nghi-dinh-118-2015-ND-CP-huong-dan-Luat-dau-tu-281054 || Nghi-dinh-31-2021-ND-CP-huong-dan-Luat-Dau-tu-462291 || Luat-Dau-tu-so-61-2020-QH14-321051 || Thong-tu-03-2021-TT-BKHDT-mau-van-ban-bao-cao-lien-quan-den-hoat-dong-dau-tu-tai-Viet-Nam-470603 || Nghi-dinh-29-2021-ND-CP-thu-tuc-tham-dinh-du-an-quan-trong-quoc-gia-giam-sat-danh-gia-dau-tu-468883,5|5|5|1|4,5|5|5|2|5,5|5|5|2|6
126058,Miễn thị thực đối với người nước ngoài là vợ công dân Việt Nam cần đáp ứng những điều kiện gì?,CONDITION,21,,0.6682539682539683,14,0.046875,4.415562152862549,0,,,77650|40688|206256|79990|122192,77650|40688|206256|122192|79990,40688|77650|206256|79990|122192,40688|77650|122192|206256|132219,Nghi-dinh-82-2015-ND-CP-mien-thi-thuc-nguoi-Viet-Nam-dinh-cu-o-nuoc-ngoai-nguoi-nuoc-ngoai-291577 || Luat-Nhap-canh-xuat-canh-qua-canh-cu-tru-cua-nguoi-nuoc-ngoai-tai-Viet-Nam-2014-238649 || Nghi-quyet-32-NQ-CP-2022-mien-thi-thuc-cho-cong-dan-cac-nuoc-Duc-Phap-I-ta-li-a-Tay-Ban-Nha-506691 ||  || Quyet-dinh-6968-QD-BCA-2022-cong-bo-thu-tuc-hanh-chinh-quan-ly-xuat-nhap-canh-538291,5|5|4|2|2,5|5|4|3|4,5|5|5|5|4
164006,Ai có quyền bổ nhiệm Kiểm tra viên Viện kiểm sát nhân dân?,GENERAL_SEMANTIC,13,,0.6285714285714286,14,0.046875,3.840606689453125,1,264121|70182,102434|170173,163084|292761|396|102434|170173,163084|396|292761|264121|170173,163084|292761|396|264121|70182,396|163084|70182|292761|151998,Luat-To-chuc-Vien-kiem-sat-nhan-dan-2014-259723 || Quyet-dinh-400-QD-VKSTC-2021-Quy-che-bo-nhiem-bo-nhiem-lai-cong-chuc-nganh-Kiem-sat-496325 || Nghi-quyet-924-2015-UBTVQH13-bo-nhiem-dieu-kien-nang-ngach-Kiem-tra-vien-cua-Vien-kiem-sat-nhan-dan- || Quyet-dinh-208-QD-VKSTC-2023-Quy-che-phan-cap-quan-ly-cong-vien-chuc-nganh-Kiem-sat-569199 || Quyet-dinh-222-QD-VKSTC-2020-Quy-che-to-chuc-va-hoat-dong-cua-Vien-kiem-sat-cap-cao-468669,5|5|5|1|1,5|5|5|5|5,6|6|5|6|6
47276,"Đối với công trình thủy lợi thì thiết bị cơ bản, sử dụng và bảo quản thiết bị, dụng cụ khoan, đào cần đáp ứng những yêu cầu gì?",CONDITION,29,,0.7383597883597883,15,0.046875,0.9389171600341797,0,,,91097|224731|24170|227688|208720,91097|224731|24170|208720|227688,91097|224731|24170|227688|208720,224731|91097|108135|279457|191555,Nghi-dinh-67-2018-ND-CP-huong-dan-Luat-Thuy-loi-356281 || Thong-tu-05-2019-TT-BNNPTNT-Quy-dinh-che-do-quy-trinh-bao-tri-tai-san-ket-cau-ha-tang-thuy-loi-41337 || Luat-08-2017-QH14-Thuy-loi-2017-322933 || Thong-tu-27-2022-TT-BNNPTNT-xay-dung-dinh-muc-kinh-te-ky-thuat-khai-thac-cong-trinh-thuy-loi-551320 || Nghi-dinh-40-2023-ND-CP-sua-doi-Nghi-dinh-67-2018-ND-CP-huong-dan-Luat-Thuy-loi-571005,5|4|2|3|2,5|5|3|5|2,5|5|5|5|4
47464,Tiêu chuẩn Chủ tịch Hội Nông dân Việt Nam cấp xã 2023 theo quy định mới tại Nghị định 33/2023/NĐ-CP ra sao?,DIRECT_REF,25,INSTRUMENT,0.5809523809523809,13,0.046875,3.0470616817474365,0,,,145175|248942|223279|167335|277076,145175|248942|223279|167335|277076,145175|248942|223279|167335|277076,248942|145175|223279|277076|106202,Nghi-dinh-33-2023-ND-CP-can-bo-cong-chuc-cap-xa-va-nguoi-hoat-dong-khong-chuyen-trach-o-cap-xa-56060 ||  || Quyet-dinh-04-2004-QD-BNV-Quy-dinh-tieu-chuan-cu-the-can-bo-cong-chuc-xa-phuong-thi-tran-53083 || Nghi-dinh-114-2003-ND-CP-can-bo-cong-chuc-xa-phuong-thi-tran-51460 || Nghi-dinh-92-2009-ND-CP-chuc-danh-so-luong-che-do-chinh-sach-can-bo-cong-chuc-o-xa-phuong-thi-tran-v,5|5|5|2|4,5|5|5|5|5,5|6|5|5|5
52502,Nguyên tắc khi Vụ trưởng các Vụ trực thuộc Tổng cục Quản lý đất đai khi ký thừa lệnh Tổng cục trưởng như thế nào?,GENERAL_SEMANTIC,25,HYPOTHETICAL,0.4976190476190475,11,0.046875,4.246009349822998,1,104718,286384,54206|264448|272942|216723|286384,54206|272942|264448|104718|286384,54206|272942|264448|216723|104718,54206|104718|272942|286384|264448,Quyet-dinh-10-QD-TCQLDD-2017-ban-hanh-quy-che-lam-viec-Tong-cuc-Quan-ly-dat-dai-361213 || Quyet-dinh-380-QD-TCTL-nam-2013-Quy-che-lam-viec-Tong-cuc-Thuy-loi-216381 || Quyet-dinh-2288-QD-BKHCN-2017-Quy-che-lam-viec-cua-Bo-Khoa-hoc-va-Cong-nghe-414996 || Quyet-dinh-751-QD-BGTVT-2020-Quy-che-lam-viec-cua-Bo-Giao-thong-van-tai-441125 || Quyet-dinh-128-QD-TCTDTT-2015-Quy-che-cong-tac-van-thu-luu-tru-cua-Tong-cuc-The-duc-the-thao-279862,6|4|5|2|1,6|5|5|5|6,6|5|5|6|6
53756,Các biện pháp khẩn cấp tạm thời,GENERAL_SEMANTIC,7,,0.6042328042328042,11,0.046875,4.662668228149414,1,187506,277391,46918|223633|160120|277391|144344,46918|160120|223633|144344|277391,46918|160120|223633|144344|187506,46918|160120|144344|72004|187506,Bo-luat-to-tung-dan-su-2015-296861 || Luat-to-tung-hanh-chinh-2015-298372 || Nghi-quyet-02-2020-NQ-HDTP-ap-dung-bien-phap-khan-cap-tam-thoi-cua-Bo-luat-To-tung-dan-su-457919 || Nghi-quyet-03-2016-NQ-HDTP-huong-dan-thi-hanh-quy-dinh-Luat-pha-san-304588 || Bo-luat-To-tung-dan-su-2004-24-2004-QH11-52189,5|3|3|5|2,5|5|6|6|6,6|6|6|6|6
6208,Tủ điều khiển máy bơm nước chữa cháy là gì?,DEFINITION,10,,0.758994708994709,17,0.046875,2.3131308555603027,0,,,17391|248739|63057|93436|252163,17391|248739|63057|93436|252163,17391|248739|252163|63057|93436,17391|49455|234931|252163|93436, || Thong-tu-52-2019-TT-BCA-Quy-chuan-ky-thuat-quoc-gia-voi-He-thong-phong-chay-kho-chua-khi-dot-430573 ||  ||  || Nghi-dinh-79-2014-ND-CP-huong-dan-Luat-Phong-chua-chay-va-Luat-Phong-hua-chay-sua-doi-241914,5|4|1|4|3,5|4|3|4|3,5|4|4|5|4
84530,Sinh một lần ba con được hưởng chế độ thai sản như thế nào?,GENERAL_SEMANTIC,14,,0.44999999999999996,11,0.046875,2.879505157470703,0,,,23402|164447|190257|2309|126324,23402|164447|190257|2309|126324,23402|164447|190257|2309|126324,266589|23402|190078|63906|237840, ||  || Thong-tu-59-2015-TT-BLDTBXH-huong-dan-Luat-bao-hiem-xa-hoi-ve-bao-hiem-xa-hoi-bat-buoc-299644 || Thong-tu-lien-tich-105-2016-TTLT-BQP-BCA-BLDTBXH-huong-dan-Luat-Bao-hiem-xa-hoi-33-2016-ND-CP-330898 || Nghi-dinh-143-2018-ND-CP-bao-hiem-xa-hoi-bat-buoc-nguoi-lao-dong-nuoc-ngoai-lam-o-Viet-Nam-346012,5|5|6|6|2,6|5|6|6|5,6|6|6|6|5
91952,Người tham gia bảo hiểm y tế hộ gia đình có được gia hạn thẻ bảo hiểm y tế trước ngày thẻ hết hạn hay không?,PROCEDURE,26,NEGATION,0.43174603174603166,9,0.046875,2.8030612468719482,0,,,227964|40539|243812|177137|211473,227964|40539|243812|177137|211473,227964|243812|40539|177137|211473,122428|263444|227964|37580|159662,Luat-Bao-hiem-y-te-sua-doi-2014-238506 || Luat-bao-hiem-y-te-2008-25-2008-QH12-82196 || Nghi-dinh-146-2018-ND-CP-huong-dan-Luat-bao-hiem-y-te-357505 || Thong-tu-lien-tich-41-2014-TTLT-BYT-BTC-huong-dan-thuc-hien-bao-hiem-y-te-261252 || Thong-tu-143-2020-TT-BQP-huong-dan-Nghi-dinh-146-2018-ND-CP-bao-hiem-y-te-thuoc-Bo-Quoc-phong-459678,3|6|6|6|2,5|6|6|6|5,6|6|6|6|6
154872,"Những loại tài sản, thu nhập nào thì phải thực hiện kê khai tài sản, thu nhập?",GENERAL_SEMANTIC,17,,0.5822751322751323,13,0.04736328125,6.286826133728027,1,299073,194238,279667|71659|179363|140094|194238,279667|71659|179363|140094|299073,279667|71659|179363|140094|299073,71659|279667|299073|75796|179363,Luat-Phong-chong-tham-nhung-322049 || Quyet-dinh-742-QD-TCT-2020-Quy-che-phong-chong-tham-nhung-nganh-Thue-514626 ||  || Quyet-dinh-70-QD-TTCP-2021-cong-bo-thu-tuc-hanh-chinh-linh-vuc-phong-chong-tham-nhung-467999 || Quyet-dinh-222-QD-BCT-2022-nang-ngach-cong-chuc-va-cong-tac-can-bo-Bo-Cong-thuong-505064,4|5|6|5|0,5|5|6|5|3,5|6|6|6|4
87550,Đối tượng cấp giấy chứng nhận cơ sở đủ điều kiện an toàn thực phẩm như thế nào?,PROCEDURE,18,,0.6029100529100531,13,0.047760009765625,3.8658909797668457,0,,,219533|55414|20261|232471|93527,219533|55414|20261|232471|110588,219533|55414|20261|232471|93527,219533|110588|147980|2052|232663,Luat-an-toan-thuc-pham-2010-108074 || Thong-tu-43-2018-TT-BCT-quan-ly-an-toan-thuc-pham-thuoc-trach-nhiem-cua-Bo-Cong-thuong-400848 || Nghi-dinh-15-2018-ND-CP-huong-dan-Luat-an-toan-thuc-pham-341254 || Quyet-dinh-1390-QD-BCT-2020-cau-hoi-kiem-tra-de-xac-nhan-da-tap-huan-ve-an-toan-thuc-pham-448394 || Thong-tu-38-2018-TT-BNNPTNT-tham-dinh-co-so-san-xuat-thuc-pham-nong-lam-an-toan-thuc-pham-406512,5|5|4|2|5,5|5|5|4|6,5|5|6|5|6
78202,Ai có thẩm quyền tổ chức việc lập bản đồ địa chính ở nước ta theo Luật đất đai? ,PROCEDURE,19,INSTRUMENT,0.3388888888888889,9,0.0478515625,3.180846929550171,0,,,305455|184038|67945|107674|275738,305455|184038|67945|275738|107674,305455|184038|67945|275738|107674,67945|275738|184038|305455|107674,Luat-dat-dai-2013-215836 ||  || Luat-Dat-dai-2003-13-2003-QH11-51685 || Luat-Do-dac-va-Ban-do-354638 || Thong-tu-24-2014-TT-BTNMT-ho-so-dia-chinh-236560,6|5|6|4|5,6|6|6|5|5,6|6|6|5|5
98314,Đối tượng nào phải nộp thuế thu nhập cá nhân?,GENERAL_SEMANTIC,10,,0.4809523809523809,11,0.0478515625,2.6947948932647705,1,247150,177345,171570|240117|111323|135644|177345,240117|171570|111323|135644|177345,240117|171570|111323|247150|135644,240117|247150|156358|32132|16227,Luat-thue-thu-nhap-ca-nhan-2007-04-2007-QH12-59652 || Thong-tu-111-2013-TT-BTC-Huong-dan-Luat-thue-thu-nhap-ca-nhan-va-Nghi-dinh-65-2013-ND-CP-205356 || Nghi-dinh-65-2013-ND-CP-huong-dan-Luat-thue-thu-nhap-ca-nhan-2007-sua-doi-2012-196609 || Thong-tu-205-2013-TT-BTC-huong-dan-Hiep-dinh-tranh-danh-thue-hai-lan-Viet-Nam-voi-cac-nuoc-217929 || Thong-tu-105-2020-TT-BTC-huong-dan-dang-ky-thue-459433,6|6|4|1|4,6|6|5|3|5,6|6|6|4|5
22346,Giá đất phi nông nghiệp khác và giá đất chưa sử dụng trên địa bàn TP Hà Nội được xác định ra sao?,GENERAL_SEMANTIC,23,NEGATION,0.741005291005291,16,0.048828125,2.8967416286468506,0,,,26337|91276|260717|295382|64485,26337|260717|91276|64485|295382,26337|64485|260717|295382|91276,26337|83517|64485|121120|295382,Quyet-dinh-30-2019-QD-UBND-quy-dinh-va-bang-gia-dat-thanh-pho-Ha-Noi-432367 || Quyet-dinh-14-2020-QD-UBND-ban-hanh-Bang-gia-dat-tinh-Ninh-Thuan-445084 || Quyet-dinh-28-2019-QD-UBND-quy-dinh-Bang-gia-dat-tinh-Yen-Bai-434265 || Quyet-dinh-56-2019-QD-UBND-Quy-dinh-Bang-gia-dat-05-nam-Lao-Cai-2020-2024-445247 || Quyet-dinh-09-2020-QD-UBND-Bang-gia-dat-thanh-pho-Da-Nang-giai-doan-2020-2024-440454,6|2|3|1|2,6|4|4|2|2,6|4|5|5|4
80112,Thẻ bảo hiểm y tế được quy định như thế nào?,GENERAL_SEMANTIC,11,,0.5375661375661377,11,0.048828125,2.7255451679229736,0,,,243812|40539|78219|177137|227964,243812|177137|78219|40539|227964,243812|78219|177137|40539|227964,177137|243812|78219|281235|167786,Luat-bao-hiem-y-te-2008-25-2008-QH12-82196 || Nghi-dinh-70-2015-ND-CP-huong-dan-Luat-Bao-hiem-y-te-Quan-doi-Cong-an-nhan-dan-nguoi-lam-co-yeu-2888 || Thong-tu-lien-tich-41-2014-TTLT-BYT-BTC-huong-dan-thuc-hien-bao-hiem-y-te-261252 || Nghi-dinh-146-2018-ND-CP-huong-dan-Luat-bao-hiem-y-te-357505 || Luat-Bao-hiem-y-te-sua-doi-2014-238506,5|5|3|6|2,5|6|5|6|3,6|6|5|6|5
8236,Ai có quyền kháng nghị bản án sơ thẩm trong tố tụng hình sự? ,GENERAL_SEMANTIC,14,,0.6563492063492065,12,0.048828125,2.055112361907959,1,90853,160120,102434|194863|46918|160120|784,102434|46918|194863|784|160120,102434|194863|46918|784|90853,46918|102434|194863|290077|22695,Bo-luat-to-tung-hinh-su-2015-296884 || Bo-luat-To-tung-Hinh-su-2003-19-2003-QH11-51701 || Bo-luat-to-tung-dan-su-2015-296861 || Quyet-dinh-505-QD-VKSTC-2017-Quy-che-cong-tac-thuc-hanh-quyen-cong-to-369970 || Nghi-quyet-326-2016-UBTVQH14-muc-thu-mien-giam-thu-nop-quan-ly-su-dung-an-phi-le-phi-Toa-an-337085,5|4|4|4|2,6|6|5|5|3,6|6|6|6|4
146572,Đăng ký giao dịch đảm bảo có tốn phí hay không?,PROCEDURE,11,NEGATION,0.8306878306878307,17,0.04931640625,3.932671546936035,1,226123,183078,59149|28706|183078|207772|202936,28706|59149|202936|207772|226123,28706|59149|202936|207772|226123,294187|28706|226123|101752|202936,Thong-tu-202-2016-TT-BTC-phi-trong-linh-vuc-giao-dich-bao-dam-332321 || Nghi-dinh-181-2004-ND-CP-thi-hanh-Luat-Dat-dai-52514 || Nghi-quyet-24-2021-NQ-HDND-phi-le-phi-thuoc-Hoi-dong-nhan-dan-Binh-Dinh-498328 || Thong-tu-10-2016-TT-BTC-the-chap-tai-san-de-bao-dam-cho-khoan-vay-duoc-Chinh-phu-bao-lanh-301916 || Nghi-quyet-03-2020-NQ-HDND-quy-dinh-muc-thu-cac-loai-phi-va-le-phi-tinh-Dak-Lak-448463,3|3|3|3|3,5|5|4|5|5,5|5|5|5|5
137312,"Trẻ em dưới 6 tuổi bị tim bẩm sinh phức tạp (đảo gốc động mạch), mổ hở sửa toàn bộ thì Hội đồng xác định mức độ khuyết tật từ chối đánh giá mức độ khuyết tật có đúng không? ",GENERAL_SEMANTIC,40,NEGATION,0.5523809523809524,13,0.05078125,1.7607226371765137,0,,,22885|262726|160668|73737|63812,22885|262726|160668|73737|63812,22885|262726|160668|73737|63812,22885|189082|73737|233505|65558,Thong-tu-01-2019-TT-BLDTBXH-xac-dinh-muc-do-khuyet-tat-do-Hoi-dong-thuc-hien-325488 || Nghi-dinh-28-2012-ND-CP-huong-dan-Luat-nguoi-khuyet-tat-137918 || Luat-nguoi-khuyet-tat-2010-108081 || Thong-tu-lien-tich-37-2012-TTLT-BLDTBXH-BYT-BTC-BGDDT-xac-dinh-muc-do-khuyet-tat-179414 || Quyet-dinh-697-QD-LDTBXH-nam-2013-cong-bo-thu-tuc-hanh-chinh-linh-vuc-bao-tro-185137,5|5|5|4|1,5|5|5|5|3,6|5|5|5|3
138784,"Số lượng sách giáo khoa, sách nghiệp vụ của giáo viên, sách tham khảo trong thư viện cơ sở giáo dục trung học cơ sở phải có bao nhiêu bộ?",GENERAL_SEMANTIC,30,,0.5994708994708995,12,0.05078125,4.1642374992370605,1,139645,228035,176710|98663|88423|242240|228035,98663|176710|139645|242240|88423,176710|98663|139645|88423|242240,139645|98663|176710|118957|242240,Quyet-dinh-01-2003-QD-BGDDT-tieu-chuan-thu-vien-truong-pho-thong-16939 || Nghi-dinh-93-2020-ND-CP-huong-dan-Luat-Thu-vien-450595 ||  || Thong-tu-16-2017-TT-BGDDT-khung-vi-tri-viec-lam-so-luong-nguoi-lam-co-so-giao-duc-pho-thong-355050 || Thong-tu-16-2022-TT-BGDDT-tieu-chuan-thu-vien-co-so-giao-duc-mam-non-pho-thong-493269,5|6|2|2|4,5|6|3|3|6,5|6|4|5|6
2742,Sinh viên sư phạm chuyển sang học ngành học khác thì có phải bồi hoàn kinh phí hỗ trợ không?,GENERAL_SEMANTIC,20,NEGATION,0.7013227513227513,15,0.05078125,3.6375393867492676,1,146481,131007,209069|199759|263594|188316|131007,209069|199759|263594|188316|146481,209069|199759|263594|188316|146481,209069|199759|146481|179734|71303,Nghi-dinh-116-2020-ND-CP-chinh-sach-ho-tro-tien-dong-hoc-phi-doi-voi-sinh-vien-su-pham-433178 || Luat-giao-duc-2019-367665 || Thong-tu-lien-tich-35-2014-TTLT-BGDDT-BTC-huong-dan-66-2013-QD-TTg-ho-tro-chi-phi-hoc-tap-dan-toc-th || Thong-tu-30-2022-TT-BTC-co-che-tai-chinh-nang-cao-nang-luc-giang-vien-dai-hoc-516332 || Thong-tu-08-2021-TT-BGDDT-Quy-che-dao-tao-trinh-do-dai-hoc-470013,6|5|2|1|3,6|6|3|4|5,6|6|5|5|5
65830,Tài liệu công bố kết quả điều tra đánh giá đất đai gồm những giấy tờ gì?,GENERAL_SEMANTIC,17,,0.7148148148148149,15,0.05078125,3.806675672531128,1,305455,130378,4634|63276|305828|130378|51629,4634|63276|305828|305455|51629,4634|63276|305455|305828|51629,4634|305455|293243|81673|51629,Thong-tu-35-2014-TT-BTNMT-quy-dinh-dieu-tra-danh-gia-dat-dai-240758 || Thong-tu-lien-tich-14-2015-TTLT-BTNMT-BTP-dau-gia-quyen-su-dung-dat-giao-dat-co-thu-tien-cho-thue-da || Luat-dat-dai-2013-215836 || Thong-tu-60-2015-TT-BTNMT-ky-thuat-dieu-tra-danh-gia-dat-dai-300364 || Thong-tu-36-2014-TT-BTNMT-phuong-phap-dinh-gia-dat-xay-dung-dieu-chinh-bang-gia-dat-242349,6|2|4|3|2,6|2|5|5|4,6|2|5|5|5
95774,Trưởng phòng xét nghiệm có trách nhiệm thế nào trong việc quản lý chất lượng xét nghiệm tại cơ sở khám chữa bệnh?,GENERAL_SEMANTIC,23,,0.6513227513227513,12,0.05078125,2.2125167846679688,1,238624,84314,130357|242643|211973|22123|84314,130357|242643|22123|211973|238624,130357|242643|238624|22123|211973,130357|242643|238624|83537|22123,Thong-tu-01-2013-TT-BYT-huong-dan-thuc-hien-quan-ly-chat-luong-xet-nghiem-164494 || Thong-tu-49-2018-TT-BYT-huong-dan-hoat-dong-xet-nghiem-trong-kham-chua-benh-407226 || Quyet-dinh-6858-QD-BYT-Bo-tieu-chi-chat-luong-benh-vien-Viet-Nam-2016-331011 || Quyet-dinh-1895-1997-QD-BYT-Quy-che-benh-vien-66676 || Thong-tu-19-2013-TT-BYT-quan-ly-chat-luong-dich-vu-kham-chua-benh-tai-benh-vien-199707,5|6|2|2|2,5|6|3|4|5,5|6|5|5|5
4044,Cấp bậc quân hàm cao nhất đối với chức vụ Đại đội trưởng của sĩ quan Quân đội nhân dân Việt Nam là gì?,DEFINITION,24,,0.2761904761904762,7,0.05224609375,5.391944885253906,1,205038,283457,223812|156637|68906|190620|283457,223812|156637|68906|190620|205038,223812|156637|68906|190620|205038,68906|156637|223812|205038|190620,Van-ban-hop-nhat-24-VBHN-VPQH-2019-Luat-Si-quan-Quan-doi-nhan-dan-439156 || Luat-si-quan-Quan-doi-nhan-dan-Viet-Nam-2008-sua-doi-19-2008-QH12-66965 || Luat-Si-quan-Quan-doi-nhan-dan-Viet-Nam-1999-16-1999-QH10-46063 || Thong-tu-07-2016-TT-BQP-phong-quan-ham-cao-nhat-ha-si-quan-binh-si-Quan-doi-303571 || Nghi-quyet-1032-2020-UBTVQH14-cap-bac-quan-ham-cao-nhat-Benh-vien-Trung-uong-Quan-doi-108-456378,6|6|6|5|0,6|6|6|6|4,6|6|6|6|4
56666,Đối tượng không chịu thuế bảo vệ môi trường là những hàng hóa nào?,GENERAL_SEMANTIC,14,NEGATION,0.6510582010582011,13,0.05267333984375,4.120763301849365,1,90812,122717,80245|272812|84557|141958|122717,80245|272812|84557|141958|90812,80245|272812|84557|90812|141958,80245|90812|187075|84557|272812,Luat-thue-bao-ve-moi-truong-2010-115247 || Thong-tu-152-2011-TT-BTC-huong-dan-Nghi-dinh-67-2011-ND-CP-huong-dan-Luat-thue-131987 || Luat-thue-gia-tri-gia-tang-2008-13-2008-QH12-66934 ||  || Luat-thue-tieu-thu-dac-biet-2008-26-2008-QH12-82198,6|5|2|3|2,6|5|3|4|5,6|5|5|4|5
119016,Trường hợp nào bị thu hồi Giấy phép khai thác tận thu khoáng sản?,PROCEDURE,14,,0.569047619047619,11,0.05322265625,4.390218734741211,1,137582,241846,117172|208663|247578|51256|241846,117172|208663|51256|247578|72296,117172|208663|51256|247578|137582,117172|51256|91097|282917|72296,Luat-khoang-san-2010-115263 || Nghi-dinh-201-2013-ND-CP-huong-dan-Luat-tai-nguyen-nuoc-214786 || Nghi-dinh-02-2023-ND-CP-huong-dan-Luat-Tai-nguyen-nuoc-513343 || Nghi-dinh-158-2016-ND-CP-huong-dan-Luat-khoang-san-332220 || Nghi-dinh-36-2020-ND-CP-xu-phat-vi-pham-hanh-chinh-trong-linh-vuc-tai-nguyen-nuoc-va-khoang-san-4381,6|4|4|4|1,6|5|5|6|5,6|5|5|6|6
113350,Trợ lý của Ủy viên Bộ Chính trị được cấp hộ chiếu ngoại giao khi có đủ các điều kiện gì?,CONDITION,21,HYPOTHETICAL,0.6703703703703703,13,0.0546875,2.6551876068115234,1,206126,77650,52666|305134|99929|7100|77650,52666|305134|7100|99929|77650,52666|305134|99929|7100|206126,52666|132219|305134|7100|77650,Luat-Xuat-canh-nhap-canh-cua-cong-dan-Viet-Nam-2019-402073 || Thong-tu-04-2020-TT-BNG-cap-gia-han-huy-gia-tri-su-dung-ho-chieu-ngoai-giao-453966 || Nghi-dinh-88-2012-ND-CP-Quy-dinh-hoat-dong-thong-tin-bao-chi-cua-bao-chi-150053 || Quy-dinh-30-QD-TW-2021-quyen-han-quy-trinh-bo-nhiem-chinh-sach-doi-voi-chuc-danh-tro-ly-thu-ky-48961 || Quyet-dinh-2825-QD-BTC-nam-2013-Quy-che-su-dung-quan-ly-ho-chieu-ngoai-giao-cong-vu-can-bo-214331,5|5|2|2|3,5|5|4|2|3,6|5|5|2|3
143102,Vợ có được nộp đơn ly hôn khi chồng bỏ nhà đi không có mặt ở địa phương không?,CONDITION,19,NEGATION|HYPOTHETICAL,0.6957671957671958,12,0.0546875,1.8991531133651733,1,177925,132797,134404|204578|176583|46918|132797,134404|204578|176583|177925|46918,134404|177925|204578|176583|46918,177925|134404|203564|204578|272362,Luat-Hon-nhan-va-gia-dinh-2014-238640 ||  ||  || Thong-tu-lien-tich-01-2016-TTLT-TANDTC-VKSNDTC-BTP-huong-dan-thi-hanh-Luat-hon-nhan-gia-dinh-293202 || Bo-luat-to-tung-dan-su-2015-296861,5|2|4|2|4,5|3|5|5|5,5|3|6|5|6
156784,Giấy chứng nhận cơ sở đủ điều kiện an toàn thực phẩm sẽ được kiểm tra như thế nào?,CONDITION,19,,0.6939153439153439,14,0.0546875,3.1341934204101562,1,45794,20261,219533|55414|34777|19512|20261,219533|55414|34777|19512|20261,219533|55414|34777|19512|45794,45794|299215|136914|219533|93527,Luat-an-toan-thuc-pham-2010-108074 || Thong-tu-43-2018-TT-BCT-quan-ly-an-toan-thuc-pham-thuoc-trach-nhiem-cua-Bo-Cong-thuong-400848 || Thong-tu-48-2015-TT-BYT-kiem-tra-an-toan-ve-sinh-thuc-pham-san-xuat-kinh-doanh-thuc-pham-297660 || Thong-tu-48-2013-TT-BNNPTNT-kiem-tra-chung-nhan-an-toan-thuy-san-xuat-khau-213842 || Ke-hoach-302-KH-UBND-2022-dam-bao-an-toan-thuc-pham-phuc-vu-Tet-Duong-lich-Ha-Noi-2023-544242,4|5|3|4|0,5|5|5|4|3,5|5|5|5|4
168586,Quyền hạn và trách nhiệm của người thu hộ hối phiếu là gì?,DEFINITION,13,,0.44126984126984126,10,0.0546875,3.9508233070373535,0,,,124450|178376|281249|129272|81598,124450|178376|281249|129272|81598,124450|178376|281249|129272|81598,124450|178376|205344|281249|26667,Quyet-dinh-44-2006-QD-NHNN-thu-tuc-nho-thu-hoi-phieu-qua-nguoi-thu-ho-13875 || Luat-Cac-cong-cu-chuyen-nhuong-2005-49-2005-QH11-7023 || Thong-tu-22-2015-TT-NHNN-quy-dinh-hoat-dong-cung-ung-su-dung-sec-287605 || Quyet-dinh-40-QD-HDQL-Quy-che-hoat-dong-thanh-toan-trong-nuoc-qua-Ngan-hang-126167 || Bo-luat-dan-su-2015-296215,6|6|6|3|0,6|6|6|3|1,6|6|6|3|1
2572,Có được đi làm trở lại sau khi bị tạm giam không?,CONDITION,12,NEGATION|HYPOTHETICAL,0.4992063492063491,10,0.0546875,2.645202159881592,1,234652,245154,102434|194863|217349|68399|245154,217349|102434|194863|68399|129823,217349|102434|194863|68399|234652,234652|143446|217349|23115|129823,Luat-thi-hanh-tam-giu-tam-giam-2015-298373 || Bo-luat-to-tung-hinh-su-2015-296884 || Bo-luat-To-tung-Hinh-su-2003-19-2003-QH11-51701 || Luat-Thi-hanh-an-hinh-su-2019-387991 || Nghi-dinh-05-2015-ND-CP-huong-dan-Bo-luat-Lao-dong-263294,5|6|6|3|0,5|6|6|3|1,6|6|6|6|1
