qid,question,archetype,word_count,active_cues,source_disagreement_at5,source_top5_union_size,ce_margin5_minus6,ce_score_std,rank_to_primary_set_churn,entering,leaving,rank_only_top5,blend015_top5,primary_top5,ce_only_top5,primary_top5_names,primary_support5,primary_support10,primary_support20
93354,"Nhiệm vụ 2: Hoàn thiện thể chế, chính sách",GENERAL_SEMANTIC,9,,0.9343915343915343,23,0.1669921875,3.567803144454956,1,146050,3042,110662|69296|201234|47948|3042,110662|69296|47948|201234|296309,110662|69296|47948|201234|146050,98867|282579|79407|112166|146050,Nghi-quyet-76-NQ-CP-2021-Chuong-trinh-tong-the-cai-cach-hanh-chinh-nha-nuoc-2021-2030-481235 || Nghi-quyet-04-NQ-CP-2022-day-manh-phan-cap-trong-quan-ly-Nha-nuoc-500132 || Ke-hoach-81-KH-UBTVQH15-2021-thuc-hien-Ket-luan-19-KL-TW-495763 || Nghi-quyet-27-NQ-TW-2022-tiep-tuc-xay-dung-Nha-nuoc-phap-quyen-xa-hoi-chu-nghia-giai-doan-moi-541092 || Nghi-quyet-01-NQ-CP-2023-nhiem-vu-giai-phap-chu-yeu-thuc-hien-Ke-hoach-phat-trien-kinh-te-xa-hoi-549,3|2|1|0|0,4|4|3|1|1,5|5|4|4|4
126410,"Các bộ, cơ quan ngang bộ, cơ quan thuộc chính phủ phải thực hiện các nội dung để triển khai Nghị định 44/2022/NĐ-CP như thế nào? ",DIRECT_REF,29,INSTRUMENT,0.9195767195767196,22,0.29296875,3.1402676105499268,0,,,53316|119090|110662|125251|144122,144122|53316|119090|125251|110662,144122|53316|119090|125251|110662,144122|226904|253667|96838|55018, || Nghi-quyet-74-NQ-CP-2023-phien-hop-Chinh-phu-thuong-ky-thang-4-565541 || Nghi-quyet-63-NQ-CP-2022-phien-hop-Chinh-phu-thuong-ky-thang-4-512643 || Nghi-dinh-61-2018-ND-CP-co-che-mot-cua-mot-cua-lien-thong-trong-giai-quyet-thu-tuc-hanh-chinh-357427 || Nghi-quyet-76-NQ-CP-2021-Chuong-trinh-tong-the-cai-cach-hanh-chinh-nha-nuoc-2021-2030-481235,2|1|1|2|2,2|2|2|3|2,2|3|3|5|5
14470,Bảng kê trích nộp các khoản theo lương của người lao động được quy định như thế nào?,GENERAL_SEMANTIC,18,,0.8973544973544973,21,0.22265625,1.9153035879135132,1,42223,179075,289397|87275|129823|17028|179075,87275|289397|17028|129823|42223,87275|289397|17028|129823|42223,87275|289726|126202|165807|55355,Thong-tu-88-2021-TT-BTC-huong-dan-che-do-ke-toan-cho-cac-ho-kinh-doanh-491591 || Thong-tu-10-2020-TT-BLDTBXH-huong-dan-Bo-luat-Lao-dong-noi-dung-hop-dong-lao-dong-454406 || Thong-tu-25-2018-TT-BTC-huong-dan-Nghi-dinh-146-2017-ND-CP-sua-doi-Nghi-dinh-100-2016-ND-CP-372596 || Bo-Luat-lao-dong-2019-333670 || Thong-tu-200-2014-TT-BTC-huong-dan-Che-do-ke-toan-Doanh-nghiep-263599,2|2|2|3|1,3|2|2|4|5,4|3|2|5|6
70518,Xử lý vi phạm hành chính đối với hành vi này như thế nào?,GENERAL_SEMANTIC,14,,0.8899470899470899,21,0.212890625,1.4326162338256836,1,202555,219419,81400|17545|69484|219419|163290,81400|17545|69484|202555|163290,81400|17545|163290|202555|69484,202555|36459|125585|89814|163290,Nghi-dinh-155-2016-ND-CP-quy-dinh-xu-phat-vi-pham-hanh-chinh-trong-linh-vuc-bao-ve-moi-truong-331295 || Luat-xu-ly-vi-pham-hanh-chinh-2012-142766 || Nghi-dinh-19-2020-ND-CP-kiem-tra-xu-ly-ky-luat-trong-thi-hanh-phap-luat-ve-xu-ly-vi-pham-hanh-chinh- || Quyet-dinh-1489-QD-BGDDT-2023-cong-tac-kiem-tra-cua-Bo-Giao-duc-568236 || Nghi-dinh-98-2020-ND-CP-xu-phat-vi-pham-hanh-chinh-hoat-dong-san-xuat-buon-ban-hang-gia-406627,2|1|3|2|2,2|3|3|2|2,2|4|3|2|2
66174,"Hồ sơ, trình tự thực hiện như thế nào?",PROCEDURE,9,,0.8888888888888888,21,0.25390625,2.316925048828125,1,195612,264448,108356|266493|55778|264448|165017,108356|266493|55778|165017|195612,55778|108356|266493|165017|195612,60011|184715|195612|179734|261464,Thong-tu-lien-tich-11-2015-TTLT-BVHTTDL-BTC-BGDDT-uu-dai-sinh-vien-nghe-thuat-truyen-thong-dac-thu-2 || Nghi-dinh-107-2016-ND-CP-quy-dinh-kinh-doanh-dich-vu-danh-gia-su-phu-hop-2016-315460 || Quyet-dinh-42-2014-QD-UBND-Quy-dinh-quan-ly-nha-nuoc-dat-dai-Da-Nang-261099 || Thong-tu-03-2022-TT-BTP-danh-gia-tac-dong-thu-tuc-hanh-chinh-lap-de-nghi-xay-dung-van-ban-504451 || ,2|1|1|1|2,2|2|1|1|2,2|2|2|1|3
108220,"Thời gian thực hiện điều tra công nghiệp, xây dựng, thương mại, dịch vụ và vốn đầu tư ra sao?",GENERAL_SEMANTIC,20,,0.8862433862433863,21,0.16796875,3.2024519443511963,0,,,133935|70119|186899|228779|60993,70119|133935|60993|186899|228779,70119|133935|60993|186899|228779,70119|133935|60993|295644|173016,Quyet-dinh-03-2023-QD-TTg-Chuong-trinh-dieu-tra-thong-ke-quoc-gia-554853 || Thong-tu-23-2016-TT-BTTTT-dieu-tra-san-luong-gia-cuoc-binh-quan-dich-vu-buu-chinh-cong-ich-bao-chi-3 || Nghi-dinh-10-2018-ND-CP-huong-dan-Luat-Quan-ly-ngoai-thuong-bien-phap-phong-ve-thuong-mai-359554 || Quyet-dinh-911-QD-BNV-2020-Quy-che-quan-ly-hoat-dong-khoa-hoc-va-cong-nghe-456605 || Luat-Quan-ly-ngoai-thuong-2017-322219,2|3|3|2|3,3|5|4|3|5,3|5|5|3|5
33026,Nguồn thu của Hội Cổ sinh Địa tầng Việt Nam được quy định thế nào?,GENERAL_SEMANTIC,15,,0.8777777777777778,21,0.08203125,4.1270551681518555,0,,,73487|52784|215025|16756|47006,52784|47006|215025|73487|16756,73487|52784|47006|215025|16756,47006|92156|60889|103264|190477,Quyet-dinh-120-2005-QD-BNV-Dieu-le-Hoi-Co-sinh-Dia-tang-Viet-Nam-6109 || Quyet-dinh-07-2003-QD-BNV-Dieu-le-Hoi-Y-te-cong-cong-Viet-Nam-184346 || Quyet-dinh-121-2005-QD-BNV-Dieu-le-Hoi-Khoang-Thach-hoc-Viet-Nam-6179 || Quyet-dinh-122-2005-QD-BNV-Dieu-le-Hoi-Dia-hoa-Viet-Nam-6180 || Quyet-dinh-892-QD-BNV-nam-2012-phe-duyet-Dieu-le-sua-doi-bo-sung-Hoi-Khoa-hoc-172106,3|1|1|1|3,3|1|1|2|3,6|3|4|4|4
66608,Chồng ở trong tù làm thế nào để trả nợ?,GENERAL_SEMANTIC,10,,0.8777777777777778,21,0.765625,0.7380552291870117,1,176583|177925,132797|229023,81598|134404|102434|132797|229023,81598|134404|102434|132797|2948,81598|176583|134404|177925|102434,176583|177925|131581|81598|2948,Bo-luat-dan-su-2015-296215 || Thong-tu-lien-tich-01-2016-TTLT-TANDTC-VKSNDTC-BTP-huong-dan-thi-hanh-Luat-hon-nhan-gia-dinh-293202 || Luat-Hon-nhan-va-gia-dinh-2014-238640 ||  || Bo-luat-to-tung-hinh-su-2015-296884,3|0|3|1|2,3|0|3|1|2,5|1|4|3|2
57420,Thời hạn giải quyết hồ sơ được quy định ra sao?,PROCEDURE,11,,0.8714285714285714,20,0.48974609375,2.6168861389160156,1,144566|130413,42224|165017,125251|49643|183078|42224|165017,125251|49643|183078|130413|165017,125251|183078|49643|144566|130413,144566|31839|130413|37580|183078,Nghi-dinh-61-2018-ND-CP-co-che-mot-cua-mot-cua-lien-thong-trong-giai-quyet-thu-tuc-hanh-chinh-357427 || Nghi-dinh-99-2022-ND-CP-dang-ky-bien-phap-bao-dam-542323 || Quyet-dinh-922-QD-BXD-2022-Quy-che-hoat-dong-He-thong-thong-tin-giai-quyet-thu-tuc-hanh-chinh-541916 || Nghi-dinh-136-2020-ND-CP-huong-dan-Luat-Phong-chay-va-chua-chay-458292 || Quyet-dinh-706-QD-BHXH-2023-Quy-trinh-giai-quyet-Dang-ky-khai-tu-Xoa-dang-ky-thuong-tru-Tro-cap-mai-,2|2|3|0|3,2|2|3|1|3,4|2|3|1|3
17964,Ủy viên của Ban Thường vụ Trung ương Hội Đông y Việt Nam không được vượt quá bao nhiêu người?,CONDITION,20,NEGATION,0.8685185185185185,21,0.2255859375,3.7466437816619873,1,88686|187554,54328|162157,3449|54328|188520|49115|162157,3449|188520|54328|49115|88686,3449|188520|88686|49115|187554,229637|289792|88686|25046|187554,Quyet-dinh-162-QD-BNV-2011-phe-duyet-Dieu-le-sua-doi-bo-sung-Hoi-Dong-y-Viet-Nam-301462 || Quyet-dinh-106-2005-QD-BNV-Dieu-le-Hoi-Moi-truong-giao-thong-van-tai-Viet-Nam-4606 || Quyet-dinh-20-2003-QD-BNV-Dieu-le-sua-doi-Hoi-Huu-nghi-Viet-Nam-Cu-Ba-184393 || Quyet-dinh-98-2005-QD-BNV-Dieu-le-Hoi-Khoa-hoc-ky-thuat-Cau-duong-Viet-Nam-21442 || Quyet-dinh-16-2003-QD-BNV-phe-duyet-ban-Dieu-le-sua-doi-Hoi-Huu-nghi-Viet-Han-184391,4|1|1|2|1,6|2|1|2|1,6|5|2|2|1
99302,Sinh viên mới tốt nghiệp đang ở quê muốn vào Sài Gòn để xin việc thì có được chứng thực sơ yếu lý lịch ở Sài Gòn không?,CONDITION,28,NEGATION,0.8658730158730159,20,0.3671875,0.6386113166809082,1,210867|248776|173452,37580|64367|77650,259656|156354|37580|64367|77650,156354|259656|37580|248776|64367,259656|156354|210867|248776|173452,210867|248776|156354|173452|156,Nghi-dinh-23-2015-ND-CP-cap-chung-thuc-ban-sao-tu-ban-chinh-chung-thuc-chu-ky-266857 || Thong-tu-01-2020-TT-BTP-huong-dan-ve-cap-ban-sao-tu-so-goc-chung-thuc-chu-ky-436529 || Thong-tu-43-2023-TT-BTC-sua-doi-Thong-tu-nop-xuat-trinh-va-khai-thong-tin-ve-dang-ky-so-ho-khau-5710 || Quyet-dinh-14-2000-QD-VPCP-Quy-che-tuyen-chon-can-bo-cong-chuc-177028 || Nghi-dinh-109-2016-ND-CP-cap-chung-chi-hanh-nghe-nguoi-hanh-nghe-cap-giay-phep-hoat-dong-316127,2|1|1|3|1,2|3|1|3|1,3|5|1|3|1
99804,Nhiệm vụ và quyền hạn của Ban Thường vụ Hội Nhạc sĩ Việt Nam được quy định thế nào?,GENERAL_SEMANTIC,19,,0.8648148148148148,20,0.169921875,4.569023609161377,1,229209|286540|24332,47307|134982|205838,97500|47307|229046|134982|205838,97500|229046|47307|134982|229209,97500|229046|229209|286540|24332,97500|12703|108916|60889|102561,Quyet-dinh-679-QD-BNV-2021-phe-duyet-Dieu-le-sua-doi-cua-Hoi-Nhac-si-Viet-Nam-476042 || Quyet-dinh-840-QD-BNV-2021-phe-duyet-Dieu-le-Hoi-Bao-ve-quyen-tac-pham-dien-anh-483281 || Quyet-dinh-42-QD-BNV-2015-Dieu-le-Hoi-Ho-tro-khac-phuc-hau-qua-bom-min-Viet-Nam-264038 || Quyet-dinh-615-QD-BNV-2015-phe-duyet-Dieu-le-Hoi-Bao-tro-benh-nhan-ngheo-Tay-Nam-Bo-283658 || Quyet-dinh-492-QD-BNV-nam-2012-phe-duyet-Dieu-le-sua-doi-Hoi-Tam-than-hoc-141510,4|1|1|1|1,4|2|2|1|2,6|2|2|1|3
141380,Quỹ thành viên là gì?,DEFINITION,5,,0.8611111111111112,19,0.0859375,2.6760125160217285,1,268656,265884,268313|138768|22282|265884|217480,268313|138768|22282|217480|268656,268313|217480|268656|138768|22282,268313|268656|165780|217480|151239,Luat-Chung-khoan-nam-2019-399763 || Nghi-dinh-93-2019-ND-CP-ve-to-chuc-hoat-dong-cua-quy-xa-hoi-quy-tu-thien-398154 || Nghi-dinh-30-2012-ND-CP-to-chuc-hoat-dong-quy-xa-hoi-tu-thien-137920 || Nghi-dinh-45-2021-ND-CP-thanh-lap-to-chuc-hoat-dong-cua-Quy-ho-tro-phat-trien-hop-tac-xa-469454 || Nghi-dinh-39-2019-ND-CP-to-chuc-va-hoat-dong-cua-Quy-Phat-trien-doanh-nghiep-nho-va-vua-325336,2|3|3|3|1,4|3|4|4|3,5|4|5|4|5
149374,Trường hợp nào không áp dụng diện tích tối thiểu của thửa đất mới hình thành?,CONDITION,16,NEGATION,0.8611111111111112,19,0.1376953125,2.713608741760254,1,159712,188205,94475|286146|213842|188205|152927,213842|94475|286146|188205|152927,213842|94475|159712|286146|152927,213842|159712|236745|99880|131857,Quyet-dinh-30-2021-QD-UBND-han-muc-giao-dat-cong-nhan-quyen-su-dung-dat-Quang-Tri-499075 || Quyet-dinh-40-2021-QD-UBND-dieu-kien-tach-thua-dat-dieu-kien-hop-thua-dat-tinh-Lam-Dong-493463 || Quyet-dinh-42-2014-QD-UBND-dien-tich-kich-thuoc-canh-thua-toi-thieu-duoc-phep-tach-thua-dat-Phu-Yen- || Quyet-dinh-08-2020-QD-UBND-quy-dinh-dinh-muc-su-dung-dat-tinh-An-Giang-442663 || Quyet-dinh-21-2021-QD-UBND-dieu-kien-tach-thua-dat-dieu-kien-hop-thua-dat-tinh-Binh-Thuan-486679,3|3|2|1|1,4|3|4|3|1,5|5|6|5|4
142774,BOG là gì?,DEFINITION,3,,0.8595238095238096,20,0.43359375,2.1366424560546875,1,151206,128583,141894|184142|128583|242302|146614,242302|146614|141894|184142|128583,242302|146614|141894|151206|184142,242302|146614|151206|275738|290592,Thong-tu-40-2022-TT-BCT-Quy-chuan-ky-thuat-an-toan-kho-chua-khi-thien-nhien-hoa-long-549089 ||  || Nghi-dinh-42-2020-ND-CP-Danh-muc-hang-hoa-nguy-hiem-van-chuyen-bang-phuong-tien-duong-bo-439336 || Thong-tu-103-2021-TT-BTC-huong-dan-phuong-thuc-trich-lap-Quy-binh-on-gia-xang-dau-495500 || Quyet-dinh-02-2020-QD-UBND-quy-dinh-Bang-gia-dat-Thanh-pho-Ho-Chi-Minh-2020-2024-433608,1|1|2|1|2,1|1|2|1|2,2|2|2|2|2
115756,Chi phí làm sổ đỏ bao gồm những gì?,GENERAL_SEMANTIC,9,,0.8584656084656085,20,1.25390625,1.7988723516464233,1,305455|102478,283304|86314,22159|140215|248593|283304|86314,22159|140215|248593|283304|102478,22159|140215|248593|305455|102478,196443|22159|305455|267782|32966,Nghi-quyet-47-2016-NQ-HDND-phi-tham-dinh-ho-so-cap-giay-chung-nhan-quyen-su-dung-dat-Nghe-An-339041 || Nghi-quyet-08-2020-NQ-HDND-muc-thu-mien-giam-quan-ly-va-su-dung-phi-le-phi-tinh-Bac-Lieu-450221 || Thong-tu-257-2016-TT-BTC-phi-cong-chung-thuc-tham-dinh-hanh-nghe-cong-chung-the-cong-chung-vien-3332 || Luat-dat-dai-2013-215836 || Thong-tu-85-2019-TT-BTC-huong-dan-phi-va-le-phi-tham-quyen-quyet-dinh-Hoi-dong-nhan-dan-tinh-431619,3|5|1|2|1,5|5|2|2|1,5|5|3|2|4
147540,Chứng thực sơ yếu lý lịch là gì?,DEFINITION,8,,0.8574074074074074,20,0.18359375,1.6938978433609009,0,,,259656|156354|71651|179895|129113,156354|259656|71651|179895|129113,259656|156354|71651|179895|129113,179895|32997|71651|116035|125915,Nghi-dinh-23-2015-ND-CP-cap-chung-thuc-ban-sao-tu-ban-chinh-chung-thuc-chu-ky-266857 || Thong-tu-01-2020-TT-BTP-huong-dan-ve-cap-ban-sao-tu-so-goc-chung-thuc-chu-ky-436529 || Thong-tu-03-2018-TT-NHNN-cap-Giay-phep-to-chuc-va-hoat-dong-cua-to-chuc-Tai-chinh-vi-mo-328857 || Thong-bao-692-TB-BGDDT-2022-tuyen-sinh-di-hoc-tai-Lao-518244 || Nghi-dinh-130-2018-ND-CP-huong-dan-Luat-Giao-dich-dien-tu-ve-chu-ky-so-358259,4|3|0|1|0,4|5|4|2|2,5|5|5|3|2
89770,Chủ tịch Ủy ban nhân dân cấp xã được quyền xử phạt người làm hư hại hiện vật trong bảo tàng không?,SANCTION,22,NEGATION,0.8537037037037036,18,0.45166015625,1.7548085451126099,1,32643,98892,125585|98892|63930|210490|9129,125585|9129|63930|210490|32643,9129|125585|32643|63930|210490,9129|174929|32643|293727|306050,Nghi-dinh-38-2021-ND-CP-xu-phat-vi-pham-hanh-chinh-trong-linh-vuc-van-hoa-quang-cao-469165 || Nghi-dinh-14-2022-ND-CP-sua-doi-Nghi-dinh-15-2020-ND-CP-xu-phat-hanh-chinh-buu-chinh-482325 || Nghi-dinh-96-2020-ND-CP-xu-phat-vi-pham-hanh-chinh-trong-quan-ly-bao-ve-bien-gioi-quoc-gia-450989 || Nghi-dinh-167-2013-ND-CP-xu-phat-vi-pham-hanh-chinh-an-ninh-an-toan-xa-hoi-phong-chua-chay-213552 || Nghi-dinh-119-2017-ND-CP-xu-phat-vi-pham-hanh-chinh-trong-linh-vuc-tieu-chuan-do-luong-343705,3|1|2|2|2,4|1|2|5|2,6|1|3|5|3
122008,"Nội dung chính sách ra sao, trình tự và thời gian thực hiện theo quy định pháp luật ",PROCEDURE,18,,0.8518518518518519,20,0.8125,2.5952577590942383,1,148141,172948,224467|282842|244515|172948|276168,276168|148141|224467|244515|282842,276168|148141|244515|224467|282842,148141|276168|189268|71728|43592,Nghi-dinh-116-2016-ND-CP-chinh-sach-ho-tro-hoc-sinh-truong-pho-thong-o-xa-thon-dac-biet-kho-khan-317 || Thong-tu-32-2016-TT-BTNMT-xay-dung-ban-hanh-van-ban-quy-pham-phap-luat-quan-ly-nha-nuoc-317441 || Thong-tu-12-2016-TTLT-BLDTBXH-BGDDT-BTC-huong-dan-53-2015-QD-TTg-noi-tru-sinh-vien-cao-dang-317090 || Nghi-dinh-34-2016-ND-CP-quy-dinh-chi-tiet-bien-phap-thi-hanh-luat-ban-hanh-van-ban-quy-pham-phap-lua || Quyet-dinh-53-2015-QD-TTg-chinh-sach-noi-tru-hoc-sinh-sinh-vien-hoc-cao-dang-trung-cap-294053,1|3|2|3|1,4|3|2|3|2,5|4|4|4|2
30278,"Để tiếp tục thực hiện Chương trình phục hồi và phát triển kinh tế - xã hội, Chính phủ giao các cơ quan ban ngành những nhiệm vụ gì?",GENERAL_SEMANTIC,28,,0.85,19,0.0146484375,3.46765398979187,1,148246,288451,213418|297470|119090|16548|288451,213418|119090|297470|16548|288451,119090|213418|297470|16548|148246,119090|118975|161441|16548|186125,Nghi-quyet-63-NQ-CP-2022-phien-hop-Chinh-phu-thuong-ky-thang-4-512643 || Nghi-quyet-25-NQ-CP-2022-phien-hop-Chinh-phu-thuong-ky-thang-02-506481 || Nghi-quyet-50-NQ-CP-2022-phien-hop-Chinh-phu-thuong-ky-thang-3-510000 || Nghi-quyet-24-2021-QH15-chu-truong-dau-tu-Chuong-trinh-muc-tieu-quoc-gia-giam-ngheo-ben-vung-484262 || Nghi-quyet-50-NQ-CP-2023-Phien-hop-Chinh-phu-thuong-ky-thang-3-562395,2|3|4|2|1,2|5|4|3|3,5|5|4|3|4
143472,Mẫu báo cáo kết quả thanh tra chuyên ngành về hải quan mới nhất hiện nay? Báo cáo kết quả thanh tra có những nội dung chủ yếu nào?,GENERAL_SEMANTIC,29,,0.8492063492063492,17,1.16796875,3.6924874782562256,1,173547|136938,193936|89955,51323|79032|195962|193936|89955,51323|195962|79032|136938|193936,51323|195962|79032|173547|136938,51323|195962|136938|173547|248341,Quyet-dinh-4129-QD-TCHQ-2017-Quy-dinh-to-chuc-cong-tac-Doan-thanh-tra-nganh-hai-quan-369874 || Nghi-dinh-07-2012-ND-CP-co-quan-duoc-giao-thuc-hien-chuc-nang-thanh-tra-134598 || Thong-tu-128-2021-TT-BCA-quy-trinh-thanh-tra-chuyen-nganh-cua-Cong-an-nhan-dan-505456 || Thong-tu-02-2014-TT-BGTVT-quy-trinh-xu-phat-hanh-chinh-quan-ly-noi-bo-thanh-tra-Giao-thong-van-tai-2 || Thong-tu-06-2021-TT-TTCP-hoat-dong-Doan-thanh-tra-trinh-tu-tien-hanh-mot-cuoc-thanh-tra-490930,2|3|2|3|3,3|4|2|5|3,6|5|5|6|5
12968,Vi bằng là gì?,DEFINITION,4,,0.8481481481481481,21,0.01953125,3.246222972869873,1,10719,4644,127073|161167|99335|174171|4644,127073|161167|174171|99335|4644,127073|161167|99335|174171|10719,127073|174171|161167|293727|145302,Nghi-dinh-08-2020-ND-CP-to-chuc-va-hoat-dong-cua-Thua-phat-lai-331814 || Thong-tu-lien-tich-09-2014-TTLT-BTP-TANDTC-VKSNDTC-BTC-huong-dan-thi-diem-Thua-phat-lai-224304 || Quyet-dinh-2885-QD-BYT-2022-tai-lieu-truyen-thong-truc-tiep-cham-soc-suc-khoe-sinh-san-vi-thanh-nien || Thong-tu-05-2020-TT-BTP-huong-dan-Nghi-dinh-08-2020-ND-CP-to-chuc-Thua-phat-lai-453632 || Thong-tu-08-2023-TT-BGDDT-sua-doi-Thong-tu-01-2021-TT-BGDDT-02-2021-TT-BGDDT-514067,5|3|1|1|1,5|3|2|1|1,5|4|2|2|1
107904,Chủ tịch Ủy ban nhân dân cấp xã có quyền xử phạt cá nhân đưa vật thể thuộc diện kiểm dịch thực vật tới nơi không quy định trong Giấy phép kiểm dịch không?,SANCTION,34,NEGATION,0.8465608465608465,20,0.02734375,1.8621245622634888,1,32643|17545,81400|174929,165596|293254|81400|114608|174929,165596|293254|81400|114608|174929,165596|293254|32643|114608|17545,165596|32643|45352|293254|278751,Nghi-dinh-31-2016-ND-CP-xu-phat-vi-pham-hanh-chinh-linh-vuc-giong-cay-trong-bao-ve-thuc-vat-2016-310 || Nghi-dinh-14-2021-ND-CP-xu-phat-vi-pham-hanh-chinh-ve-chan-nuoi-466330 || Nghi-dinh-96-2020-ND-CP-xu-phat-vi-pham-hanh-chinh-trong-quan-ly-bao-ve-bien-gioi-quoc-gia-450989 || Nghi-dinh-71-2019-ND-CP-xu-phat-vi-pham-hanh-chinh-trong-linh-vuc-hoa-chat-vat-lieu-no-cong-nghiep-4 || Luat-xu-ly-vi-pham-hanh-chinh-2012-142766,1|2|1|1|1,3|2|2|2|1,5|2|5|3|5
160062,Bệnh tay chân miệng được chia thành mấy mức độ? Bệnh nhân được điều trị bệnh tay chân miệng ngoại trú tại nhà khi nào?,CONDITION,25,HYPOTHETICAL,0.8465608465608465,19,1.07421875,2.1456291675567627,0,,,223097|189082|234757|222242|276631,223097|234757|222242|189082|276631,223097|234757|222242|189082|276631,124224|18711|223097|30854|234757,Quyet-dinh-1003-QD-BYT-huong-dan-chan-doan-dieu-tri-benh-tay-chan-mieng-137651 || Luat-kham-benh-chua-benh-nam-2009-98714 || Luat-15-2023-QH15-kham-benh-chua-benh-372143 || Thong-tu-lien-tich-16-2016-TTLT-BYT-BQP-kham-suc-khoe-thuc-hien-nghia-vu-quan-su-320439 || ,5|2|2|3|2,6|4|3|5|3,6|5|4|5|3
9906,Trình tự tự công bố lại sản phẩm được tiến hành như thế nào?,PROCEDURE,14,,0.8465608465608465,19,0.11328125,3.0788285732269287,1,208111,185325,20261|155024|13700|185325|81916,20261|13700|155024|81916|153173,20261|13700|81916|155024|208111,20261|138562|204875|153173|45352,Nghi-dinh-15-2018-ND-CP-huong-dan-Luat-an-toan-thuc-pham-341254 || Thong-tu-30-2011-TT-BTTTT-chung-nhan-hop-quy-va-cong-bo-hop-quy-131731 || Thong-tu-23-2018-TT-BYT-thu-hoi-xu-ly-thuc-pham-khong-bao-dam-an-toan-thuoc-tham-quyen-Bo-Y-te-39484 || Thong-tu-45-2012-TT-BGTVT-quy-dinh-kiem-tra-chat-luong-an-toan-ky-thuat-152032 || Thong-tu-36-2019-TT-BCT-quan-ly-chat-luong-san-pham-hang-hoa-431600,5|3|1|2|2,5|3|2|2|4,5|3|5|2|5
164484,Chủ tịch Ủy ban nhân dân cấp huyện được quyền xử phạt người tổ chức sự kiện giới thiệu mỹ phẩm nhưng không thông báo tới cơ quan có thẩm quyền không?,SANCTION,32,NEGATION,0.8462962962962963,18,0.029296875,2.0697083473205566,1,229874,18428,107019|9129|18428|306050|32778,107019|9129|306050|18428|32778,107019|9129|229874|306050|32778,107019|152966|9129|229874|108148,Nghi-dinh-117-2020-ND-CP-quy-dinh-xu-phat-vi-pham-hanh-chinh-trong-linh-vuc-y-te-398159 || Nghi-dinh-38-2021-ND-CP-xu-phat-vi-pham-hanh-chinh-trong-linh-vuc-van-hoa-quang-cao-469165 || Nghi-dinh-119-2020-ND-CP-xu-phat-vi-pham-hanh-chinh-trong-hoat-dong-bao-chi-hoat-dong-xuat-ban-45462 ||  || Nghi-dinh-128-2020-ND-CP-xu-phat-vi-pham-hanh-chinh-trong-linh-vuc-hai-quan-426375,4|2|1|1|1,4|4|1|2|1,6|6|2|2|3
68674,Điều kiện để được hưởng chế độ phụ cấp ưu đãi là gì?,DEFINITION,13,,0.8447089947089947,19,0.0546875,1.393795132637024,1,57266,23402,117673|40635|156|123271|23402,40635|117673|156|123271|57266,40635|117673|156|57266|123271,140693|165830|40635|131770|57266,Nghi-dinh-76-2019-ND-CP-chinh-sach-doi-voi-can-bo-cong-chuc-cong-tac-o-vung-kinh-te-dac-biet-kho-kha || Thong-tu-36-2015-TT-BLDTBXH-ho-so-thu-tuc-che-do-uu-dai-giao-duc-nguoi-co-cong-cach-mang-va-con-2915 || Nghi-dinh-131-2021-ND-CP-huong-dan-Phap-lenh-Uu-dai-nguoi-co-cong-voi-cach-mang-288920 || Thong-tu-lien-tich-06-2010-TTLT-BYT-BNV-BTC-huong-dan-Nghi-dinh-64-2009-ND-CP-105278 || Nghi-dinh-31-2013-ND-CP-huong-dan-Phap-lenh-uu-dai-nguoi-co-cong-voi-cach-mang-181099,3|1|1|3|1,4|4|1|3|4,5|4|6|4|6
120940,Chi phí xin phép thì đơn vị nào chịu trách nhiệm thanh toán?,PROCEDURE,13,,0.8444444444444444,20,0.4296875,1.4562236070632935,1,272245|293073,21202|26667,178285|226254|17754|21202|26667,17754|178285|226254|21202|272245,226254|17754|272245|178285|293073,272245|32966|17754|293073|103106,Thong-tu-09-2022-TT-BGTVT-phuong-phap-danh-gia-ho-so-lua-chon-nha-dau-tu-nganh-giao-thong-518574 || Luat-phi-va-le-phi-2015-298376 || Thong-tu-141-2011-TT-BTC-che-do-thanh-toan-tien-nghi-phep-hang-nam-130865 || Quyet-dinh-70-QD-HDQL-quy-che-quan-ly-thanh-toan-cho-vay-von-dau-tu-nhan-uy-thac-59380 || Thong-tu-13-2017-TT-BTC-quan-ly-thu-chi-bang-tien-mat-qua-he-thong-Kho-bac-Nha-nuoc-340778,1|1|4|2|3,1|1|4|2|3,2|1|4|2|4
125028,Ai có thẩm quyền thành lập Ban điều hành Quỹ hỗ trợ khắc phục hậu quả bom mìn Việt Nam?,PROCEDURE,20,,0.8425925925925926,20,0.11328125,3.075277805328369,1,86257,91776,128143|299653|208114|142223|91776,128143|299653|208114|142223|86257,128143|208114|299653|142223|86257,128143|187045|206248|22797|142223,Quyet-dinh-356-QD-TTg-nam-2014-thanh-lap-Quy-ho-tro-khac-phuc-hau-qua-bom-min-222794 || Quyet-dinh-665-QD-BNV-2021-cong-nhan-Dieu-le-sua-doi-Quy-Tu-thien-Song-Thu-475796 ||  || Quyet-dinh-107-QD-BNV-2021-cap-Giay-phep-thanh-lap-Dieu-le-Quy-Ngoi-nha-cong-dong-465086 || Thong-tu-04-2021-TT-BTC-huong-dan-bao-hiem-bat-buoc-trach-nhiem-dan-su-cua-chu-xe-co-gioi-454431,5|1|3|1|1,6|3|5|3|1,6|4|6|4|4
47744,"Quy định về việc yêu cầu về nhãn hiệu, xuất xứ hàng hóa ra sao?",GENERAL_SEMANTIC,15,,0.83994708994709,19,0.35546875,3.499478816986084,1,218681,268902,60263|177910|222904|268902|79616,60263|177910|222904|79616|218681,60263|177910|222904|218681|79616,60263|218681|79616|6436|222904,Thong-tu-11-2015-TT-BKHDT-lap-ho-so-yeu-cau-doi-voi-chi-dinh-thau-chao-hang-canh-tranh-294192 || Nghi-dinh-31-2018-ND-CP-huong-dan-Luat-Quan-ly-ngoai-thuong-ve-xuat-xu-hang-hoa-376559 || Luat-So-huu-tri-tue-2005-50-2005-QH11-7022 || Nghi-dinh-111-2021-ND-CP-sua-doi-Nghi-dinh-43-2017-ND-CP-497099 || Nghi-dinh-43-2017-ND-CP-nhan-hang-hoa-346310,4|4|1|2|3,4|6|4|2|5,5|6|6|4|5
396,Ban chấp hành trung ương Hội An toàn và Vệ sinh lao động Việt Nam là cơ quan gì? Số lượng ủy viên Ban chấp hành trung ương Hội do ai ấn định?,GENERAL_SEMANTIC,33,,0.8388888888888889,19,0.662109375,5.473092079162598,0,,,228519|305948|3449|162157|106881,228519|106881|305948|3449|162157,228519|305948|106881|3449|162157,106881|298413|110037|111445|3449,Quyet-dinh-129-2005-QD-BNV-Dieu-le-sua-doi-Hoi-Cap-thoat-nuoc-Viet-Nam-7328 || Quyet-dinh-31-2002-QD-BTCCBCP-phe-duyet-ban-Dieu-le-Hoi-Y-hoc-lao-dong-Viet-Nam-184176 || Quyet-dinh-15-2003-QD-BNV-Dieu-le-Hoi-khoa-hoc-ky-thuat-An-toan-Ve-sinh-lao-dong-184390 || Quyet-dinh-162-QD-BNV-2011-phe-duyet-Dieu-le-sua-doi-bo-sung-Hoi-Dong-y-Viet-Nam-301462 || Quyet-dinh-07-2002-QD-BNV-phe-duyet-ban-Dieu-le-cua-Hoi-Marketing-Viet-Nam-184113,4|2|2|1|4,5|2|3|2|4,5|6|6|3|4
149446,"Tổ xây dựng Báo cáo tổng kết, đánh giá việc thực hiện quy định tại Nghị quyết 30/2021/QH15 trình Quốc hội?",DIRECT_REF,23,INSTRUMENT,0.837037037037037,20,0.3125,2.6804182529449463,1,286014,219651,54848|278880|219651|191812|281802,54848|278880|191812|219651|281802,286014|54848|191812|278880|281802,286014|156500|96838|54371|131817,Nghi-quyet-126-NQ-CP-2022-phien-hop-Chinh-phu-chuyen-de-thang-9-531083 || Quyet-dinh-782-QD-BNV-nam-2018-Quy-che-hoat-dong-To-cong-tac-kiem-tra-cong-vu-383745 || Quyet-dinh-4221-QD-TBYT-2021-Quy-che-lam-viec-Tieu-ban-Y-te-thuoc-Ban-Chi-dao-chong-COVID19-487004 || Nghi-quyet-74-2022-QH15-day-manh-thuc-hien-chinh-sach-thuc-hanh-tiet-kiem-chong-lang-phi-542115 || Quyet-dinh-161-QD-KTNN-quy-trinh-tiep-nhan-giai-quyet-khieu-nai-to-cao-2016-304114,0|1|2|1|1,2|2|2|1|2,3|2|2|4|2
164242,Đối với lĩnh vực y tế Nghị quyết 41/2021/QH15 quy định như thế nào?,DIRECT_REF,16,INSTRUMENT,0.837037037037037,20,0.078125,2.355708122253418,1,88923,41384,193476|41384|234757|27645|207163,193476|27645|234757|41384|207163,88923|193476|234757|27645|207163,88923|27645|69296|39522|98167,Nghi-quyet-41-2021-QH15-hoat-dong-chat-van-tai-ky-hop-thu-2-khoa-XV-495758 || Nghi-quyet-144-NQ-CP-2022-thanh-toan-chi-phi-kham-benh-chua-benh-bao-hiem-y-te-536907 || Luat-kham-benh-chua-benh-nam-2009-98714 || Nghi-dinh-29-2022-ND-CP-huong-dan-Nghi-quyet-12-2021-UBTVQH15-511844 || Nghi-dinh-124-2021-ND-CP-sua-doi-Nghi-dinh-115-2018-ND-CP-va-117-2020-ND-CP-499187,3|2|1|1|1,3|2|4|2|1,4|2|4|2|2
2878,Công việc của Chi cục trưởng thuộc Sở là gì?,DEFINITION,10,,0.8351851851851851,17,0.734375,2.2522239685058594,0,,,22979|6721|123093|195962|142093,22979|123093|195962|142093|6721,22979|123093|195962|142093|6721,195962|22979|142093|123093|266877,Nghi-dinh-107-2020-ND-CP-sua-doi-Nghi-dinh-24-2014-ND-CP-to-chuc-co-quan-chuyen-mon-327884 || Thong-tu-lien-tich-14-2015-TTLT-BNNPTNT-BNV-co-quan-chuyen-mon-ve-nong-nghiep-phat-trien-nong-thon-2 || Nghi-dinh-07-2012-ND-CP-co-quan-duoc-giao-thuc-hien-chuc-nang-thanh-tra-134598 || Nghi-dinh-122-2014-ND-CP-to-chuc-hoat-dong-Thanh-tra-y-te-261577 || Thong-tu-02-2017-TT-BTP-quan-ly-cong-vien-chuc-nguoi-lao-dong-thuoc-he-thong-to-chuc-thi-hanh-an-dan,2|2|3|3|2,3|5|4|3|3,3|5|5|5|5
63810,"Tăng cường quản lý thuế đối với hoạt động kinh doanh thương mại điện tử và xây dựng quy chuẩn, tiêu chuẩn kết nối, chia sẻ dữ liệu tại Chỉ thị mới như thế nào?",DIRECT_REF,35,INSTRUMENT,0.8346560846560847,19,0.125,2.1137983798980713,1,88615,303466,241008|176434|207100|161949|303466,241008|176434|207100|161949|88615,241008|176434|161949|207100|88615,241008|158914|88615|246314|129555,Chi-thi-18-CT-TTg-2023-ket-noi-chia-se-du-lieu-phat-trien-thuong-mai-dien-tu-chong-that-thu-thue-568 ||  || Luat-quan-ly-thue-2019-387595 ||  || Nghi-dinh-119-2018-ND-CP-quy-dinh-ve-hoa-don-dien-tu-khi-ban-hang-hoa-cung-cap-dich-vu-394152,5|2|3|1|1,5|2|4|3|1,5|3|5|4|2
121782,Có đóng bảo hiểm xã hội đối với khoản tiền thưởng kết quả kinh doanh đạt doanh số cho người lao động hay không?,GENERAL_SEMANTIC,24,NEGATION,0.8333333333333334,17,0.1875,1.6077927350997925,1,126324|129823,237840|23402,190257|171570|111323|237840|23402,190257|171570|111323|237840|23402,190257|171570|111323|126324|129823,143446|129823|190257|95942|240117,Thong-tu-59-2015-TT-BLDTBXH-huong-dan-Luat-bao-hiem-xa-hoi-ve-bao-hiem-xa-hoi-bat-buoc-299644 || Thong-tu-111-2013-TT-BTC-Huong-dan-Luat-thue-thu-nhap-ca-nhan-va-Nghi-dinh-65-2013-ND-CP-205356 || Nghi-dinh-65-2013-ND-CP-huong-dan-Luat-thue-thu-nhap-ca-nhan-2007-sua-doi-2012-196609 || Nghi-dinh-143-2018-ND-CP-bao-hiem-xa-hoi-bat-buoc-nguoi-lao-dong-nuoc-ngoai-lam-o-Viet-Nam-346012 || Bo-Luat-lao-dong-2019-333670,4|2|1|1|0,5|4|4|2|2,5|5|5|4|4
162058,Hội có quyền tham gia ý kiến vào các văn bản quy phạm pháp luật không?,DIRECT_REF,16,INSTRUMENT|NEGATION,0.8325396825396826,18,0.1640625,4.853893280029297,0,,,296173|68098|304262|190477|175664,296173|68098|304262|190477|175664,296173|68098|304262|190477|175664,56543|23975|89865|100761|167520,Quyet-dinh-599-QD-BNV-nam-2012-phe-duyet-Dieu-le-sua-doi-bo-sung-Hoi-Xuat-ban-173096 || Quyet-dinh-46-QD-BNV-nam-2012-phe-duyet-Dieu-le-Hoi-Kieu-hoc-Viet-Nam-141542 || Nghi-dinh-45-2010-ND-CP-to-chuc-hoat-dong-quan-ly-hoi-104561 || Quyet-dinh-1135-QD-BNV-nam-2012-phe-duyet-Dieu-le-sua-doi-bo-sung-Hoi-Giao-luu-170060 || Quyet-dinh-1685-QD-TTg-2021-phe-duyet-Dieu-le-Hoi-Nha-van-Viet-Nam-490525,3|2|2|4|1,3|4|4|4|3,5|5|4|4|5
146572,Đăng ký giao dịch đảm bảo có tốn phí hay không?,PROCEDURE,11,NEGATION,0.8306878306878307,17,0.04931640625,3.932671546936035,1,226123,183078,59149|28706|183078|207772|202936,28706|59149|202936|207772|226123,28706|59149|202936|207772|226123,294187|28706|226123|101752|202936,Thong-tu-202-2016-TT-BTC-phi-trong-linh-vuc-giao-dich-bao-dam-332321 || Nghi-dinh-181-2004-ND-CP-thi-hanh-Luat-Dat-dai-52514 || Nghi-quyet-24-2021-NQ-HDND-phi-le-phi-thuoc-Hoi-dong-nhan-dan-Binh-Dinh-498328 || Thong-tu-10-2016-TT-BTC-the-chap-tai-san-de-bao-dam-cho-khoan-vay-duoc-Chinh-phu-bao-lanh-301916 || Nghi-quyet-03-2020-NQ-HDND-quy-dinh-muc-thu-cac-loai-phi-va-le-phi-tinh-Dak-Lak-448463,3|3|3|3|3,5|5|4|5|5,5|5|5|5|5
158490,Về trách nhiệm trong hợp đồng như thế nào?,GENERAL_SEMANTIC,9,,0.8298941798941799,19,0.55078125,1.7334176301956177,1,90799|51453,132797|282223,220365|81598|195377|132797|282223,81598|220365|195377|282223|132797,220365|81598|90799|51453|195377,90799|51453|221004|81598|282952,Luat-Thuong-mai-2005-36-2005-QH11-2633 || Bo-luat-dan-su-2015-296215 || Thong-tu-15-2022-TT-BKHCN-quan-ly-Chuong-trinh-ho-tro-doanh-nghiep-nang-cao-nang-suat-532445 || Thong-tu-40-2014-TT-BKHCN-nhiem-vu-khoa-hoc-va-cong-nghe-co-y-nghia-quan-trong-275979 || Nghi-dinh-63-2014-ND-CP-huong-dan-Luat-Dau-thau-ve-lua-chon-nha-thau-237481,3|4|0|0|1,5|5|1|1|1,5|5|3|2|1
4378,Nhiệm vụ của Đại hội bất thường Hội Luật quốc tế Việt Nam là gì?,DEFINITION,15,INSTRUMENT,0.8296296296296296,19,0.5595703125,3.2951083183288574,1,229046|2594,190477|229828,128676|167520|296173|190477|229828,128676|296173|167520|190477|229828,128676|167520|296173|229046|2594,237260|248571|229046|287946|104343,Quyet-dinh-770-QD-TTg-2020-phe-duyet-Dieu-le-Hoi-Luat-gia-Viet-Nam-444765 || Quyet-dinh-680-QD-BNV-2021-phe-duyet-Dieu-le-sua-doi-Hoi-Luat-quoc-te-Viet-Nam-476108 || Quyet-dinh-599-QD-BNV-nam-2012-phe-duyet-Dieu-le-sua-doi-bo-sung-Hoi-Xuat-ban-173096 || Quyet-dinh-840-QD-BNV-2021-phe-duyet-Dieu-le-Hoi-Bao-ve-quyen-tac-pham-dien-anh-483281 || Quyet-dinh-122-QD-BNV-nam-2014-phe-duyet-Dieu-le-sua-doi-Hoi-Huu-nghi-Viet-Nam-Uzbekistan-224106,5|2|2|1|0,5|3|2|1|1,5|6|2|2|1
84194,Điều kiện trở thành hội viên Hiệp hội Doanh nhân Việt Nam ở nước ngoài là gì?,DEFINITION,17,,0.8296296296296296,19,0.0089111328125,3.651238441467285,1,57743,69410,20307|181387|62869|69410|135848,20307|181387|62869|135848|69410,20307|181387|62869|135848|57743,20307|181387|71721|253943|37921,Quyet-dinh-81-QD-BNV-phe-duyet-Dieu-le-sua-doi-bo-sung-Hiep-hoi-Doanh-nhan-176368 || Quyet-dinh-390-QD-BNV-nam-2010-phe-duyet-Dieu-le-cua-Hiep-hoi-Chu-hang-Viet-Nam-180677 || Quyet-dinh-172-QD-BNV-2015-phe-duyet-Dieu-le-Hiep-hoi-Xuat-khau-lao-dong-Viet-Nam-268652 || Quyet-dinh-514-QD-BNV-nam-2012-phe-duyet-Dieu-le-sua-doi-Hiep-hoi-Du-lich-173447 || Quyet-dinh-897-QD-BNV-2022-Dieu-le-sua-doi-Hiep-hoi-Doanh-nghiep-cua-Thuong-binh-539580,5|2|3|2|1,6|2|5|2|4,6|4|5|3|5
64940,Hội viên chính thức Hội doanh nghiệp vừa và nhỏ Việt và Đức bị khai trừ ra khỏi Hội khi nào?,CONDITION,21,HYPOTHETICAL,0.8288359788359788,17,0.951171875,4.098266124725342,1,60889,217263,115130|248571|296173|229046|217263,115130|248571|296173|229046|217263,115130|296173|248571|60889|229046,115130|60889|296173|248571|302631,Quyet-dinh-53-2004-QD-BNV-phe-duyet-dieu-le-hoi-doanh-nghiep-nho-va-vua-Viet-Duc-18590 || Quyet-dinh-599-QD-BNV-nam-2012-phe-duyet-Dieu-le-sua-doi-bo-sung-Hoi-Xuat-ban-173096 || Quyet-dinh-762-QD-BNV-nam-2013-phe-duyet-Dieu-le-Hoi-Huu-nghi-Viet-Nam-Duc-199804 || Quyet-dinh-388-QD-BNV-nam-2014-Dieu-le-Hoi-Chien-si-Thanh-co-Quang-Tri-1972-227563 || Quyet-dinh-840-QD-BNV-2021-phe-duyet-Dieu-le-Hoi-Bao-ve-quyen-tac-pham-dien-anh-483281,4|2|2|0|2,4|2|2|3|3,4|5|5|3|5
9602,Bão có phải là sự kiện bất khả kháng không?,GENERAL_SEMANTIC,10,NEGATION,0.8277777777777777,19,0.34228515625,4.186257839202881,1,94751|48456,243124|189944,254670|153299|243124|217143|189944,217143|254670|153299|243124|94751,254670|217143|153299|94751|48456,94751|19533|12918|217143|161984,Quyet-dinh-46-2014-QD-TTg-du-bao-canh-bao-truyen-tin-thien-tai-244616 || Thong-tu-02-2019-TT-BCT-phat-trien-du-an-dien-gio-Hop-dong-mua-ban-dien-mau-cho-du-an-dien-gio-40494 || Quyet-dinh-18-2021-QD-TTg-du-bao-canh-bao-truyen-tin-thien-tai-va-cap-do-rui-ro-thien-tai-471715 || Nghi-quyet-02-2022-NQ-HDTP-huong-dan-Bo-luat-Dan-su-boi-thuong-thiet-hai-ngoai-hop-dong-483799 || Thong-tu-18-2020-TT-BCT-hop-dong-mua-ban-dien-mau-ap-dung-cho-du-an-dien-mat-troi-448189,4|0|4|2|0,4|4|5|3|1,6|4|5|3|3
32794,Thẩm tra hồ sơ pháp lý thực hiện như thế nào?,PROCEDURE,11,,0.826984126984127,19,0.45703125,1.8006911277770996,1,175197,232978,282279|125251|160120|231102|232978,282279|125251|231102|160120|261464,282279|125251|231102|175197|160120,282279|175197|266493|231102|288307,Nghi-dinh-99-2021-ND-CP-quan-ly-thanh-toan-quyet-toan-du-an-su-dung-von-dau-tu-cong-494480 || Nghi-dinh-61-2018-ND-CP-co-che-mot-cua-mot-cua-lien-thong-trong-giai-quyet-thu-tuc-hanh-chinh-357427 || Phap-lenh-03-2022-UBTVQH15-trinh-tu-thu-tuc-quyet-dinh-ap-dung-xu-ly-hanh-chinh-tai-Toa-an-548783 || Quyet-dinh-75-2006-QD-TTg-Quy-che-lam-viec-mau-Uy-ban-nhan-dan-huyen-quan-thi-xa-thanh-pho-thuoc-tin || Luat-to-tung-hanh-chinh-2015-298372,5|2|1|0|2,5|2|1|3|3,5|3|2|3|3
47172,Phồng và giả phồng động mạch chi là gì?,DEFINITION,9,,0.8224867724867725,18,0.38671875,4.008204936981201,0,,,202376|291066|284691|122271|49846,202376|291066|284691|122271|49846,202376|291066|284691|49846|122271,202376|49846|258607|238267|291066,Quyet-dinh-5732-QD-BYT-2017-ky-thuat-Ngoai-khoa-chuyen-khoa-Phau-thuat-Tim-mach-Long-nguc-370398 || Quyet-dinh-2475-QD-BYT-2022-tai-lieu-chuyen-mon-Huong-dan-chan-doan-benh-dong-mach-ngoai-bien-528952 || Thong-tu-39-2018-TT-BYT-thong-nhat-gia-kham-chua-benh-bao-hiem-y-te-giua-benh-vien-cung-hang-401940 || Thong-tu-lien-tich-28-2013-TTLT-BYT-BLDTBXH-ty-le-ton-thuong-co-the-thuong-tich-benh-tat-benh-nghe-n || ,5|3|2|2|1,5|5|5|3|2,5|6|5|3|4
127176,Ban Chấp hành Hiệp hội có những quyền hạn gì?,GENERAL_SEMANTIC,10,,0.8222222222222222,20,0.138671875,2.8933236598968506,1,150938,59396,257552|68073|286624|257785|59396,257552|68073|286624|257785|59396,257552|68073|257785|286624|150938,68073|120448|54870|147907|257552,Quyet-dinh-13-2004-QD-UB-Dieu-le-to-chuc-hoat-dong-Hiep-hoi-doanh-nghiep-Khu-cong-nghiep-thanh-pho-H || Quyet-dinh-54-2004-QD-BNV-phe-duyet-Dieu-le-sua-doi-Hiep-hoi-chan-nuoi-gia-cam-Viet-Nam-17692 || Quyet-dinh-133-2005-QD-BNV-Dieu-le-Hiep-hoi-Quy-tin-dung-nhan-dan-Viet-Nam-7860 || Quyet-dinh-42-QD-BNV-nam-2014-Dieu-le-Hiep-hoi-Nhung-nguoi-lao-dong-sang-tao-VN-219617 || Quyet-dinh-58-2003-QD-BNV-phe-duyet-ban-Dieu-le-sua-doi-cua-Hiep-hoi-Van-tai-oto-Viet-Nam-17332,3|2|1|3|0,3|2|1|4|1,3|2|1|5|1
11582,Khi phẫu thuật PRK điều trị tật lão thị có thể có những biến chứng nào?,GENERAL_SEMANTIC,16,HYPOTHETICAL,0.8206349206349206,16,0.0234375,1.484748363494873,1,303613,238267,270063|88970|49846|258607|238267,270063|49846|88970|258607|190541,270063|88970|49846|258607|303613,270063|303613|271933|158296|291066,Quyet-dinh-3906-QD-BYT-nam-2012-Quy-trinh-ky-thuat-kham-chua-benh-chuyen-nganh-150058 || Thong-tu-50-2022-TT-BTC-huong-dan-Nghi-dinh-119-2015-ND-CP-bao-hiem-bat-buoc-trong-dau-tu-526434 || Thong-tu-lien-tich-28-2013-TTLT-BYT-BLDTBXH-ty-le-ton-thuong-co-the-thuong-tich-benh-tat-benh-nghe-n || Thong-tu-22-2019-TT-BYT-quy-dinh-ty-le-phan-tram-ton-thuong-co-the-su-dung-trong-giam-dinh-phap-y-42 || Thong-tu-15-2016-TT-BYT-benh-nghe-nghiep-duoc-huong-bao-hiem-xa-hoi-319385,5|2|3|2|1,5|4|5|5|1,6|5|5|5|5
124150,"Hồ sơ, thời hạn giải quyết thủ tục thay đổi họ tên như thế nào?",PROCEDURE,15,,0.8187830687830688,16,0.41015625,3.621058225631714,0,,,157168|293796|220347|54752|17396,157168|293796|220347|54752|17396,157168|293796|220347|54752|17396,66196|293796|276267|157168|220347,Luat-Ho-tich-2014-259727 || Quyet-dinh-1872-QD-BTP-2020-cong-bo-thu-tuc-hanh-chinh-linh-vuc-ho-tich-tai-co-quan-dang-ky-ho-tich- || Quyet-dinh-299-QD-BTP-thu-tuc-hanh-chinh-ban-hanh-moi-Ho-tich-co-quan-dang-ky-ho-tich-trong-nuoc-201 || Thong-tu-50-2018-TT-NHNN-trinh-tu-thu-tuc-chap-thuan-noi-dung-thay-doi-ngan-hang-thuong-mai-344923 || Thong-tu-25-2017-TT-NHNN-huong-dan-thu-tuc-chap-thuan-thay-doi-to-chuc-tin-dung-phi-ngan-hang-353862,3|4|3|2|2,5|4|4|2|2,5|5|4|2|2
28154,Yêu cầu quản lý đối với lồng cầu quay số là gì?,DEFINITION,12,,0.8187830687830688,18,0.15625,3.4130570888519287,0,,,261241|282607|128942|273824|128211,261241|282607|128942|273824|128211,261241|282607|128942|273824|128211,261241|79866|273824|102462|182501,Thong-tu-75-2013-TT-BTC-huong-dan-chi-tiet-ve-hoat-dong-kinh-doanh-xo-so-192249 || Thong-tu-22-2021-TT-BTC-thanh-lap-nhiem-vu-quyen-han-cua-Hoi-dong-giam-sat-xo-so-469912 || Thong-tu-36-2019-TT-BTC-huong-dan-hoat-dong-kinh-doanh-xo-so-tu-chon-so-dien-toan-417102 || Thong-tu-12-2014-TT-BGTVT-quan-ly-van-hanh-khai-thac-cau-giao-thong-nong-thon-230294 || ,4|2|5|3|1,4|4|5|4|2,4|6|6|4|2
99068,Thủ tục cấp lại thẻ BHYT online trên Cổng dịch vụ công quốc gia ra sao?,PROCEDURE,16,,0.817989417989418,16,0.30859375,2.0536558628082275,1,121438,243812,265910|178955|137004|37580|243812,265910|137004|178955|37580|121438,265910|137004|178955|37580|121438,137004|256847|265910|178955|217317,Quyet-dinh-62-QD-BYT-2023-cong-bo-thu-tuc-hanh-chinh-linh-vuc-bao-hiem-y-te-550191 || Quyet-dinh-09-2023-QD-TTg-trinh-tu-thu-tuc-cap-va-quan-ly-the-di-lai-doanh-nhan-APEC-562892 ||  || Quyet-dinh-896-QD-BHXH-2021-Danh-muc-dich-vu-cong-truc-tuyen-thu-tuc-hanh-chinh-506998 || Quyet-dinh-50-QD-BHXH-2023-Dang-ky-dong-cap-the-bao-hiem-y-te-tren-Cong-Dich-vu-cong-553797,4|2|2|3|3,5|2|2|5|4,5|2|2|5|6
112680,Thế nào là xăng dầu và giá xăng dầu thế giới?,DEFINITION,11,,0.8177248677248677,17,0.24609375,3.107191562652588,1,141808|87239,209532|173016,165214|169300|209532|284334|173016,165214|169300|284334|209532|141808,165214|169300|284334|141808|87239,165214|169300|150248|87239|141808,Nghi-dinh-83-2014-ND-CP-kinh-doanh-xang-dau-248283 || Nghi-dinh-95-2021-ND-CP-sua-doi-Nghi-dinh-83-2014-ND-CP-465893 ||  ||  || Thong-tu-104-2021-TT-BTC-xac-dinh-yeu-to-cau-thanh-trong-cong-thuc-gia-co-so-xang-dau-495547,5|3|0|0|2,5|6|2|2|4,6|6|3|3|4
16594,Người sản xuất chế biến chè có cần phải được tập huấn kiến thức về vệ sinh an toàn thực phẩm hay không?,GENERAL_SEMANTIC,23,NEGATION,0.8177248677248677,17,1.05859375,3.240976095199585,0,,,37894|133021|232471|5163|204875,133021|37894|204875|232471|5163,133021|232471|204875|37894|5163,204875|110588|92057|5163|133021, || Quyet-dinh-1390-QD-BCT-2020-cau-hoi-kiem-tra-de-xac-nhan-da-tap-huan-ve-an-toan-thuc-pham-448394 || Nghi-dinh-155-2018-ND-CP-sua-doi-quy-dinh-lien-quan-den-dieu-kien-kinh-doanh-thuoc-Bo-Y-te-399829 || Thong-tu-51-2018-TT-BLDTBXH-yeu-cau-ve-nang-luc-ma-nguoi-hoc-phai-dat-duoc-sau-khi-tot-nghiep-422059 || ,4|3|4|3|2,5|3|4|5|3,6|5|5|5|3
80022,Người phụ trách kế toán Quỹ Hỗ trợ Phụ nữ nông thôn Việt Nam do ai có quyền bổ nhiệm?,GENERAL_SEMANTIC,20,,0.8177248677248677,17,0.0546875,3.7816641330718994,1,98859|34535,179849|260505,179849|33450|17711|137618|260505,33450|17711|137618|260505|34535,33450|137618|17711|98859|34535,17711|34535|204597|139722|121889,Quyet-dinh-05-QD-BNV-2019-cap-Giap-phep-thanh-lap-Quy-Ho-tro-phat-trien-sinh-ke-vi-cong-dong-404764 || Quyet-dinh-1208-QD-BNV-2013-Giay-phep-thanh-lap-cong-nhan-Dieu-le-Quy-Xa-hoi-Cong-doan-Giao-thong-va || Quyet-dinh-106-QD-BNV-2021-doi-ten-thanh-Quy-Tu-thien-Cong-doan-giao-thong-Viet-Nam-466304 || Quyet-dinh-487-QD-BNV-2020-cap-Giay-phep-thanh-lap-Dieu-le-Quy-Tu-thien-benh-nhan-ngheo-446730 || Quyet-dinh-1311-QD-BNV-nam-2012-cap-Giay-phep-thanh-lap-cong-nhan-Dieu-le-154213,3|1|3|0|1,6|2|3|1|1,6|4|5|5|4
98716,Chủ tịch Hội Nhà văn Việt Nam do ai có thẩm quyền bầu?,PROCEDURE,13,,0.8177248677248677,18,0.488372802734375,4.317134857177734,1,289546|175800,86787|112443,175664|86787|280367|300856|112443,175664|280367|86787|175800|300856,175664|280367|289546|175800|300856,289546|175800|108916|73231|104343,Quyet-dinh-1685-QD-TTg-2021-phe-duyet-Dieu-le-Hoi-Nha-van-Viet-Nam-490525 || Quyet-dinh-375-QD-TTg-2023-phe-duyet-Dieu-le-Hoi-Nha-bao-Viet-Nam-562841 || Quyet-dinh-499-QD-BNV-2021-phe-duyet-Dieu-le-sua-doi-Hoi-Van-hoc-dan-toc-thieu-so-Viet-Nam-470693 || Quyet-dinh-833-QD-BNV-2021-phe-duyet-Dieu-le-sua-doi-cua-Hoi-Van-nghe-dan-gian-Viet-Nam-483264 || Quyet-dinh-584-QD-TTg-2022-Dieu-le-Lien-hiep-cac-Hoi-Van-hoc-nghe-thuat-Viet-Nam-513129,5|2|1|2|2,5|4|1|2|5,6|6|3|4|5
123370,Chuyển rủi ro trong các trường hợp khác ra sao?,GENERAL_SEMANTIC,10,,0.816931216931217,19,3.06640625,4.297034740447998,1,17784,53758,220365|249670|272614|53758|105901,220365|249670|272614|53758|105901,220365|249670|272614|105901|17784,220365|272614|249670|194124|269556,Luat-Thuong-mai-2005-36-2005-QH11-2633 || Thong-tu-01-2021-TT-NHNN-phat-hanh-ky-phieu-chung-chi-tien-gui-trai-phieu-trong-nuoc-469294 || Cong-uoc-vien-Lien-Hop-quoc-mua-ban-hang-hoa-quoc-te-11-04-1980-90153 || Quyet-dinh-1462-QD-BTC-2022-cong-bo-thu-tuc-hanh-chinh-linh-vuc-Thue-Hai-quan-523437 || Thong-tu-01-2007-TT-BKHCN-Luat-So-huu-tri-tue-so-huu-cong-nghiep-huong-dan-thi-hanh-Nghi-dinh-103-20,5|1|1|1|1,5|1|2|1|1,5|3|2|1|1
125982,Trường hợp dự án đầu tư chia thành từng giai đoạn thì thực hiện như thế nào?,GENERAL_SEMANTIC,17,,0.816931216931217,17,0.17578125,5.050636291503906,1,153353|2113,294152|35296,89392|84570|90118|294152|35296,84570|89392|90118|153353|2113,84570|153353|89392|90118|2113,153353|2113|84570|70193|291564,Nghi-dinh-31-2021-ND-CP-huong-dan-Luat-Dau-tu-462291 ||  || Luat-Xay-dung-2014-238644 || Nghi-dinh-35-2022-ND-CP-quan-ly-khu-cong-nghiep-kinh-te-482305 || Luat-Dau-tu-so-61-2020-QH14-321051,2|1|3|2|1,2|4|3|2|4,5|6|4|5|5
54374,Công chức nhận tiền của người dân sẽ bị xử lý như thế nào?,GENERAL_SEMANTIC,14,,0.8158730158730159,18,0.73828125,1.7536485195159912,1,211897,245154,220359|48031|109796|245154|163290,163290|220359|48031|109796|245154,163290|220359|48031|109796|211897,163290|287466|70835|211897|112036,Nghi-dinh-19-2020-ND-CP-kiem-tra-xu-ly-ky-luat-trong-thi-hanh-phap-luat-ve-xu-ly-vi-pham-hanh-chinh- || Luat-can-bo-cong-chuc-2008-22-2008-QH12-82202 || Nghi-dinh-34-2011-ND-CP-quy-dinh-xu-ly-ky-luat-cong-chuc-124150 || Nghi-dinh-112-2020-ND-CP-xu-ly-ky-luat-can-bo-cong-chuc-vien-chuc-453227 || Quyet-dinh-07-2023-QD-KTNN-Quy-trinh-kiem-toan-vu-viec-co-dau-hieu-tham-nhung-566692,2|4|3|4|2,4|4|4|5|2,4|5|4|5|2
139474,"Thí sinh cố ý gây mất an toàn trong phòng thi, ngoài việc bị đình chỉ thi thì sẽ được xử lý thế nào?",GENERAL_SEMANTIC,24,,0.8150793650793651,16,0.5703125,6.972956657409668,1,280456,212198,275373|108279|240818|191153|212198,275373|240818|108279|212198|191153,275373|240818|108279|191153|280456,108015|275373|81060|280456|240818,Thong-tu-6-2020-TT-BNV-Quy-che-to-chuc-thi-tuyen-xet-tuyen-cong-chuc-vien-chuc-458640 || Quyet-dinh-1557-QD-TCT-2021-Quy-che-thi-cap-chung-chi-hanh-nghe-dich-vu-lam-thu-tuc-ve-thue-493969 || Thong-tu-91-2017-TT-BTC-thi-cap-quan-ly-chung-chi-kiem-toan-vien-va-chung-chi-ke-toan-vien-362584 || Thong-tu-46-2014-TT-BTC-thi-quan-ly-cap-thu-hoi-The-tham-dinh-vien-ve-gia-Bo-Tai-chinh-230181 || Quyet-dinh-1829-QD-KTNN-2017-Quy-che-thi-cap-Chung-chi-Kiem-toan-vien-nha-nuoc-400135,3|2|2|2|3,4|5|2|5|4,6|6|5|5|5
150824,Trang phục Thuế Việt Nam cấp cho công chức Thuế do ai có thẩm quyền trang bị?,PROCEDURE,17,,0.8150793650793651,19,0.015625,1.8027441501617432,1,61202|188404,252002|17545,92863|123392|252002|159049|17545,92863|123392|252002|61202|159049,92863|123392|61202|159049|188404,92863|61202|123392|40273|168891,Quyet-dinh-1054-QD-TCT-2021-quan-ly-trang-phuc-va-the-cua-nganh-Thue-479983 || Quyet-dinh-499-QD-TCT-2019-Quy-che-to-chuc-hoat-dong-Truong-Nghiep-vu-Thue-514564 || Quyet-dinh-188-QD-TCHQ-Quy-che-hoat-dong-cong-vu-Hai-quan-Viet-Nam-2017-339091 || Quyet-dinh-41-2018-QD-TTg-quyen-han-va-co-cau-to-chuc-cua-Tong-cuc-Thue-thuoc-Bo-Tai-chinh-395311 || Quyet-dinh-1062-QD-TCHQ-2021-Quy-che-quan-ly-su-dung-trang-phuc-trong-nganh-Hai-quan-470777,5|1|3|1|1,5|2|3|2|3,5|2|4|2|3
73536,Kinh phí của Bảo tàng Hải quan Việt Nam được dùng đầu tư những công việc nào?,GENERAL_SEMANTIC,17,,0.8150793650793651,19,1.39453125,3.993849754333496,1,83958|58230,30449|267197,31911|55541|30449|18957|267197,31911|30449|55541|18957|267197,31911|18957|55541|83958|58230,31911|73553|215730|18957|30449,Quyet-dinh-1087-QD-TCHQ-quan-ly-hoat-dong-Bao-tang-Hai-quan-Viet-Nam-2016-309333 || Thong-tu-71-2022-TT-BTC-quan-ly-kinh-phi-su-nghiep-Chuong-trinh-bao-ton-gia-tri-di-san-van-hoa-54027 || Thong-tu-18-2010-TT-BVHTTDL-to-chuc-hoat-dong-bao-tang-117388 || Luat-di-san-van-hoa-2001-28-2001-QH10-47926 || Quyet-dinh-1676-QD-BTC-2021-cong-bo-5-chuan-muc-ke-toan-cong-dot-1-487413,5|1|3|1|1,6|1|3|3|1,6|1|3|4|1
114558,Nẹp bột các loại không nắn không chỉ định cho trường hợp nào?,CONDITION,13,NEGATION,0.8132275132275133,17,1.1796875,3.952051877975464,1,190541|122271|284691,93049|82599|200953,171181|118099|93049|82599|200953,171181|118099|93049|82599|200953,171181|190541|122271|118099|284691,190541|171181|122271|282261|204366,Quyet-dinh-199-QD-BYT-2014-Huong-dan-quy-trinh-ky-thuat-chuyen-khoa-Nan-chinh-hinh-bo-bot-248994 || Quyet-dinh-5728-QD-BYT-2017-quy-trinh-ky-thuat-Ngoai-khoa-chuyen-khoa-Chan-thuong-chinh-hinh-370394 ||  || Quyet-dinh-27-2018-QD-TTg-ban-hanh-He-thong-nganh-kinh-te-Viet-Nam-387358 || Thong-tu-39-2018-TT-BYT-thong-nhat-gia-kham-chua-benh-bao-hiem-y-te-giua-benh-vien-cung-hang-401940,5|1|0|2|3,5|1|2|2|3,5|1|3|4|3
146414,Người giữ chức vụ Chủ tịch Hội Nông dân phường sẽ được xếp lương như thế nào? Có mấy bậc hệ số lương?,GENERAL_SEMANTIC,23,,0.8132275132275133,15,0.1953125,2.55357027053833,0,,,277076|166505|263931|252461|198927,277076|166505|263931|252461|198927,277076|166505|263931|252461|198927,277076|166505|52519|198927|14681,Nghi-dinh-92-2009-ND-CP-chuc-danh-so-luong-che-do-chinh-sach-can-bo-cong-chuc-o-xa-phuong-thi-tran-v ||  || Thong-tu-lien-tich-03-2010-TTLT-BNV-BTC-BLDTB-XH-huong-dan-Nghi-dinh-92-2009-ND-106746 || Thong-tu-lien-tich-01-2005-TTLT-BNV-BTC-huong-dan-chuyen-xep-luong-cu-sang-luong-moi-can-bo-cong-vie || Thong-tu-07-2015-TT-BNV-chuc-danh-ma-so-tieu-chuan-ngach-cong-chuc-chuyen-nganh-nong-nghiep-299855,3|4|3|2|2,6|4|6|4|5,6|6|6|5|5
32108,Khi giao nhận để đưa thuốc nổ TNT vào kho thì thực hiện kiểm tra như thế nào?,GENERAL_SEMANTIC,18,HYPOTHETICAL,0.8121693121693121,18,0.05859375,3.338487148284912,0,,,171860|301495|66063|35798|124110,171860|301495|124110|66063|35798,171860|301495|124110|35798|66063,171860|124110|40776|254315|222038, || Thong-tu-131-2014-TT-BQP-Quy-che-quan-ly-kho-vat-chung-trong-Quan-doi-252945 || Thong-tu-57-2012-TT-BCA-huong-dan-nhap-khau-quan-ly-su-dung-tieu-huy-mau-ma-tuy-150666 || Thong-tu-17-2014-TT-NHNN-phan-loai-dong-goi-giao-nhan-kim-khi-quy-da-quy-242209 || Thong-tu-04-2018-TT-BGTVT-quy-dinh-viec-bao-dam-ky-thuat-nhien-lieu-hang-khong-351921,6|2|1|1|2,6|2|2|5|2,6|2|3|5|4
137974,Việc cấp Giấy phép xây dựng có thời hạn ở tỉnh Hòa Bình được quy định ra sao?,PROCEDURE,18,,0.8111111111111111,20,0.7109375,2.9874324798583984,1,90292|28288,162504|304265,173779|207468|162504|161034|304265,173779|207468|161034|162504|304265,173779|207468|161034|90292|28288,173779|90292|89392|42262|28288,Quyet-dinh-20-2020-QD-UBND-quy-dinh-quan-ly-cap-phep-xay-dung-tinh-Hoa-Binh-458014 || Quyet-dinh-32-2021-QD-UBND-huong-dan-cap-giay-phep-xay-dung-Binh-Thuan-499082 || Quyet-dinh-05-2022-QD-UBND-phan-cap-cap-giay-phep-xay-dung-quan-ly-trat-tu-xay-dung-Ha-Nam-509657 || Quyet-dinh-40-2021-QD-UBND-noi-dung-ve-phan-cap-quan-ly-trat-xay-dung-tinh-Nam-Dinh-489412 || Quyet-dinh-43-2021-QD-UBND-cap-giay-phep-xay-dung-va-quan-ly-trat-tu-xay-dung-Ben-Tre-502354,6|1|1|1|1,6|1|3|3|3,6|2|5|5|5
30136,Thủ tục hải quan đối với robot khử khuẩn quy định ra sao?,PROCEDURE,13,,0.8111111111111111,18,0.1953125,1.04924738407135,1,155884,200293,292631|890|200293|253656|136982,292631|890|253656|200293|136982,292631|155884|253656|890|136982,155884|196969|260889|292631|175954,Nghi-dinh-08-2015-ND-CP-thi-hanh-Luat-Hai-quan-ve-thu-tuc-kiem-tra-giam-sat-kiem-soat-hai-quan-26381 || Nghi-dinh-59-2018-ND-CP-sua-doi-08-2015-ND-CP-huong-dan-Luat-Hai-quan-thu-tuc-kiem-tra-hai-quan-3525 || Luat-Hai-quan-2014-238637 || Thong-tu-191-2015-TT-BTC-thu-tuc-hai-quan-hang-xuat-nhap-khau-qua-canh-gui-qua-dich-vu-chuyen-phat-n || Quyet-dinh-18-2019-QD-TTg-nhap-khau-may-moc-thiet-bi-day-chuyen-cong-nghe-da-qua-su-dung-412143,5|1|2|2|1,5|4|3|3|5,5|5|5|5|5
23426,Giá cơ sở các mặt hàng xăng dầu tiêu dùng phổ biến trên thị trường do Bộ Công thương công bố là bao nhiêu?,GENERAL_SEMANTIC,24,,0.8103174603174603,16,0.140625,9.394774436950684,0,,,141808|286507|175307|225295|262587,141808|286507|175307|225295|262587,141808|286507|175307|262587|225295,141808|150248|175307|268645|286507, ||  ||  ||  || ,2|2|3|1|2,5|5|4|2|2,5|6|6|5|6
126602,Hồ sơ đăng ký hoạt động sàn giao dịch công nghệ cần những loại giấy tờ gì?,PROCEDURE,17,,0.8084656084656086,18,0.2109375,2.5508742332458496,0,,,249431|12716|258886|287560|276100,249431|287560|12716|258886|276100,249431|287560|12716|258886|276100,287560|249431|200355|163422|21398,Thong-tu-16-2014-TT-BKHCN-dieu-kien-thanh-lap-hoat-dong-to-chuc-trung-gian-thi-truong-khoa-hoc-cong- ||  || Quyet-dinh-01-QD-SGDVN-2022-Quy-che-thanh-vien-cua-So-Giao-dich-Chung-khoan-515940 || Nghi-dinh-08-2014-ND-CP-huong-dan-Luat-Khoa-hoc-va-Cong-nghe-220224 || Quyet-dinh-55-2010-QD-TTg-tham-quyen-trinh-tu-thu-tuc-chung-nhan-to-chuc-111474,5|3|2|2|1,5|4|4|4|2,5|5|4|4|5
142944,Đối tượng được thu thập thông tin về cầu lao động là ai?,GENERAL_SEMANTIC,13,,0.8084656084656084,18,0.482421875,4.329926490783691,0,,,34366|84617|110536|129823|220208,34366|84617|110536|129823|220208,34366|84617|110536|220208|129823,34366|84617|110536|145207|220208,Thong-tu-01-2022-TT-BLDTBXH-thu-thap-luu-tru-tong-hop-thong-tin-thi-truong-lao-dong-503573 || Luat-viec-lam-nam-2013-215628 || Thong-tu-11-2022-TT-BLDTBXH-huong-dan-ho-tro-viec-lam-ben-vung-Chuong-trinh-giam-ngheo-520433 || Thong-tu-13-2020-TT-BLDTBXH-Danh-gia-tinh-hinh-tai-nan-va-su-co-ky-thuat-gay-mat-an-toan-lao-dong-45 || Bo-Luat-lao-dong-2019-333670,5|2|3|3|1,5|5|5|3|2,5|5|5|3|5
144638,Cơ cấu tổ chức của Quỹ Trò nghèo vùng cao được quy định thế nào?,GENERAL_SEMANTIC,15,,0.8074074074074074,18,0.1826171875,2.0638511180877686,1,206197|276501,22282|218452,19890|22282|119715|22797|218452,119715|19890|22797|218452|276501,19890|119715|22797|206197|276501,66264|98859|119715|260505|287259,Quyet-dinh-142-QD-BNV-nam-2014-cap-Giay-phep-thanh-lap-cong-nhan-Dieu-le-Quy-Tro-ngheo-vung-cao-2219 || Quyet-dinh-103-QD-BNV-nam-2010-giay-phep-thanh-lap-Quy-Phat-trien-vi-cong-dong-178824 || Quyet-dinh-1299-QD-BNV-cap-Giay-phep-thanh-lap-va-cong-nhan-Dieu-le-126134 || Quyet-dinh-641-QD-BNV-2015-cap-Giay-phep-thanh-lap-va-cong-nhan-Dieu-le-Quy-Chia-se-tinh-thuong-2847 || Quyet-dinh-748-QD-BNV-Giay-phep-thanh-lapcong-nhan-Dieu-le-Quy-Ho-tro-benh-nhi-177342,5|3|2|1|1,5|5|4|1|1,5|5|5|4|4
77580,Chủ đầu tư cấp 1 có các nghĩa vụ gì?,GENERAL_SEMANTIC,10,,0.8074074074074074,19,0.12890625,2.7419655323028564,1,89392|35296,127206|230594,289548|20457|300301|127206|230594,289548|20457|300301|89392|127206,289548|20457|89392|35296|300301,35296|89392|289548|144551|90292,Nghi-dinh-11-2013-ND-CP-quan-ly-dau-tu-phat-trien-do-thi-164736 || Thong-tu-02-2023-TT-BXD-huong-dan-hop-dong-xay-dung-557432 || Luat-Xay-dung-2014-238644 || Van-ban-hop-nhat-02-VBHN-VPQH-2020-hop-nhat-Luat-Xay-dung-457471 || Luat-Xay-dung-sua-doi-2020-so-62-2020-QH14-418229,5|4|0|1|1,5|5|4|1|2,5|6|5|5|2
71416,Trình tự thủ tục đối với trường hợp của con tôi cần đáp ứng những gì?,PROCEDURE,16,,0.805026455026455,17,0.625,1.678420066833496,0,,,270799|157168|293796|272362|220347,270799|272362|157168|293796|49221,270799|157168|272362|293796|220347,272362|270799|266589|99956|268007,Nghi-dinh-126-2014-ND-CP-quy-dinh-chi-tiet-mot-so-dieu-bien-phap-thi-hanh-Luat-Hon-nhan-gia-dinh-262 || Luat-Ho-tich-2014-259727 || Thong-tu-lien-tich-02-2016-TTLT-BNG-BTP-huong-dan-dang-ky-quan-ly-ho-tich-Co-quan-dai-dien-ngoai-gia || Quyet-dinh-1872-QD-BTP-2020-cong-bo-thu-tuc-hanh-chinh-linh-vuc-ho-tich-tai-co-quan-dang-ky-ho-tich- || Quyet-dinh-299-QD-BTP-thu-tuc-hanh-chinh-ban-hanh-moi-Ho-tich-co-quan-dang-ky-ho-tich-trong-nuoc-201,4|3|4|2|2,5|5|4|2|2,5|5|5|3|4
49282,Phương pháp tài sản trong định giá doanh nghiệp,GENERAL_SEMANTIC,9,,0.8029100529100529,15,0.44921875,2.8642807006835938,1,301632,28054,190252|159716|224327|261499|28054,190252|159716|224327|261499|301632,190252|159716|224327|261499|301632,190252|159716|301632|261499|49558,Nghi-dinh-30-2018-ND-CP-thanh-lap-Hoi-dong-dinh-gia-tai-san-trong-to-tung-hinh-su-376934 || Thong-tu-28-2021-TT-BTC-Tieu-chuan-tham-dinh-gia-Viet-Nam-so-12-472631 || Thong-tu-30-2020-TT-BTC-huong-dan-Nghi-dinh-30-2018-ND-CP-thanh-lap-Hoi-dong-dinh-gia-tai-san-441861 || Nghi-dinh-126-2017-ND-CP-chuyen-doanh-nghiep-Nha-nuoc-nam-giu-100-von-thanh-cong-ty-co-phan-318672 || Thong-tu-46-2021-TT-BTC-xu-ly-tai-chinh-va-xac-dinh-gia-tri-doanh-nghiep-khi-co-phan-465892,3|3|3|3|3,5|3|5|6|4,5|4|5|6|5
32156,Có gặp rủi ro khi hỗ trợ tiền lương cho nhân viên công ty đối tác đang nhận tiền hỗ trợ thai sản từ bảo hiểm không?,GENERAL_SEMANTIC,27,NEGATION|HYPOTHETICAL,0.8021164021164021,17,0.4453125,0.7542754411697388,0,,,283590|196079|223745|129823|281059,281059|223745|283590|196079|129823,281059|223745|129823|196079|283590,121308|281059|208105|223745|225360,Nghi-dinh-58-2018-ND-CP-bao-hiem-nong-nghiep-357548 || Quyet-dinh-40-2021-QD-TTg-Quy-Ho-tro-viec-lam-ngoai-nuoc-329205 || Bo-Luat-lao-dong-2019-333670 || Quyet-dinh-6696-QD-TLD-2023-chinh-sach-ho-tro-doan-vien-nguoi-lao-dong-bi-giam-thoi-gian-lam-viec-55 || Quyet-dinh-23-2021-QD-TTg-chinh-sach-ho-tro-nguoi-lao-dong-gap-kho-khan-do-dai-dich-COVID-19-480459,1|4|1|3|4,2|4|1|5|5,4|5|6|5|6
15400,Các khoản thu chi của Hiệp hội Đầu tư xây dựng năng lượng Việt Nam được quy định như thế nào?,GENERAL_SEMANTIC,21,,0.801058201058201,17,0.333251953125,5.3329315185546875,1,300970,54870,180035|163023|54870|257785|257552,180035|257785|163023|257552|300970,180035|257785|257552|300970|163023,257785|180035|94023|180863|86327,Quyet-dinh-72-2004-QD-BNV-phe-duyet-Dieu-le-Hiep-hoi-Dau-tu-xay-dung-nang-luong-Viet-Nam-17626 || Quyet-dinh-133-2005-QD-BNV-Dieu-le-Hiep-hoi-Quy-tin-dung-nhan-dan-Viet-Nam-7860 || Quyet-dinh-13-2004-QD-UB-Dieu-le-to-chuc-hoat-dong-Hiep-hoi-doanh-nghiep-Khu-cong-nghiep-thanh-pho-H || Quyet-dinh-89-2005-QD-BNV-Dieu-le-Hiep-hoi-Thep-Viet-Nam-55252 || Quyet-dinh-282-QD-BNV-nam-2012-phe-duyet-Dieu-le-Hiep-hoi-nha-dau-tu-Viet-Nam-141712,2|2|2|1|3,2|3|2|4|5,3|4|2|4|6
101974,"Nhiệm vụ phát huy vai trò, trách nhiệm nêu gương của cán bộ, đảng viên trong quá trình đổi mới phương thức lãnh đạo, cầm quyền của Đảng là gì?",DEFINITION,30,,0.8,16,2.17578125,3.84604811668396,0,,,171342|60783|202672|66112|94717,171342|60783|66112|202672|94717,171342|60783|66112|202672|94717,171342|201234|134812|66112|60783,Nghi-quyet-28-NQ-TW-2022-doi-moi-phuong-thuc-lanh-dao-cua-Dang-doi-voi-he-thong-chinh-tri-541364 || Nghi-quyet-04-NQ-TW-xay-dung-Dang-ngan-chan-suy-thoai-tu-tuong-chinh-tri-dao-duc-loi-song-2016-33253 || Nghi-quyet-21-NQ-TW-2022-tang-cuong-cung-co-xay-dung-to-chuc-co-so-dang-518923 || Quy-dinh-127-QD-TW-2018-moi-quan-he-cong-tac-cua-dang-bo-chi-bo-co-so-xa-phuong-thi-tran-377303 || Huong-dan-59-HD-BTGTW-2022-boi-duong-nghiep-vu-cong-tac-Dang-cho-Bi-thu-chi-bo-518808,4|4|2|4|2,5|5|5|5|3,6|5|5|5|6
126982,Cơ quan nào được thành lập tạp chí khoa học?,PROCEDURE,10,,0.8,18,0.76953125,2.33369517326355,0,,,19627|164807|151034|86680|148956,19627|164807|86680|151034|148956,19627|164807|86680|148956|151034,19627|278069|44007|86680|225856,Luat-Bao-chi-2016-280645 || Luat-khoa-hoc-va-cong-nghe-nam-2013-197387 || Thong-tu-06-2022-TT-BKHCN-dinh-muc-dich-vu-su-nghiep-cong-thong-tin-thong-ke-khoa-hoc-cong-nghe-5155 || Quyet-dinh-20-2004-QD-BKHCN-Dieu-le-To-chuc-Hoat-dong-Bao-Khoa-hoc-Phat-trien-17860 || Quyet-dinh-1244-QD-BTP-quy-dinh-chuc-nang-nhiem-vu-quyen-han-co-cau-to-chuc-Tap-chi-Dan-chu-Phap-lua,4|2|1|1|3,4|5|3|3|3,5|5|5|5|3
41244,Người học ngành công nghệ chế biến chè trình độ trung cấp muốn tốt nghiệp phải hoàn thành tối thiểu bao nhiêu tín chỉ?,GENERAL_SEMANTIC,24,,0.7992063492063493,16,0.48046875,2.290064573287964,1,66847|65326|290366,298992|46291|299563,37894|107159|298992|46291|299563,37894|107159|290366|65326|46291,37894|107159|66847|65326|290366,66847|211938|290366|65326|234274,Thong-tu-51-2018-TT-BLDTBXH-yeu-cau-ve-nang-luc-ma-nguoi-hoc-phai-dat-duoc-sau-khi-tot-nghiep-422059 || Thong-tu-46-2018-TT-BLDTBXH-khoi-luong-kien-thuc-toi-thieu-nguoi-hoc-phai-dat-duoc-khi-tot-nghiep-42 || Thong-tu-03-2017-TT-BLDTBXH-ban-hanh-chuong-trinh-tham-dinh-giao-trinh-trinh-do-trung-cap-cao-dang-3 || Thong-tu-45-2018-TT-BLDTBXH-yeu-cau-ve-nang-luc-ma-nguoi-hoc-phai-dat-duoc-sau-khi-tot-nghiep-422054 || Thong-tu-12-2017-TT-BLDTBXH-kien-thuc-nang-luc-toi-thieu-nguoi-tot-nghiep-trung-cap-cao-dang-325039,5|2|1|1|2,6|4|3|3|4,6|5|3|6|5
133206,Đối tượng tham gia dự thi Kiểm sát viên sơ cấp là ai?,GENERAL_SEMANTIC,13,,0.7984126984126985,17,2.06640625,3.664720058441162,1,261770,263775,43909|37658|179442|163084|263775,37658|43909|179442|163084|263775,43909|37658|179442|163084|261770,37658|178910|43909|166878|261770,Quyet-dinh-328-QD-VKSTC-2017-thi-tuyen-Kiem-sat-vien-so-cap-trung-cap-cao-cap-nganh-Kiem-sat-361174 || Ke-hoach-81-KH-VKSTC-2022-thi-tuyen-Kiem-sat-vien-so-cap-trung-cap-cao-cap-516234 || Quyet-dinh-458-QD-VKSTC-2019-hoat-dong-cua-Kiem-sat-vien-tham-gia-phien-toa-dan-su-so-tham-425634 || Luat-To-chuc-Vien-kiem-sat-nhan-dan-2014-259723 || Thong-tu-113-2015-TT-BQP-tuyen-chon-dao-tao-boi-duong-su-dung-can-bo-Vien-kiem-sat-quan-su-292579,5|2|1|2|1,5|3|4|3|1,5|5|4|5|5
98964,Có luân chuyển đối với đại biểu hội đồng nhân dân cấp xã hay không?,GENERAL_SEMANTIC,15,NEGATION,0.7984126984126985,16,1.078125,1.856985330581665,1,248942,167335,289354|220359|186235|167335|295762,220359|289354|186235|295762|167335,220359|289354|186235|295762|248942,220359|211144|303360|219188|295762,Luat-can-bo-cong-chuc-2008-22-2008-QH12-82202 || Quyet-dinh-328-QD-BTP-2018-Quy-che-bo-nhiem-bo-nhiem-lai-tu-chuc-cong-chuc-cua-Bo-Tu-phap-381789 || Quy-dinh-06-QD-BCSD-2021-luan-chuyen-can-bo-co-quan-hanh-chinh-thuoc-Bo-Giao-thong-van-tai-506297 || Quyet-dinh-397-QD-TTCP-2021-dieu-dong-luan-chuyen-cong-chuc-cua-Thanh-tra-Chinh-phu-492437 || ,1|4|2|3|1,3|4|2|3|4,5|6|3|4|5
46794,Cơ quan nào có quyền xếp loại công chức cấp trung ương?,PROCEDURE,12,,0.7981481481481482,17,0.1171875,1.899476408958435,1,248942|132142,215094|75497,261198|116317|215094|79553|75497,261198|116317|79553|75497|215094,261198|79553|248942|116317|132142,248942|166505|79553|258706|145175,Luat-can-bo-cong-chuc-va-luat-vien-chuc-sua-doi-2019-405729 || Nghi-dinh-90-2020-ND-CP-danh-gia-xep-loai-chat-luong-can-bo-cong-chuc-vien-chuc-450113 ||  || Quyet-dinh-2188-QD-BTC-2021-Quy-che-xep-loai-chat-luong-cong-chuc-vien-chuc-cua-Bo-Tai-chinh-539732 || Quyet-dinh-1206-QD-BTP-2021-danh-gia-xep-loai-chat-luong-cong-chuc-vien-chuc-483506,2|1|1|3|2,5|5|2|3|4,5|5|2|5|4
137916,Việc bổ nhiệm CDNN đối với giáo viên được phân công giảng dạy các môn học khác với chuyên ngành được đào tạo thực hiện ra sao?,GENERAL_SEMANTIC,27,,0.7957671957671958,18,1.08984375,2.9593231678009033,0,,,10719|244095|124109|76950|175056,10719|244095|76950|124109|175056,10719|244095|76950|124109|175056,10719|244095|76950|198567|85808,Thong-tu-08-2023-TT-BGDDT-sua-doi-Thong-tu-01-2021-TT-BGDDT-02-2021-TT-BGDDT-514067 ||  ||  || Thong-tu-35-2020-TT-BGDDT-ma-so-tieu-chuan-chuc-danh-vien-chuc-giang-day-trong-truong-cao-dang-45491 || Thong-tu-30-2017-TT-BGDDT-Quy-dinh-tieu-chuan-chuc-danh-nghe-nghiep-giao-vien-du-bi-dai-hoc-369188,4|4|1|2|3,5|5|1|5|3,5|5|1|5|4
84184,Quỹ tín dụng nhân dân muốn giảm vốn điều lệ thì phải cần được chấp thuận đúng không?,GENERAL_SEMANTIC,18,NEGATION,0.7955026455026455,16,0.421875,3.4785444736480713,1,72196,133938,88224|199608|151239|26667|133938,88224|199608|26667|151239|72196,88224|199608|151239|26667|72196,88224|199608|72196|26667|178713,Quyet-dinh-174-QD-NHNN-2023-cong-bo-thu-tuc-hanh-chinh-hoat-dong-ngan-hang-555145 || Thong-tu-21-2019-TT-NHNN-sua-doi-Thong-tu-ngan-hang-hop-tac-xa-quy-tin-dung-nhan-dan-428626 || Thong-tu-04-2015-TT-NHNN-quy-tin-dung-nhan-dan-270443 || Luat-cac-to-chuc-tin-dung-2010-108079 || Thong-tu-05-2018-TT-NHNN-chap-thuan-thay-doi-danh-sach-bau-nhan-su-to-chuc-tin-dung-la-hop-tac-xa-37,4|2|2|3|3,4|5|5|5|6,4|5|6|5|6
76300,Bao nhiêu tuổi thì được gọi là người cao tuổi để được nghi hưu?,GENERAL_SEMANTIC,14,,0.7939153439153439,17,0.1171875,2.123645782470703,0,,,43044|129823|143446|256047|23402,256047|143446|43044|129823|133249,256047|143446|129823|23402|43044,167786|256047|133249|243216|71728,Nghi-dinh-135-2020-ND-CP-tuoi-nghi-huu-445512 || Bo-Luat-lao-dong-2012-142187 || Bo-Luat-lao-dong-2019-333670 ||  || Luat-nguoi-cao-tuoi-nam-2009-98672,2|1|2|1|5,5|4|4|3|5,5|5|5|5|5
105996,Bản chính bằng tốt nghiệp cao đẳng được cấp bao nhiêu lần cho mỗi sinh viên?,GENERAL_SEMANTIC,16,,0.7925925925925926,16,0.29296875,2.556743621826172,0,,,271336|209474|146481|270075|66159,271336|209474|270075|146481|66159,271336|209474|270075|146481|66159,271336|282842|15049|270075|6069,Thong-tu-10-2017-TT-BLDTBXH-mau-bang-tot-nghiep-trung-ca-cao-dan-in-quan-ly-cap-phat-thu-hoi-huy-bo- || Thong-tu-07-2023-TT-BGDDT-Quy-che-dao-tao-trinh-do-cao-dang-nganh-Giao-duc-Mam-non-562627 || Thong-tu-04-2022-TT-BLDTBXH-to-chuc-dao-tao-trinh-do-trung-cap-cao-dang-theo-nien-che-509295 || Thong-tu-08-2021-TT-BGDDT-Quy-che-dao-tao-trinh-do-dai-hoc-470013 || Luat-Giao-duc-nghe-nghiep-2014-259733,2|3|3|3|2,5|5|6|5|5,5|6|6|5|5
84652,"Chủ tịch Ủy ban nhân dân cấp xã có được quyền xử phạt người lưu hành bản ghi âm, ghi hình có nội dung nghệ thuật biểu diễn xâm phạm chủ quyền và toàn vẹn lãnh thổ đất nước không?",SANCTION,40,NEGATION,0.7925925925925926,19,0.109375,2.3657686710357666,1,306050,210490,9129|125585|229763|194359|210490,9129|229763|125585|306050|194359,9129|229763|306050|125585|194359,9129|174929|306050|102208|278875,Nghi-dinh-38-2021-ND-CP-xu-phat-vi-pham-hanh-chinh-trong-linh-vuc-van-hoa-quang-cao-469165 || Nghi-dinh-129-2021-ND-CP-sua-doi-Nghi-dinh-xu-phat-vi-pham-hanh-chinh-linh-vuc-du-lich-482326 ||  || Nghi-dinh-14-2022-ND-CP-sua-doi-Nghi-dinh-15-2020-ND-CP-xu-phat-hanh-chinh-buu-chinh-482325 || Nghi-dinh-131-2013-ND-CP-xu-phat-vi-pham-hanh-chinh-quyen-tac-gia-quyen-lien-quan-210029,5|1|1|1|1,6|1|1|3|1,6|2|3|3|2
134642,Thủ tục chuyển nơi hưởng trợ cấp thất nghiệp được pháp luật quy định như thế nào? ,PROCEDURE,17,INSTRUMENT,0.7923280423280423,17,0.10546875,3.278618812561035,1,183515,164447,71551|6233|156|23402|164447,6233|71551|156|23402|183515,71551|6233|183515|23402|156,6233|183515|71551|305827|37580,Nghi-dinh-28-2015-ND-CP-huong-dan-Luat-Viec-lam-va-bao-hiem-that-nghiep-268405 || Nghi-dinh-61-2020-ND-CP-sua-doi-28-2015-ND-CP-huong-dan-Luat-Viec-lam-ve-bao-hiem-that-nghiep-393789 || Thong-tu-28-2015-TT-BLDTBXH-huong-dan-Luat-viec-lam-Nghi-dinh-28-2015-ND-CP-bao-hiem-that-nghiep-280 ||  || Nghi-dinh-131-2021-ND-CP-huong-dan-Phap-lenh-Uu-dai-nguoi-co-cong-voi-cach-mang-288920,5|4|1|3|2,5|5|5|4|5,5|5|5|4|5
137718,Chỉnh hình trong bệnh Arthogryposis sẽ chỉ định cho đối tượng nào?,GENERAL_SEMANTIC,12,,0.791005291005291,18,0.0390625,2.551300287246704,1,261730,65558,190541|258607|164898|65558|284691,190541|258607|164898|261730|65558,190541|258607|261730|164898|284691,190541|94403|261730|202376|171181,Quyet-dinh-5728-QD-BYT-2017-quy-trinh-ky-thuat-Ngoai-khoa-chuyen-khoa-Chan-thuong-chinh-hinh-370394 || Thong-tu-22-2019-TT-BYT-quy-dinh-ty-le-phan-tram-ton-thuong-co-the-su-dung-trong-giam-dinh-phap-y-42 || Thong-tu-46-2013-TT-BYT-chuc-nang-nhiem-vu-co-cau-to-chuc-co-so-phuc-hoi-chuc-nang-220731 || Quyet-dinh-1832-QD-BYT-2022-tai-lieu-huong-dan-chan-doan-dieu-tri-benh-ly-huyet-hoc-520596 || Thong-tu-39-2018-TT-BYT-thong-nhat-gia-kham-chua-benh-bao-hiem-y-te-giua-benh-vien-cung-hang-401940,6|2|1|1|1,6|2|4|1|1,6|4|5|3|2
138190,Ai là người báo cáo tiến độ của dự án nông nghiệp cho Lãnh đạo Bộ?,GENERAL_SEMANTIC,16,,0.791005291005291,18,0.26171875,2.748774766921997,1,292875,226618,290329|174300|256654|226618|198454,290329|174300|256654|198454|292875,290329|174300|256654|198454|292875,290329|174300|198454|139692|292875,Quyet-dinh-45-2003-QD-BNN-Quy-che-to-chuc-hoat-dong-Ban-quan-ly-du-an-nong-nghiep-6110 || Nghi-dinh-83-2018-ND-CP-hoat-dong-khuyen-nong-382798 || Quyet-dinh-2166-QD-BNN-TCCB-2020-Quy-che-quan-ly-chuong-trinh-du-an-khuyen-nong-Trung-uong-455409 || Quyet-dinh-3460-QD-BNN-TCLN-nam-2010-ve-Quy-che-hoat-dong-cua-Ban-Chi-dao-Du-an-116626 || Thong-tu-12-2022-TT-BNNPTNT-huong-dan-hoat-dong-lam-nghiep-phat-trien-lam-nghiep-ben-vung-530313,5|4|3|3|1,5|5|4|3|4,5|5|5|3|4
142556,Nhà biệt thự là gì?,DEFINITION,5,,0.7904761904761904,19,0.1328125,2.985778570175171,1,19533,136615,144551|6411|141634|136615|146226,144551|141634|6411|146226|19533,144551|141634|6411|146226|19533,141634|278322|126556|128117|19533, || Nghi-dinh-99-2015-ND-CP-huong-dan-Luat-Nha-o-294439 || Luat-Nha-o-2014-259721 || Quyet-dinh-56-2021-QD-UBND-Quy-che-quan-ly-kien-truc-Ho-Chi-Minh-503760 || Thong-tu-68-2017-TT-BQP-huong-dan-quan-ly-su-dung-nha-o-cong-vu-345657,4|4|4|1|1,5|4|5|3|2,5|6|5|6|3
109968,"Tài khoản đăng nhập Hệ thống thu nộp, chi trả bảo hiểm xã hội điện tử được thu hồi trong những trường hợp nào?",PROCEDURE,24,,0.78994708994709,18,0.1640625,2.9386157989501953,1,79491,103064,250384|55674|200618|83711|103064,55674|250384|200618|83711|103064,250384|55674|200618|79491|83711,55674|113090|250384|200618|79491,Quyet-dinh-283-QD-BHXH-2020-quan-tri-He-thong-thu-nop-bao-hiem-xa-hoi-dien-tu-456658 || Thong-tu-11-2019-TT-BLDTBXH-su-dung-co-so-du-lieu-tro-giup-xa-hoi-va-giam-ngheo-418910 || Nghi-dinh-85-2019-ND-CP-thuc-hien-thu-tuc-hanh-chinh-theo-co-che-mot-cua-quoc-gia-ASEAN-428701 || Thong-tu-05-2015-TT-BTC-hoat-dong-dang-ky-luu-ky-bu-tru-thanh-toan-giao-dich-chung-khoan-263548 || Quyet-dinh-3735-QD-BHXH-2022-quan-ly-trien-khai-he-thong-ha-tang-thong-tin-nganh-Bao-hiem-xa-hoi-560,6|2|3|0|1,6|5|3|1|2,6|5|5|1|5
99640,Cơ sở để tính hưởng chế độ được quy định ra sao?,GENERAL_SEMANTIC,12,,0.78994708994709,18,0.2969970703125,2.947047233581543,1,247822,156,29277|36415|124454|156|174620,36415|29277|174620|124454|53519,36415|29277|174620|124454|247822,36415|252101|29277|174620|103601,Thong-tu-lien-tich-36-2009-TTLT-BQP-BNV-BLDTBXH-BTC-huong-dan-Luat-si-quan-Quan-doi-nhan-dan-Viet-Na || Thong-tu-47-2016-TT-BQP-huong-dan-108-2014-ND-CP-chinh-sach-tinh-gian-bien-che-trong-Bo-Quoc-phong-3 || Nghi-dinh-97-2022-ND-CP-chinh-sach-nguoi-lao-dong-doi-du-chuyen-doi-so-huu-cong-ty-mot-thanh-vien-54 || Thong-tu-lien-tich-01-2012-TTLT-BQP-BLDTBXH-BTC-huong-dan-Quyet-dinh-62-2011-QD-134832 || Nghi-dinh-32-2013-ND-CP-huong-dan-che-do-chinh-sach-nguoi-lam-cong-tac-co-yeu-182292,4|5|1|3|0,5|5|1|3|4,5|5|3|6|4
53858,Người lao động vận hành cần máy bơm bê tông có cần phải có chứng chỉ về an toàn vệ sinh lao động gì không?,GENERAL_SEMANTIC,25,NEGATION,0.7891534391534392,16,0.109375,1.4644112586975098,1,283938,294152,218158|32123|26290|294152|143446,218158|283938|26290|294152|143446,218158|283938|26290|143446|32123,283938|290149|143446|294152|182041,Thong-tu-16-2021-TT-BXD-Quy-chuan-ky-thuat-An-toan-trong-thi-cong-xay-dung-499054 || Thong-tu-06-2020-TT-BLDTBXH-Danh-muc-cong-viec-co-yeu-cau-nghiem-ngat-ve-an-toan-ve-sinh-lao-dong-45 ||  || Bo-Luat-lao-dong-2012-142187 || Thong-tu-25-2022-TT-BLDTBXH-che-do-trang-cap-phuong-tien-bao-ve-ca-nhan-trong-lao-dong-551396,5|2|4|2|3,5|3|4|3|4,5|4|5|5|5
156316,"Thời gian thực hiện thí điểm nộp thuế điện tử đối với hàng hóa xuất khẩu, nhập khẩu Đề án là khi nào?",CONDITION,23,HYPOTHETICAL,0.7883597883597884,18,0.03125,2.6954550743103027,1,257429,200293,120333|35531|161949|200293|190965,120333|35531|161949|200293|190965,120333|35531|161949|257429|190965,120333|161949|257429|246534|277210,Quyet-dinh-101-QD-TCHQ-2023-nop-thue-dien-tu-hang-hoa-xuat-nhap-khau-qua-trung-gian-thanh-toan-55300 || Thong-tu-19-2021-TT-BTC-huong-dan-giao-dich-dien-tu-trong-linh-vuc-thue-469068 || Luat-quan-ly-thue-2019-387595 || Nghi-dinh-18-2021-ND-CP-sua-doi-Nghi-dinh-134-2016-ND-CP-huong-dan-Luat-Thue-xuat-nhap-khau-386321 || Luat-thue-xuat-khau-thue-nhap-khau-2016-280693,6|3|3|0|1,6|4|4|3|1,6|5|5|3|1
83136,"Thủ tục xin giấy chứng nhận đăng ký hoạt động trung tâm dạy nghề chăm sóc sắc đẹp, vật lý trị liệu thực hiện thế nào?",PROCEDURE,26,,0.7883597883597884,17,0.125,1.2586629390716553,1,236560,297677,87680|8167|179847|270799|297677,87680|270799|8167|179847|236560,87680|270799|8167|179847|236560,270799|87680|66159|8167|179847,Nghi-dinh-143-2016-ND-CP-dieu-kien-dau-tu-hoat-dong-trong-linh-vuc-giao-duc-nghe-nghiep-326965 || Nghi-dinh-126-2014-ND-CP-quy-dinh-chi-tiet-mot-so-dieu-bien-phap-thi-hanh-Luat-Hon-nhan-gia-dinh-262 || Quyet-dinh-1613-QD-LDTBXH-2018-cong-bo-thu-tuc-hanh-chinh-giao-duc-nghe-nghiep-Bo-Lao-dong-400273 || Nghi-dinh-46-2017-ND-CP-quy-dinh-dieu-kien-dau-tu-hoat-dong-trong-linh-vuc-giao-duc-336219 || Nghi-dinh-24-2022-ND-CP-sua-doi-Nghi-dinh-dieu-kien-dau-tu-linh-vuc-giao-duc-nghe-nghiep-509592,5|4|2|3|1,5|5|3|6|3,5|5|5|6|4
11158,"Hướng dẫn hồ sơ, thủ tục làm giấy chứng tử năm 2022?",PROCEDURE,12,,0.7873015873015873,16,0.0390625,1.3835707902908325,1,156354,249204,293796|249204|259656|157168|268757,259656|293796|268757|157168|249204,259656|293796|268757|156354|157168,156354|268757|157168|259656|183078,Nghi-dinh-23-2015-ND-CP-cap-chung-thuc-ban-sao-tu-ban-chinh-chung-thuc-chu-ky-266857 || Quyet-dinh-1872-QD-BTP-2020-cong-bo-thu-tuc-hanh-chinh-linh-vuc-ho-tich-tai-co-quan-dang-ky-ho-tich- || Thong-tu-01-2022-TT-BTP-huong-dan-Nghi-dinh-87-2020-ND-CP-502821 || Thong-tu-01-2020-TT-BTP-huong-dan-ve-cap-ban-sao-tu-so-goc-chung-thuc-chu-ky-436529 || Luat-Ho-tich-2014-259727,2|3|3|0|2,2|4|3|1|2,5|4|3|2|2
111788,Trường Cán bộ Thanh tra là đơn vị sự nghiệp công lập không?,GENERAL_SEMANTIC,13,NEGATION,0.7873015873015873,17,0.2470703125,3.479562520980835,1,49423,64574,130636|298614|181620|180983|64574,130636|298614|181620|180983|204036,130636|298614|180983|181620|49423,130636|22602|232895|180983|226080,Quyet-dinh-444-QD-TTCP-2021-chuc-nang-nhiem-vu-quyen-han-cua-Truong-can-bo-Thanh-tra-492431 || Nghi-dinh-103-2022-ND-CP-truong-cua-co-quan-nha-nuoc-to-chuc-chinh-tri-to-chuc-chinh-tri-xa-hoi-5452 || Quyet-dinh-84-QD-BVHTTDL-2020-quyen-han-va-co-cau-to-chuc-cua-Truong-Can-bo-quan-ly-van-hoa-433181 || Quyet-dinh-2591-QD-BGTVT-2018-chuc-nang-co-cau-to-chuc-Truong-Can-bo-quan-ly-giao-thong-van-tai-4019 || Thong-tu-24-2021-TT-BTTTT-phan-loai-don-vi-su-nghiep-cong-lap-linh-vuc-Thong-tin-498991,5|2|1|2|3,5|4|4|4|3,5|4|4|4|3
127514,Trách nhiệm của các cơ sở giáo dục đại học khi cử giảng viên đi học?,GENERAL_SEMANTIC,16,HYPOTHETICAL,0.7873015873015873,16,0.298828125,4.3016228675842285,0,,,31848|267450|143136|268197|188316,188316|267450|31848|143136|268197,31848|188316|267450|143136|268197,188316|289664|143136|267450|209069,Thong-tu-20-2013-TT-BGDDT-boi-duong-chuyen-mon-nghiep-vu-cho-giang-vien-dai-hoc-193357 || Thong-tu-30-2022-TT-BTC-co-che-tai-chinh-nang-cao-nang-luc-giang-vien-dai-hoc-516332 || Luat-Giao-duc-dai-hoc-2012-142762 || Thong-tu-10-2017-TT-BGDDT-quy-che-dao-tao-dai-hoc-tu-xa-348712 || Nghi-dinh-111-2017-ND-CP-quy-dinh-to-chuc-dao-tao-thuc-hanh-trong-dao-tao-khoi-nganh-suc-khoe-363410,4|3|4|3|2,6|5|6|4|2,6|6|6|5|2
91348,Vụ Tổ chức cán bộ có quyền phê duyệt quyết định cử các đoàn đi đào tạo ngắn hạn ở nước ngoài hay không?,DIRECT_REF,24,INSTRUMENT|NEGATION,0.7873015873015873,15,1.23828125,2.66213321685791,1,286958,49858,262807|229178|49858|163844|179563,229178|262807|286958|163844|179563,229178|262807|286958|179563|163844,229178|33004|286958|198048|189174,Thong-tu-17-2014-TT-BGDDT-quan-ly-can-bo-cong-vien-chuc-ra-nuoc-ngoai-Bo-Giao-duc-Dao-tao-233584 || Quyet-dinh-2089-QD-BKHCN-2014-phan-cap-quan-ly-cong-vien-chuc-don-vi-truc-thuoc-Bo-Khoa-hoc-Cong-ngh || Quyet-dinh-2222-QD-BVHTTDL-quy-che-quan-ly-hoat-dong-doi-ngoai-2016-315905 || Quyet-dinh-599-QD-BTNMT-2018-Quy-che-quan-ly-cong-chuc-vien-chuc-424048 || Quyet-dinh-1318-QD-BTP-2022-Quy-che-dao-tao-boi-duong-cong-chuc-vien-chuc-520740,3|2|3|2|3,6|2|5|2|3,6|5|6|2|5
2112,Hành vi nợ tiền BHXH bị xử lý như thế nào?,GENERAL_SEMANTIC,11,,0.7854497354497355,16,0.265625,2.4666450023651123,1,283166,164447,285041|23402|26782|296169|164447,23402|285041|26782|296169|164447,23402|26782|285041|283166|296169,283166|23402|264962|122428|15298, || Nghi-dinh-12-2022-ND-CP-xu-phat-vi-pham-hanh-chinh-lao-dong-bao-hiem-nguoi-lam-viec-nuoc-ngoai-47931 ||  || Nghi-quyet-05-2019-NQ-HDTP-huong-dan-ap-dung-Dieu-214-Dieu-215-Dieu-216-Bo-luat-Hinh-su-414988 || Quyet-dinh-505-QD-BHXH-2020-sua-doi-Quy-trinh-thu-bao-hiem-xa-hoi-kem-Quyet-dinh-595-QD-BHXH-443310,2|2|5|1|3,2|2|6|2|4,2|2|6|2|5
156980,"Dấu nghiệp vụ trong lĩnh vực quân sự, quốc phòng được cấp theo nguyên tắc nào?",GENERAL_SEMANTIC,16,,0.7846560846560847,17,0.625,2.80511474609375,1,128503,13034,246406|274422|207905|23115|13034,246406|23115|274422|207905|13034,246406|274422|23115|207905|128503,246406|23115|112316|246156|128503,Thong-tu-138-2021-TT-BQP-dau-nghiep-vu-trong-hoat-dong-kiem-dinh-linh-vuc-quan-su-492716 || Thong-tu-151-2018-TT-BQP-huong-dan-thi-dua-khen-thuong-trong-Quan-doi-nhan-dan-Viet-Nam-399280 || Thong-tu-218-2016-TT-BQP-su-dung-Giay-chung-minh-si-quan-Chung-minh-quan-nhan-chuyen-nghiep-337227 || Nghi-dinh-82-2016-ND-CP-quan-hieu-cap-hieu-phu-hieu-trang-phuc-Quan-doi-nhan-dan-Viet-Nam-317345 || Luat-quan-nhan-chuyen-nghiep-cong-nhan-vien-chuc-quoc-phong-2015-298377,5|2|2|1|0,5|3|3|4|1,5|5|3|5|5
110684,Chương trình đào tạo luật sư phục vụ hội nhập quốc tế được giảng dạy theo những phương pháp nào?,DIRECT_REF,20,INSTRUMENT,0.7843915343915344,17,0.6484375,2.425264358520508,1,191651,225673,84161|260234|5538|291283|225673,84161|5538|260234|225673|291283,84161|5538|191651|291283|260234,5538|191651|84161|66159|131173,Quyet-dinh-1711-QD-BTP-2021-Chuong-trinh-khung-dao-tao-luat-su-phuc-vu-hoi-nhap-quoc-te-494524 || Quyet-dinh-2521-QD-BTP-2022-Chuong-trinh-khung-dao-tao-chung-nghiep-vu-thi-hanh-an-dan-su-548676 || Quyet-dinh-421-QD-BNV-2022-Chuong-trinh-boi-duong-cong-chuc-ngach-chuyen-vien-chinh-516108 || Thong-tu-54-2021-TT-BCA-cong-tac-thoa-thuan-quoc-te-trong-Cong-an-nhan-dan-478730 || Nghi-dinh-113-2014-ND-CP-quan-ly-hop-tac-quoc-te-phap-luat-258739,6|2|2|1|1,6|2|2|2|1,6|4|2|2|1
50114,Hồ sơ cấp đổi giấy phép của cơ sở sản xuất tàu bay không người lái khi thay đổi thông tin trên giấy phép cần những gì?,PROCEDURE,27,NEGATION|HYPOTHETICAL,0.7843915343915344,18,0.828125,3.3782074451446533,1,232314,178833,276613|249287|178833|132545|15628,276613|249287|178833|132545|15628,276613|249287|132545|232314|15628,276613|216174|232314|129113|113211,Thong-tu-35-2017-TT-BQP-tieu-chuan-du-dieu-kien-bay-thu-tuc-cap-giay-phep-thiet-ke-san-xuat-tau-bay- || Nghi-dinh-142-2020-ND-CP-tien-hanh-hoat-dong-dich-vu-ho-tro-ung-dung-nang-luong-nguyen-tu-459070 ||  || Nghi-dinh-64-2022-ND-CP-sua-doi-Nghi-dinh-kinh-doanh-linh-vuc-hang-khong-dan-dung-529597 || Thong-tu-19-2017-TT-BGTVT-quy-dinh-ve-quan-ly-va-bao-dam-hoat-dong-bay-330393,6|2|3|1|1,6|4|3|2|3,6|5|4|5|5
165680,Xuất nhập khẩu là gì?,DEFINITION,5,,0.7833333333333333,19,0.400390625,2.1194381713867188,0,,,220365|253656|6436|200953|240883,220365|253656|200953|240883|6436,220365|253656|200953|240883|6436,236422|96409|220365|240883|200953,Luat-Thuong-mai-2005-36-2005-QH11-2633 || Luat-Hai-quan-2014-238637 || Thong-tu-37-2022-TT-BCT-Quy-tac-xuat-xu-hang-hoa-Hiep-dinh-Doi-tac-kinh-te-ASEAN-Nhat-Ban-549088 || Thong-tu-12-2019-TT-BCT-xuat-xu-hang-hoa-trong-Hiep-dinh-khung-ve-hop-tac-kinh-te-toan-dien-420674 || Thong-tu-02-2021-TT-BCT-Quy-tac-xuat-xu-hang-hoa-Hiep-dinh-Thuong-mai-tu-do-Anh-va-Bac-Ai-len-477687,5|5|1|0|1,5|5|5|2|5,5|5|5|5|5
76050,Nộp đơn khởi kiện dân sự có cần công chứng giấy tờ không?,GENERAL_SEMANTIC,13,NEGATION,0.7833333333333333,18,0.2890625,0.4770335853099823,1,14689|132797,187506|81598,46918|160120|102434|187506|81598,102434|46918|160120|132797|187506,102434|46918|14689|160120|132797,14689|102434|95879|132797|210291,Bo-luat-to-tung-hinh-su-2015-296884 || Bo-luat-to-tung-dan-su-2015-296861 || Nghi-quyet-04-2017-NQ-HDTP-huong-dan-tra-lai-don-khoi-kien-quyen-nop-don-khoi-kien-lai-vu-an-318438 || Luat-to-tung-hanh-chinh-2015-298372 || Bo-luat-Dan-su-2005-33-2005-QH11-2463,2|5|0|3|0,5|5|3|4|1,5|5|3|5|3
82962,Tài liệu lưu trữ của Tổng cục Thể dục thể thao được bảo quản theo nguyên tắc nào?,GENERAL_SEMANTIC,18,,0.7833333333333333,18,0.15625,2.687716007232666,1,267197|255465,140681|52552,104718|43627|223362|140681|52552,223362|104718|43627|255465|140681,104718|223362|43627|267197|255465,223362|221756|115259|267197|104718,Quyet-dinh-128-QD-TCTDTT-2015-Quy-che-cong-tac-van-thu-luu-tru-cua-Tong-cuc-The-duc-the-thao-279862 || Thong-tu-02-2019-TT-BNV-tieu-chuan-du-lieu-thong-tin-dau-vao-406241 || Quyet-dinh-519-QD-TCTDTT-quy-dinh-chuc-nang-nhiem-vu-quyen-han-va-co-cau-to-chuc-cua-Van-phong-Tong- || Quyet-dinh-1139-QD-BHXH-nam-2013-Quy-dinh-cong-tac-luu-tru-Bao-hiem-xa-hoi-Viet-Nam-213547 || Luat-luu-tru-2011-132447,6|1|2|3|3,6|2|2|3|5,6|5|5|4|5
126942,Bay kiểm tra được phân loại gồm những hình thức nào?,GENERAL_SEMANTIC,11,,0.7828042328042328,17,0.0078125,3.2128238677978516,1,112250,194788,15628|157128|73464|96750|194788,15628|157128|96750|73464|112250,15628|157128|96750|73464|112250,15628|25241|112250|240806|96750,Thong-tu-19-2017-TT-BGTVT-quy-dinh-ve-quan-ly-va-bao-dam-hoat-dong-bay-330393 || Thong-tu-28-2018-TT-BTNMT-quy-dinh-ky-thuat-cong-tac-bay-do-tu-trong-dieu-tra-dia-chat-khoang-san-40 || Nghi-dinh-89-2018-ND-CP-huong-dan-Luat-phong-chong-benh-truyen-nhiem-ve-kiem-dich-y-te-bien-gioi-363 || Nghi-dinh-125-2015-ND-CP-quan-ly-hoat-dong-bay-297529 || Thong-tu-69-2020-TT-BCA-kiem-tra-cong-tac-bao-ve-moi-truong-trong-Cong-an-nhan-dan-446246,5|3|1|2|1,6|4|3|2|2,6|5|5|3|3
132332,Nơi tiếp nhận phạt nguội,GENERAL_SEMANTIC,5,,0.7825396825396825,18,0.0234375,2.4876186847686768,0,,,17545|219419|138907|50553|263253,17545|219419|138907|50553|263253,17545|219419|138907|50553|263253,292790|232550|263253|208373|50885,Luat-xu-ly-vi-pham-hanh-chinh-2012-142766 || Nghi-dinh-118-2021-ND-CP-huong-dan-Luat-Xu-ly-vi-pham-hanh-chinh-477969 || Thong-tu-153-2013-TT-BTC-thu-tuc-thu-nop-tien-phat-bien-lai-thu-tien-phat-VPHC-212736 || Thong-tu-78-2016-TT-BQP-quy-trinh-xu-ly-vi-pham-hanh-chinh-Bo-doi-Bien-phong-315899 || Thong-tu-18-2023-TT-BTC-thu-nop-tien-phat-bu-tru-so-tien-nop-phat-vi-pham-hanh-chinh-chenh-lech-5603,4|4|3|2|3,4|4|3|4|3,5|5|4|5|4
130158,Cơ sở vật chất và trang thiết bị khi tổ chức thi đấu môn Cầu lông được chuẩn bị như thế nào?,GENERAL_SEMANTIC,22,HYPOTHETICAL,0.7817460317460317,17,1.25,3.2595694065093994,1,37876,5822,172921|143198|46426|5822|94069,172921|46426|94069|143198|37876,172921|37876|46426|94069|143198,172921|37876|195898|94069|125935,Thong-tu-09-2017-TT-BVHTTDL-co-so-vat-chat-trang-thiet-bi-va-tap-huan-nhan-vien-mon-Cau-long-374929 || Thong-tu-19-2018-TT-BVHTTDL-co-so-vat-chat-tap-huan-nhan-vien-chuyen-mon-mon-Quan-vot-381628 || Thong-tu-32-2018-TT-BVHTTDL-co-so-vat-chat-tap-huan-nhan-vien-mon-Bong-ro-398624 || Thong-tu-27-2018-TT-BVHTTDL-quy-dinh-ve-co-so-vat-chat-trang-thiet-bi-doi-voi-mon-Bong-nem-396835 || Quyet-dinh-1154-QD-UBTDTT-ap-dung-Luat-Cau-long-Quoc-te-106217,5|1|4|3|2,5|3|5|4|4,6|4|5|5|6
53784,Việc thu hồi nợ bảo lãnh được tiến hành trong trường hợp nào?,PROCEDURE,13,HYPOTHETICAL,0.780952380952381,16,0.51171875,2.092581033706665,1,67945,279056,53758|44959|113815|279056|5259,53758|44959|113815|5259|279056,53758|44959|113815|5259|67945,69594|67945|5259|53758|237356,Thong-tu-57-2019-TT-BTC-huong-dan-co-che-xu-ly-rui-ro-cua-Quy-bao-lanh-tin-dung-389798 || Thong-tu-37-2013-TT-NHNN-huong-dan-quan-ly-ngoai-hoi-vay-ra-nuoc-ngoai-thu-hoi-no-bao-lanh-218265 || Nghi-dinh-34-2018-ND-CP-to-chuc-hoat-dong-Quy-bao-lanh-tin-dung-cho-doanh-nghiep-nho-va-vua-378399 || Nghi-dinh-91-2018-ND-CP-cap-va-quan-ly-bao-lanh-Chinh-phu-373523 || Luat-Dat-dai-2003-13-2003-QH11-51685,2|4|4|4|2,2|5|5|4|2,5|5|5|4|5
34292,Thẩm quyền cấp phép xây dựng tường rào ở khu đô thị quy định như thế nào?,PROCEDURE,17,,0.7806878306878307,17,0.03515625,2.3056039810180664,0,,,161034|89392|134578|238573|249062,89392|161034|238573|134578|249062,89392|161034|134578|238573|249062,79989|89392|125662|161080|276545,Luat-Xay-dung-2014-238644 || Quyet-dinh-05-2022-QD-UBND-phan-cap-cap-giay-phep-xay-dung-quan-ly-trat-tu-xay-dung-Ha-Nam-509657 || Quyet-dinh-39-2021-QD-UBND-noi-dung-ve-quan-ly-du-an-dau-tu-xay-dung-cong-trinh-tinh-Lao-Cai-484284 || Quyet-dinh-26-2016-QD-UBND-cap-giay-phep-xay-dung-trinh-tu-xu-ly-xac-nhan-so-huu-nha-o-Hai-Duong-328 || Quyet-dinh-07-2022-QD-UBND-cap-giay-phep-xay-dung-Thanh-pho-Ha-Noi-500703,4|5|2|2|1,5|5|5|5|5,5|5|5|5|5
6264,"Người tham gia thanh tra, kiểm tra cần đáp ứng những điều kiện nào?",CONDITION,14,,0.7806878306878307,15,0.044921875,4.774230003356934,1,37407|274387,72305|236481,36873|42541|136938|72305|236481,36873|42541|136938|37407|56081,36873|37407|42541|274387|136938,274387|37407|189946|1992|56081, ||  || Nghi-dinh-43-2023-ND-CP-huong-dan-Luat-Thanh-tra-555032 ||  || Thong-tu-06-2021-TT-TTCP-hoat-dong-Doan-thanh-tra-trinh-tu-tien-hanh-mot-cuoc-thanh-tra-490930,3|0|3|0|4,5|2|5|0|4,5|3|5|1|5
121026,Trình tự cấp giấy chứng nhận đăng ký quyền liên quan được thực hiện như thế nào?,PROCEDURE,17,,0.7788359788359789,16,1.279296875,3.507176399230957,1,78241,67945,115962|222904|56368|59149|67945,115962|222904|56368|78241|59149,115962|222904|56368|78241|59149,78241|115962|108356|222904|56368,Nghi-dinh-17-2023-ND-CP-huong-dan-Luat-So-huu-tri-tue-ve-quyen-tac-gia-quyen-lien-quan-565147 || Luat-So-huu-tri-tue-2005-50-2005-QH11-7022 || Nghi-dinh-22-2018-ND-CP-huong-dan-Luat-So-huu-tri-tue-sua-doi-ve-quyen-tac-gia-quyen-lien-quan-35177 || Luat-So-huu-tri-tue-sua-doi-2022-458435 || Nghi-dinh-181-2004-ND-CP-thi-hanh-Luat-Dat-dai-52514,2|4|2|2|3,4|5|5|2|3,5|5|6|3|3
152148,Truy cứu trách nhiệm hình sự đối với hành vi cá độ bóng đá không?,SANCTION,15,NEGATION,0.7788359788359789,15,0.24609375,1.5671333074569702,1,98892,238762,245154|43981|8824|9768|238762,8824|245154|43981|9768|238762,8824|245154|43981|9768|98892,8824|28544|44529|98892|163694,Nghi-dinh-137-2021-ND-CP-xu-phat-vi-pham-hanh-chinh-kinh-doanh-dat-cuoc-tro-choi-co-thuong-499525 || Bo-luat-hinh-su-2015-296661 || Luat-sua-doi-Bo-luat-Hinh-su-2017-354053 || Nghi-dinh-06-2017-ND-CP-kinh-doanh-dat-cuoc-dua-ngua-dua-cho-bong-da-quoc-te-338399 || Nghi-dinh-144-2021-ND-CP-xu-phat-vi-pham-hanh-chinh-linh-vuc-an-ninh-an-toan-xa-hoi-425471,2|2|2|2|4,4|5|2|4|5,6|5|5|6|5
124182,Bồi dưỡng cán bộ trong các cơ quan nhà nước theo phương pháp nào?,GENERAL_SEMANTIC,14,,0.7780423280423281,16,0.146484375,2.411761999130249,1,102089,24740,278944|146353|236416|24740|220359,278944|146353|220359|236416|24740,146353|278944|220359|236416|102089,220359|146353|222645|47375|278944,Thong-tu-03-2023-TT-BNV-huong-dan-Nghi-dinh-101-2017-ND-CP-dao-tao-can-bo-cong-chuc-565212 || Nghi-dinh-101-2017-ND-CP-dao-tao-boi-duong-can-bo-cong-chuc-vien-chuc-319214 || Luat-can-bo-cong-chuc-2008-22-2008-QH12-82202 || Thong-tu-42-2023-TT-BTC-co-che-tai-chinh-thuc-hien-boi-duong-can-bo-lanh-dao-bang-ngan-sach-569463 || Thong-tu-10-2017-TT-BNV-quy-dinh-danh-gia-chat-luong-boi-duong-can-bo-cong-chuc-vien-chuc-372270,2|5|2|2|2,2|5|2|2|3,3|5|4|2|5
124588,"Thanh tra Dân số, Gia đình và Trẻ em ở Trung ương sẽ chịu sự chỉ đạo trực tiếp của những cơ quan nào?",PROCEDURE,24,,0.7780423280423281,18,0.33984375,3.4985461235046387,1,163273,260,52344|189352|22602|260|121575,52344|189352|22602|121575|260,52344|189352|121575|22602|163273,52344|300261|195962|131811|163273,Nghi-dinh-36-2006-ND-CP-to-chuc-hoat-dong-Thanh-tra-Dan-so-Gia-dinh-va-Tre-em-10857 || Quyet-dinh-17-2013-QD-TTg-chuc-nang-nhiem-vu-quyen-han-co-cau-to-Tong-cuc-Dan-so-175899 ||  || Nghi-dinh-50-2018-ND-CP-quy-dinh-chuc-nang-nhiem-vu-quyen-han-Thanh-tra-Chinh-phu-379269 || Quyet-dinh-77-2005-QD-BNV-Dieu-le-sua-doi-Hoi-Cuu-tro-tre-em-tan-tat-Viet-Nam-20960,6|3|2|1|0,6|4|3|2|1,6|4|3|5|1
150800,Mẫu sơ yếu lý lịch của người tham dự sát hạch kiểm định viên giáo dục đại học và cao đẳng sư phạm mới nhất hiện nay?,GENERAL_SEMANTIC,27,,0.7780423280423281,18,0.578125,3.0439305305480957,1,136441,117049,303988|96507|304167|240153|117049,303988|96507|304167|240153|117049,303988|96507|136441|304167|240153,303988|136441|246693|96507|153021,Thong-tu-14-2022-TT-BGDDT-kiem-dinh-vien-giao-duc-dai-hoc-va-cao-dang-su-pham-532454 ||  ||  ||  || Thong-tu-06-2023-TT-BNV-Quy-che-cap-nhat-du-lieu-Co-so-du-lieu-quoc-gia-can-bo-cong-chuc-565266,6|1|0|3|3,6|1|1|3|3,6|2|2|3|3
38550,Các khoản thu chi của Hội Cựu giáo chức Việt Nam gồm những khoản nào?,GENERAL_SEMANTIC,15,,0.7780423280423281,17,0.103515625,5.257965564727783,1,203532|167520,288611|25046,148910|16890|203597|288611|25046,148910|16890|203532|203597|288611,148910|16890|203532|167520|203597,68098|16756|232388|60889|29394,Quyet-dinh-61-2004-QD-BNV-phe-duyet-Dieu-le-Hoi-Cuu-giao-chuc-Viet-Nam-18767 || Nghi-dinh-150-2006-ND-CP-huong-dan-Phap-lenh-Cuu-chien-binh-15970 || Quyet-dinh-1016-QD-BNV-nam-2012-phe-duyet-Dieu-le-Hoi-Thong-ke-Viet-Nam-178265 || Quyet-dinh-680-QD-BNV-2021-phe-duyet-Dieu-le-sua-doi-Hoi-Luat-quoc-te-Viet-Nam-476108 || Phap-lenh-Cuu-chien-binh-Hoi-Cuu-chien-binh-Viet-Nam-2005-27-2005-PL-UBTVQH11-4483,6|3|2|1|2,6|4|2|1|3,6|4|3|4|3
62006,Tổ chức đánh giá độc lập về Hệ thống bảo đảm gỗ hợp pháp Việt Nam thực hiện đánh giá định kỳ bao nhiêu tháng một lần?,GENERAL_SEMANTIC,27,,0.7780423280423281,18,0.6015625,3.1115005016326904,0,,,297981|131817|72674|156443|225210,297981|131817|72674|225210|156443,297981|131817|72674|225210|156443,297981|286575|146353|139994|225210,Nghi-dinh-102-2020-ND-CP-quy-dinh-He-thong-bao-dam-go-hop-phap-Viet-Nam-451590 || Thong-tu-18-2019-TT-BKHCN-danh-gia-dich-vu-to-chuc-su-nghiep-cong-lap-linh-vuc-khoa-hoc-433950 || Thong-tu-33-2018-TT-BNNPTNT-kiem-ke-theo-doi-dien-bien-rung-402802 || Thong-tu-22-2022-TT-BKHDT-thuc-hien-Bo-tieu-chi-chat-luong-thong-ke-Nha-nuoc-den-2030-545260 || Thong-tu-28-2017-TT-BLDTBXH-he-thong-dam-bao-chat-luong-trong-co-so-giao-duc-nghe-nghiep-346976,6|3|1|3|1,6|3|2|3|5,6|3|3|4|5
99242,Bóng cười có bị cấm sản xuất tại Việt Nam không?,GENERAL_SEMANTIC,11,NEGATION,0.7777777777777778,17,0.0078125,1.2498114109039307,1,259205,126836,201003|126836|69484|7683|208872,69484|201003|7683|208872|126836,69484|208872|201003|7683|259205,101555|69484|259205|208872|220365,Nghi-dinh-98-2020-ND-CP-xu-phat-vi-pham-hanh-chinh-hoat-dong-san-xuat-buon-ban-hang-gia-406627 ||  || Luat-Quang-cao-2012-142541 || Thong-tu-28-2014-TT-BVHTTDL-quan-ly-hoat-dong-mua-ban-hang-hoa-quoc-te-267539 || Nghi-dinh-69-2018-ND-CP-huong-dan-Luat-Quan-ly-ngoai-thuong-382305,1|2|4|3|1,3|4|5|4|2,5|5|5|4|5
28706,Hút cần sa bị phạt bao nhiêu tiền? ,SANCTION,8,,0.7764550264550265,16,0.57421875,2.8961963653564453,1,125243,69484,98892|98167|107019|63930|69484,98167|107019|98892|63930|125243,98167|107019|98892|63930|125243,107019|98167|125243|43981|63930,Nghi-dinh-176-2013-ND-CP-quy-dinh-xu-phat-vi-pham-hanh-chinh-trong-linh-vuc-y-te-213917 || Nghi-dinh-117-2020-ND-CP-quy-dinh-xu-phat-vi-pham-hanh-chinh-trong-linh-vuc-y-te-398159 || Nghi-dinh-144-2021-ND-CP-xu-phat-vi-pham-hanh-chinh-linh-vuc-an-ninh-an-toan-xa-hoi-425471 || Nghi-dinh-167-2013-ND-CP-xu-phat-vi-pham-hanh-chinh-an-ninh-an-toan-xa-hoi-phong-chua-chay-213552 || Nghi-dinh-142-2017-ND-CP-quy-dinh-xu-phat-vi-pham-hanh-chinh-trong-linh-vuc-hang-hai-357272,3|3|5|3|2,5|3|5|5|2,5|4|5|5|3
165212,Cấu trúc giáo trình đào tạo của trường cao đẳng nghề được thiết kế như thế nào? ,GENERAL_SEMANTIC,17,,0.7751322751322751,16,0.19921875,3.3033015727996826,1,6069,234274,66847|299925|259297|66159|234274,66847|299925|259297|6069|66159,66847|299925|259297|6069|66159,66847|6069|299925|259297|234274,Thong-tu-03-2017-TT-BLDTBXH-ban-hanh-chuong-trinh-tham-dinh-giao-trinh-trinh-do-trung-cap-cao-dang-3 || Thong-tu-15-2021-TT-BLDTBXH-Dieu-le-truong-cao-dang-477997 || Thong-tu-31-2017-TT-BLDTBXH-dao-tao-trung-cap-cao-dang-thuong-xuyen-vua-lam-vua-hoc-348717 || Thong-tu-42-2015-TT-BLDTBXH-dao-tao-trinh-do-so-cap-297838 || Luat-Giao-duc-nghe-nghiep-2014-259733,5|4|2|3|2,5|4|2|4|5,6|5|4|5|5
76836,Văn bản yêu cầu giám định tư pháp trong tố tụng dân sự được quy định ra sao?,DIRECT_REF,18,INSTRUMENT,0.7751322751322751,16,0.232421875,2.7749600410461426,0,,,62582|35953|130549|34742|51941,62582|35953|130549|51941|34742,62582|35953|130549|51941|34742,35953|130549|62582|51941|73238,Luat-giam-dinh-tu-phap-2012-142764 || Luat-giam-dinh-tu-phap-sua-doi-so-56-2020-QH14-422707 || Thong-tu-12-2015-TT-BKHDT-quy-chuan-chuyen-mon-hoat-dong-giam-dinh-tu-phap-linh-vuc-ke-hoach-dau-tu- || Thong-tu-40-2022-TT-BTC-giam-dinh-tu-phap-linh-vuc-tai-chinh-521235 || Thong-tu-20-2022-TT-BNNPTNT-giam-dinh-tu-phap-linh-vuc-nong-nghiep-547740,6|2|1|0|2,6|3|3|4|3,6|5|4|5|5
23924,Nguyên tắc làm việc của Hội đồng xét tặng Giải thưởng Môi trường Việt Nam được quy định như thế nào?,GENERAL_SEMANTIC,21,,0.7743386243386243,17,0.4637451171875,3.6145784854888916,1,70249|62851,259174|235586,133571|259174|75775|283211|235586,133571|75775|283211|259174|70249,133571|283211|75775|70249|62851,283211|62851|127009|97603|75775,Thong-tu-62-2015-TT-BTNMT-Giai-thuong-Moi-truong-Viet-Nam-298952 || Quyet-dinh-38-2008-QD-BCT-Quy-che-xet-tang-Giai-thuong-Sang-tao-khoa-hoc-nu-nganh-Cong-thuong-79125 || Quyet-dinh-644-QD-BKHCN-to-chuc-hoat-dong-Hoi-dong-giai-thuong-Ta-Quang-Buu-2014-226448 || Thong-tu-15-2019-TT-BTNMT-to-chuc-Hoi-dong-tham-dinh-ho-so-cap-Giay-phep-tiep-can-nguon-gen-424047 || Quyet-dinh-2601-QD-BTNMT-2017-Quy-che-binh-xet-cong-bo-su-kien-nganh-tai-nguyen-moi-truong-366272,5|3|3|1|0,6|3|3|3|1,6|4|5|4|4
38928,Kế hoạch thực hiện quy hoạch gồm những nội dung nào? ,GENERAL_SEMANTIC,11,,0.7743386243386243,17,1.5068359375,3.368314266204834,1,66734,67945,258509|220947|242262|279492|67945,220947|242262|258509|279492|67945,258509|220947|242262|279492|66734,220947|242262|66734|141769|214505,Luat-quy-hoach-322935 || Nghi-dinh-44-2015-ND-CP-quy-hoach-xay-dung-273587 || Nghi-dinh-41-2019-ND-CP-huong-dan-tham-dinh-dieu-chinh-quy-hoach-phat-trien-nang-luong-nguyen-tu-414 || Nghi-dinh-37-2019-ND-CP-huong-dan-Luat-Quy-hoach-374745 || Thong-tu-04-2022-TT-BXD-ho-so-nhiem-vu-do-an-quy-hoach-xay-dung-lien-huyen-do-thi-535376,5|3|1|2|1,5|4|1|5|3,5|5|4|5|3
69752,Cán bộ công chức sau khi đi công tác nước ngoài có phải làm báo cáo kết quả chuyến đi cho cơ quan nhà nước có thẩm quyền không?,PROCEDURE,29,NEGATION|HYPOTHETICAL,0.774074074074074,17,0.9375,3.391906976699829,1,219167,62465,47247|53421|247734|62465|189473,47247|53421|189473|247734|62465,47247|53421|189473|247734|219167,189473|53421|236637|47247|229178,Quyet-dinh-14-2022-QD-UBND-Quy-che-quan-ly-can-bo-cong-chuc-di-nuoc-ngoai-Ho-Chi-Minh-511545 || Quyet-dinh-242-QD-VPCP-Quy-che-lam-viec-Van-phong-Chinh-phu-136812 || Quyet-dinh-02-QD-KSTT-quy-che-lam-viec-Cuc-Kiem-soat-thu-tuc-hanh-chinh-123147 || Nghi-dinh-39-2022-ND-CP-Quy-che-lam-viec-cua-Chinh-phu-518914 || Quyet-dinh-649a-QD-KTNN-Quy-che-quan-ly-hoat-dong-doi-ngoai-cua-Kiem-toan-Nha-nuoc-2016-309498,6|3|2|1|2,6|3|2|2|4,6|3|3|5|4
111334,"Quy định về đổi mới mô hình tổ chức cơ sở đảng ở cơ quan đảng, nhà nước như thế nào?",GENERAL_SEMANTIC,21,,0.7727513227513227,15,0.359375,3.6630284786224365,0,,,66112|102193|94717|171342|78507,66112|102193|94717|171342|289767,66112|102193|171342|94717|78507,66112|302205|232195|102193|94717,Nghi-quyet-21-NQ-TW-2022-tang-cuong-cung-co-xay-dung-to-chuc-co-so-dang-518923 || Dieu-le-Dang-Cong-san-Viet-Nam-nam-2011-151840 || Nghi-quyet-28-NQ-TW-2022-doi-moi-phuong-thuc-lanh-dao-cua-Dang-doi-voi-he-thong-chinh-tri-541364 || Huong-dan-59-HD-BTGTW-2022-boi-duong-nghiep-vu-cong-tac-Dang-cho-Bi-thu-chi-bo-518808 || Quy-dinh-29-QD-TW-thi-hanh-Dieu-le-Dang-2016-319797,4|5|3|3|2,4|5|4|4|5,5|5|4|4|5
120672,Lệ phí và phí là gì?,DEFINITION,6,,0.7727513227513227,18,0.8544921875,3.3998327255249023,0,,,17754|283304|120756|241574|130747,17754|120756|283304|241574|90853,17754|283304|120756|241574|130747,17754|101752|46918|120756|226123,Luat-phi-va-le-phi-2015-298376 || Nghi-quyet-09-2020-NQ-HDND-che-do-thu-nop-quan-ly-va-su-dung-cac-khoan-phi-le-phi-tinh-Vinh-Long-448 || Thong-tu-324-2016-TT-BTC-quy-dinh-He-thong-muc-luc-ngan-sach-nha-nuoc-298951 || Nghi-dinh-120-2016-ND-CP-huong-dan-Luat-phi-le-phi-320506 || Nghi-quyet-04-2018-NQ-HDTP-bieu-mau-trong-giai-quyet-viec-dan-su-393072,5|4|1|1|3,5|5|2|4|3,5|5|3|5|3
168090,Công trình hạ tầng kỹ thuật bao gồm những công trình nào?,GENERAL_SEMANTIC,12,,0.7724867724867726,16,1.089111328125,3.4653160572052,0,,,104132|189076|119884|42262|294152,104132|119884|189076|42262|294152,104132|189076|119884|42262|294152,238573|58863|104132|214505|119884,Nghi-dinh-06-2021-ND-CP-huong-dan-quan-ly-chat-luong-thi-cong-xay-dung-va-bao-tri-cong-trinh-xay-dun || Nghi-dinh-39-2010-ND-CP-quan-ly-khong-gian-xay-dung-ngam-do-thi-103946 || Nghi-dinh-72-2012-ND-CP-quan-ly-su-dung-chung-cong-trinh-ha-tang-ky-thuat-148204 || Nghi-dinh-15-2021-ND-CP-huong-dan-mot-so-noi-dung-quan-ly-du-an-dau-tu-xay-dung-466771 || Nghi-dinh-59-2015-ND-CP-quan-ly-du-an-dau-tu-xay-dung-278744,5|2|4|2|2,5|4|4|3|4,5|4|4|5|5
20658,Chứng thư thẩm định giá là gì?,DEFINITION,7,,0.7724867724867726,16,0.486328125,3.5765180587768555,1,265884,268313,301757|136213|231034|268313|220365,136213|301757|231034|220365|268313,136213|301757|265884|231034|220365,136213|265884|46790|129952|54063,Luat-gia-2012-142540 || Thong-tu-28-2015-TT-BTC-Tieu-chuan-tham-dinh-gia-Viet-Nam-so-05-06-07-269168 || Thong-tu-98-2020-TT-BTC-huong-dan-hoat-dong-va-quan-ly-quy-dau-tu-chung-khoan-461197 || Nghi-dinh-89-2013-ND-CP-huong-dan-Luat-gia-ve-tham-dinh-gia-203607 || Luat-Thuong-mai-2005-36-2005-QH11-2633,4|5|1|3|2,5|5|1|4|4,5|5|4|5|5
54978,Mức xử phạt không đăng ký biến động đất đai được quy định ra sao?,SANCTION,15,NEGATION,0.7724867724867726,16,0.1328125,2.6816394329071045,1,208373,122028,94754|305455|184038|186584|122028,94754|186584|305455|184038|122028,94754|186584|305455|184038|208373,94754|237914|186584|122159|17545,Nghi-dinh-91-2019-ND-CP-xu-phat-vi-pham-hanh-chinh-trong-linh-vuc-dat-dai-379364 || Nghi-dinh-122-2021-ND-CP-xu-phat-vi-pham-hanh-chinh-linh-vuc-ke-hoach-285024 || Luat-dat-dai-2013-215836 ||  || Nghi-dinh-03-2022-ND-CP-xu-phat-vi-pham-hanh-chinh-linh-vuc-phong-chong-thien-tai-500041,6|1|2|3|1,6|1|3|5|4,6|3|4|5|5
6268,"Chủ tịch Ủy ban nhân dân cấp tỉnh có quyền xử phạt doanh nghiệp quản lý, thanh lý tài sản hoạt động không đúng theo nội dung đăng ký không?",SANCTION,30,NEGATION,0.7722222222222221,17,0.18359375,2.31709623336792,1,137582,114608,186584|48223|293727|114608|125243,186584|293727|48223|114608|125243,186584|293727|48223|125243|137582,186584|293727|137582|174929|125585,Nghi-dinh-122-2021-ND-CP-xu-phat-vi-pham-hanh-chinh-linh-vuc-ke-hoach-285024 || Nghi-dinh-82-2020-ND-CP-xu-phat-hanh-chinh-linh-vuc-hon-nhan-thi-hanh-an-pha-san-doanh-nghiep-392611 || Nghi-dinh-63-2019-ND-CP-xu-phat-vi-pham-hanh-chinh-trong-linh-vuc-quan-ly-su-dung-tai-san-cong-41863 || Nghi-dinh-142-2017-ND-CP-quy-dinh-xu-phat-vi-pham-hanh-chinh-trong-linh-vuc-hang-hai-357272 || Nghi-dinh-36-2020-ND-CP-xu-phat-vi-pham-hanh-chinh-trong-linh-vuc-tai-nguyen-nuoc-va-khoang-san-4381,5|5|2|2|0,5|6|5|2|2,5|6|5|3|4
116124,Thời gian làm việc theo quy định của pháp luật ra sao?,DIRECT_REF,12,INSTRUMENT,0.7714285714285714,17,0.67578125,2.657297372817993,1,61202,302996,129823|143446|208105|222158|302996,129823|143446|208105|222158|118798,129823|208105|143446|222158|61202,61202|118798|146484|150679|208105,Bo-Luat-lao-dong-2019-333670 || Nghi-dinh-145-2020-ND-CP-huong-dan-Bo-luat-Lao-dong-ve-dieu-kien-lao-dong-quan-he-lao-dong-459400 || Bo-Luat-lao-dong-2012-142187 || Nghi-dinh-45-2013-ND-CP-huong-dan-Bo-luat-lao-dong-thoi-gio-lam-viec-nghi-ngoi-186885 || Quyet-dinh-188-QD-TCHQ-Quy-che-hoat-dong-cong-vu-Hai-quan-Viet-Nam-2017-339091,5|3|4|1|0,5|4|5|5|2,5|6|5|5|3
119762,Hồ sơ kiểm định xe hút bụi quét rác thuộc Bộ Quốc phòng được lưu trữ bao lâu?,PROCEDURE,18,,0.7714285714285714,18,0.296875,3.0948991775512695,1,167545,48773,72497|30469|117026|231867|48773,30469|72497|231867|117026|167545,30469|72497|231867|117026|167545,30469|220772|167545|231867|283380,Thong-tu-103-2021-TT-BQP-kiem-dinh-chat-luong-an-toan-ky-thuat-xe-may-chuyen-dung-483795 || Thong-tu-16-2021-TT-BGTVT-bao-ve-moi-truong-phuong-tien-giao-thong-co-gioi-duong-bo-484636 || Thong-tu-89-2015-TT-BGTVT-chat-luong-an-toan-xe-may-chuyen-dung-302468 || Thong-tu-85-2014-TT-BGTVT-ve-cai-tao-phuong-tien-giao-thong-co-gioi-duong-bo-264059 || Thong-tu-18-2019-TT-BGTVT-huong-dan-thuc-hien-Nghi-dinh-139-2018-ND-CP-415424,5|5|2|1|2,5|5|3|3|3,5|5|4|4|4
6296,Công chức được điều động trong nội bộ ngành Kiểm toán Nhà nước thì được hưởng những chế độ chính sách gì?,GENERAL_SEMANTIC,22,,0.7714285714285714,17,0.37109375,4.183320999145508,1,43779,289354,194936|292761|300362|75081|289354,194936|292761|300362|75081|177540,194936|292761|300362|43779|75081,194936|191960|157647|152406|154313,Quyet-dinh-436-QD-KTNN-nam-2014-dieu-dong-biet-phai-chuyen-vi-tri-cong-vien-chuc-Kiem-toan-nha-nuoc- || Quyet-dinh-400-QD-VKSTC-2021-Quy-che-bo-nhiem-bo-nhiem-lai-cong-chuc-nganh-Kiem-sat-496325 || Quyet-dinh-1280-QD-KTNN-2022-Quy-che-dao-tao-boi-duong-Kiem-toan-nha-nuoc-531255 || Nghi-dinh-140-2017-ND-CP-chinh-sach-thu-hut-tao-nguon-can-bo-tu-sinh-vien-tot-nghiep-xuat-sac-369422 || Quyet-dinh-1669-QD-KTNN-2017-hoat-dong-cua-Ban-Quan-ly-du-an-dau-tu-xay-dung-chuyen-nganh-367474,5|4|3|1|3,5|5|5|1|3,5|5|5|1|4
77098,Thân nhân người hiến xác được hưởng chế độ gì không? ,GENERAL_SEMANTIC,11,NEGATION,0.7703703703703704,16,0.28125,2.2534046173095703,1,1859,103601,48240|273647|156|6239|103601,48240|273647|156|6239|123816,48240|273647|156|6239|1859,48240|273647|1859|40539|81598,Thong-tu-104-2017-TT-BTC-quy-dinh-quan-ly-va-su-dung-kinh-phi-cho-nguoi-da-hien-bo-phan-xac-347227 || Luat-viec-hien-lay-ghep-mo-bo-phan-co-the-nguoi-va-hien-lay-xac-2006-75-2006-QH11-15868 || Nghi-dinh-131-2021-ND-CP-huong-dan-Phap-lenh-Uu-dai-nguoi-co-cong-voi-cach-mang-288920 || Phap-lenh-02-2020-UBTVQH14-uu-dai-nguoi-co-cong-voi-Cach-mang-460718 || Thong-tu-04-2021-TT-BLDTBXH-che-do-nguoi-duoc-dieu-dong-chua-chay-tham-gia-huan-luyen-485575,5|2|2|1|1,5|4|2|5|4,6|4|5|5|5
140826,Trường hợp cá nhân có hàng vi giả mạo chứng từ ngân hàng để chiếm đoạt tài sản thì có thực hiện nhận dạng rủi ro hoạt động không?,GENERAL_SEMANTIC,29,NEGATION,0.7698412698412699,16,0.5625,2.9109935760498047,1,56771,153658,177626|64777|168743|43981|153658,177626|168743|64777|43981|153658,177626|168743|64777|43981|56771,177626|56771|43981|299574|168743,Thong-tu-13-2018-TT-NHNN-kiem-soat-noi-bo-ngan-hang-thuong-mai-chi-nhanh-ngan-hang-nuoc-ngoai-341251 || Nghi-dinh-87-2019-ND-CP-sua-doi-Nghi-dinh-116-2013-ND-CP-huong-dan-Luat-Phong-chong-rua-tien-428571 || Luat-phong-chong-rua-tien-2012-142761 || Luat-sua-doi-Bo-luat-Hinh-su-2017-354053 || ,5|2|3|1|1,6|4|5|5|1,6|5|5|5|1
167586,Hệ quả khi vay tiền online nhưng không trả? Vay tiền online mà không trả bị phạt bao nhiêu tiền?,SANCTION,20,NEGATION|HYPOTHETICAL,0.7698412698412699,15,0.3203125,1.2335186004638672,1,237356|43981,74653|24778,105483|98892|245154|74653|24778,105483|98892|245154|74653|24778,105483|98892|245154|237356|43981,237356|105483|43981|98892|245154,Nghi-dinh-88-2019-ND-CP-xu-phat-vi-pham-hanh-chinh-trong-linh-vuc-tien-te-va-ngan-hang-428666 || Nghi-dinh-144-2021-ND-CP-xu-phat-vi-pham-hanh-chinh-linh-vuc-an-ninh-an-toan-xa-hoi-425471 || Bo-luat-hinh-su-2015-296661 || Thong-tu-39-2016-TT-NHNN-hoat-dong-cho-vay-cua-to-chuc-tin-dung-chi-nhanh-ngan-hang-nuoc-ngoai-33887 || Luat-sua-doi-Bo-luat-Hinh-su-2017-354053,5|3|2|0|0,5|5|5|0|1,5|5|5|5|2
73116,Chủ hộ kinh doanh chăn nuôi có quyền và nghĩa vụ như thế nào?,GENERAL_SEMANTIC,14,,0.7698412698412699,17,0.36328125,3.6352310180664062,1,72265,246580,200355|153173|129920|249551|246580,200355|153173|249551|129920|246580,200355|153173|129920|72265|249551,200355|72265|58883|153173|249551,Nghi-dinh-01-2021-ND-CP-dang-ky-doanh-nghiep-283247 || Luat-Chan-nuoi-2018-353242 || Luat-thu-y-2015-282384 || Luat-68-2020-QH14-cu-tru-435315 || Nghi-dinh-78-2015-ND-CP-dang-ky-doanh-nghiep-290547,5|5|2|2|2,5|5|4|2|5,5|6|5|2|5
148622,"Trong thời gian tạm ngừng hoạt động kinh doanh, cá nhân kinh doanh phải tuân thủ quy định nào?",GENERAL_SEMANTIC,19,,0.7695767195767196,15,0.20703125,2.8029885292053223,1,156358|161949,249551|200355,181088|21398|198374|249551|200355,21398|181088|198374|156358|249551,21398|181088|156358|198374|161949,21398|177345|156358|161949|276267,Luat-Doanh-nghiep-so-59-2020-QH14-427301 || Nghi-dinh-126-2020-ND-CP-huong-dan-Luat-Quan-ly-thue-455733 || Thong-tu-151-2014-TT-BTC-huong-dan-91-2014-ND-CP-sua-doi-bo-sung-Nghi-dinh-quy-dinh-thue-253864 || Luat-Doanh-nghiep-2014-259730 || Luat-quan-ly-thue-2019-387595,2|5|1|3|1,5|6|4|4|3,5|6|6|4|5
136600,Ai có quyền tổ chức bồi dưỡng nghiệp vụ cho Thư ký viên tại Tòa án quân sự trung ương?,GENERAL_SEMANTIC,20,,0.7687830687830688,16,0.109375,2.2982592582702637,1,67567,300362,211090|228160|14105|300362|278944,211090|14105|228160|278944|300362,211090|14105|228160|278944|67567,211090|278944|14105|152217|132098,Luat-to-chuc-Toa-an-nhan-dan-2014-259724 || Quyet-dinh-1718-QD-TANDTC-2017-tieu-chuan-chuyen-mon-nghiep-vu-thi-nang-ngach-Tham-tra-vien-368347 || Quyet-dinh-636-QD-TANDTC-2018-Quy-che-dao-tao-boi-duong-can-bo-cong-chuc-vien-chuc-Toa-an-382122 || Nghi-dinh-101-2017-ND-CP-dao-tao-boi-duong-can-bo-cong-chuc-vien-chuc-319214 || Quyet-dinh-303-QD-VKSTC-2020-Quy-che-dao-tao-boi-duong-cong-chuc-nganh-Kiem-sat-nhan-dan-451123,3|2|5|0|3,6|2|5|1|3,6|5|6|4|3
145816,Học sinh đánh nhau bị xử lý hình sự khi nào?,CONDITION,11,HYPOTHETICAL,0.7687830687830688,16,0.6171875,1.8020182847976685,1,106917|237914,22825|24778,43981|245154|22825|274028|24778,274028|245154|43981|22825|237914,43981|274028|245154|106917|237914,106917|274028|299287|263368|8854,Luat-sua-doi-Bo-luat-Hinh-su-2017-354053 || Nghi-quyet-huong-dan-ap-dung-cac-Dieu-141-142-143-144-145-146-va-147-cua-Bo-luat-Hinh-su-414764 || Bo-luat-hinh-su-2015-296661 || Thong-tu-08-TT-1988-huong-dan-khen-thuong-thi-hanh-ky-luat-hoc-sinh-113885 || Luat-67-2020-QH14-xu-ly-vi-pham-hanh-chinh-sua-doi-373520,2|2|5|0|0,5|4|5|0|2,5|5|5|3|3
3896,Chủ tịch Ủy ban nhân dân cấp huyện có quyền xử phạt doanh nghiệp cung cấp dịch vụ thư điện tử không báo cáo cơ quan có thẩm quyền về hệ thống lọc phần mềm độc hại không?,SANCTION,38,NEGATION,0.7687830687830688,16,0.255859375,2.4926838874816895,1,117994|152966,285475|122156,65293|125585|285475|122156|1679,65293|125585|1679|122156|285475,65293|125585|1679|117994|152966,65293|117994|229874|125585|152966,Nghi-dinh-15-2020-ND-CP-xu-phat-vi-pham-hanh-chinh-linh-vuc-buu-chinh-vien-thong-tan-so-vo-tuyen-die || Nghi-dinh-14-2022-ND-CP-sua-doi-Nghi-dinh-15-2020-ND-CP-xu-phat-hanh-chinh-buu-chinh-482325 ||  || Luat-an-toan-thong-tin-mang-2015-298365 || Nghi-dinh-99-2013-ND-CP-xu-phat-vi-pham-hanh-chinh-so-huu-cong-nghiep-205677,6|3|2|1|2,6|3|4|1|2,6|4|5|3|3
40410,Nguyên tắc công bố thông tin là gì?,DEFINITION,8,,0.7687830687830688,17,5.158203125,4.5466203689575195,1,70436,11790,19895|268313|24559|11790|126546,19895|268313|24559|126546|70436,19895|268313|24559|70436|126546,19895|268313|70436|24559|126546,Thong-tu-96-2020-TT-BTC-quy-dinh-cong-bo-thong-tin-tren-thi-truong-chung-khoan-459000 || Luat-Chung-khoan-nam-2019-399763 || Nghi-dinh-47-2021-ND-CP-huong-dan-Luat-Doanh-nghiep-470561 || Nghi-dinh-153-2020-ND-CP-chao-ban-giao-dich-trai-phieu-doanh-nghiep-tai-thi-truong-trong-nuoc-461187 || Nghi-dinh-163-2018-ND-CP-quy-dinh-ve-phat-hanh-trai-phieu-doanh-nghiep-365270,5|4|3|2|3,5|5|5|3|3,5|5|5|3|4
76898,Ai có quyền ra quyết định thanh tra ngành Xây dựng?,DIRECT_REF,11,INSTRUMENT,0.7687830687830688,16,0.333984375,2.6395962238311768,1,11418|79032|126048,55002|70259|193936,169688|55002|195962|70259|193936,169688|195962|55002|70259|193936,169688|11418|195962|79032|126048,169688|11418|219000|143057|89955,Nghi-dinh-26-2013-ND-CP-to-chuc-va-hoat-dong-cua-thanh-tra-nganh-Xay-dung-179589 || Nghi-dinh-216-2013-ND-CP-to-chuc-hoat-dong-thanh-tra-nganh-Ke-hoach-Dau-tu-217244 || Nghi-dinh-07-2012-ND-CP-co-quan-duoc-giao-thuc-hien-chuc-nang-thanh-tra-134598 || Thong-tu-128-2021-TT-BCA-quy-trinh-thanh-tra-chuyen-nganh-cua-Cong-an-nhan-dan-505456 || Thong-tu-lien-tich-06-2014-TTLT-BXD-BNV-chuc-nang-nhiem-vu-quyen-han-Thanh-tra-So-Xay-dung-230183,5|1|3|2|1,5|1|5|3|1,6|4|5|5|1
83056,Chủ doanh nghiệp tư nhân cung cấp thông tin khách hàng cho người khác khi chưa có sự đồng ý có bị xử lý không?,GENERAL_SEMANTIC,25,NEGATION|HYPOTHETICAL,0.7687830687830688,16,0.74609375,3.2756025791168213,1,117994,232521,65293|1679|21526|232521|69484,65293|1679|21526|69484|232521,65293|1679|69484|21526|117994,65293|69484|105483|34537|117994,Nghi-dinh-15-2020-ND-CP-xu-phat-vi-pham-hanh-chinh-linh-vuc-buu-chinh-vien-thong-tan-so-vo-tuyen-die ||  || Nghi-dinh-98-2020-ND-CP-xu-phat-vi-pham-hanh-chinh-hoat-dong-san-xuat-buon-ban-hang-gia-406627 || Luat-cong-nghe-thong-tin-2006-67-2006-QH11-12987 || Luat-an-toan-thong-tin-mang-2015-298365,5|2|3|2|1,6|3|3|5|3,6|6|5|5|3
1872,Thủ tục ra khỏi Hiệp hội Vận tải ôtô Việt Nam được quy định thế nào?,PROCEDURE,16,,0.7671957671957672,15,0.10009765625,3.1959497928619385,1,120448,69410,150938|204209|121588|4255|69410,4255|204209|150938|121588|69410,150938|4255|121588|204209|120448,4255|181387|113978|120448|253943,Quyet-dinh-58-2003-QD-BNV-phe-duyet-ban-Dieu-le-sua-doi-cua-Hiep-hoi-Van-tai-oto-Viet-Nam-17332 || Quyet-dinh-473-QD-BNV-2021-Dieu-le-sua-doi-Hiep-hoi-Trang-trai-va-Doanh-nghiep-nong-nghiep-470566 || Quyet-dinh-705-QD-BNV-2021-phe-duyet-Dieu-le-sua-doi-Hiep-hoi-Ban-hang-da-cap-Viet-Nam-476886 || Quyet-dinh-727-QD-BNV-2022-phe-duyet-Dieu-le-sua-doi-Hiep-hoi-Cau-ca-the-thao-Viet-Nam-530529 || Quyet-dinh-790-QD-BNV-2021-phe-duyet-Dieu-le-Hiep-hoi-Sang-tao-va-Ban-quyen-tac-gia-480175,3|3|2|5|2,3|4|4|5|4,6|5|5|5|5
103738,Nguyên tắc khen thưởng quy định như thế nào?,GENERAL_SEMANTIC,9,,0.7661375661375662,17,0.27734375,2.7317142486572266,0,,,293084|93252|39274|167368|295779,293084|93252|39274|167368|295779,293084|39274|93252|167368|295779,261914|119259|278909|295779|209839,Thong-tu-01-2018-TT-TANDTC-quy-dinh-cong-tac-thi-dua-khen-thuong-cua-Toa-an-nhan-dan-380862 || Thong-tu-21-2018-TT-BTNMT-cong-tac-thi-dua-khen-thuong-nganh-tai-nguyen-va-moi-truong-385469 || Thong-tu-07-2018-TT-BKHDT-huong-dan-cong-tac-thi-dua-khen-thuong-nganh-Ke-hoach-va-Dau-tu-404240 || Quyet-dinh-2418-QD-BHXH-2020-Quy-che-thi-dua-khen-thuong-cua-Bao-hiem-xa-hoi-Viet-Nam-460813 || Luat-Thi-dua-Khen-thuong-2003-15-2003-QH11-51686,5|3|3|1|1,5|5|4|4|1,5|5|5|5|4
22624,Có thể kiện người tung tin đồn thất thiệt về mình không?,GENERAL_SEMANTIC,12,NEGATION,0.7661375661375661,16,0.421875,1.3297920227050781,0,,,81598|46918|160120|19627|20226,81598|46918|160120|19627|20226,81598|46918|160120|20226|19627,14689|182256|183011|229874|160120,Bo-luat-dan-su-2015-296215 || Bo-luat-to-tung-dan-su-2015-296861 || Luat-to-tung-hanh-chinh-2015-298372 || Luat-To-cao-336713 || Luat-Bao-chi-2016-280645,3|3|4|1|3,4|5|4|3|4,5|5|5|5|5
103030,Mức lương cơ sở hiện nay là bao nhiêu?,GENERAL_SEMANTIC,9,,0.7658730158730159,17,1.8740234375,3.3973703384399414,0,,,41395|43443|174741|93496|284539,41395|174741|93496|43443|284539,41395|43443|174741|284539|93496,174741|41395|93496|284539|263931,Nghi-dinh-24-2023-ND-CP-muc-luong-co-so-can-bo-cong-vien-chuc-luc-luong-vu-trang-432518 || Nghi-dinh-38-2019-ND-CP-muc-luong-co-so-doi-voi-can-bo-cong-chuc-vien-chuc-va-luc-luong-vu-trang-403 || Thong-tu-78-2022-TT-BTC-du-toan-ngan-sach-Nha-nuoc-2023-547888 || Nghi-quyet-69-2022-QH15-du-toan-ngan-sach-nha-nuoc-2023-541860 || ,5|5|2|2|2,5|5|2|3|3,5|5|5|5|5
131670,"Người học ngành dược trình độ cao đẳng phải có khả năng học tập, nâng cao trình độ như thế nào?",GENERAL_SEMANTIC,21,,0.7658730158730158,16,0.65283203125,5.5601654052734375,0,,,215754|187016|180695|290366|76095,215754|187016|290366|76095|180695,215754|187016|290366|76095|180695,215754|9980|46291|161283|37894,Thong-tu-54-2018-TT-BLDTBXH-yeu-cau-ve-nang-luc-ma-nguoi-hoc-phai-dat-duoc-sau-khi-tot-nghiep-422061 || Thong-tu-lien-tich-27-2015-TTLT-BYT-BNV-ma-so-tieu-chuan-chuc-danh-nghe-nghiep-duoc-294703 || Thong-tu-12-2017-TT-BLDTBXH-kien-thuc-nang-luc-toi-thieu-nguoi-tot-nghiep-trung-cap-cao-dang-325039 || Thong-tu-52-2018-TT-BLDTBXH-yeu-cau-ve-nang-luc-ma-nguoi-hoc-phai-dat-duoc-sau-khi-tot-nghiep-422060 || Nghi-dinh-54-2017-ND-CP-huong-dan-Luat-duoc-321256,5|4|3|1|4,5|4|5|3|4,5|6|5|4|5
37318,Bảo quản và thời gian lưu mẫu lấy kiểm tra chất lượng rau quả tươi phải tuân thủ theo điều kiện gì?,CONDITION,22,CROSSREF,0.7653439153439153,16,0.32421875,3.694690227508545,1,280042,45498,38928|237238|19838|136914|45498,38928|237238|136914|19838|280042,38928|237238|136914|19838|280042,38928|237238|50850|136914|268972,Thong-tu-14-2011-TT-BYT-huong-dan-chung-lay-mau-thuc-pham-phuc-vu-thanh-tra-121408 ||  || Quyet-dinh-1246-QD-BYT-che-do-kiem-thuc-ba-buoc-luu-mau-thuc-an-kinh-doanh-dich-vu-an-uong-2017-3453 ||  || Thong-tu-46-2015-TT-BNNPTNT-chung-nhan-hop-quy-cong-bo-hop-quy-giong-cay-trong-298268,4|2|5|4|1,4|4|5|4|3,4|5|5|5|4
23676,Cục Giải quyết khiếu nại tố cáo và Thanh tra khu vực 1 có chức năng gì?,PROCEDURE,17,,0.7648148148148148,16,0.296875,4.222164154052734,1,16570|220784,176420|47078,285741|176420|300261|120950|47078,285741|176420|120950|16570|300261,285741|120950|300261|16570|220784,285741|16570|22602|52844|262884,Quyet-dinh-1215-QD-TTCP-2013-chuc-nang-nhiem-vu-Cuc-Giai-quyet-khieu-nai-191563 || Quyet-dinh-238-QD-QLCL-2014-Quy-che-lam-viec-Cuc-Quan-ly-Chat-luong-Nong-Lam-Thuy-san-236887 || Thong-tu-lien-tich-03-2014-TTLT-TTCP-BNV-chuc-nang-nhiem-vu-co-cau-Thanh-tra-tinh-huyen-thanh-pho-24 || Nghi-dinh-95-2020-ND-CP-thuc-hien-dau-thau-mua-sam-theo-Hiep-dinh-Doi-tac-xuyen-Thai-Binh-Duong-4511 || Thong-tu-53-2015-TT-BLDTBXH-quy-trinh-tiep-cong-dan-xu-ly-don-linh-vuc-quan-ly-nha-nuoc-298011,6|2|1|1|1,6|2|3|2|1,6|3|3|2|1
42386,Việc chuyển đổi vị trí công tác định kỳ đối với nhân viên thủ kho thuộc Bộ Quốc phòng thực hiện như thế nào?,GENERAL_SEMANTIC,24,,0.7648148148148148,17,0.890625,3.1258597373962402,0,,,52640|101144|277476|134621|16883,52640|101144|134621|277476|16883,52640|101144|134621|277476|16883,241299|101144|52640|279667|71659,Thong-tu-80-2021-TT-BQP-thoi-han-nguoi-co-chuc-vu-khong-duoc-thanh-lap-doanh-nghiep-481176 || Quyet-dinh-2085-QD-BTNMT-2021-vi-tri-cong-tac-doi-voi-cong-chuc-khong-giu-chuc-vu-lanh-dao-494845 || Quyet-dinh-908-QD-BXD-danh-muc-vi-tri-cong-tac-thoi-han-dinh-ky-chuyen-doi-vi-tri-cong-tac-cong-vien || Quyet-dinh-161-QD-VKSTC-2021-chuyen-doi-vi-tri-cong-tac-trong-nganh-Kiem-sat-nhan-dan-473657 || Quyet-dinh-2008-QD-TANDTC-2021-chuyen-doi-vi-tri-cong-tac-trong-Toa-an-nhan-dan-496727,5|3|3|1|2,5|4|5|5|4,5|5|5|5|5
91430,Trường hợp nào không xử phạt vi phạm hành chính?,SANCTION,10,NEGATION,0.7648148148148148,18,3.1025390625,4.124832630157471,0,,,17545|219419|32778|87086|69191,17545|32778|219419|87086|69191,17545|219419|87086|32778|69191,17545|161949|32778|69191|87086,Luat-xu-ly-vi-pham-hanh-chinh-2012-142766 || Nghi-dinh-118-2021-ND-CP-huong-dan-Luat-Xu-ly-vi-pham-hanh-chinh-477969 || Nghi-dinh-125-2020-ND-CP-xu-phat-vi-pham-hanh-chinh-ve-thue-hoa-don-455646 || Nghi-dinh-128-2020-ND-CP-xu-phat-vi-pham-hanh-chinh-trong-linh-vuc-hai-quan-426375 || Quyet-dinh-811-QD-KTNN-2023-thuc-hien-xu-phat-vi-pham-hanh-chinh-linh-vuc-kiem-toan-568754,5|4|1|3|3,5|5|3|5|4,6|5|4|5|4
77110,"Tiêu chuẩn xét tặng danh hiệu ""Lao động tiên tiến"" cho cán bộ công chức cần đáp ứng những gì?",CONDITION,20,INSTRUMENT,0.7634920634920634,17,0.51953125,3.2508420944213867,0,,,139064|11940|295779|252183|85834,139064|11940|295779|85834|252183,139064|295779|11940|85834|252183,85834|192255|139064|295779|11940,Quyet-dinh-1689-QD-TLD-2019-Quy-che-Khen-thuong-cua-to-chuc-Cong-doan-431195 || Luat-Thi-dua-Khen-thuong-2003-15-2003-QH11-51686 || Thong-tu-08-2019-TT-BLDTBXH-huong-dan-cong-tac-thi-dua-khen-thuong-nganh-Lao-dong-413052 || Luat-Thi-dua-Khen-thuong-2022-418232 || Thong-tu-04-2020-TT-BXD-huong-dan-cong-tac-thi-dua-khen-thuong-nganh-Xay-dung-461823,4|1|4|3|4,5|4|5|5|4,5|5|6|5|5
18778,Việc doanh nghiệp tạm ngưng hoạt động được quy định như thế nào?,GENERAL_SEMANTIC,13,,0.7632275132275133,16,0.44140625,3.2098448276519775,1,198374,154819,21398|69835|265035|200355|154819,21398|69835|265035|200355|154819,21398|69835|265035|200355|198374,21398|69835|265035|200355|198374,Luat-Doanh-nghiep-so-59-2020-QH14-427301 || Luat-Doanh-nghiep-2005-60-2005-QH11-7019 || Nghi-dinh-23-2022-ND-CP-thanh-lap-doanh-nghiep-do-Nha-nuoc-nam-giu-100-von-dieu-le-509241 || Nghi-dinh-01-2021-ND-CP-dang-ky-doanh-nghiep-283247 || Luat-Doanh-nghiep-2014-259730,5|3|2|2|4,5|4|4|5|5,5|5|4|5|5
5190,Chủ tịch Hội doanh nghiệp vừa và nhỏ Việt Đức có quyền hạn và nhiệm vụ như thế nào?,GENERAL_SEMANTIC,19,,0.7632275132275133,16,0.06640625,3.352252960205078,0,,,115130|187374|229046|299351|104343,115130|229046|299351|187374|104343,115130|229046|187374|299351|104343,68098|60889|162417|237260|108916,Quyet-dinh-53-2004-QD-BNV-phe-duyet-dieu-le-hoi-doanh-nghiep-nho-va-vua-Viet-Duc-18590 || Quyet-dinh-840-QD-BNV-2021-phe-duyet-Dieu-le-Hoi-Bao-ve-quyen-tac-pham-dien-anh-483281 || Quyet-dinh-975-QD-BKHDT-Quy-che-hoat-dong-Hoi-dong-khuyen-khich-phat-trien-126408 || Quyet-dinh-405-QD-BNV-2021-phe-duyet-Dieu-le-Hoi-Y-hoc-khan-cap-va-tham-hoa-Viet-Nam-468351 || ,3|5|3|2|1,5|5|4|3|2,5|5|6|3|4
118444,Báo Khoa học và Phát triển là cơ quan ngôn luận trực thuộc Bộ Khoa học và Công nghệ hiện nay đúng không?,GENERAL_SEMANTIC,23,NEGATION,0.7624338624338625,16,0.20703125,3.654752492904663,1,163187,46797,148956|282320|19627|46797|17623,148956|282320|19627|17623|46797,148956|282320|19627|163187|17623,148956|163187|19627|282320|263034,Quyet-dinh-20-2004-QD-BKHCN-Dieu-le-To-chuc-Hoat-dong-Bao-Khoa-hoc-Phat-trien-17860 || Quyet-dinh-2008-QD-BKHCN-2022-Quy-che-phat-ngon-va-cung-cap-thong-tin-cua-Bo-Khoa-hoc-544238 || Luat-Bao-chi-2016-280645 || Quyet-dinh-1100-QD-BKHCN-2020-tieu-chuan-chuc-danh-lanh-dao-quan-ly-447684 || Nghi-dinh-95-2017-ND-CP-chuc-nang-nhiem-vu-quyen-han-co-cau-to-chuc-Bo-Khoa-hoc-Cong-nghe-359166,5|4|2|1|1,6|6|3|4|4,6|6|6|4|5
117858,Hội đồng quản lý Quỹ bảo tồn di sản Huế làm việc theo chế độ gì? Nội dung cuộc họp Hội đồng quản lý Quỹ có phải ghi thành biên bản không?,GENERAL_SEMANTIC,32,NEGATION,0.7621693121693122,16,0.12890625,3.767998218536377,1,101100,119715,193104|286710|270919|6655|119715,193104|6655|286710|270919|119715,193104|6655|286710|270919|101100,6655|193104|3810|286710|137618,Nghi-dinh-84-2022-ND-CP-thanh-lap-Quy-che-hoat-dong-cua-Quy-bao-ton-di-san-Hue-533298 || Quyet-dinh-40-2010-QD-TTg-quy-che-mau-quan-ly-su-dung-Quy-phat-trien-dat-105463 || Quyet-dinh-1339-QD-BKHDT-2014-Dieu-le-to-chuc-hoat-dong-Quy-Phat-trien-doanh-nghiep-nho-vua-251440 || Quyet-dinh-47-2013-QD-TTg-thanh-lap-Quy-phong-chong-tac-hai-cua-thuoc-la-202654 || Quyet-dinh-145-QD-BNV-cap-giay-phep-thanh-lap-cong-nhan-Dieu-le-Quy-Tu-thien-Nga-Ba-Dong-Loc-101445,6|2|3|1|1,6|2|4|1|3,6|2|5|3|5
5274,Góp vốn vào hợp tác xã bằng quyền sử dụng đất có được hay không?,CONDITION,15,NEGATION,0.7621693121693122,16,0.4140625,2.457772970199585,0,,,287045|26286|132797|184038|67945,287045|26286|184038|132797|67945,287045|26286|184038|132797|67945,184038|305455|287045|141475|67945,Luat-hop-tac-xa-2012-23-2012-QH13-152716 || Nghi-dinh-193-2013-ND-CP-huong-dan-Luat-hop-tac-xa-216089 ||  || Bo-luat-Dan-su-2005-33-2005-QH11-2463 || Luat-Dat-dai-2003-13-2003-QH11-51685,2|2|2|5|3,6|5|5|5|5,6|6|6|6|5
81226,"Nguyên tắc hoạt động của Nhóm biên, phiên dịch của Tòa án nhân dân tối cao được quy định ra sao?",GENERAL_SEMANTIC,21,,0.7621693121693122,16,0.390625,2.6607766151428223,1,70182,183504,107942|80725|56793|179442|183504,107942|56793|80725|179442|104660,107942|179442|56793|70182|80725,107942|264845|56793|31283|104660,Quyet-dinh-162a-QD-TANDTC-2020-Quy-che-to-chuc-cua-Nhom-bien-dich-cua-Toa-an-nhan-dan-toi-cao-450493 || Quyet-dinh-458-QD-VKSTC-2019-hoat-dong-cua-Kiem-sat-vien-tham-gia-phien-toa-dan-su-so-tham-425634 || Thong-tu-03-2016-TT-TANDTC-quy-che-hoat-dong-Hoi-dong-thi-tuyen-chon-Tham-phan-so-trung-cao-cap-3026 || Quyet-dinh-222-QD-VKSTC-2020-Quy-che-to-chuc-va-hoat-dong-cua-Vien-kiem-sat-cap-cao-468669 || Quyet-dinh-16-QD-TANDTC-Quy-che-lam-viec-Ban-Thu-ky-Toa-an-nhan-dan-toi-cao-134936,6|1|2|1|2,6|1|4|3|4,6|3|4|3|5
15468,Hồ sơ khai quyết toán thuế TNDN đối với hãng vận tải nước ngoài gồm những gì?,PROCEDURE,17,,0.7613756613756615,14,0.2578125,3.4116384983062744,0,,,161949|160381|156358|150183|181088,160381|161949|156358|150183|181088,161949|160381|150183|156358|181088,160381|150183|195677|156358|13920,Luat-quan-ly-thue-2019-387595 || Thong-tu-80-2021-TT-BTC-huong-dan-Luat-Quan-ly-thue-Nghi-dinh-126-2020-ND-CP-466716 || Thong-tu-26-2015-TT-BTC-huong-dan-12-2015-ND-CP-thue-gia-tri-gia-tang-sua-doi-39-2014-TT-BTC-267174 || Thong-tu-151-2014-TT-BTC-huong-dan-91-2014-ND-CP-sua-doi-bo-sung-Nghi-dinh-quy-dinh-thue-253864 || Nghi-dinh-126-2020-ND-CP-huong-dan-Luat-Quan-ly-thue-455733,5|3|3|2|2,5|3|3|6|3,5|5|4|6|5
4756,"Tính thuế đối với HKD, CNKD nộp thuế theo phương pháp kê khai như thế nào?",GENERAL_SEMANTIC,16,,0.7613756613756614,15,0.0234375,3.5112180709838867,1,264280,222640,177345|161949|288898|105264|222640,177345|288898|161949|105264|264280,177345|288898|105264|161949|264280,177345|36677|181088|264280|288898,Thong-tu-40-2021-TT-BTC-huong-dan-thue-gia-tri-gia-tang-thue-thu-nhap-ca-nhan-477635 || Thong-tu-92-2015-TT-BTC-huong-dan-thue-gia-tri-gia-tang-thue-thu-nhap-ca-nhan-282089 || Nghi-dinh-218-2013-ND-CP-huong-dan-thi-hanh-Luat-thue-thu-nhap-doanh-nghiep-217811 || Luat-quan-ly-thue-2019-387595 || Luat-thue-thu-nhap-doanh-nghiep-2008-66935,5|3|3|4|1,6|3|5|5|4,6|3|5|5|5
118252,Trưởng đoàn thanh tra chuyên ngành cấp sở có quyền xử phạt tổ chức kinh doanh hoạt động thể thao không làm thủ tục cấp lại Giấy chứng nhận đủ điều kiện kinh doanh không?,SANCTION,35,NEGATION,0.7611111111111111,15,0.037109375,3.1566033363342285,0,,,102208|9129|229763|194359|36459,102208|229763|194359|9129|36459,102208|229763|9129|194359|36459,69484|102208|194359|219419|36459,Nghi-dinh-46-2019-ND-CP-quy-dinh-xu-phat-vi-pham-hanh-chinh-trong-linh-vuc-the-thao-415200 || Nghi-dinh-129-2021-ND-CP-sua-doi-Nghi-dinh-xu-phat-vi-pham-hanh-chinh-linh-vuc-du-lich-482326 || Nghi-dinh-38-2021-ND-CP-xu-phat-vi-pham-hanh-chinh-trong-linh-vuc-van-hoa-quang-cao-469165 || Nghi-dinh-131-2013-ND-CP-xu-phat-vi-pham-hanh-chinh-quyen-tac-gia-quyen-lien-quan-210029 || Nghi-dinh-125-2021-ND-CP-xu-phat-vi-pham-hanh-chinh-linh-vuc-binh-dang-gioi-482329,5|2|4|2|2,5|2|6|3|4,6|3|6|5|5
119084,Hồ sơ đăng ký người được bổ nhiệm chức việc gồm những gì?,PROCEDURE,13,,0.7611111111111111,17,0.43359375,3.1235952377319336,1,206108,115868,44802|199066|194238|219188|115868,44802|199066|194238|206108|219188,44802|206108|199066|194238|219188,44802|206108|16583|42498|58662,Luat-tin-nguong-ton-giao-2016-322934 || Nghi-dinh-162-2017-ND-CP-huong-dan-Luat-tin-nguong-ton-giao-353702 || Nghi-dinh-115-2020-ND-CP-tuyen-dung-su-dung-quan-ly-vien-chuc-453968 || Quyet-dinh-828-QD-BTNMT-2018-dieu-dong-luan-chuyen-cong-chuc-vien-chuc-lanh-dao-461761 || Quyet-dinh-2055-QD-BGDDT-2021-Quy-che-bo-nhiem-cong-chuc-vien-chuc-cua-Bo-Giao-duc-491981,2|1|5|4|1,2|2|5|4|2,4|2|5|6|5
30542,Các nhân sự khác tham gia vào đánh giá của tổ chức chứng nhận năng lực cá nhân được yêu cầu thế nào?,GENERAL_SEMANTIC,23,,0.7608465608465609,14,0.24609375,3.778820276260376,0,,,215923|141405|875|48722|103926,215923|875|141405|48722|103926,215923|875|48722|141405|103926,215923|48722|875|141405|208111, ||  ||  ||  || Thong-tu-129-2021-TT-BQP-Quy-trinh-quan-ly-chat-luong-dieu-tra-khao-sat-bom-min-vat-no-491064,5|3|3|4|2,6|6|4|5|2,6|6|4|5|5
33446,Chi phí hoạt động dịch vụ của Ngân hàng Hợp tác xã Việt Nam bao gồm những khoản chi nào?,GENERAL_SEMANTIC,20,,0.7605820105820107,16,0.3955078125,4.400850772857666,1,126202,129794,220480|170532|77667|180772|129794,77667|220480|170532|129794|126202,77667|220480|170532|126202|180772,77667|4085|126202|110406|220480,Thong-tu-19-2018-TT-BTC-huong-dan-ve-che-do-tai-chinh-doi-voi-Ngan-hang-Hop-tac-xa-Viet-Nam-364004 || Nghi-dinh-46-2021-ND-CP-che-do-quan-ly-tai-chinh-danh-gia-hieu-qua-Ngan-hang-Phat-trien-Viet-Nam-469 || Thong-tu-52-2022-TT-BTC-huong-dan-Nghi-dinh-45-2021-ND-CP-to-chuc-Quy-ho-tro-hop-tac-xa-526262 || Nghi-dinh-93-2017-ND-CP-che-do-tai-chinh-to-chuc-tin-dung-danh-gia-hieu-qua-dau-tu-von-nha-nuoc-3584 || Quyet-dinh-2234-QD-NHNN-Quy-che-quan-ly-tai-chinh-Ngan-hang-Nha-nuoc-106784,4|5|2|0|3,5|5|2|4|5,5|5|5|5|5
122514,Các chương trình hành động tiểu vùng chống sa mạc hóa tại các khu vực thuộc Châu Phi sẽ tập trung vào các vấn đề nào?,GENERAL_SEMANTIC,26,,0.7605820105820106,18,0.0390625,3.2055559158325195,1,70052|221801,279492|221925,204946|16548|3486|279492|221925,204946|16548|3486|279492|221925,204946|16548|70052|3486|221801,204946|82252|67321|226359|34869,Cong-uoc-Chong-sa-mac-hoa-136070 || Nghi-quyet-24-2021-QH15-chu-truong-dau-tu-Chuong-trinh-muc-tieu-quoc-gia-giam-ngheo-ben-vung-484262 || Quyet-dinh-911-QD-TTg-2022-De-an-bao-ve-moi-truong-hoat-dong-thuy-san-2021-2030-524085 || Nghi-dinh-66-2019-ND-CP-ve-bao-ton-va-su-dung-ben-vung-cac-vung-dat-ngap-nuoc-348641 || Thong-tu-03-2022-TT-BTC-su-dung-kinh-phi-su-nghiep-phat-trien-cong-tac-xa-hoi-2021-2030-501344,6|0|0|1|0,6|0|0|1|0,6|0|0|2|0
150990,"Chương trình ""Hỗ trợ phát triển giáo dục mầm non vùng khó khăn giai đoạn 2022 - 2030"" tập trung vào những ai?",GENERAL_SEMANTIC,22,,0.7605820105820106,16,0.81640625,3.082125663757324,1,101819|199759,5130|42327,149045|189268|44891|5130|42327,149045|189268|44891|5130|99956,149045|189268|44891|101819|199759,149045|104102|45001|172183|190928,Quyet-dinh-1609-QD-TTg-2022-Chuong-trinh-ho-tro-phat-trien-giao-duc-vung-kho-khan-547283 || Nghi-dinh-105-2020-ND-CP-quy-dinh-chinh-sach-phat-trien-giao-duc-mam-non-452005 || Quyet-dinh-1677-QD-TTg-2018-De-an-Phat-trien-Giao-duc-mam-non-2018-2025-401806 || Thong-tu-14-2022-TT-BTTTT-danh-muc-chat-luong-dich-vu-vien-thong-cong-ich-536121 || Luat-giao-duc-2019-367665,6|2|4|2|0,6|4|5|3|0,6|5|6|3|0
161268,Sau dấu chấm phẩy có viết hoa không?,GENERAL_SEMANTIC,8,NEGATION,0.7605820105820106,16,0.111328125,3.915759563446045,0,,,281957|240252|130857|142430|224467,281957|130857|240252|224467|142430,281957|130857|240252|142430|224467,281957|130857|224467|130251|15491,Quyet-dinh-3088-QD-CHK-Quy-che-xay-dung-va-quan-ly-van-ban-hanh-chinh-129751 || Quyet-dinh-4268-QD-BCT-Quy-dinh-the-thuc-ky-thuat-trinh-bay-va-mau-cac-loai-van-ban-nam-2013-199116 ||  || Quyet-dinh-1989-QD-BGDDT-2018-quy-dinh-chinh-ta-Chuong-trinh-sach-giao-khoa-giao-duc-pho-thong-44535 || Nghi-dinh-34-2016-ND-CP-quy-dinh-chi-tiet-bien-phap-thi-hanh-luat-ban-hanh-van-ban-quy-pham-phap-lua,4|5|3|1|3,6|6|3|2|4,6|6|4|4|5
84410,Điều kiện chuyển khẩu sau khi ly hôn thuận tình được quy định như thế nào?,CONDITION,16,HYPOTHETICAL,0.7605820105820106,16,0.46875,1.3351532220840454,1,46918,293796,220347|134404|293796|72265|204578,134404|220347|204578|72265|293796,134404|72265|204578|46918|220347,81598|46918|204578|98697|134404,Luat-Hon-nhan-va-gia-dinh-2014-238640 || Luat-68-2020-QH14-cu-tru-435315 ||  || Bo-luat-to-tung-dan-su-2015-296861 || Quyet-dinh-299-QD-BTP-thu-tuc-hanh-chinh-ban-hanh-moi-Ho-tich-co-quan-dang-ky-ho-tich-trong-nuoc-201,4|5|3|2|3,4|5|3|3|3,6|5|3|4|4
21742,Yêu cầu chung đối với chức danh âm thanh viên là gì?,DEFINITION,12,,0.7595238095238095,18,0.15234375,1.9966508150100708,1,268197|87251,284782|68843,111690|273520|284782|230594|68843,111690|273520|230594|284782|243366,111690|273520|230594|268197|87251,111690|273520|230594|268197|163187,Thong-tu-46-2017-TT-BTTTT-tieu-chuan-chuc-danh-am-thanh-vien-phat-thanh-vien-ky-thuat-dung-phim-3720 || Thong-tu-30-2020-TT-BTTTT-bo-nhiem-va-xep-luong-chuc-danh-vien-chuc-am-thanh-vien-phat-thanh-vien-45 || Thong-tu-29-2021-TT-BGTVT-huong-dan-quan-ly-khai-thac-cang-hang-khong-san-bay-496788 || Nghi-dinh-111-2017-ND-CP-quy-dinh-to-chuc-dao-tao-thuc-hanh-trong-dao-tao-khoi-nganh-suc-khoe-363410 || Thong-tu-23-2017-TT-BGDDT-thi-danh-gia-nang-luc-ngoai-ngu-theo-Khung-nang-luc-ngoai-ngu-6-bac-363395,5|5|1|1|1,5|5|2|1|1,5|5|2|2|1
32236,Bảng giá đất có được sử dụng làm căn cứ để tính giá trị quyền sử dụng đất để trả cho người tự nguyện trả lại đất cho Nhà nước hay không?,CONDITION,32,CROSSREF|NEGATION,0.7595238095238095,16,0.5859375,3.8524627685546875,0,,,184038|305455|119968|302127|250290,184038|119968|250290|305455|302127,184038|119968|305455|250290|302127,82956|250290|184142|91276|263804, || Quyet-dinh-37-2019-QD-UBND-quy-dinh-bang-gia-dat-ap-dung-tinh-Vinh-Long-nam-2020-2024-433182 || Luat-dat-dai-2013-215836 || Quyet-dinh-70-2019-QD-UBND-ban-hanh-Bang-gia-cac-loai-dat-tinh-An-Giang-434583 || Quyet-dinh-74-2019-QD-UBND-Bang-gia-dat-dinh-ky-5-nam-tinh-Long-An-435050,4|4|3|4|3,5|5|5|4|3,5|5|5|4|4
34214,Kỹ thuật viên đường bộ hạng 2 có nhiệm vụ như thế nào?,GENERAL_SEMANTIC,13,,0.7595238095238095,16,0.4296875,2.812063455581665,1,35641,37894,31662|252828|95695|37894|101158,31662|252828|95695|35641|101158,31662|252828|95695|35641|101158,31662|35641|95695|208337|252828,Thong-tu-47-2022-TT-BGTVT-ma-so-tieu-chuan-xep-luong-vien-chuc-nganh-ky-thuat-duong-bo-548501 || Thong-tu-136-2017-TT-BQP-danh-muc-tieu-chuan-bac-trinh-do-ky-nang-nghe-cong-nhan-quoc-phong-352433 || Thong-tu-46-2022-TT-BGTVT-ma-so-tieu-chuan-vien-chuc-nganh-quan-ly-du-an-duong-bo-548500 || Thong-tu-lien-tich-24-2014-TTLT-BKHCN-BNV-ma-so-tieu-chuan-chuc-danh-nghe-nghiep-vien-chuc-khoa-hoc- || Quyet-dinh-268-2000-QD-BGTVT-Tieu-chuan-chuc-trach-nhiem-vu-Dang-kiem-vien-phuong-tien-thuy-noi-dia-,5|4|3|1|2,5|5|5|4|4,5|5|5|5|5
41516,Trách nhiệm của chủ đầu tư dự án xây dựng nhà ở thương mại được quy định ra sao?,GENERAL_SEMANTIC,19,,0.7595238095238095,18,0.8095703125,5.657894611358643,0,,,6411|144551|287560|141634|282223,6411|144551|141634|287560|282223,6411|144551|287560|141634|282223,6411|144551|141634|282952|26956,Luat-Nha-o-2014-259721 ||  ||  || Nghi-dinh-99-2015-ND-CP-huong-dan-Luat-Nha-o-294439 || Thong-tu-19-2016-TT-BXD-huong-dan-99-2015-ND-CP-Luat-Nha-o-297607,5|5|1|2|1,5|5|4|5|2,5|5|6|5|6
7966,Các loại chế độ báo cáo cơ quan hành chính nhà nước? ,GENERAL_SEMANTIC,12,,0.7595238095238095,17,0.94775390625,3.9010825157165527,1,123331|156985|163259,76831|194423|97955,77008|109220|76831|194423|97955,77008|109220|76831|194423|97955,77008|109220|123331|156985|163259,77008|156985|163259|109220|123331,Nghi-dinh-09-2019-ND-CP-quy-dinh-ve-che-do-bao-cao-cua-co-quan-hanh-chinh-nha-nuoc-386322 || Thong-tu-16-2020-TT-BTC-quy-dinh-che-do-bao-cao-thuoc-pham-vi-quan-ly-Bo-Tai-chinh-440407 || Thong-tu-44-2019-TT-BGTVT-che-do-bao-cao-dinh-ky-thuoc-pham-vi-quan-ly-nha-nuoc-427924 || Thong-tu-14-2022-TT-BVHTTDL-che-do-bao-cao-va-quan-ly-He-thong-thong-tin-bao-cao-Bo-Van-hoa-545475 || Thong-tu-2682-2019-TT-BNG-quy-dinh-ve-che-do-bao-cao-thuoc-quan-ly-nha-nuoc-cua-Bo-Ngoai-giao-420311,6|3|1|1|0,6|4|3|2|2,6|4|4|4|3
143460,Điều kiện để tổ chức tín dụng được phép tiến hành hoạt động là gì?,DEFINITION,15,,0.7592592592592593,15,0.46875,2.2479751110076904,0,,,26667|48595|75796|19272|205156,26667|48595|75796|19272|205156,26667|48595|75796|19272|205156,26667|48595|302841|33891|173990,Luat-cac-to-chuc-tin-dung-2010-108079 || Thong-tu-30-2015-TT-NHNN-cap-Giay-phep-to-chuc-hoat-dong-cua-to-chuc-tin-dung-phi-ngan-hang-299233 || Thong-tu-40-2011-TT-NHNN-cap-Giay-phep-va-to-chuc-hoat-dong-ngan-hang-133060 || Thong-tu-36-2015-TT-NHNN-to-chuc-lai-to-chuc-tin-dung-300415 || Thong-tu-05-2023-TT-NHNN-sua-doi-Thong-tu-30-2015-TT-NHNN-571045,5|3|3|1|2,5|5|5|5|2,5|6|6|5|2
71456,Cơ quan nào có thẩm quyền thu phí sử dụng đường bộ theo quy định?,PROCEDURE,15,,0.7592592592592593,15,1.3095703125,3.6245319843292236,0,,,116269|204602|169350|103580|211839,116269|204602|169350|103580|211839,116269|204602|169350|103580|211839,241574|204602|116269|169350|71679,Thong-tu-70-2021-TT-BTC-che-do-thu-nop-mien-quan-ly-va-su-dung-phi-su-dung-duong-bo-484826 || Thong-tu-45-2021-TT-BGTVT-hoat-dong-tram-thu-phi-duong-bo-502706 || Quyet-dinh-19-2020-QD-TTg-thu-phi-dich-vu-su-dung-duong-bo-theo-hinh-thuc-dien-tu-khong-dung-445168 || Thong-tu-188-2016-TT-BTC-phi-sat-hach-lai-xe-le-phi-cap-giay-phep-lai-xe-dang-ky-cap-bien-xe-may-chu || Thong-tu-37-2023-TT-BTC-phi-sat-hach-lai-xe-le-phi-dang-ky-cap-bien-xe-may-chuyen-dung-550018,5|3|3|3|3,5|4|3|4|4,5|4|5|5|4
6208,Tủ điều khiển máy bơm nước chữa cháy là gì?,DEFINITION,10,,0.758994708994709,17,0.046875,2.3131308555603027,0,,,17391|248739|63057|93436|252163,17391|248739|63057|93436|252163,17391|248739|252163|63057|93436,17391|49455|234931|252163|93436, || Thong-tu-52-2019-TT-BCA-Quy-chuan-ky-thuat-quoc-gia-voi-He-thong-phong-chay-kho-chua-khi-dot-430573 ||  ||  || Nghi-dinh-79-2014-ND-CP-huong-dan-Luat-Phong-chua-chay-va-Luat-Phong-hua-chay-sua-doi-241914,5|4|1|4|3,5|4|3|4|3,5|4|4|5|4
36066,Cơ sở cho thuê nhà trọ có phải đăng ký kinh doanh không? ,PROCEDURE,13,NEGATION,0.7587301587301587,15,0.396484375,2.47265362739563,1,294191|122601,72265|223375,200355|249551|162736|72265|223375,200355|162736|249551|294191|122601,200355|162736|249551|294191|122601,122601|294191|6411|282223|144551,Nghi-dinh-01-2021-ND-CP-dang-ky-doanh-nghiep-283247 || Nghi-dinh-39-2007-ND-CP-ca-nhan-hoat-dong-thuong-mai-doc-lap-thuong-xuyen-khong-phai-dang-ky-kinh-do || Nghi-dinh-78-2015-ND-CP-dang-ky-doanh-nghiep-290547 || Quyet-dinh-08-2022-QD-TTg-chinh-sach-ho-tro-tien-thue-nha-cho-nguoi-lao-dong-o-tro-508275 || Luat-du-lich-2017-322936,3|2|5|2|0,5|2|5|2|2,5|4|5|2|3
29136,Người khiếu nại sẽ có những quyền và nghĩa vụ gì?,GENERAL_SEMANTIC,11,,0.7584656084656085,16,0.078125,4.242514610290527,0,,,104374|176929|102434|300749|46918,104374|176929|102434|300749|46918,104374|176929|102434|300749|46918,231102|176929|194863|46918|123409,Luat-khieu-nai-2011-132446 || Nghi-dinh-24-2018-ND-CP-giai-quyet-khieu-nai-to-cao-trong-linh-vuc-lao-dong-359065 || Bo-luat-to-tung-hinh-su-2015-296884 || Luat-to-tung-hanh-chinh-2010-115424 || Bo-luat-to-tung-dan-su-2015-296861,3|2|4|3|4,5|3|4|5|5,5|5|6|6|5
8242,"Phụ cấp trách nhiệm đối với cán bộ trực tiếp vận hành, bảo dưỡng máy phát nơtron NA-3C là bao nhiêu?",GENERAL_SEMANTIC,22,,0.7584656084656085,15,0.40625,2.111527919769287,1,71293,166505,107157|133897|56238|300341|166505,107157|133897|56238|300341|166505,107157|133897|56238|71293|300341,107157|133897|199003|228288|56238,Thong-tu-05-2005-TT-BNV-huong-dan-che-do-phu-cap-trach-nhiem-cong-viec-can-bo-cong-chuc-vien-chuc-52 || Quyet-dinh-5692-QD-TLD-2022-che-do-phu-cap-can-bo-cong-doan-cac-cap-546715 || Quyet-dinh-3226-QD-TLD-2021-ban-hanh-che-do-phu-cap-can-bo-cong-doan-493551 || Thong-tu-17-2015-TT-BLDTBXH-xay-dung-thang-luong-bang-luong-phu-cap-luong-chuyen-xep-luong-273586 || Thong-tu-17-2019-TT-BLDTBXH-xac-dinh-chi-phi-tien-luong-trong-gia-san-pham-dich-vu-cong-427753,4|5|2|2|2,4|5|3|4|3,4|5|5|5|4
15212,Chủ tịch Ủy ban nhân dân cấp xã có quyền xử phạt người nhập khẩu nguồn gen cây trồng gây hại đến sức khỏe con người không?,SANCTION,27,NEGATION,0.7576719576719577,15,0.14453125,1.6893211603164673,1,293254|165596,174929|36459,32643|174929|114608|45352|36459,32643|45352|114608|174929|36459,45352|32643|114608|293254|165596,65293|45352|107019|293254|32643,Nghi-dinh-115-2018-ND-CP-quy-dinh-xu-phat-vi-pham-hanh-chinh-ve-an-toan-thuc-pham-360333 || Nghi-dinh-96-2020-ND-CP-xu-phat-vi-pham-hanh-chinh-trong-quan-ly-bao-ve-bien-gioi-quoc-gia-450989 || Nghi-dinh-71-2019-ND-CP-xu-phat-vi-pham-hanh-chinh-trong-linh-vuc-hoa-chat-vat-lieu-no-cong-nghiep-4 || Nghi-dinh-14-2021-ND-CP-xu-phat-vi-pham-hanh-chinh-ve-chan-nuoi-466330 || Nghi-dinh-31-2016-ND-CP-xu-phat-vi-pham-hanh-chinh-linh-vuc-giong-cay-trong-bao-ve-thuc-vat-2016-310,1|1|2|2|1,2|2|2|2|1,6|5|3|2|3
33134,"Nếu công dân có hành vi gây rối trật tự tại trụ sở tiếp công dân, trụ sở ủy ban nhân dân nhiều lần trong năm thì xử lý như thế nào?",GENERAL_SEMANTIC,32,HYPOTHETICAL,0.7568783068783069,16,0.2265625,1.8090060949325562,1,102100,188357,40039|98892|125833|300123|188357,40039|125833|300123|98892|102100,40039|125833|300123|102100|98892,102100|221671|125833|300123|237710,Nghi-dinh-38-2005-ND-CP-bien-phap-bao-dam-trat-tu-cong-cong-52936 || Luat-tiep-cong-dan-2013-215839 || Quyet-dinh-308-QD-TANDTC-2020-Noi-quy-tiep-cong-dan-cua-Toa-an-nhan-dan-toi-cao-456514 || Quyet-dinh-249-QD-VKSTC-2020-Quy-dinh-quy-trinh-tiep-cong-dan-nganh-Kiem-sat-nhan-dan-447568 || Nghi-dinh-144-2021-ND-CP-xu-phat-vi-pham-hanh-chinh-linh-vuc-an-ninh-an-toan-xa-hoi-425471,5|2|4|1|2,5|3|5|1|3,5|5|5|3|5
48230,Doanh nghiệp đã giao kết hợp đồng bảo hiểm tài sản trên giá trị và phát sinh trường hợp bảo hiểm thì cần xử lý như thế nào?,GENERAL_SEMANTIC,28,,0.7566137566137566,17,0.80859375,2.619056224822998,1,88970,277391,91673|178057|120244|277391|238267,91673|178057|120244|238267|277391,91673|178057|120244|88970|238267,178057|91673|88970|114747|148391,Luat-Kinh-doanh-bao-hiem-2000-24-2000-QH10-47229 || Luat-Kinh-doanh-bao-hiem-2022-465916 || Nghi-dinh-21-2021-ND-CP-huong-dan-Bo-luat-Dan-su-bao-dam-thuc-hien-nghia-vu-468069 || Thong-tu-50-2022-TT-BTC-huong-dan-Nghi-dinh-119-2015-ND-CP-bao-hiem-bat-buoc-trong-dau-tu-526434 || Nghi-dinh-03-2021-ND-CP-bao-hiem-bat-buoc-trach-nhiem-dan-su-cua-chu-xe-co-gioi-401513,5|5|2|1|1,5|5|2|3|1,5|5|6|5|5
48378,"Trình tự, thủ tục bổ sung nghiệp vụ kinh doanh chứng khoán của công ty chứng khoán được thực hiện như thế nào?",PROCEDURE,23,,0.7566137566137566,16,0.3984375,1.8928239345550537,1,27971,33078,165780|268313|12716|33078|9199,165780|12716|268313|9199|33078,165780|12716|268313|9199|27971,165780|12716|86112|9199|200355,Nghi-dinh-155-2020-ND-CP-huong-dan-Luat-Chung-khoan-461323 || Quyet-dinh-01-QD-SGDVN-2022-Quy-che-thanh-vien-cua-So-Giao-dich-Chung-khoan-515940 || Luat-Chung-khoan-nam-2019-399763 || Thong-tu-01-2015-TT-BCT-thu-tuc-dang-ky-dau-nghiep-vu-kinh-doanh-dich-vu-giam-dinh-thuong-mai-263404 || Quyet-dinh-658-QD-UBCK-2014-Quy-che-huong-dan-su-dung-he-thong-co-so-du-lieu-quan-ly-cong-ty-chung-k,5|2|3|1|1,6|2|4|1|2,6|4|5|2|2
65154,Các công trình xây dựng phải được chấp thuận về quản lý độ cao khi có độ cao từ bao nhiêu mét trở lên?,GENERAL_SEMANTIC,24,HYPOTHETICAL,0.7566137566137566,17,2.9013671875,4.633317947387695,1,26956|198561,68156|75663,227296|304265|129351|68156|75663,227296|304265|129351|26956|68156,227296|129351|304265|26956|198561,227296|129351|198561|304265|26956,Nghi-dinh-32-2016-ND-CP-quan-ly-do-cao-chuong-ngai-vat-hang-khong-bao-ve-vung-troi-tai-Viet-Nam-3110 || Quyet-dinh-09-2021-QD-UBND-huong-dan-cap-giay-phep-xay-dung-tinh-Bac-Lieu-470062 || Quyet-dinh-49-2021-QD-UBND-mot-so-noi-dung-ve-cap-giay-phep-xay-dung-tinh-An-Giang-492969 || Quyet-dinh-38-2021-QD-UBND-cap-giay-phep-xay-dung-thanh-pho-Da-Nang-497968 || Quyet-dinh-07-2021-QD-UBND-huong-dan-ve-cap-giay-phep-xay-dung-tinh-Ninh-Thuan-467578,5|3|4|0|3,6|3|4|3|3,6|3|5|3|4
90024,Việc đánh số trang trong bài thi tốt nghiệp THPT được quy định ra sao?,GENERAL_SEMANTIC,15,,0.7566137566137566,15,0.5,2.28572678565979,1,285994|199946,115611|249088,279981|238680|120889|115611|249088,279981|238680|285994|120889|249088,279981|238680|285994|120889|199946,285994|209403|279981|199946|87251,Thong-tu-15-2020-TT-BGDDT-Quy-che-thi-tot-nghiep-trung-hoc-pho-thong-444173 || Thong-tu-05-2021-TT-BGDDT-sua-doi-Thong-tu-15-2020-TT-BGDDT-Quy-che-thi-tot-nghiep-trung-hoc-pho-tho ||  ||  || Thong-tu-56-2011-TT-BGDDT-Quy-che-thi-chon-hoc-sinh-gioi-cap-quoc-gia-132588,6|2|3|2|3,6|3|3|4|3,6|6|5|5|3
121272,Việc lập và điều chỉnh tăng giá điện được dựa trên những căn cứ nào?,GENERAL_SEMANTIC,15,CROSSREF,0.7555555555555555,17,0.0,3.551351308822632,1,217143,131639,148098|238125|236157|48456|131639,148098|238125|236157|48456|131639,148098|238125|236157|48456|217143,148098|270152|57792|238125|213187,Luat-Dien-Luc-2004-28-2004-QH11-18056 || Quyet-dinh-24-2017-QD-TTg-co-che-dieu-chinh-muc-gia-ban-le-dien-binh-quan-353584 || Quyet-dinh-28-2014-QD-TTg-co-cau-bieu-gia-ban-le-dien-225738 || Thong-tu-18-2020-TT-BCT-hop-dong-mua-ban-dien-mau-ap-dung-cho-du-an-dien-mat-troi-448189 || Thong-tu-02-2019-TT-BCT-phat-trien-du-an-dien-gio-Hop-dong-mua-ban-dien-mau-cho-du-an-dien-gio-40494,5|5|1|2|2,5|5|4|2|2,5|5|5|2|2
122546,Đặt tiền bảo lãnh phương tiện giao thông trong những trường hợp nào?,CONDITION,13,,0.7555555555555555,16,0.6484375,0.5490726828575134,1,217026|128684,231956|120244,177170|102434|81598|231956|120244,177170|102434|81598|231956|120244,177170|217026|102434|128684|81598,217026|128684|222640|296890|137481,Nghi-dinh-138-2021-ND-CP-bao-quan-tang-vat-phuong-tien-vi-pham-hanh-chinh-bi-tam-giu-tich-thu-487715 || Thong-tu-121-2020-TT-BTC-huong-dan-hoat-dong-cua-cong-ty-chung-khoan-453690 || Bo-luat-to-tung-hinh-su-2015-296884 || Luat-Quan-ly-su-dung-tai-san-cong-2017-322220 || Bo-luat-dan-su-2015-296215,5|1|2|0|3,5|1|3|1|5,5|1|5|1|5
149108,"Những sửa đổi, bổ sung về quỹ phát triển đất tại Dự thảo Nghị định Sửa đổi, bổ sung nghị định hướng dẫn Luật Đất đai so với Nghị định 43/2014/NĐ-CP?",DIRECT_REF,34,INSTRUMENT,0.7555555555555555,16,0.3125,2.4062047004699707,1,232835,80269,113741|184038|90572|257129|80269,113741|257129|184038|90572|232835,113741|184038|257129|90572|232835,134704|232835|184985|257129|113741,Nghi-dinh-43-2014-ND-CP-huong-dan-thi-hanh-Luat-Dat-dai-230680 ||  || Nghi-dinh-01-2017-ND-CP-sua-doi-nghi-dinh-huong-dan-Luat-dat-dai-337031 || Nghi-dinh-148-2020-ND-CP-sua-doi-mot-so-Nghi-dinh-huong-dan-Luat-Dat-dai-427504 || ,2|2|3|5|1,5|2|4|5|3,5|5|5|5|4
158912,Người tiếp công dân trong Bộ Quốc phòng có trách nhiệm gì khi tiếp công dân?,GENERAL_SEMANTIC,16,HYPOTHETICAL,0.7555555555555555,17,0.380859375,4.133763790130615,1,210291|112458,201584|108688,207913|125833|68324|201584|108688,207913|68324|125833|112458|210291,207913|68324|210291|112458|125833,210291|68324|112458|75838|207913,Thong-tu-166-2021-TT-BQP-tiep-cong-dan-trong-Bo-Quoc-phong-497783 || Quyet-dinh-378-QD-BHXH-2020-Quy-trinh-tiep-cong-dan-giai-quyet-khieu-nai-to-cao-kien-nghi-phan-anh-4 || Quyet-dinh-1800-QD-BVTV-2014-Noi-quy-Quy-che-tiep-cong-dan-giai-quyet-khieu-nai-to-cao-255210 || Quyet-dinh-972-QD-BHXH-noi-quy-tiep-cong-dan-2016-317020 || Luat-tiep-cong-dan-2013-215839,5|3|1|2|2,5|4|4|4|2,5|5|5|4|5
165418,Quảng cáo nước rửa tay diệt khuẩn 99% cần phải đảm bảo những thông tin gì?,GENERAL_SEMANTIC,16,,0.7555555555555555,16,0.1953125,1.7547913789749146,0,,,91466|126836|201003|140906|17575,126836|201003|17575|91466|140906,126836|201003|91466|17575|140906,126836|201003|17575|9129|140906,Van-ban-hop-nhat-47-VBHN-VPQH-2018-Luat-Quang-cao-407247 || Luat-Quang-cao-2012-142541 || Nghi-dinh-181-2013-ND-CP-huong-dan-Luat-quang-cao-213649 || Thong-tu-09-2015-TT-BYT-xac-nhan-noi-dung-quang-cao-san-pham-hang-hoa-dich-vu-quan-ly-cua-Bo-Y-te-27 || Quyet-dinh-4149-QD-BVHTTDL-2017-Quy-tac-ung-xu-hoat-dong-quang-cao-409614,2|2|5|3|2,3|5|5|3|2,5|5|5|6|5
61686,Cơ sở giáo dục khi thực hiện nhiệm vụ giáo dục thường xuyên thì có cần phải công khai danh sách báo cáo viên hay không?,GENERAL_SEMANTIC,26,NEGATION|HYPOTHETICAL,0.7555555555555555,17,0.21484375,2.7764534950256348,1,203945,20853,24740|298100|272847|199759|20853,24740|298100|272847|199759|20853,24740|298100|272847|199759|203945,24740|203945|128327|199759|178136,Thong-tu-19-2019-TT-BGDDT-boi-duong-giao-vien-can-bo-quan-ly-co-so-giao-duc-mam-non-429270 || Thong-tu-36-2017-TT-BGDDT-quy-che-cong-khai-co-so-giao-duc-thuoc-he-thong-giao-duc-quoc-dan-368000 || Thong-tu-11-2020-TT-BGDDT-dan-chu-trong-hoat-dong-cua-co-so-giao-duc-cong-lap-428580 || Luat-giao-duc-2019-367665 || Thong-tu-17-2022-TT-BGDDT-sua-doi-Thong-tu-19-2019-TT-BGDDT-boi-duong-giao-vien-mam-non-545169,4|4|4|1|0,5|5|5|5|2,5|5|5|5|3
70078,Khởi công xây dựng công trình cần những điều kiện gì? ,CONDITION,11,,0.7555555555555555,17,0.4453125,2.7849183082580566,1,300301|173779,281247|178412,89392|35296|281247|129351|178412,89392|35296|129351|281247|178412,89392|300301|35296|129351|173779,300301|173779|129351|125662|26306,Luat-Xay-dung-2014-238644 || Luat-Xay-dung-sua-doi-2020-so-62-2020-QH14-418229 || Van-ban-hop-nhat-02-VBHN-VPQH-2020-hop-nhat-Luat-Xay-dung-457471 || Quyet-dinh-09-2021-QD-UBND-huong-dan-cap-giay-phep-xay-dung-tinh-Bac-Lieu-470062 || Quyet-dinh-20-2020-QD-UBND-quy-dinh-quan-ly-cap-phep-xay-dung-tinh-Hoa-Binh-458014,5|0|4|1|1,5|1|5|4|2,5|3|5|5|2
132320,Đối tượng nào được tuyển thẳng vào lớp 10?,GENERAL_SEMANTIC,9,,0.755026455026455,13,0.9189453125,3.4910223484039307,1,292870,65567,11284|53366|104102|65567|260037,11284|104102|53366|260037|65567,11284|104102|53366|292870|260037,292870|249505|208078|260037|11284,Thong-tu-11-2014-TT-BGDDT-Quy-che-tuyen-sinh-trung-hoc-co-so-trung-hoc-pho-thong-227237 || Thong-tu-08-2022-TT-BGDDT-Quy-che-tuyen-sinh-dai-hoc-nganh-Giao-duc-Mam-non-510093 || Thong-tu-04-2023-TT-BGDDT-Quy-che-hoat-dong-cua-truong-pho-thong-dan-toc-noi-tru-556364 ||  || Quyet-dinh-773-QD-UBND-2022-huy-dong-tre-ra-lop-va-tuyen-sinh-2022-2023-Ho-Chi-Minh-508176,4|2|4|3|3,5|5|5|3|3,5|6|5|4|4
153304,Xã Phong Minh có nằm trong khu vực III thuộc vùng dân tộc và miền núi không?,GENERAL_SEMANTIC,17,NEGATION,0.755026455026455,16,2.6015625,3.702875852584839,0,,,63414|129018|210846|280203|193838,63414|129018|210846|193838|280203,63414|129018|193838|210846|280203,63414|129018|292875|239881|17095,Quyet-dinh-861-QD-TTg-2021-danh-sach-cac-xa-III-II-I-vung-dong-bao-dan-toc-thieu-so-mien-nui-476885 || Quyet-dinh-33-2020-QD-TTg-phan-dinh-vung-dong-bao-dan-toc-thieu-so-va-mien-nui-theo-trinh-do-phat-tr || Quyet-dinh-32-2019-QD-UBND-ban-hanh-Bang-gia-dat-tinh-Lang-Son-432134 || Quyet-dinh-45-2019-QD-UBND-bang-gia-dat-tinh-Lai-Chau-438136 || Quyet-dinh-80-2019-QD-UBND-Bang-gia-dat-tinh-Thua-Thien-Hue-ap-dung-2020-2024-432529,5|4|3|2|4,5|5|3|3|5,5|5|5|4|6
99898,Phụ cấp thâm niên vượt khung của viên chức loại A3 có dùng để tính đóng bảo hiểm xã hội không?,GENERAL_SEMANTIC,21,NEGATION,0.755026455026455,14,0.23583984375,2.4552435874938965,1,94749,101298,287601|166505|140693|49036|101298,287601|166505|49036|140693|94749,287601|166505|49036|94749|140693,287601|94749|215423|2309|263293,Thong-tu-04-2005-TT-BNV-huong-dan-thuc-hien-che-do-phu-cap-tham-niem-vuot-khung-can-bo-cong-chuc-vie ||  || Quyet-dinh-1966-QD-CHK-quy-che-nang-bac-luong-phu-cap-tham-nien-vuot-khung-cong-vien-chuc-lao-dong-2 || Nghi-dinh-77-2021-ND-CP-che-do-phu-cap-tham-nien-nha-giao-483182 || Thong-tu-33-2014-TT-BTC-phu-cap-tham-nien-phu-cap-uu-dai-nghe-du-tru-quoc-gia-Bo-Tai-chinh-224689,3|5|3|3|3,5|6|5|5|5,6|6|6|5|5
131518,Hoạt động thanh tra chuyên ngành thường xuyên về bảo vệ môi trường là các hoạt động nào?,GENERAL_SEMANTIC,18,,0.753968253968254,15,0.25,3.969059467315674,0,,,303096|299694|72305|195962|193936,303096|299694|72305|195962|193936,303096|299694|72305|195962|193936,303096|299694|131811|150017|99656,Nghi-dinh-08-2022-ND-CP-huong-dan-Luat-Bao-ve-moi-truong-479457 || Luat-so-72-2020-QH14-Bao-ve-moi-truong-2020-431147 || Luat-Thanh-tra-2022-544688 || Nghi-dinh-07-2012-ND-CP-co-quan-duoc-giao-thuc-hien-chuc-nang-thanh-tra-134598 || Luat-thanh-tra-2010-115311,4|4|4|3|3,4|5|5|4|5,4|5|5|5|5
39780,Giáo viên dạy giỏi cấp cơ sở trong Bộ quốc phòng phải có trình độ học vấn ra sao?,GENERAL_SEMANTIC,19,,0.753968253968254,16,0.22265625,3.678856611251831,1,127808,136564,97996|243366|152217|136564|66146,97996|243366|152217|66146|136564,97996|243366|152217|66146|127808,97996|139192|152217|66146|97607,Thong-tu-13-2022-TT-BQP-xet-cong-nhan-danh-hieu-Giang-vien-day-gioi-Bo-Quoc-phong-504843 || Thong-tu-201-2016-TT-BQP-danh-muc-tieu-chuan-ma-so-chuc-danh-nghe-nghiep-vien-chuc-quoc-phong-333968 || Nghi-dinh-13-2014-ND-CP-huong-dan-Luat-giao-duc-quoc-phong-an-ninh-221906 || Thong-tu-lien-tich-18-2015-TTLT-BGDDT-BLDTBXH-day-danh-gia-ket-qua-hoc-Giao-duc-quoc-phong-an-ninh-2 || Thong-tu-08-2017-TT-BLDTBXH-chuan-chuyen-mon-nghiep-vu-nha-giao-giao-duc-nghe-nghiep-324210,6|2|4|3|2,6|3|5|4|3,6|3|5|5|3
