qid,fold,gold_count,dense_best_rank,bm25_best_rank,union_recall_100,union_expanded_recall_100,all_golds_over_512,question
86666,fold_0,1,3,26,1.0,1.0,0,Thời hạn cấp đăng ký xe máy của người nước ngoài làm việc tại Việt Nam là bao lâu?
145746,fold_3,1,3,1,1.0,1.0,0,Để ban hành quyết định thanh tra chuyên ngành về đóng bảo hiểm xã hội cần thu thập thông tin như thế nào?
138580,fold_3,1,5,4,1.0,1.0,0,Kiểm toán tính hiệu lực khi thực hiện kiểm toán Chương trình mục tiêu Quốc gia có những sai sót và gian lận thường gặp nào?
5726,fold_1,1,19,51,1.0,1.0,0,"Năm 2023, người lao động có bao nhiêu ngày nghỉ lễ, tết?"
79386,fold_1,1,3,3,1.0,1.0,0,"Những tình tiết giảm nhẹ, tăng nặng mức kỷ luật đảng ra sao?"
61600,fold_1,1,1,>100,1.0,1.0,0,Tần suất thử nghiệm định kỳ các thông số chất lượng nước sạch sử dụng cho mục đích sinh hoạt nhóm A như thế nào?
46440,fold_1,1,62,9,1.0,1.0,0,Công chức cấp huyện được bổ nhiệm giữ chức vụ lãnh đạo cần đáp ứng yêu cầu gì về độ tuổi?
44926,fold_4,1,3,>100,1.0,1.0,0,Đối tượng nào được áp dụng quy định về hợp đồng đối với một số công việc lao động cơ quan nhà nước?
83864,fold_3,1,3,11,1.0,1.0,0,Người khiếu nại các hành vi của người tiến hành tố tụng có quyền và nghĩa vụ gì?
128440,fold_4,1,2,70,1.0,1.0,0,Tất cả các dự án do nhà đầu tư đề xuất được phê duyệt bắt buộc phải công bố thông tin theo quy định đúng không?
155554,fold_0,1,1,4,1.0,1.0,0,Trình tự xây dựng quy hoạch đất làm muối được pháp luật quy định như thế nào?
39562,fold_3,1,3,2,1.0,1.0,0,Ai có quyền cấp Giấy chứng nhận đăng ký chương trình dự án tài chính vi mô?
149166,fold_1,2,1,4,1.0,1.0,0,Lệ phí làm căn cước công dân
163928,fold_3,1,17,9,1.0,1.0,0,Việc bãi nhiệm đại biểu Quốc hội được thông qua khi nào?
161842,fold_1,1,5,>100,1.0,1.0,0,Sửa đổi hợp đồng lao động được quy định như thế nào?
30006,fold_0,1,2,3,1.0,1.0,0,Hồ sơ đề nghị thanh lý tài sản kết cấu hạ tầng cấp nước sạch cần những giấy tờ gì?
63126,fold_4,1,1,1,1.0,1.0,0,Tập thông báo tin tức hàng không được viết tắt như thế nào?
165188,fold_2,1,2,1,1.0,1.0,0,Trả thưởng biến đổi được Công ty Xổ số kiến thiết Thủ Đô áp dụng cho loại hình sản phẩm nào?
151910,fold_0,1,37,>100,1.0,1.0,0,Hạn chót nộp hồ sơ dự tuyển là khi nào? Nộp hồ sơ dự tuyển tại đâu?
5948,fold_2,1,14,20,1.0,1.0,0,Người chưa giải quyết xong tranh chấp đất đai có bị tạm hoãn xuất cảnh không?
159692,fold_4,1,67,11,1.0,1.0,0,"Thang lương, bảng lương và phụ cấp lương là bao nhiêu?"
69038,fold_3,1,15,3,1.0,1.0,0,"Các bộ, ngành trong việc phối hợp kết nối, chia sẻ thông tin, dữ liệu giữa các cơ sở dữ liệu tài nguyên và môi trường có trách nhiệm gì?"
21950,fold_3,1,3,1,1.0,1.0,0,"Mức thu, tỷ lệ trích phí thẩm định hồ sơ cấp giấy chứng nhận quyền sử dụng đất trên địa bàn tỉnh Thái Nguyên là bao nhiều?"
122170,fold_0,1,7,9,1.0,1.0,0,Thời gian đánh giá hồ sơ dự thầu tối đa là bao nhiêu ngày?
146164,fold_2,1,2,10,1.0,1.0,0,"Văn phòng Bộ thuộc Bộ Tư pháp có nhiệm vụ và quyền hạn gì về công tác truyền thông và quản lý báo chí, xuất bản?"
45572,fold_1,1,76,3,1.0,1.0,0,Sĩ quan phạm tội bỏ vị trí chiến đấu đã chấp hành xong hình phạt tù thì đương nhiên được xóa án tích khi nào?
51110,fold_2,1,18,7,1.0,1.0,0,Thủ tục tiến hành chấm phúc khảo trong kỳ thi tốt nghiệp THPT năm 2023 được thực hiện như thế nào?
63534,fold_2,1,3,1,1.0,1.0,0,Cơ quan nào có thẩm quyền thực hiện việc xét nghiệm chất ma túy trong cơ thể của người sử dụng trái phép chất ma túy trong thời hạn quản lý?
90690,fold_2,1,1,1,1.0,1.0,0,Có được giữ quốc tịch nước ngoài khi trở lại quốc tịch Việt Nam không?
88192,fold_2,1,5,1,1.0,1.0,0,Cấp đổi giấy phép kinh doanh lữ hành được quy định như thế nào?
107742,fold_2,1,1,25,1.0,1.0,0,Người giám định tư pháp xây dựng theo vụ việc phải đáp ứng các điều kiện tiêu chuẩn thế nào?
142494,fold_4,1,4,53,1.0,1.0,0,Nơi khám chữa bệnh ban đầu ở tuyến trung ương nhưng xuống bệnh viện tuyến tỉnh để khám chữa bệnh là trái tuyến hay đúng tuyến?
41736,fold_3,1,1,3,1.0,1.0,0,Tiêu chí chung về kết quả thực hiện chức trách nhiệm vụ được giao để đánh giá xếp loại chất lượng viên chức quản lý thuộc Ủy ban Dân tộc gồm những gì?
117242,fold_2,1,9,26,1.0,1.0,0,"Giám sát, điều phối giao thông hàng hải hạng 4 có bắt buộc phải có bằng đại học hay không?"
34146,fold_4,1,1,49,1.0,1.0,0,Phụ cấp độc hại nguy hiểm đối với cán bộ công chức được quy định như thế nào?
76922,fold_4,2,4,9,1.0,1.0,0,Có phải chỉ khởi tố vụ án hình sự theo yêu cầu của bị hại về tội cưỡng dâm hay không?
8384,fold_2,1,3,10,1.0,1.0,0,"Việc đẩy mạnh cải cách hành chính, chuyển đổi số trong quản lý nhà nước về đất đai được cụ thể như thế nào?"
96040,fold_1,1,2,19,1.0,1.0,0,Tên tuyến đường sắt quốc gia được đặt như thế nào?
153714,fold_4,1,40,>100,1.0,1.0,0,Mức lương của giảng viên cao cấp (tiến sỹ) hiện nay là bao nhiêu?
13192,fold_2,1,1,1,1.0,1.0,0,Có quy định nào bắt buộc chi nhánh ngân hàng hợp tác xã phải khai trương hoạt động ngay sau khi thành lập hay không?
30148,fold_1,1,14,4,1.0,1.0,0,Hồ sơ hải quan đối với hàng hóa tạm nhập tái xuất cần chuẩn bị những giấy tờ gì?
32282,fold_0,1,1,2,1.0,1.0,0,Việc chẩn đoán bệnh giun xoắn ở lợn bằng phương pháp ép cơ thì cần thực hiện ra sao?
151652,fold_0,1,7,1,1.0,1.0,0,Mức truy cứu trách nhiệm hình sự đối với người phát tán trái phép chất phóng xạ làm chết 03 người được quy định thế nào?
34440,fold_2,2,1,1,1.0,1.0,0,Có những loại hợp đồng bảo hiểm nào được giao kết giữa doanh nghiệp bảo hiểm và người mua bảo hiểm?
158586,fold_2,1,32,57,1.0,1.0,0,"Kinh doanh hạt điều, các sản phẩm chế biến từ hạt điều có phải làm thủ tục công bố sản phẩm?"
135022,fold_4,1,20,>100,1.0,1.0,0,Cơ sở trợ giúp xã hội phải có trách nhiệm khắc phục hậu quả như thế nào khi cấp vật dụng sinh hoạt hằng ngày không đảm bảo chất lượng?
49730,fold_2,1,1,34,1.0,1.0,0,Thủ tục xin chuyển trường trung học phổ thông được quy định như thế nào?
16392,fold_0,1,3,1,1.0,1.0,0,Doanh nghiệp cung ứng dịch vụ bưu chính thay đổi người đại diện theo pháp luật có cần phải thông báo đến cơ quan có thẩm quyền không?
57174,fold_2,1,8,2,1.0,1.0,0,Kế hoạch kiểm toán nội bộ hằng năm phải được gửi cho Ngân hàng Nhà nước trong khoảng thời gian nào?
134928,fold_1,1,1,1,1.0,1.0,0,Cơ quan nào có trách nhiệm trong việc lựa chọn đồ chơi cho trẻ được sử dụng trong các cơ sở giáo dục mầm non?
123750,fold_4,3,5,23,0.6666666666666666,0.6666666666666666,0,Kiểm toán viên cao cấp phải đáp ứng yêu cầu gì về năng lực chuyên môn nghiệp vụ?
14858,fold_1,1,>100,17,1.0,1.0,0,Cam đoan không đúng về tình trạng hôn nhân để làm thủ tục cấp giấy xác nhận tình trạng hôn nhân sẽ bị xử lý như thế nào?
143202,fold_1,1,9,2,1.0,1.0,0,Mẫu phiếu công tác chính thức ngoài nước cho Đảng viên mới nhất 2022?
154226,fold_2,1,13,1,1.0,1.0,0,Nội dung hoạt động của các điểm cung cấp dịch vụ thông tin công cộng phục vụ nhân dân các xã có điều kiện kinh tế - xã hội đặc biệt khó khăn được quy định thế nào?
86136,fold_1,1,36,>100,1.0,1.0,0,Có hình xăm con rắn ở lưng thì có tham gia nghĩa vụ quân sự được không?
35728,fold_0,1,1,>100,1.0,1.0,0,Thủ tục giải quyết cho người nước ngoài thường trú tại Việt Nam thực hiện như thế nào?
29526,fold_0,1,23,>100,1.0,1.0,0,Điều kiện thực hiện thủ tục bổ sung thông tin trong hồ sơ đăng ký doanh nghiệp?
73662,fold_1,1,1,15,1.0,1.0,0,Nhiệm vụ và quyền hạn của hiệu trưởng cơ sở giáo dục đại học được quy định như thế nào?
16264,fold_3,1,1,4,1.0,1.0,0,Thương nhân nước ngoài không có hiện diện tại Việt Nam thực hiện hoạt động nhập khẩu trong phạm vi nào?
80608,fold_3,1,>100,21,1.0,1.0,0,Thành viên môi giới được chấp thuận tư cách thành viên khi đáp ứng điều kiện gì?
76952,fold_3,1,5,8,1.0,1.0,0,Giấy phép xây dựng gồm những loại nào?
121868,fold_0,2,2,>100,1.0,1.0,0,"Cơ quan, tổ chức sử dụng dịch vụ mạng truyền số liệu chuyên dùng có quyền và trách nhiệm như thế nào?"
32562,fold_4,1,1,40,1.0,1.0,0,"Nội dung đánh giá, xếp loại cán bộ đoàn thanh tra ngành Tài chính ở mức chưa hoàn thành nhiệm vụ được quy định như thế nào?"
62148,fold_1,1,5,>100,1.0,1.0,0,"Điều kiện cấp hộ chiếu ngoại giao, hộ chiếu công vụ được quy định như thế nào?"
13668,fold_0,1,41,20,1.0,1.0,0,Trình tự thủ tục phát hành cổ phiếu trả cổ tức được thực hiện như thế nào?
32928,fold_0,1,4,32,1.0,1.0,0,Muốn tìm hiểu thông tin về biện pháp bảo đảm thì thực hiện như thế nào?
65580,fold_4,1,1,43,1.0,1.0,0,"Thực hiện chính sách tinh giản biên chế với CB, CC, VC đến hết 31/12/2030"
168300,fold_2,1,1,4,1.0,1.0,0,Nội dung quản lý đất dành cho đường sắt được quy định ra sao?
74674,fold_4,1,29,1,1.0,1.0,0,Dự kiến tháng 06/2023 sẽ hoàn thành Nghị định hướng dẫn Luật sửa đổi Luật Tần số vô tuyến điện 2022 đúng không?
134030,fold_0,1,1,1,1.0,1.0,0,Quy định về khen thưởng của Hội Người mù Việt Nam như thế nào?
21238,fold_3,1,1,20,1.0,1.0,0,Dự án quy hoạch sử dụng đất tại địa phương sẽ do cơ quan có thẩm quyền nào phê duyệt?
167524,fold_1,1,8,2,1.0,1.0,0,Mức xử phạt đối với việc điều khiển xe không có gương bên trái?
130302,fold_2,1,1,34,1.0,1.0,0,Hội Kế toán địa chất Việt Nam có tư cách pháp nhân không?
147058,fold_0,1,6,2,1.0,1.0,0,Xử phạt đối với ô tô vi phạm quy tắc giao thông về nhường đường tại nơi giao nhau là bao nhiêu?
49168,fold_4,1,1,1,1.0,1.0,0,Nộp một trong những chứng từ chứng nhận hàng hóa xuất xứ có được hưởng ưu đãi thuế quan theo EVFTA không?
163810,fold_1,1,24,>100,1.0,1.0,0,Hàm lượng chì cho phép trong sữa bột dành cho trẻ em dưới 12 tháng tuổi là bao nhiêu?
97372,fold_3,1,3,1,1.0,1.0,0,Thành viên Đoàn thanh tra chuyên ngành hải quan có phải lập biên bản khi giao trả hồ sơ tài liệu cho đối tượng thanh tra không?
110766,fold_3,1,16,3,1.0,1.0,0,Chi phí dán thẻ thu phí điện tử không dừng như thế nào?
9980,fold_0,1,20,>100,1.0,1.0,0,Mẫu Tờ khai hải quan mới nhất 2023 là mẫu nào?
141284,fold_4,2,2,4,1.0,1.0,0,Có thể xuất xăng dầu dự trữ quốc gia trong những trường hợp nào?
107682,fold_0,1,1,5,1.0,1.0,0,Hồ sơ kỹ thuật trong hồ sơ đăng ký sản phẩm mới có khả năng gây mất an toàn cần có những giấy tờ gì?
138896,fold_1,1,2,1,1.0,1.0,0,Biên phòng cửa khẩu cảng có được chia sẻ thông tin cá nhân của người làm thủ tục biên phòng điện tử cảng biển cho bên thứ ba không?
48768,fold_4,1,4,10,1.0,1.0,0,Cảnh sát giao thông có quyền xử phạt hành vi mang xe đồ chơi ra đường gây ảnh hưởng đến giao thông hay không?
5576,fold_4,1,7,56,1.0,1.0,0,Thời hạn cấp Giấy chứng nhận đủ điều kiện kinh doanh dịch vụ kế toán đối với Công ty hợp danh là bao lâu?
130286,fold_1,1,1,1,1.0,1.0,0,Nhân viên phục vụ trên tàu biển Việt Nam gồm những ai?
88654,fold_1,3,1,22,0.6666666666666666,0.6666666666666666,0,Cấp lại thẻ bảo hiểm y tế tốn bao nhiêu tiền?
67594,fold_0,1,15,4,1.0,1.0,0,Tiêu chuẩn xét nâng bậc lương trước thời hạn đối với công chức cấp tỉnh do ai quy định?
96504,fold_2,1,1,1,1.0,1.0,0,Thời hạn góp vốn điều lệ đối với thành viên liên hiệp hợp tác xã là bao lâu?
134262,fold_3,1,4,16,1.0,1.0,0,Thủ tục nhận và xử lý đơn khởi kiện được quy định như thế nào?
72614,fold_3,1,1,2,1.0,1.0,0,Người 15 tuổi sử dụng trái phép chất ma túy trong thời gian cai nghiện ma túy tự nguyện thì bị xử lý như thế nào?
125532,fold_0,1,4,77,1.0,1.0,0,"Tiếng nói, chữ viết dùng trước Tòa án nhân dân có bắt buộc phải là tiếng Việt theo quy định không?"
76818,fold_0,1,1,2,1.0,1.0,0,Khi vay từ nguồn vốn của Quỹ Phát triển khoa học và công nghệ Quốc gia sẽ có chế độ thông tin và lưu trữ hồ sơ như thế nào?
125146,fold_3,1,30,2,1.0,1.0,0,Người bán cần làm gì để đăng ký sử dụng hóa đơn điện tử được khởi tạo từ máy tính kết nối chuyển dữ liệu điện tử?
52852,fold_0,1,39,1,1.0,1.0,0,Phẫu thuật gỡ dính thần kinh che phủ chống chỉ định cho những trường hợp nào?
85256,fold_2,1,65,13,1.0,1.0,0,Chứng chỉ năng lực hoạt động xây dựng có bắt buộc đối với tổ chức khi tham gia hoạt động xây dựng không?
110422,fold_1,1,5,1,1.0,1.0,0,Quy trình trao tặng Huân chương Quân công hạng ba trong Quân đội nhân dân Việt Nam được như thế nào?
147836,fold_3,1,2,1,1.0,1.0,0,Đăng ký sang tên xe đối với trường hợp xe đã chuyển quyền sở hữu qua nhiều người như thế nào?
34800,fold_2,1,1,16,1.0,1.0,0,Biên tập kỹ thuật bản đồ hành chính các cấp xây dựng kế hoạch biên tập chi tiết như thế nào?
89574,fold_2,1,1,1,1.0,1.0,0,Cơ sở sản xuất phải nộp báo cáo hoạt động và việc duy trì đáp ứng GMP khi nào?
128146,fold_2,1,1,1,1.0,1.0,0,"Khu vực sơ chế, chế biến vị thuốc cổ truyền theo phương pháp cổ truyền được pháp luật quy định như thế nào?"
10720,fold_2,1,53,3,1.0,1.0,0,"Tài xế điều khiển xe tải cá nhân gia nhập hợp tác xã để vận chuyển thanh long nhưng đã hết hạn đăng kiểm 15 ngày, bị giam bằng lái 2 tháng có đúng không?"
64384,fold_1,1,1,2,1.0,1.0,0,Cơ quan nào có thẩm quyền ký kết hợp đồng thực hiện đề tài khoa học và công nghệ cấp quốc gia trong Bộ Quốc phòng?
50974,fold_4,1,5,29,1.0,1.0,0,Kết luận thanh tra bao gồm những nội dung nào?
31244,fold_0,1,>100,22,1.0,1.0,0,Người lao động làm thêm giờ vào ban ngày trong dịp Tết Âm lịch được trả lương như thế nào?
71370,fold_1,1,12,7,1.0,1.0,0,Thành viên công ty trách nhiệm hữu hạn sử dụng phần vốn góp để trả nợ thì người nhận thanh toán có quyền chuyển nhượng phần vốn góp hay không?
134910,fold_1,1,>100,2,1.0,1.0,0,Cơ quan nào có thẩm quyền phê duyệt phương án tạm giữ lại tiếp tục sử dụng đất?
112216,fold_3,1,3,2,1.0,1.0,0,Chi phí nộp hồ sơ dự thầu mua sắm theo hiệp định đối tác toàn diện và tiến bộ xuyên Thái Bình Dương là bao nhiêu?
53276,fold_4,1,2,5,1.0,1.0,0,Nộp hồ sơ xin cấp giấy phép tài nguyên nước cho cơ quan nào?
90696,fold_2,1,1,59,1.0,1.0,0,Vì sao chưa tăng lương hưu trong kỳ lương hưu tháng 7/2023?
67042,fold_1,1,1,1,1.0,1.0,0,"Trách nhiệm của Đơn vị vận hành hệ thống quản lý, giám sát thu phí đường bộ ra sao?"
2624,fold_3,1,1,2,1.0,1.0,0,So sánh hệ số lương của viên chức thư viện viên hạng IV và viên chức thư viện viên hạng III áp dụng từ 15/8/2022?
50596,fold_3,3,2,1,0.6666666666666666,0.6666666666666666,0,Đối tượng nào được miễn chi phí giám định trong tố tụng dân sự?
164194,fold_0,1,2,1,1.0,1.0,0,Những thông tin nào được cập nhật bổ sung vào Cơ sở dữ liệu quốc gia về xử lý vi phạm hành chính?
81728,fold_3,1,4,1,1.0,1.0,0,Ai là người đại diện theo pháp luật của Quỹ Nạn nhân chất độc da cam dioxin Việt Nam?
166366,fold_1,1,11,1,1.0,1.0,0,"Nội dung giám sát an toàn vĩ mô đối với hệ thống các tổ chức tín dụng, chi nhánh ngân hàng nước ngoài?"
25956,fold_3,1,18,3,1.0,1.0,0,Xử phạt đối với những hành vi “vô văn hóa” trên mạng xã hội?
51420,fold_4,1,44,14,1.0,1.0,0,Thời hiệu xử phạt vi phạm hành chính đối với doanh nghiệp tư nhân mua phần vốn góp trong công ty hợp danh là bao lâu?
86284,fold_3,1,11,4,1.0,1.0,0,Thủ tục đổi lại bằng lái xe B2 như thế nào?
66664,fold_4,1,2,6,1.0,1.0,0,Nội dung lấy ý kiến dự thảo Luật Đất đai tương ứng với từng nhóm đối tượng là gì?
4096,fold_0,1,2,99,1.0,1.0,0,"Nội dung công tác quản lý, bảo dưỡng thường xuyên đường thủy nội địa gồm những gì?"
25436,fold_0,2,68,8,1.0,1.0,0,"Hồ sơ, thủ tục miễn thuế thu nhập cá nhân với đất tặng cho được quy định như thế nào?"
120914,fold_1,1,32,67,1.0,1.0,0,Thực nghiệm chữa cháy bằng bình chữa cháy như thế nào?
81386,fold_2,1,1,5,1.0,1.0,0,Hội đồng sơ tuyển khi xét thăng hạng viên chức trong cơ quan của Đảng sẽ có trách nhiệm gì?
89110,fold_0,1,38,1,1.0,1.0,0,Chi cục Kiểm lâm có thẩm quyền ra quyết định khởi tố bị can không?
153428,fold_4,1,1,2,1.0,1.0,0,"Thủ tục đề nghị tái xuất lô vị thuốc cổ truyền, thuốc cổ truyền bị thu hồi được thực hiện như thế nào?"
124954,fold_3,1,36,>100,1.0,1.0,0,Trình tự bổ nhiệm Thẩm phán Tòa án nhân dân tối cao quy định như thế nào?
44286,fold_2,1,2,1,1.0,1.0,0,Kế hoạch bảo trì công trình đường sắt hàng năm gồm những nội dung gì?
24824,fold_4,1,1,60,1.0,1.0,0,Một số hoạt động của Dân quân tự vệ theo quy định pháp luật hiện nay được quy định thế nào?
124514,fold_2,1,19,78,1.0,1.0,0,Cách lấy mẫu sản phẩm xử lý môi trường nuôi trồng thủy sản ra sao?
162506,fold_2,2,5,5,1.0,1.0,0,Nhân viên y tế trường học được hưởng phụ cấp ưu đãi nghề theo Nghị định 76 thì có được hưởng thêm phụ cấp quy định tại Nghị định 56 nữa không?
13252,fold_3,1,2,1,1.0,1.0,0,Người thừa kế theo di chúc chết trước người lập di chúc thì giải quyết như thế nào?
15338,fold_2,1,14,5,1.0,1.0,0,Chu kỳ đánh giá tổ chức kiểm định chất lượng giáo dục trong nước là bao lâu?
51658,fold_0,1,18,8,1.0,1.0,0,Tội hiếp dâm trẻ dưới 16 tuổi được quy định như thế nào?
124642,fold_1,1,1,51,1.0,1.0,0,Người nhận con nuôi phải có đủ những điều kiện gì?
34748,fold_1,3,18,44,0.6666666666666666,0.6666666666666666,0,Mức lương của giáo viên tại các cơ sở giáo dục công lập sẽ là bao nhiêu khi tăng mức lương cơ sở?
137840,fold_0,2,1,>100,0.5,0.5,0,Ai được xem là người phụ thuộc để tính giảm trừ gia cảnh?
1750,fold_1,1,68,3,1.0,1.0,0,Khi nào có thể yêu cầu tòa tuyên bố một người mất tích?
91878,fold_0,1,>100,2,1.0,1.0,0,Điều kiện hưởng chế độ ốm đau theo quy định pháp luật
10104,fold_2,1,3,1,1.0,1.0,0,"Hồ sơ đề nghị công nhận doanh nghiệp trực tiếp phục vụ quốc phòng, an ninh gồm những gì?"
88392,fold_1,1,33,4,1.0,1.0,0,Nếu bên thuê tài sản trả tiền một lần cho nhiều năm thì người cho thuê khai thuế thu nhập cá nhân thế nào?
101290,fold_2,2,11,1,1.0,1.0,0,"Yêu cầu kiểm soát hàng hóa xuất khẩu, nhập khẩu liên quan đến quyền tác giả, quyền liên quan sẽ gửi đến cơ quan nào?"
73982,fold_0,1,1,1,1.0,1.0,0,Ngân hàng thương mại được cấp Giấy chứng nhận đăng ký hoạt động lưu ký chứng khoán nhưng không thực hiện đăng ký thành viên lưu ký bị xử phạt vi phạm hành chính như thế nào?
155310,fold_1,1,7,1,1.0,1.0,0,Phải gia hạn bằng độc quyền kiểu dáng công nghiệp trước bao lâu?
18862,fold_0,1,11,4,1.0,1.0,0,Danh sách ưu tiên trong thẩm định an toàn thực phẩm thủy sản xuất khẩu là gì?
55934,fold_0,1,1,1,1.0,1.0,0,Doanh nghiệp ký kết hợp đồng Kinh doanh Quản lý thuộc dự án PPP có phải thực hiện biện pháp bảo đảm thực hiện hợp đồng không?
22402,fold_1,1,1,2,1.0,1.0,0,Thành phần Đoàn điều tra tai nạn lao động cấp cơ sở trong Bộ Quốc phòng gồm những ai?
79688,fold_4,1,5,6,1.0,1.0,0,Hồ sơ xét tặng “Bằng khen của Thủ tướng Chính phủ” gồm những gì?
125452,fold_0,1,1,1,1.0,1.0,0,Ban Chấp hành Hiệp hội Sản xuất Kinh doanh thuốc thú y Việt Nam có bao nhiêu thành viên?
92194,fold_2,1,32,4,1.0,1.0,0,Ủy ban Thẩm phán Tòa án quân sự trung ương gồm có những ai?
12246,fold_3,1,2,1,1.0,1.0,0,Người thực hiện thủ thuật bó bột Minerve phải có bước chuẩn bị như thế nào?
13348,fold_1,1,10,2,1.0,1.0,0,Hồ sơ đề nghị cấp Giấy chứng nhận đăng ký cảng hàng không tạm thời đối với cảng đang trong quá trình xây dựng cần những giấy tờ gì?
18794,fold_2,1,5,5,1.0,1.0,0,Ai có thẩm quyền quyết định mua sắm tài sản công phục vụ hoạt động của cơ quan nhà nước?
107694,fold_3,1,5,39,1.0,1.0,0,Nếu thời gian phục vụ của viên chức quốc phòng còn 11 năm thì thời hạn sử dụng Chứng minh viên chức quốc phòng quy định ra sao?
63298,fold_3,1,1,4,1.0,1.0,0,"Khách hàng cần đáp ứng các điều kiện gì để được tổ chức tín dụng, chi nhánh ngân hàng nước ngoài xem xét, quyết định cấp bảo lãnh?"
123044,fold_2,1,13,2,1.0,1.0,0,"Hồ sơ đề nghị cho phép cơ sở khám bệnh, chữa bệnh áp dụng kỹ thuật, phương pháp mới bao gồm những gì?"
97402,fold_1,1,1,1,1.0,1.0,0,Chính phủ có quy định nào về việc quản lý nguồn vốn vay ODA hay không?
36414,fold_1,1,24,1,1.0,1.0,0,Phó Chủ tịch Hội đồng đạo đức trong nghiên cứu y sinh học cấp quốc gia phải đáp ứng những tiêu chuẩn gì?
21910,fold_1,1,>100,30,1.0,1.0,0,Trình tự cấp chứng chỉ năng lực hoạt động xây dựng cấp cho công ty tư vấn và xây lắp mới thành lập như thế nào?
100176,fold_4,1,1,1,1.0,1.0,0,Chương trình liên hoan văn nghệ quần chúng được tổ chức ở bao nhiêu cấp?
62998,fold_3,1,>100,15,1.0,1.0,0,"Trong trường hợp sẽ chuyển hồ sơ vụ việc có dấu hiệu tội phạm sang Cơ quan điều tra thì ai sẽ thực hiện việc tập hợp hồ sơ, tài liệu?"
160684,fold_3,1,1,14,1.0,1.0,0,Thực hiện phân công nhiệm vụ kiểm tra điều lệnh Công an nhân dân như thế nào?
126050,fold_0,1,>100,11,1.0,1.0,0,Để được cấp Giấy chứng nhận cơ sở đủ điều kiện sản xuất thức ăn thủy sản thì cơ sở phải đáp ứng những điều kiện gì?
29794,fold_0,1,21,1,1.0,1.0,0,Tổ chức muốn đăng ký tham gia nhiệm vụ thuộc Dự án Nâng cao năng suất và chất lượng sản phẩm hàng hóa ngành công nghiệp thì hồ sơ đăng ký tuyển chọn trực tiếp gồm những gì?
142760,fold_2,1,9,5,1.0,1.0,0,Thời hạn giải quyết thủ tục hỗ trợ chi phí mai táng cho đối tượng bảo trợ xã hội là bao lâu?
93626,fold_1,1,10,2,1.0,1.0,0,Mức xử phạt đối với kinh doanh vận tải không lắp camera trên xe?
59868,fold_1,1,21,1,1.0,1.0,0,"Ai có trách nhiệm thẩm định, phê duyệt hồ sơ mời sơ tuyển đối với đối với dự án PPP?"
46046,fold_4,1,13,>100,1.0,1.0,0,Ai có thẩm quyền bổ nhiệm Tổng biên tập Thời báo Ngân hàng?
81636,fold_3,1,25,1,1.0,1.0,0,"Cách ghi thành phần dinh dưỡng, giá trị dinh dưỡng"
90028,fold_3,4,14,76,0.25,0.25,0,Xem xét ban hành Nghị quyết mở rộng diện áp dụng miễn thị thực đơn phương theo yêu cầu của Chính Phủ đúng không?
135756,fold_4,1,1,74,1.0,1.0,0,"Cấp Giấy phép vận chuyển hàng hóa nguy hiểm loại 5, loại 8 thuộc thẩm quyền của cơ quan nào?"
104760,fold_4,1,43,4,1.0,1.0,0,Bệnh gan tụy do Parvovirus ở tôm thường được chẩn đoán bằng những loại thuốc thử và vật liệu thử nào?
155580,fold_0,1,1,>100,1.0,1.0,0,Thanh tra viên cao cấp Công an nhân dân cần đáp ứng đủ các tiêu chuẩn gì về năng lực?
91472,fold_3,1,8,48,1.0,1.0,0,"Phòng Tư pháp huyện, quận, thị xã, thành phố thuộc tỉnh có được chứng thực các loại hợp đồng đặt cọc đất không?"
81104,fold_3,1,1,>100,1.0,1.0,0,Xe mô tô sử dụng để khai thác tài nguyên trái phép có bị tịch thu không?
72246,fold_3,1,61,5,1.0,1.0,0,Trong thời gian mang tài liệu bí mật Nhà nước ra khỏi nơi lưu giữ nếu phát hiện bí mật Nhà nước bị lộ thì người mang tài liệu có trách nhiệm gì?
32298,fold_3,1,1,33,1.0,1.0,0,Nhiệm vụ của Hội Kinh tế xây dựng Việt Nam là gì?
78756,fold_1,1,21,29,1.0,1.0,0,"Bảo đảm hoạt động của hệ thống thông tin, cơ sở dữ liệu môi trường các cấp"
92190,fold_4,1,10,36,1.0,1.0,0,Chồng có được tự ý bán mảnh đất cho người khác khi chưa có ý kiến của vợ không?
124912,fold_0,1,1,8,1.0,1.0,0,Cơ quan thi hành án khi ra quyết định cưỡng chế thi hành án dân sự trong Quân đội có được tạm ứng kinh phí để tổ chức cưỡng chế không?
65620,fold_1,1,15,63,1.0,1.0,0,Cung cấp những thông tin gì khi yêu cầu lập hóa đơn điện tử?
146152,fold_3,1,1,12,1.0,1.0,0,Kiểm sát viên VKSND tối cao khi không giữ chức vụ lãnh đạo và tiếp tục thực hiện nhiệm vụ của Kiểm sát viên thực hiện chế độ làm việc như thế nào?
23112,fold_3,1,2,60,1.0,1.0,0,Kỳ tính thuế TNDN được xác định theo năm dương lịch hay năm tài chính?
156506,fold_2,1,1,2,1.0,1.0,0,Quỹ Phát triển khoa học và công nghệ Bộ Quốc phòng có con dấu riêng không?
29404,fold_2,1,>100,4,1.0,1.0,0,Việc thực hiện các giải pháp phòng chống quấy rối tình dục tại nơi làm việc là trách nhiệm của ai?
54564,fold_0,3,14,15,1.0,1.0,0,Thủ tục mua chứng từ khấu trừ thuế TNCN được thực hiện thế nào?
160860,fold_2,1,8,5,1.0,1.0,0,Yêu cầu cụ thể đối với tiêu chí “Có cụm ngành nghề nông thôn” như thế nào?
62052,fold_3,1,1,29,1.0,1.0,0,Hoạt động bảo vệ cây xanh đô thị được quy định như thế nào?
81590,fold_2,1,>100,>100,0.0,0.0,0,Phân biệt tài khoản thanh toán của ngân hàng doanh nghiệp tư nhân và tài khoản ngân hàng của chủ doanh nghiệp tư nhân ra sao?
76384,fold_3,1,6,5,1.0,1.0,0,Bộ Tài nguyên và Môi trường có trách nhiệm xây dựng khung giá đất bao nhiêu năm một lần?
93868,fold_1,1,1,5,1.0,1.0,0,Hiệu lệnh dừng phương tiện giao thông của Cảnh sát giao thông gồm có những hiệu lệnh nào?
157752,fold_2,2,42,2,0.5,0.5,0,"Thời hạn cấp thẻ, dấu kỹ thuật đăng kiểm viên tàu cá là bao lâu?"
157958,fold_3,1,48,3,1.0,1.0,0,Khi kiểm sát việc tuân theo pháp luật trong giai đoạn xét xử sơ thẩm vụ án hình sự Kiểm sát viên đề nghị hoãn phiên tòa trong những trường hợp nào?
135112,fold_2,1,1,2,1.0,1.0,0,"Quy định về nội dung bản tin dự báo, cảnh báo khí tượng thủy văn?"
50174,fold_2,1,4,1,1.0,1.0,0,"Nếu cán bộ, công chức, viên chức đang trong thời gian thi hành quyết định kỷ luật mà tiếp tục có hành vi vi phạm thì xử lý ra sao?"
42948,fold_3,1,6,3,1.0,1.0,0,Thực phẩm nhiễm kim loại nặng bao gồm những nhóm nào?
82996,fold_1,1,1,47,1.0,1.0,0,Mỗi chuyên khoa phải có ít nhất bao nhiêu giám định viên giám định y khoa?
155930,fold_1,1,10,6,1.0,1.0,0,Mức trợ cấp đối với lao động nam đóng bảo hiểm xã hội khi vợ sinh con là bao nhiêu?
40886,fold_3,1,2,1,1.0,1.0,0,Nội dung tham gia quản lý Tập đoàn Bưu chính Viễn thông Việt Nam của người lao động được quy định thế nào?
125508,fold_0,1,1,>100,1.0,1.0,0,"Tiêu chí chung về đánh giá xếp loại chất lượng cán bộ, công chức, viên chức như thế nào?"
20466,fold_0,1,26,2,1.0,1.0,0,Hứa tặng cho tiền bằng miệng thì có giá trị pháp lý hay không?
103260,fold_2,2,77,12,0.5,0.5,0,Nếu một người đưa thông tin sai sự thật về chính quyền lên mạng bị xử lý như thế nào theo quy định pháp luật?
25108,fold_0,1,2,2,1.0,1.0,0,Hành vi cố ý thông tin sai lệch kết quả trúng thưởng đặt cược bóng đá quốc tế so với kết luận của Trọng tài chính bị xử lý thế nào?
55774,fold_3,1,>100,11,1.0,1.0,0,Xác định xuất xứ hàng hóa được thực hiện như thế nào?
123782,fold_0,1,1,>100,1.0,1.0,0,Cục Quản lý giá là cơ quan quản lý nhà nước về các vấn đề gì?
3380,fold_3,1,9,8,1.0,1.0,0,"Những trường hợp nào phải tổ chức Hội đồng an toàn, vệ sinh lao động cơ sở?"
105936,fold_4,1,4,1,1.0,1.0,0,Điều kiện của tổ chức được đứng tên công bố tiêu chuẩn áp dụng hoặc đăng ký lưu hành trang thiết bị y tế
122880,fold_2,1,>100,3,1.0,1.0,0,Người đăng ký dự thi thăng hạng chức danh nghề nghiệp từ Lưu trữ viên trung cấp lên Lưu trữ viên được miễn thi môn tin học trong trường hợp nào?
58460,fold_3,1,37,3,1.0,1.0,0,Hãng hàng không hoặc người khai thác tàu bay phải bảo đảm các hành lý ký gửi tuân thủ theo những gì?
116562,fold_3,1,1,1,1.0,1.0,0,Khảo sát môi trường biển vùng ven bờ dựa theo nguyên tắc cụ thể nào?
51548,fold_3,1,>100,1,1.0,1.0,0,"Tư cách hợp lệ của hợp tác xã, cộng đồng dân cư, tổ chức đoàn thể, tổ, nhóm thợ tại địa phương thực hiện gói thầu"
5200,fold_2,1,>100,1,1.0,1.0,0,Mẫu Tờ khai đăng ký sử dụng biên lai điện tử mới nhất như thế nào?
82348,fold_0,1,12,100,1.0,1.0,0,Hồ sơ vụ tai nạn lao động gồm những giấy tờ gì?
155810,fold_4,1,1,8,1.0,1.0,0,Công tác chuẩn bị trong thi công công trình xây dựng phải căn cứ vào đâu?
121876,fold_1,1,5,>100,1.0,1.0,0,Cơ quan nhà nước cung cấp dịch vụ công cấp bộ có trách nhiệm thế nào?
144758,fold_4,1,62,13,1.0,1.0,0,Chế độ tập sự và hướng dẫn tập sự của viên chức được quy định như thế nào?
126872,fold_3,1,10,6,1.0,1.0,0,Trung tâm mạng thông tin diện rộng của Đảng là gì?
70646,fold_2,1,4,53,1.0,1.0,0,"Bất kỳ tổ chức, cá nhân nào cũng có thể thành lập tổ chức hòa giải tranh chấp giữa người tiêu dùng và tổ chức kinh doanh?"
53744,fold_3,1,3,3,1.0,1.0,0,"Công ty TNHH MTV Thông tin Điện tử Hàng hải Việt Nam có trách nhiệm như thế nào trong việc quản lý, khai thác và cung cấp thông tin nhận dạng và truy theo tầm xa của tàu thuyền?"
117728,fold_0,1,4,>100,1.0,1.0,0,Viên chức được phân loại dựa trên những căn cứ phân loại nào?
20588,fold_1,1,36,1,1.0,1.0,0,Phẫu thuật kết hợp xương gãy xương mác đơn thuần là như thế nào?
114970,fold_3,1,19,1,1.0,1.0,0,Răng khôn mọc lệch là nguyên nhân do đâu?
80700,fold_3,1,23,32,1.0,1.0,0,Bảo hiểm xã hội huyện có trách nhiệm như thế nào?
164800,fold_4,1,26,89,1.0,1.0,0,Tổ chức phát hành trong quá trình đăng ký trái phiếu doanh nghiệp có những trách nhiệm gì?
2864,fold_3,1,>100,1,1.0,1.0,0,Hồ sơ yêu cầu rà soát việc áp dụng biện pháp chống trợ cấp bao gồm những gì và phải được nộp khi nào?
25908,fold_1,1,7,5,1.0,1.0,0,Người học ngành quản lý đô thị trình độ cao đẳng phải hoàn thành tối thiểu bao nhiêu tín chỉ thì mới được tốt nghiệp?
145036,fold_4,1,>100,>100,0.0,0.0,0,"Sách báo đã mua, photo lại có vi phạm không?"
125300,fold_2,1,2,1,1.0,1.0,0,Cách ghi tên bán thành phẩm dược liệu trừ cao dược liệu trong công thức thuốc như thế nào?
56174,fold_3,2,1,1,1.0,1.0,0,Đề xuất dự án sản xuất thử nghiệm khoa học và công nghệ đặt hàng cấp quốc gia trong Bộ Quốc phòng theo trình tự thế nào?
95546,fold_3,2,4,2,1.0,1.0,0,Thời hạn sử dụng của Giấy xác nhận tình trạng hôn nhân là bao lâu?
27684,fold_1,1,2,2,1.0,1.0,0,Nhà đang cho thuê có được thế chấp không?
104822,fold_2,1,19,9,1.0,1.0,0,Tòa án nhân dân cấp tỉnh có thẩm quyền giải quyết ly hôn khi có vợ hoặc chồng ở nước ngoài hay không?
161094,fold_1,1,74,1,1.0,1.0,0,"Trình tự, thủ tục và hồ sơ đăng ký miễn trừ các chất ô nhiễm hữu cơ khó phân hủy (POP)?"
148900,fold_0,1,18,3,1.0,1.0,0,Thủ tục đề nghị công nhận cơ sở được thực hiện kỹ thuật mang thai hộ vì mục đích nhân đạo được quy định như thế nào?
14332,fold_0,1,1,1,1.0,1.0,0,Bộ phận Một cửa trong giải quyết thủ tục hành chính của Ngân hàng Nhà nước có những quyền hạn gì?
53766,fold_2,1,11,1,1.0,1.0,0,Thời hiệu xử lý kỷ luật lao động đối với người lao động đang mang thai là bao lâu?
56032,fold_0,1,3,1,1.0,1.0,0,Bên mua bảo hiểm nhân thọ có quyền yêu cầu bồi thường theo hợp đồng bảo hiểm trong thời hạn bao lâu?
130326,fold_1,1,2,1,1.0,1.0,0,Người được ủy quyền phát ngôn cho báo chí của Sở Y tế có được ủy quyền tiếp cho người khác không?
6312,fold_0,1,6,>100,1.0,1.0,0,Viên chức chuyên ngành văn hóa gồm những ai?
115262,fold_4,1,90,>100,1.0,1.0,0,Chơi lô tô ăn tiền dịp nghỉ Tết Âm lịch bị phạt như thế nào?
150286,fold_0,1,2,1,1.0,1.0,0,Nội dung chương trình tập huấn về nghiệp vụ giáo viên dạy thực hành lái xe ô tô gồm những gì?
50066,fold_2,2,1,11,0.5,0.5,0,Chi nhánh của doanh nghiệp có tư cách pháp nhân không?
115392,fold_1,1,1,6,1.0,1.0,0,Tuyến cố định trong kinh doanh vận tải hành khách bằng xe ô tô được thiết lập dựa trên những tiêu chí nào?
122264,fold_0,1,2,33,1.0,1.0,0,Mức hỗ trợ tiền điện cho hộ nghèo theo chính sách của nhà nước hiện nay là bao nhiêu?
119506,fold_1,1,3,8,1.0,1.0,0,Giám đốc Công an tỉnh có quyền xử phạt trường trung cấp nghề gian lận hồ sơ để được cơ quan có thẩm quyền quyết định công nhận trường chất lượng cao không?
124166,fold_4,1,>100,>100,0.0,0.0,0,Thế nào là lý lịch Đảng viên?
163306,fold_0,1,1,4,1.0,1.0,0,Thời hiệu kỷ luật tổ chức đảng khi phải áp dụng hình thức cảnh cáo là bao lâu?
71372,fold_1,1,53,>100,1.0,1.0,0,Sau khi điều trị thì người bệnh phải đạt tiêu chuẩn gì thì mới được xem là khỏi bệnh?
28432,fold_2,1,1,14,1.0,1.0,0,Hội đồng quản lý trong đơn vị sự nghiệp công lập thuộc ngành tài nguyên và môi trường làm việc dựa trên những nguyên tắc nào?
15950,fold_3,1,1,1,1.0,1.0,0,Khi kiểm định xe ô tô có hư hỏng gây nguy hiểm trực tiếp và tức thời thì có được cấp Giấy chứng nhận kiểm định không?
153036,fold_1,1,5,5,1.0,1.0,0,"Mẫu tờ khai số thu từ cổ phần hóa doanh nghiệp, đơn vị sự nghiệp công lập được quy định như thế nào?"
72240,fold_3,1,7,1,1.0,1.0,0,Chủ sở hữu quyền sở hữu công nghiệp chuyển giao quyền sở hữu của mình cho cá nhân khác thì được xác định là hình thức chuyển giao nào?
129636,fold_0,1,1,1,1.0,1.0,0,Các quốc gia xoá bỏ sự phân biệt đối xử đối với người khuyết tật trong các vấn đề liên quan đến hôn nhân và gia đình để bảo đảm những vấn đề gì?
74088,fold_3,1,1,1,1.0,1.0,0,"Quyết định hủy bỏ quyết định trưng mua, trưng dụng tài sản có bắt buộc phải được thể hiện bằng văn bản không?"
112530,fold_3,1,1,93,1.0,1.0,0,Trách nhiệm của doanh nghiệp xã hội là gì?
23774,fold_1,1,1,1,1.0,1.0,0,Việc quản lý tài khoản quản trị Cơ sở dữ liệu quốc gia về xử lý vi phạm hành chính do cơ quan nào thực hiện?
24490,fold_3,3,1,1,0.6666666666666666,0.6666666666666666,0,"Thứ tự ưu tiên đối với các hộ gia đình được vay tiền để xây dựng nhà ở phòng, tránh bão, lụt khu vực miền Trung được quy định như thế nào?"
159426,fold_4,1,12,4,1.0,1.0,0,Thực hiện thủ tục cấp giấy phép để xây dựng cơ sở bức xạ phải nộp lệ phí bao nhiêu?
29940,fold_3,1,3,1,1.0,1.0,0,"Sử dụng, quyết toán kinh phí tổ chức thực hiện bồi thường, hỗ trợ, tái định cư và cưỡng chế kiểm đếm như thế nào?"
151872,fold_4,1,23,16,1.0,1.0,0,Vận chuyển trái phép súng săn bị xử phạt như thế nào?
19732,fold_2,1,>100,1,1.0,1.0,0,Thủ phạm xâm hại tình dục trẻ em thường là những đối tượng nào?
36144,fold_2,1,>100,2,1.0,1.0,0,Thẻ an toàn nhóm 3 do ai cấp? Doanh nghiệp có thể tự cấp Thẻ an toàn nhóm 3 cho nhân viên hay không?
43982,fold_1,1,>100,2,1.0,1.0,0,Áp dụng biện pháp đặt tiền để bảo đảm thay thế cho biện pháp tạm giam trong trường hợp nào?
1146,fold_2,1,10,1,1.0,1.0,0,Người học ngành phiên dịch tiếng Anh thương mại trình độ cao đẳng sau khi tốt nghiệp phải có khả năng sử dụng ngoại ngữ như thế nào?
78624,fold_0,1,>100,9,1.0,1.0,0,Trường hợp không lưu trữ điều lệ công ty tại trụ sở chính khi không có quy định về địa điểm khác thì có bị phạt hay không?
151428,fold_0,1,2,5,1.0,1.0,0,Doanh nghiệp viễn thông bị nghiêm cấm thực hiện những hành vi nào khi kinh doanh dịch vụ viễn thông?
58666,fold_0,1,46,16,1.0,1.0,0,Hình thức thực hiện chính sách hỗ trợ về nhà ở xã hội đối với hộ cận nghèo tại khu vực đô thị
141824,fold_3,1,3,90,1.0,1.0,0,Khoản vay nước ngoài của doanh nghiệp nhà nước được quy định như thế nào?
35578,fold_1,1,7,28,1.0,1.0,0,Bộ Tư pháp tiếp công dân đến khiếu nại tố cáo vào khoảng thời gian nào trong tuần?
153108,fold_4,1,3,2,1.0,1.0,0,"Trình tự, thủ tục đối với dự án thuộc thẩm quyền chấp thuận chủ trương đầu tư ra nước ngoài của Thủ tướng Chính phủ thực hiện như thế nào?"
136602,fold_3,2,1,1,0.5,0.5,0,Trưởng khu phố tỉnh Bắc Ninh bị miễn nhiệm trong những trường hợp nào?
102472,fold_2,2,23,1,1.0,1.0,0,Trạm xăng không niêm yết giá bán lẻ xăng dầu cho khách hàng có bị xử phạt hay không?
52498,fold_2,2,1,6,1.0,1.0,0,Đăng ký tàu biển không thời hạn là gì?
65106,fold_1,1,2,22,1.0,1.0,0,Mức lương cơ sở để lập kế hoạch chi cho con người của tòa án nhân dân là bao nhiêu?
42204,fold_0,1,1,>100,1.0,1.0,0,Môi giới bất động sản là hoạt động như thế nào?
6674,fold_3,1,2,1,1.0,1.0,0,Cán bộ chấm thi bài thi tự luận trong kỳ thi tốt nghiệp THPT năm 2023 có được đem điện thoại vào phòng chấm thi không?
165276,fold_0,1,4,4,1.0,1.0,0,"Có bắt buộc phải cung cấp giấy xác nhận đối tượng và thực trạng nhà ở khi đăng ký thuê, thuê mua nhà ở xã hội không?"
73766,fold_0,4,33,3,0.5,0.5,0,Mức tiền thưởng đối với cá nhân được truy tặng Huân chương Bảo vệ Tổ quốc hạng ba là bao nhiêu?
137582,fold_1,1,7,26,1.0,1.0,0,Có bắt buộc phải xuất trình CMND khi khám chữa bệnh bảo hiểm y tế?
65454,fold_1,1,6,2,1.0,1.0,0,Thời hạn giải quyết hồ sơ trả lại Giấy phép khai thác khoáng sản là bao lâu?
74518,fold_2,1,94,3,1.0,1.0,0,Việc thử tương đương sinh học của thuốc gồm những giai đoạn nào?
114140,fold_2,2,5,41,1.0,1.0,0,Hành vi xây dựng trang trại chăn nuôi cách khu vực trường học 150m thì bị xử phạt như thế nào?
42844,fold_3,1,>100,4,1.0,1.0,0,Khu nội trú cơ sở giáo dục đại học có khu trông giữ các phương tiện giao thông của sinh viên không?
32902,fold_1,1,1,1,1.0,1.0,0,"Cảnh sát cơ động có trách nhiệm bảo vệ sự kiện, mục tiêu quan trọng về chính trị, kinh tế, ngoại giao theo quy định tại Luật Cảnh sát cơ động năm 2022?"
162746,fold_3,1,1,4,1.0,1.0,0,Pháo là gì? Pháo hoa là gì?
32482,fold_4,1,6,1,1.0,1.0,0,Thủ tục đăng ký thay đổi khoản phát hành trái phiếu quốc tế được thực hiện như thế nào?
37142,fold_1,1,2,21,1.0,1.0,0,Tổng thời gian làm việc của giáo viên tiểu học được quy định như thế nào?
9060,fold_4,1,35,>100,1.0,1.0,0,Tốt nghiệp đại học chuyên ngành tin thì có cần chứng chỉ tin học theo yêu cầu của giáo viên THPT hạng III không?
154908,fold_3,1,3,>100,1.0,1.0,0,Xử lý vi phạm pháp luật về an toàn thực phẩm được thực hiện theo quy định như thế nào?
5072,fold_2,1,4,4,1.0,1.0,0,Điều kiện hưởng lương hưu khi suy giảm khả năng lao động trong trường hợp nào?
134130,fold_4,1,1,2,1.0,1.0,0,Nơi nộp hồ sơ và nhận kết quả cấp lần đầu thẻ ABTC đối với doanh nhân Việt Nam thực hiện như thế nào?
28644,fold_2,1,48,6,1.0,1.0,0,Hồ sơ khai thuế đối với hộ khoán bao gồm những giấy tờ nào?
28816,fold_4,2,3,3,1.0,1.0,0,Kiểm soát viên Tổng công ty Giấy Việt Nam phải đáp ứng những tiêu chuẩn gì?
28258,fold_4,1,4,2,1.0,1.0,0,Những việc nào Thừa phát lại không được làm trong quan hệ với người yêu cầu?
58266,fold_2,1,54,3,1.0,1.0,0,Mẫu đề nghị thêm thành viên vào nhóm thư điện tử công vụ của Bộ Giáo dục và Đào tạo mới nhất hiện nay?
3420,fold_1,1,2,2,1.0,1.0,0,Có thể quảng cáo rượu bia trên các phương tiện giao thông không?
77740,fold_0,1,4,>100,1.0,1.0,0,Công chức sinh con thứ ba trong trường hợp nào sẽ không bị xử lý kỷ luật?
17930,fold_3,1,15,2,1.0,1.0,0,Không có chữ ký điện tử của người mua trên hóa đơn điện tử thì có hợp pháp?
87424,fold_0,1,6,>100,1.0,1.0,0,Chuyển nhượng quyền sử dụng đất khi không đáp ứng được điều kiện riêng?
79794,fold_1,1,>100,>100,0.0,0.0,0,Ai có trách nhiệm thực hiện thủ tục chuyển quyền sở hữu cho người mua?
39366,fold_2,1,2,2,1.0,1.0,0,Luận tội của Kiểm sát viên phải có những nội dung nào?
111308,fold_2,1,1,1,1.0,1.0,0,Cục hàng không sẽ cấp giấy chứng nhận đăng ký quốc tịch cho tàu bay trong thời hạn bao nhiêu ngày làm việc?
39462,fold_3,1,1,>100,1.0,1.0,0,Bộ máy giúp việc của Cục Công nghiệp địa phương bao gồm những đơn vị nào?
142214,fold_3,1,1,3,1.0,1.0,0,Để chẩn đoán bệnh viêm đường hô hấp mãn tính ở gà cần dùng đến những loại môi trường nuôi cấy vi khuẩn nào?
166672,fold_0,2,1,1,0.5,0.5,0,Doanh nghiệp cần chuẩn bị những giấy tờ gì khi thực hiện thủ tục đề nghị cấp giấy phép kinh doanh dịch vụ lữ hành nội địa?
52374,fold_2,1,1,2,1.0,1.0,0,Chủ tịch Ủy ban nhân dân cấp xã có quyền xử phạt người buôn bán thuốc thú y không có cửa hàng địa điểm cố định không?
80162,fold_1,1,5,>100,1.0,1.0,0,Hóa chất có hạn sử dụng trong hoạt động hóa chất hay không?
87154,fold_3,1,2,>100,1.0,1.0,0,Chính sách phát triển hàng không dân dụng được pháp luật quy định như thế nào?
149664,fold_4,1,>100,>100,0.0,0.0,0,Trường hợp cần thay đổi Chủ tịch Hội đồng thương lượng tập thể thì cần đề nghị cho cơ quan nào quyết định?
92976,fold_3,1,>100,1,1.0,1.0,0,Có phải đóng phí cho Ủy ban nhân dân xã giám sát trong thời gian được hưởng án treo hay không?
154632,fold_1,1,59,25,1.0,1.0,0,Đặt tiền bảo lãnh xe ô tô khi bị xử phạt do vi phạm nồng độ cồn thừa thì có được nhận lại số tiền thừa không?
77954,fold_2,1,2,4,1.0,1.0,0,Các cuộc họp của cơ quan Bộ Tư pháp phải xin phép Thủ tướng Chính phủ là những cuộc họp nào?
36198,fold_4,1,1,6,1.0,1.0,0,"06 trường hợp nào thực hiện thủ tục hành chính liên thông về đăng ký khai tử trên toàn quốc, từ ngày 15/6/2023?"
145056,fold_2,1,>100,7,1.0,1.0,0,Theo pháp luật hiện hành thì ai người ký thông báo thay đổi người đại diện theo pháp luật của công ty trách nhiệm hữu hạn?
104890,fold_0,1,1,1,1.0,1.0,0,Hiệp hội Cao su Việt Nam hoạt động trong phạm vi nào?
167744,fold_1,1,1,1,1.0,1.0,0,Nội dung phương pháp Tiền sử dụng tài sản vô hình theo cách tiếp cận từ thu nhập trong thẩm định giá tài sản vô hình được quy định như thế nào?
148768,fold_4,1,2,69,1.0,1.0,0,Công tác đối ngoại quốc phòng trong các hoạt động quốc phòng để làm gì?
6588,fold_1,1,2,>100,1.0,1.0,0,Hồ sơ ứng cử và thời gian nộp hồ sơ ứng cử được quy định như thế nào?
101264,fold_0,1,6,32,1.0,1.0,0,Đến nơi khác học tập 1 năm thì có phải thực hiện đăng ký tạm trú không?
10606,fold_2,1,4,1,1.0,1.0,0,Vai trò của Ban Chỉ đạo thi hành án dân sự được quy định ra sao?
37648,fold_2,1,4,6,1.0,1.0,0,Ai được quyền đại diện Bộ Tài nguyên và Môi trường ký hợp đồng thực hiện nhiệm vụ khoa học và công nghệ cấp bộ?
162434,fold_2,1,1,8,1.0,1.0,0,"Tại nơi tiến hành công việc hàn điện sẽ cấm sử dụng hoặc bảo quản các nhiên liệu, vật liệu như thế nào?"
67486,fold_0,1,3,1,1.0,1.0,0,"Việc thu hồi Giấy đăng ký hoạt động của công ty đấu giá hợp danh được thực hiện theo trình tự, thủ tục nào?"
9038,fold_4,2,1,35,1.0,1.0,0,Trình tự thủ tục đăng ký kết hôn trong nước được pháp luật quy định như thế nào?
101220,fold_4,1,1,3,1.0,1.0,0,"Mức tiền xử phạt vi phạm hành chính đối với người từ chối mai táng, hoả táng người chết vì lý do liên quan đến HIV/AIDS là bao nhiêu?"
130480,fold_1,1,29,17,1.0,1.0,0,Kế hoạch luân chuyển công chức gồm những nội dung gì?
88322,fold_4,1,16,7,1.0,1.0,0,"Miễn kiểm định lần đầu thì đơn vị đăng kiểm căn cứ vào đâu để cấp Giấy chứng nhận kiểm định, tem kiểm định mà không phải thực hiện việc kiểm tra, đánh giá?"
72802,fold_0,1,14,1,1.0,1.0,0,Triệu chứng rối loạn lo âu lan tỏa do hậu COVID-19 gây ra?
141938,fold_1,1,1,>100,1.0,1.0,0,Hộ chiếu là loại giấy tờ như thế nào?
29550,fold_2,1,1,2,1.0,1.0,0,Tự ý tẩy xóa tài liệu trong hồ sơ đề nghị cấp Giấy chứng nhận đủ điều kiện kinh doanh đặt cược thì bị phạt bao nhiêu tiền?
43548,fold_2,1,6,5,1.0,1.0,0,"Thẩm quyền giải quyết theo thỏa thuận khởi kiện ở nơi cư trú, làm việc của nguyên đơn quy định như thế nào?"
2336,fold_3,1,23,6,1.0,1.0,0,Phải có tên trong sổ hộ khẩu mới được hưởng thừa kế có đúng không?
49268,fold_1,1,2,25,1.0,1.0,0,Hội An toàn và vệ sinh lao động Việt Nam có những nhiệm vụ gì?
61480,fold_3,1,4,30,1.0,1.0,0,Tổ chức vận chuyển 20 kg vật liệu nổ qua biên giới để về chế tạo pháo bán những ngày Tết được phân loại nhóm tội phạm gì?
160344,fold_0,1,1,2,1.0,1.0,0,Khi khảo sát địa hình công trình đê điều thì thành phần hồ sơ gồm những gì?
138046,fold_4,1,7,1,1.0,1.0,0,Nhuyễn thể hai mảnh vỏ là gì?
139204,fold_3,1,>100,3,1.0,1.0,0,Quyền và nghĩa vụ của các bên trong hợp đồng vận chuyển tài sản?
157384,fold_0,1,3,>100,1.0,1.0,0,Học sinh cấp 3 đánh nhau trong trường nên xử lý như thế nào?
80396,fold_3,1,2,36,1.0,1.0,0,Hội đồng thẩm định chương trình đào tạo trình độ sơ cấp của cơ sở giáo dục nghề nghiệp làm việc theo nguyên tắc gì?
45110,fold_4,2,1,>100,1.0,1.0,0,Giấy thông hành nhập xuất cảnh được hiểu như thế nào?
94156,fold_2,1,2,2,1.0,1.0,0,Những công chức lãnh đạo nào của Bộ Y tế thuộc đối tượng được luân chuyển?
93074,fold_3,1,1,6,1.0,1.0,0,Nếu tàu quân sự nước ngoài đến Việt Nam và vi phạm pháp luật Việt Nam thì bị xử lý như thế nào?
118968,fold_0,1,51,33,1.0,1.0,0,Mẫu biên bản về việc không nhận biên bản vi phạm hành chính trong ngành giao thông vận tải được quy định như thế nào?
88116,fold_4,1,6,7,1.0,1.0,0,Người học ngành công nghệ kỹ thuật cơ khí trình độ cao đẳng phải có mức độ tự chủ và trách nhiệm như thế nào?
93180,fold_1,1,1,35,1.0,1.0,0,Người cao tuổi được hưởng các chính sách bảo xã hội như thế nào?
49558,fold_0,1,5,1,1.0,1.0,0,"Hồ sơ, trình tự, thủ tục để thông báo sản phẩm quảng cáo trên bảng quảng cáo, băng-rôn cần những gì?"
164522,fold_4,1,1,2,1.0,1.0,0,Hợp đồng đại lý bán lẻ xăng dầu gồm những nội dung cụ thể nào?
165284,fold_2,1,28,4,1.0,1.0,0,Thủ tục chấm dứt hoạt động phân hiệu trường cao đẳng tại Bộ Lao động - Thương binh và Xã hội được thực hiện ra sao?
68834,fold_3,1,2,1,1.0,1.0,0,Việc xác định giá trị tài liệu lưu trữ của Ủy ban Dân tộc cần phải đáp ứng được những yêu cầu nào?
388,fold_0,1,1,1,1.0,1.0,0,Thí sinh dự thi sát hạch lý thuyết cấp giấy phép lái tàu đối với lái tàu trên đường sắt đô thị được công nhận đạt yêu cầu khi nào?
131694,fold_1,1,9,56,1.0,1.0,0,Công ty có phải tổ chức khám phát hiện bệnh nghề nghiệp cho người lao động tại nơi làm việc hay không?
84462,fold_4,1,3,1,1.0,1.0,0,Doanh nghiệp kinh doanh dịch vụ lữ hành nội địa có các quyền và nghĩa vụ nào?
44046,fold_2,1,9,28,1.0,1.0,0,Giải quyết phần vốn góp khi cá nhân chết theo di chúc được quy định như thế nào theo pháp luật hiện nay?
159598,fold_4,1,4,1,1.0,1.0,0,Nếu các bên thỏa thuận kéo dài thời hạn của thỏa ước lao động tập thể thì phải lấy ý kiến như thế nào?
130206,fold_1,1,1,>100,1.0,1.0,0,Doanh nghiệp nhà nước có thể thực hiện đầu tư ra ngoài doanh nghiệp bằng những hình thức nào?
42444,fold_0,1,10,1,1.0,1.0,0,Thủ tục khởi kiện quyết định hành chính của Ủy ban nhân dân xã ra sao?
17308,fold_3,1,7,56,1.0,1.0,0,Có bao nhiêu loại giấy phép xây dựng?
96750,fold_2,1,2,1,1.0,1.0,0,Công chức thuế có được nâng lương trước hạn khi đạt được những thành tích xuất sắc khi thực hiện nhiệm vụ được giao không?
147078,fold_0,1,1,92,1.0,1.0,0,Đăng ký tổ chức hội thảo của Viện kiểm sát nhân dân tối cao cần làm rõ một số nội dung gì?
63994,fold_4,1,23,1,1.0,1.0,0,Buôn lậu thuốc lá bị xử lý vi phạm hành chính như thế nào?
117666,fold_3,1,>100,9,1.0,1.0,0,Điều kiện để được đặt tên nhãn hiệu?
8910,fold_3,1,2,1,1.0,1.0,0,Thường trực Đoàn chủ tịch Hội Cựu thanh niên xung phong Việt Nam có những nhiệm vụ nào?
57330,fold_3,1,3,1,1.0,1.0,0,"Thực hiện an toàn vận chuyển, giao nhận LPG chai tới khách hàng sử dụng như thế nào?"
150456,fold_1,1,25,2,1.0,1.0,0,Thẩm quyền quyết định áp dụng biện pháp bình ổn giá với hàng hóa thuộc Danh mục hàng hóa thực hiện bình ổn giá thuộc về ai?
22144,fold_3,1,3,4,1.0,1.0,0,Điều chỉnh sổ thuế sử dụng đất nông nghiệp thực hiện như thế nào?
18630,fold_3,1,67,11,1.0,1.0,0,Có thể dùng tài khoản Cổng Dịch vụ công quốc gia để đăng nhập vào những trang điện tử công nào khác?
133648,fold_4,1,6,4,1.0,1.0,0,"Đăng ký hộ tịch nhận cha, mẹ thì con có được ủy quyền thực hiện hay không?"
10754,fold_1,1,2,28,1.0,1.0,0,Hoạt động thể thao trong các trường trung cấp nhằm mục đích gì?
49710,fold_1,1,1,>100,1.0,1.0,0,Tổ chức giám định tư pháp theo vụ việc trong lĩnh vực công thương phải đáp ứng những điều kiện gì?
17240,fold_2,1,1,10,1.0,1.0,0,Kế hoạch tác nghiệp trong thi công công trình xây dựng được lập dựa trên những cơ sở nào?
131828,fold_0,1,>100,6,1.0,1.0,0,Cơ sở kinh doanh dịch vụ lưu trú phải có trách nhiệm gì?
71956,fold_0,1,48,>100,1.0,1.0,0,Thủ tục đăng ký nhận con như thế nào?
103802,fold_4,1,2,20,1.0,1.0,0,Đánh giá hiệu quả hoạt động của doanh nghiệp nhà nước nhằm mục đích gì?
132594,fold_1,1,10,>100,1.0,1.0,0,Trình tự thực hiện thủ tục gia hạn nộp thuế như thế nào?
70086,fold_3,1,13,24,1.0,1.0,0,Hồ sơ thu hồi chứng thư số của cơ quan Nhà nước được quy định như thế nào?
75422,fold_3,1,1,2,1.0,1.0,0,Chó nghiệp vụ bảo vệ rừng trong các đơn vị Kiểm lâm được chăm sóc như thế nào?
35618,fold_2,1,>100,39,1.0,1.0,0,Mẫu Bản khai và tự xác định hạng chứng chỉ hành nghề xây dựng mới nhất? Tải Mẫu file word ở đâu?
135152,fold_4,1,3,>100,1.0,1.0,0,Hành vi nào bị cấm trong hoạt động hóa đơn?
58254,fold_0,1,1,77,1.0,1.0,0,Giám sát tối cao là gì?
65498,fold_2,2,4,6,1.0,1.0,0,Người lao động nghỉ không hưởng lương có được đóng bảo hiểm xã hội không?
160660,fold_1,1,1,>100,1.0,1.0,0,Hệ thống chỉ huy và chức vụ chỉ huy của Dân quân tự vệ bao gồm những thành phần nào theo quy định pháp luật hiện nay?
105682,fold_1,1,2,9,1.0,1.0,0,Mẫu Tờ khai kỹ thuật mẫu giống cây trồng hiện nay? Lưu mẫu giống cây trồng nhân giống bằng phương pháp hữu tính thực hiện như thế nào?
110810,fold_3,1,1,8,1.0,1.0,0,"Các đơn vị thực hiện như thế nào khi cần sửa đổi số liệu trong báo cáo thống kê công tác giải quyết, xét xử các loại vụ án trong Tòa án quân sự?"
134462,fold_2,1,2,1,1.0,1.0,0,Thư viện lợi dụng hoạt động của mình để chống phá nhà nước bị đình chỉ hay chấm dứt hoạt động?
93842,fold_2,1,1,3,1.0,1.0,0,Nguyên tắc quản lý về lưu trữ hồ sơ trong hệ thống Tòa án nhân dân do ai thống nhất quy định?
26966,fold_2,1,1,2,1.0,1.0,0,Thành viên Hội đồng thành viên Tổng công ty Giấy Việt Nam có thể kiêm chức vụ Tổng giám đốc hay không?
95682,fold_3,1,2,1,1.0,1.0,0,Thiết kế mạng điện trong trường mầm non cần đảm bảo các yêu cầu gì?
123094,fold_3,1,26,13,1.0,1.0,0,Thu gom chất được kiểm soát là gì? Xử lý các chất được kiểm soát là gì?
5528,fold_3,1,2,28,1.0,1.0,0,Thời gian thực tế công tác tại vùng có điều kiện kinh tế - xã hội đặc biệt khó khăn được xác định như thế nào?
57082,fold_3,1,2,6,1.0,1.0,0,Hồ sơ đăng ký kiểm tra về an toàn thực phẩm nhập khẩu gồm những tài liệu gì?
43020,fold_2,1,12,92,1.0,1.0,0,Có những hình thức nào để thực hiện chính sách hỗ trợ về nhà ở xã hội?
60858,fold_2,3,2,5,0.3333333333333333,0.3333333333333333,0,"Chi cục trưởng Chi cục Thuế cần đảm bảo thêm các trình độ, chứng chỉ nào khác?"
144616,fold_3,1,1,13,1.0,1.0,0,Trưởng Ban Chỉ đạo về Chuyển đổi số Bộ Công Thương làm việc theo chế độ nào?
85434,fold_4,1,15,1,1.0,1.0,0,Hợp đồng đối tác công tư thành lập chương trình PPP là gì?
68712,fold_1,1,1,13,1.0,1.0,0,Công dân từ đủ 14 tuổi trở lên làm thủ tục cấp thẻ Căn cước công dân lần đầu có phải nộp lệ phí không?
45130,fold_1,1,>100,8,1.0,1.0,0,"Thẩm tra tình hình công nợ, vật tư, thiết bị tồn đọng?"
151744,fold_2,1,1,1,1.0,1.0,0,Sở giao dịch chứng khoán có quyền gì đối với hoạt động giao dịch chứng khoán phái sinh?
161988,fold_2,1,1,75,1.0,1.0,0,Nhà sư có thể nhận nuôi con nuôi hay không?
32772,fold_0,1,>100,38,1.0,1.0,0,Hồ sơ đăng ký biến động khi muốn xây dựng chuồng trại chăn nuôi gia súc trên đất trồng cây hàng năm gồm những giấy tờ gì?
71116,fold_4,1,64,1,1.0,1.0,0,"Quyết định phê duyệt chủ trương thực hiện dự án hỗ trợ kỹ thuật, phi dự án sử dụng vốn ODA không hoàn lại gồm những nội dung gì?"
7824,fold_1,1,9,1,1.0,1.0,0,Kho bạc nhà nước có thể hạch toán kế toán bằng chứng từ điện tử hay không?
80452,fold_4,1,1,1,1.0,1.0,0,Căn cứ đánh giá phân loại người quản lý tại các đơn vị thuộc Ngân hàng Nhà nước là gì?
19544,fold_3,1,1,>100,1.0,1.0,0,Hồ sơ đăng ký đi nghĩa vụ công an gồm những thành phần nào?
138068,fold_1,1,1,1,1.0,1.0,0,"Thẩm quyền điều chỉnh, gia hạn, cấp lại và thu hồi giấy phép xây dựng tỉnh Bạc Liêu?"
32608,fold_1,1,8,3,1.0,1.0,0,Cơ quan nào có thẩm quyền cấp giấy chứng nhận đủ điều kiện sản xuất và kinh doanh hóa chất sản xuất kinh doanh có điều kiện trong lĩnh vực công nghiệp?
43356,fold_0,1,1,1,1.0,1.0,0,Cơ cấu tổ chức của Cục Điều tra chống buôn lậu như thế nào?
105946,fold_2,1,88,9,1.0,1.0,0,"Ai có quyền bầu, miễn nhiệm, bãi nhiệm Chủ tịch Hội đồng quản trị?"
130778,fold_2,1,7,3,1.0,1.0,0,Đèn xanh người lái xe máy không chạy có vi phạm Luật giao thông hay không?
99678,fold_1,1,34,4,1.0,1.0,0,Tòa án triệu tập lần 2 nhưng bị đơn vắng mặt mà không có người đại diện tham gia phiên tòa thì giải quyết như thế nào?
99690,fold_3,1,4,37,1.0,1.0,0,Doanh nghiệp bán hàng đa cấp đã được cấp giấy chứng nhận đăng ký hoạt động nhưng muốn thay đổi danh mục hàng hóa thì có được đề nghị sửa đổi không?
21736,fold_2,1,1,1,1.0,1.0,0,Thủ tục thanh toán chi phí quản lý dự án đầu tư của các dự án sử dụng vốn ngân sách nhà nước qua Kho bạc Nhà nước được thực hiện bằng những cách thức nào?
133602,fold_4,1,1,>100,1.0,1.0,0,Mẫu báo cáo công tác bảo vệ môi trường trong hoạt động hàng không dân dụng mới nhất được quy định như thế nào?
31586,fold_3,2,>100,>100,0.0,0.0,0,"Quy định về đối tượng, điều kiện dự tuyển ngoài ngành Công an nhân dân 2023 như thế nào?"
119360,fold_3,1,2,>100,1.0,1.0,0,Để cấp Giấy phép môi trường thì cần căn cứ vào các yếu tố nào?
128176,fold_0,2,10,20,1.0,1.0,0,Trong thời hạn bao lâu thì Tổ trưởng Tổ kiểm toán phải hoàn thành dự thảo biên bản kiểm toán?
12454,fold_0,1,5,1,1.0,1.0,0,Người lái xe tham gia giao thông cần đảm bảo điều kiện nào?
43760,fold_1,1,>100,33,1.0,1.0,0,Thời hạn cấp Giấy chứng nhận đủ điều kiện buôn bán thuốc bảo vệ thực vật là bao lâu?
74028,fold_3,1,1,20,1.0,1.0,0,"Bộ máy tham mưu, giúp việc của Đảng ủy Khối Doanh nghiệp Trung ương gồm những cơ quan nào?"
35140,fold_0,1,23,10,1.0,1.0,0,Bảo đảm thực hiện hợp đồng đối với nhà thầu liên danh gửi cho chủ đầu tư thì một nhà thầu đứng ra làm thay cho nhà thầu còn lại với giá trị đủ theo quy định được không?
66586,fold_3,1,5,32,1.0,1.0,0,Việc chọn giáo viên trường trung học cơ sở làm Tổng phụ trách Đội do ai quyết định?
122636,fold_3,1,2,6,1.0,1.0,0,"Hồ sơ gửi lấy ý kiến Bộ Tài chính, Thường trực Hội đồng nhân dân cấp tỉnh về đề án sử dụng tài sản công vào mục đích kinh doanh cho thuê liên doanh, liên kết bao gồm những gì?"
150398,fold_3,1,1,2,1.0,1.0,0,Viên chức lãnh sự chuyên nghiệp có được hoạt động nghề nghiệp hoặc thương mại ở Nước tiếp nhận để kiếm lời cho cá nhân không?
85060,fold_3,1,20,12,1.0,1.0,0,Diện tích tối thiểu của thửa đất ở được phép tách thửa là bao nhiêu?
66568,fold_3,1,1,7,1.0,1.0,0,"Danh mục việc làm công chức nghiệp vụ chuyên ngành công thương trong các cơ quan chuyên môn thực hiện chức năng tham mưu, giúp Ủy ban nhân dân cấp tỉnh quản lý nhà nước về công thương có các vị trí nào?"
156000,fold_4,1,1,100,1.0,1.0,0,Văn phòng Thừa phát lại có những quyền và nghĩa vụ như thế nào theo quy định hiện nay?
119974,fold_4,1,78,1,1.0,1.0,0,Mô hình đầu tư xây dựng trụ sở làm việc của cơ quan nhà nước được quy định ra sao?
35432,fold_1,1,5,2,1.0,1.0,0,"Tổ chức, cá nhân có nguồn lực được huy động cho hoạt động bảo vệ an ninh, trật tự có những quyền lợi gì?"
7340,fold_2,1,54,49,1.0,1.0,0,Trưởng đoàn thanh tra chuyên ngành Bộ Tư pháp có quyền xử phạt người giám định tư pháp không giải thích kết luận giám định không?
159784,fold_0,1,1,1,1.0,1.0,0,Hội viên danh dự của Hiệp hội Các doanh nghiệp ứng dụng công nghệ cao trong nông nghiệp làm ảnh hưởng nghiêm trọng đến quyền lợi của Hiệp hội có bị khai trừ không?
111574,fold_2,1,>100,>100,0.0,0.0,0,Người đại diện được pháp luật quy định như thế nào?
119476,fold_4,1,1,1,1.0,1.0,0,Các tập thể ngoài ngành Nông nghiệp và Phát triển nông thôn có được in ấn phẩm để quảng bá sản phẩm đạt được Giải thưởng Bông lúa vàng Việt Nam hay không?
152242,fold_0,1,7,1,1.0,1.0,0,Hồ sơ đề nghị đóng cảng hàng không sân bay bao gồm các tài liệu gì?
106976,fold_1,2,1,1,1.0,1.0,0,"Công ty mẹ Tập đoàn Viễn thông Quân đội phải tổ chức kiểm kê, xác định số lượng tài sản trong trường hợp nào?"
95506,fold_3,1,1,>100,1.0,1.0,0,Viên chức là gì?
18234,fold_4,1,1,3,1.0,1.0,0,"Mức thu, miễn, giảm, thu, nộp, quản lý và sử dụng một số khoản phí, lệ phí trên địa bàn tỉnh Lai Châu được quy định như thế nào?"
13844,fold_1,1,21,4,1.0,1.0,0,Mang thai hộ vì mục đích nhân đạo được quy định như thế nào?
116906,fold_4,1,11,>100,1.0,1.0,0,Sản phẩm thuốc lá có phải công bố hợp quy hay không?
4016,fold_3,1,>100,3,1.0,1.0,0,Khai không đúng sự thật để đăng ký việc nuôi con nuôi bị xử phạt như thế nào?
167822,fold_2,1,8,1,1.0,1.0,0,Không áp dụng biện pháp đưa vào cơ sở giáo dục bắt buộc đối với những cá nhân nào?
60792,fold_2,1,1,97,1.0,1.0,0,Việc tổ chức công bố quyết định kiểm toán trong quy trình kiểm toán do ai thực hiện?
9576,fold_4,1,>100,31,1.0,1.0,0,"Mẫu đề cương báo cáo giữa kỳ kết quả kiểm định chất lượng chương trình đào tạo và kế hoạch cải tiến, nâng cao chất lượng chương trình đào tạo mới nhất 2023?"
163220,fold_0,1,2,5,1.0,1.0,0,Tên của thực phẩm bao gói sẵn được thể hiện trên nhãn sản phẩm như thế nào?
81918,fold_1,1,39,1,1.0,1.0,0,Các bước chuẩn bị cho phẫu thuật chuyển vạt che phủ phần mềm cuống mạch rời ra sao?
118362,fold_2,1,2,>100,1.0,1.0,0,Nhà ở xã hội là gì?
22690,fold_1,1,87,5,1.0,1.0,0,Người được bổ nhiệm làm Phó Vụ trưởng đơn vị thuộc Tổng cục Hải quan phải có thời gian công tác trong ngành tài chính tối thiểu bao nhiêu năm?
121038,fold_4,1,1,>100,1.0,1.0,0,Thời gian bảo quản hồ sơ và tài liệu của Ngân hàng Nhà nước Việt Nam được xác định như nào?
121882,fold_2,1,58,22,1.0,1.0,0,Trong trường hợp nào thì địa điểm kinh doanh được xem là chấm dứt hoạt động?
11454,fold_4,1,>100,30,1.0,1.0,0,Trách nhiệm của tổ chức bưu chính trong việc thực hiện lệnh thu giữ bưu chính được quy định ra sao?
87840,fold_3,1,13,1,1.0,1.0,0,Người kinh doanh vận tải hành khách bằng đường thủy nội địa có quyền từ chối hành khách đã mua vé nhưng gây mất trật tự không?
102108,fold_3,1,1,1,1.0,1.0,0,Trường hợp nào được loại trừ trách nhiệm bồi thường bảo hiểm cháy nổ theo quy định pháp luật?
48882,fold_0,1,2,3,1.0,1.0,0,Trách nhiệm của cơ quan sử dụng sĩ quan biệt phái trong việc quản lý sĩ quan biệt phái được quy định thế nào?
57882,fold_3,1,1,4,1.0,1.0,0,Đăng ký tuyển sinh dự bị đại học ngành Giáo dục Mầm non như thế nào?
104294,fold_2,1,14,2,1.0,1.0,0,Người thân thích của người bị tạm giữ có được làm người chứng kiến trong tố tụng hình sự hay không?
140756,fold_0,1,2,5,1.0,1.0,0,Phương thức thực hiện đề án Chương trình mục tiêu quốc gia đối với vùng dân tộc thiểu số và miền núi?
26234,fold_4,1,1,1,1.0,1.0,0,Chế độ đối với cán bộ không đủ tuổi tái cử thì giải quyết như thế nào?
76936,fold_1,1,1,62,1.0,1.0,0,Ưu tiên đầu tư tài chính và đất đai xây dựng trường học ra sao?
15536,fold_4,1,7,5,1.0,1.0,0,Tiêu chuẩn đánh giá năng lực và kinh nghiệm nhà thầu có được quy định trong hồ sơ dự thầu hay không?
102398,fold_3,1,24,3,1.0,1.0,0,Khi nào thì người bệnh được chỉ định tháo phương tiện kết hợp xương?
82564,fold_4,1,73,8,1.0,1.0,0,"Trường hợp nào trả tự do cho người bị tạm giữ, tạm giam?"
5320,fold_3,1,4,4,1.0,1.0,0,Nhà chung cư xây dựng để bán chỉ có 30 căn hộ có phải tổ chức hội nghị nhà chung cư lần đầu không?
55984,fold_2,1,1,>100,1.0,1.0,0,Thực hiện theo dõi công tác bồi thường nhà nước dựa vào căn cứ nào?
95240,fold_2,1,1,1,1.0,1.0,0,"Đảng viên đã bị xử lý kỷ luật do có hành vi tặng quà cho người có chức vụ, quyền hạn để được ưu ái vị trí công tác nhưng tái phạm thì sẽ bị kỷ luật như thế nào?"
104238,fold_1,1,>100,>100,0.0,0.0,0,Uống rượu bia gây tai nạn giao thông chết người bồi thường cho người bị tai nạn như thế nào?
150518,fold_0,1,1,1,1.0,1.0,0,"Người sản xuất, nhập khẩu dụng cụ điện cầm tay truyền động bằng động cơ phải thực hiện các yêu cầu về quản lý chất lượng như thế nào?"
152190,fold_1,2,1,22,1.0,1.0,0,Vai trò của Chủ tịch Quốc hội là gì?
146492,fold_1,1,3,5,1.0,1.0,0,"Nguồn gen giống vật nuôi được thu thập, bảo tồn, khai thác và phát triển như thế nào?"
77886,fold_1,1,1,37,1.0,1.0,0,Văn phòng luật sư có các quyền gì?
142042,fold_0,1,1,7,1.0,1.0,0,Phòng Chế độ và Tiền lương thuộc Vụ Tổ chức cán bộ Bảo hiểm xã hội Việt Nam thực hiện chức năng gì?
139816,fold_1,1,1,35,1.0,1.0,0,Trường hợp địa phương có riêng Sở Văn hóa và Thể thao và Sở Du lịch thì nhiệm vụ và quyền hạn được quy định thế nào?
64986,fold_1,1,29,3,1.0,1.0,0,Tổ chức lễ trao tặng danh hiệu vinh dự nhà nước Thầy thuốc Nhân dân theo thứ bậc nào?
123088,fold_4,1,2,8,1.0,1.0,0,Người đang hưởng lương hưu có thuộc đối tượng tham gia bảo hiểm y tế không?
3358,fold_4,1,2,1,1.0,1.0,0,Điều kiện để người nước ngoài được xét tặng Giải thưởng Phạm Ngọc Thạch về công tác phòng chống lao và bệnh phổi là gì?
64856,fold_4,1,1,1,1.0,1.0,0,Hộp thư điện tử cấp cho cá nhân trong đơn vị thuộc Bộ Văn hóa Thể thao và Du lịch sẽ bị tạm dừng trong trường hợp nào?
29656,fold_3,1,28,6,1.0,1.0,0,Thời gian được coi là thời gian làm việc để tính số ngày nghỉ hằng năm của người lao động được quy định như thế nào?
56228,fold_3,1,18,24,1.0,1.0,0,Ban Thanh tra nhân dân ở cấp xã là bao gồm những ai?
37444,fold_4,1,23,6,1.0,1.0,0,Người ra quyết định hủy bỏ áp dụng biện pháp tạm giữ có phải chuyển hồ sơ và bàn giao người bị tạm giữ không?
27382,fold_4,1,2,4,1.0,1.0,0,Đối tượng nào được trang bị vũ khí quân dụng?
102984,fold_2,1,1,38,1.0,1.0,0,Cơ quan nào có thẩm quyền tuyển dụng công chức Bộ Tài chính?
105320,fold_0,1,29,70,1.0,1.0,0,Xây dựng nhà ở trên đất vườn liệu có được hay không?
4532,fold_1,1,3,>100,1.0,1.0,0,Việc đóng kinh phí công đoàn thuộc về trách nhiệm của ai?
102088,fold_0,1,9,3,1.0,1.0,0,Không có mặt của người làm chứng tại phiên tòa xét xử vụ án dân sự thì phiên tòa có bị hoãn không?
76840,fold_1,1,>100,43,1.0,1.0,0,Việc chuyển nhượng theo hình thức thỏa thuận tại các công ty cổ phần chưa niêm yết được thực hiện trong trường hợp nào?
55346,fold_1,1,1,1,1.0,1.0,0,Nguyên tắc tham gia bảo hiểm cháy nổ bắt buộc được pháp luật quy định ra sao?
113448,fold_2,1,1,1,1.0,1.0,0,"Khung xếp hạng các tổ chức sự nghiệp, dịch vụ công lập thuộc ngành y tế có mấy thứ hạng?"
818,fold_1,1,40,5,1.0,1.0,0,Tổ chức nhập khẩu vật liệu chịu sự kiểm soát hạt nhân có trách nhiệm như thế nào?
145500,fold_2,1,2,8,1.0,1.0,0,Thời gian đã tham gia bảo hiểm y tế trước khi đi nước ngoài làm việc có được tính hưởng bảo hiểm y tế 05 năm liên tục không?
166408,fold_2,1,84,1,1.0,1.0,0,Các bên không thỏa thuận được thời hạn bốc hàng thì giải quyết như thế nào?
50576,fold_4,1,>100,4,1.0,1.0,0,Bồi thường thiệt hại do súc vật gây ra dựa trên những nguyên tắc nào?
135192,fold_4,1,1,3,1.0,1.0,0,"Có cần phải lấy ý kiến các bộ, ngành liên quan khi đề nghị phê duyệt phương án phát triển cụm công nghiệp hay không?"
46006,fold_3,1,1,1,1.0,1.0,0,Quyền của thành viên hợp tác xã?
54218,fold_2,1,3,4,1.0,1.0,0,Trang thiết bị y tế nghiên cứu lâm sàng cần đáp ứng những điều kiện gì?
69082,fold_0,1,7,1,1.0,1.0,0,Chứng chỉ hành nghề đo đạc và bản đồ hạng I của cá nhân được đăng tải những thông tin gì?
98720,fold_3,1,>100,6,1.0,1.0,0,"Thủ tục giải quyết yêu cầu tuyên bố một người có khó khăn trong nhận thức, làm chủ hành vi được quy định như thế nào?"
153242,fold_1,1,>100,5,1.0,1.0,0,Phạm vi áp dụng thủ tục rút gọn được quy định như thế nào?
56164,fold_3,1,40,1,1.0,1.0,0,Chương trình xây dựng định mức kinh tế kỹ thuật được thành lập vào thời gian nào?
31410,fold_3,4,1,1,1.0,1.0,0,Chính sách khoanh nuôi xúc tiến tái sinh rừng theo Chương trình mục tiêu quốc gia phát triển kinh tế - xã hội vùng đồng bào dân tộc thiểu số và miền núi giai đoạn 2021-2025?
64634,fold_3,1,1,1,1.0,1.0,0,"Cá nhân khi phản ánh, kiến nghị về quy định hành chính bằng điện thoại có được sử dụng tiếng nước ngoài?"
133912,fold_4,1,4,4,1.0,1.0,0,Mẫu Báo cáo lưu chuyển tiền tệ dành cho tổ chức tài chính vi mô được quy định như thế nào?
102066,fold_3,1,3,9,1.0,1.0,0,Chủ tịch ủy ban nhân dân phường có thẩm quyền để xử phạt đối với hành vi vứt rác bừa bãi hay không?
66406,fold_1,1,1,1,1.0,1.0,0,Công trình nghiên cứu khoa học được xét tặng Giải thưởng Hồ Chí Minh về khoa học và công nghệ gồm những công trình nào?
75262,fold_1,1,13,10,1.0,1.0,0,Ai là người có thẩm quyền đánh giá cán bộ trước khi đưa vào quy hoạch?
127734,fold_4,1,1,5,1.0,1.0,0,Nhiệm vụ của cấp chi bộ trong công tác kiểm tra giám sát Đảng được quy định như thế nào?
152830,fold_2,1,1,1,1.0,1.0,0,Mục tiêu của Đề án Bồi dưỡng cán bộ Đoàn Thanh niên Cộng sản Hồ Chí Minh giai đoạn 2023 - 2027?
90914,fold_4,2,4,2,1.0,1.0,0,Lái xe phục vụ chức danh Phó Chủ tịch nước có được hưởng phụ cấp trách nhiệm công việc hay không?
51382,fold_0,1,27,8,1.0,1.0,0,Thủ tục thực hiện đổi giấy phép lái xe do ngành Công an cấp cho học viên Học viện Cảnh sát được quy định như thế nào?
57794,fold_2,1,1,>100,1.0,1.0,0,Người muốn gia nhập Hội khoa học kỹ thuật Cầu đường Việt Nam thì phải đáp ứng những điều kiện gì?
143698,fold_0,1,27,>100,1.0,1.0,0,"Rà soát, bổ sung hồ sơ đăng ký dự thi theo hướng dẫn của Bộ Giáo dục và Đào tạo cần lưu ý điều gì?"
103318,fold_1,1,5,20,1.0,1.0,0,Sau khi tốt nghiệp ngành đo lường điện trình độ trung cấp thì người học phải có được tối thiểu những kiến thức nào?
2130,fold_0,1,1,22,1.0,1.0,0,Cục Địa chất và Khoáng sản Việt Nam có tư cách pháp nhân không? Cục Địa chất và Khoáng sản Việt Nam có trụ sở đặt tại đâu?
57468,fold_0,1,6,>100,1.0,1.0,0,Chế độ ở của học sinh trong trường giáo dưỡng như thế nào?
110848,fold_2,1,1,7,1.0,1.0,0,Khi Cảnh sát giao thông yêu cầu dừng xe thì hiệu lệnh dừng xe được thực hiện như thế nào?
19940,fold_1,1,39,2,1.0,1.0,0,"Thẩm quyền, trách nhiệm thực hiện luân chuyển công chức lãnh đạo, quản lý được quy định thế nào?"
2706,fold_4,2,11,89,1.0,1.0,0,Có yêu cầu trình độ tin học đối với kiểm soát viên khí tượng thủy văn hạng 4 hay không?
22458,fold_4,1,1,7,1.0,1.0,0,Tập sự hành nghề luật sư phải báo cáo quá trình tập sự như thế nào?
48348,fold_3,2,5,3,1.0,1.0,0,Quyết định công nhận tổ chức khảo nghiệm phân bón bị thu hồi trong những trường hợp nào?
117824,fold_1,1,2,1,1.0,1.0,0,Trường hợp nào thì hành vi hủy hoại tài sản người khác bị truy cứu trách nhiệm hình sự?
129920,fold_4,1,2,1,1.0,1.0,0,Đơn vị cấp nước có phải thiết lập các điểm đấu nối vào mạng lưới cấp nước cho mỗi khách hàng sử dụng nước không?
21812,fold_1,1,3,2,1.0,1.0,0,Thức ăn chăn nuôi nhập khẩu vi phạm chất lượng thì xử lý ra sao?
141406,fold_0,1,>100,>100,0.0,0.0,0,Quy trình xử lý dự thảo văn bản quy phạm pháp luật như thế nào?
60466,fold_3,1,50,>100,1.0,1.0,0,Nội dung cắt giảm của báo cáo tình hình hoạt động và báo cáo tình hình tài chính năm trước của Quỹ bảo toàn bao gồm những gì?
69288,fold_0,1,1,5,1.0,1.0,0,Lãnh đạo Cục Chăn nuôi gồm những ai?
42774,fold_1,1,2,28,1.0,1.0,0,Hợp tác quốc tế trong tố tụng hình sự là gì? Phạm vi hợp tác giữa Việt Nam và các nước được quy định như thế nào?
118716,fold_0,1,3,3,1.0,1.0,0,Không chấp hành lệnh gọi nhập ngũ bị phạt bao nhiêu tiền?
167780,fold_4,1,1,14,1.0,1.0,0,"Tiêu chí xếp loại cán bộ lãnh đạo, quản lý là gì?"
150740,fold_4,1,1,>100,1.0,1.0,0,Lãnh đạo Trung tâm Thông tin điện tử đối ngoại trực thuộc Cục Thông tin đối ngoại gồm những ai?
85818,fold_3,1,9,3,1.0,1.0,0,Quy định về bồi thường hỗ trợ khi Nhà nước thu hồi đất nông nghiệp do công chức đang sử dụng đất
103876,fold_4,1,13,3,1.0,1.0,0,Hồ sơ đăng ký chứng nhận chất lượng kiểu loại sản phẩm đối với xe chở hàng bốn bánh có gắn động cơ tại Thông tư 16/2022/TT-BGTVT?
59434,fold_1,1,12,>100,1.0,1.0,0,"Khi làm thủ tục chuyển nhượng sang tên từ mẹ tôi sang cho tôi, có cần sự có mặt của vợ tôi không?"
158124,fold_2,1,1,11,1.0,1.0,0,"Thủ tục, hồ sơ cấp Giấy phép kinh doanh vận tải đa phương thức quốc tế được quy định như thế nào?"
158000,fold_4,1,76,>100,1.0,1.0,0,Trung tâm chăm sóc sức khỏe người cao tuổi được miễn thuế giá trị gia tăng?
94550,fold_3,1,23,5,1.0,1.0,0,Cảnh sát cơ động có quyền dừng xe để xử lý vi phạm đối với lỗi sử dụng điện thoại khi tham gia lưu thông hay không?
15998,fold_1,2,57,8,0.5,0.5,0,Bị viêm phổi do covid-19 thì có đi nghĩa vụ quân sự không?
60534,fold_0,1,11,76,1.0,1.0,0,Mục tiêu về hình thành kho dữ liệu và xây dựng các hệ thống thông tin quản lý chuyên ngành đặt ra các nội dung nào?
99150,fold_4,2,1,>100,1.0,1.0,0,"Quy định mới về việc thay đổi điều kiện, điều khoản của trái phiếu là gì?"
100434,fold_4,1,2,4,1.0,1.0,0,Để đấu giá cho thuê quyền khai thác tài sản kết cấu hạ tầng hảng hải thì việc xác định giá khởi điểm được thực hiện như thế nào?
119064,fold_2,1,2,1,1.0,1.0,0,Vốn điều lệ của Tổng công ty Giấy Việt Nam có thể được tăng lên từ những nguồn nào?
143262,fold_1,1,>100,27,1.0,1.0,0,Trường hợp công chức lãnh đạo không được bổ nhiệm lại thì có được phân công công tác khác hay không?
109478,fold_4,1,8,1,1.0,1.0,0,"Quản lý thông tin dữ liệu về hoạt động vay, trả nợ nước ngoài của doanh nghiệp không được Chính phủ bảo lãnh thông qua công cụ nào?"
154024,fold_1,1,>100,>100,0.0,0.0,0,"Khen thưởng, xử lý vi phạm đối với học sinh trường giáo dưỡng như thế nào?"
70410,fold_4,1,>100,>100,0.0,0.0,0,Đăng ký khai sinh cho trẻ bị bỏ rơi được xác định như thế nào?
131920,fold_0,1,9,9,1.0,1.0,0,Bảo hộ quyền đối với giống cây trồng như thế nào?
160102,fold_1,1,27,>100,1.0,1.0,0,Ai có thẩm quyền lập biên bản vi phạm hành chính?
2358,fold_3,2,2,38,1.0,1.0,0,Thời hiệu xử lý kỷ luật đối với công chức cấp huyện là gì?
13128,fold_3,1,>100,>100,0.0,0.0,0,Cơ quan có thẩm quyền tiếp nhận phản ánh ý kiến như thế nào?
85150,fold_1,1,1,1,1.0,1.0,0,Quy trình thẩm định khoản tài trợ thuộc thẩm quyền phê duyệt của Bộ trưởng BKHĐT vào Quỹ Phát triển doanh nghiệp nhỏ và vừa theo quy trình rút gọn được thực hiện theo các bước như thế nào?
29272,fold_1,4,>100,>100,0.0,0.0,0,Những ai sẽ được tăng lương từ ngày 01/7/2023 khi mà tăng lương cơ sở?
102912,fold_3,1,3,7,1.0,1.0,0,"Cục trưởng Cục quản lý, giám sát bảo hiểm có quyền xử phạt doanh nghiệp môi giới bảo hiểm không thỏa bằng văn bản với khách hàng khi cung cấp dịch vụ không?"
98020,fold_4,1,4,4,1.0,1.0,0,Chức danh Phó Giám đốc Học viện Chính trị quốc gia Hồ Chí Minh cần đáp ứng những tiêu chuẩn nào?
64056,fold_4,1,1,1,1.0,1.0,0,Thời điểm ban hành quyết định áp dụng biện pháp cưỡng chế cách ly y tế trong trường hợp đối tượng thuộc diện phải áp dụng biện pháp cách ly y tế tại nhà?
9214,fold_2,1,4,6,1.0,1.0,0,"Thủ tục thay đổi, hủy bỏ đơn đăng ký hiến xác như thế nào?"
163870,fold_1,1,4,30,1.0,1.0,0,Trách nhiệm thẩm định sản phẩm quảng cáo thuộc thẩm quyền của cơ quan nhà nước nào?
130956,fold_1,1,>100,>100,0.0,0.0,0,Kết quả miễn nhiệm công chức lãnh đạo sẽ do ai phê chuẩn theo quy định của pháp luật?
152252,fold_2,2,1,>100,1.0,1.0,0,Cơ quan nào có liên quan đến việc lập báo cáo tài chính nhà nước?
78426,fold_3,1,1,>100,1.0,1.0,0,Tiêu chuẩn bổ nhiệm Tuyên truyền viên văn hóa chính ra sao?
168406,fold_4,1,2,2,1.0,1.0,0,Cơ quan nào có quyền cử người giải quyết yêu cầu bồi thường Nhà nước?
71234,fold_3,1,2,>100,1.0,1.0,0,Cơ quan nào sẽ thực hiện chi trả phụ cấp trách nhiệm theo nghề cho Thẩm tra viên cao cấp thi hành án?
100590,fold_0,1,5,26,1.0,1.0,0,Đề án tuyển sinh của các trường dự bị đại học được quy định như thế nào?
4264,fold_1,1,10,3,1.0,1.0,0,Thẻ ABTC đã bị hủy giá trị sử dụng thì có thể khôi phục được không?
1274,fold_0,1,1,1,1.0,1.0,0,Nghĩa vụ bảo đảm hàng hóa đối với hàng hóa tạm nhập tái xuất được quy định thế nào?
42744,fold_1,1,2,4,1.0,1.0,0,"Trình, thẩm định và phê duyệt kết quả lựa chọn nhà thầu đối với gói thầu áp dụng phương thức một giai đoạn hai túi hồ sơ như thế nào?"
18478,fold_1,1,1,14,1.0,1.0,0,Hội đồng sáng kiến cấp Văn phòng Quốc hội có bao nhiêu thành viên?
163392,fold_4,1,37,22,1.0,1.0,0,Người chồng dùng vũ lực đánh vợ sẽ bị truy cứu trách nhiệm hình sự khi nào?
95034,fold_3,1,3,66,1.0,1.0,0,Thông tin quê quán trên giấy khai sinh bị sai xử lý thế nào?
75886,fold_0,1,29,49,1.0,1.0,0,Nhà tổ chức đám cưới nếu dựng rạp lấn ra lòng đường thì sẽ bị xử phạt như thế nào?
52262,fold_2,3,1,>100,0.6666666666666666,0.6666666666666666,0,Hiện nay đối tượng nào được hưởng phụ cấp công vụ?
137266,fold_0,1,1,1,1.0,1.0,0,"Trách nhiệm mua sắm, trang bị phương tiện đi lại của cơ quan được giao quản lý phương tiện đi lại trong việc thực hành tiết kiệm, chống lãng phí như thế nào?"
38768,fold_3,1,1,23,1.0,1.0,0,"Di tích lịch sử văn hóa, danh lam thắng cảnh là gì?"
143890,fold_1,1,3,4,1.0,1.0,0,Giấy phép thiết lập mạng viễn thông công cộng cấp cho doanh nghiệp viễn thông có thời hạn sử dụng trong bao nhiêu năm?
163966,fold_4,1,5,2,1.0,1.0,0,"Mức hưởng trợ cấp xã hội hàng tháng đối với người già không chồng con, không lương, không trợ cấp, bán vé số để kiếm sống là bao nhiêu?"
147712,fold_1,1,2,1,1.0,1.0,0,Hội đồng quản lý Quỹ là cơ quan có thẩm quyền cao nhất của Quỹ Nghĩa tình đồng đội Công an nhân dân đúng không?
222,fold_1,1,>100,18,1.0,1.0,0,Cháy chung cư do lỗi của chủ đầu tư thì có trách nhiệm phải bồi thường tài sản hay không?
94284,fold_0,1,1,1,1.0,1.0,0,Người bệnh sau khi phẫu thuật bệnh tim bẩm sinh phối hợp thì xử lý tai biến như thế nào?
41588,fold_1,2,15,2,1.0,1.0,0,Trường hợp tạm hoãn hợp đồng lao động có tham gia bảo hiểm xã hội không?
33044,fold_3,1,4,4,1.0,1.0,0,Thẩm định dự thảo hồ sơ thỏa thuận quốc tế nhân danh Nhà nước bao gồm những nội dung gì?
148256,fold_0,1,1,75,1.0,1.0,0,Thừa phát lại hướng dẫn tập sự phải đáp ứng những điều kiện gì?
133526,fold_0,1,1,11,1.0,1.0,0,"Tiến hành công tác đảng, công tác chính trị trong Quân đội nhân dân Việt Nam phải tuân thủ các nguyên tắc gì?"
156902,fold_1,1,4,>100,1.0,1.0,0,Hộ chăn nuôi gây ô nhiễm môi trường thì theo quy định của pháp luật sẽ xử lý như thế nào?
160468,fold_2,1,1,27,1.0,1.0,0,Đôi nét về Chiến dịch Giờ Trái đất năm 2021
136528,fold_4,1,1,1,1.0,1.0,0,Hiệp hội các nhà đầu tư Việt Nam sang Campuchia có tư cách pháp nhân không?
122328,fold_1,1,>100,9,1.0,1.0,0,Có được yêu cầu rào chắn lại nếu có người tự ý mở lối tắt đi ngang qua đường sắt không?
9156,fold_0,1,2,42,1.0,1.0,0,"Khi xây dựng, ban hành thủ tục hành chính phải bảo đảm các nguyên tắc nào?"
63046,fold_0,1,1,>100,1.0,1.0,0,Người tố cáo được pháp luật bảo vệ như thế nào?
85330,fold_2,1,1,4,1.0,1.0,0,Xây dựng và nhân rộng mô hình khuyến nông gồm những nội dung gì?
148210,fold_3,1,2,>100,1.0,1.0,0,Người lao động trong thời gian hưởng trợ cấp thất nghiệp có được phép ký hợp đồng thử việc hoặc hợp đồng thời vụ dưới 3 tháng không?
123022,fold_2,1,1,>100,1.0,1.0,0,Để tham gia đấu giá quyền nhận chuyển đổi Phòng công chứng thì cần phải đáp ứng được những điều kiện nào?
12576,fold_3,1,8,77,1.0,1.0,0,Trung tâm giới thiệu việc làm là gì?
93140,fold_2,3,1,1,0.6666666666666666,0.6666666666666666,0,Về triển khai các nền tảng số y tế và Về các nhiệm vụ của Bộ Y tế được giao tại Đề án 06
42390,fold_2,1,1,1,1.0,1.0,0,Tổ chức kiểm định bị thu hồi Giấy chứng nhận đủ Điều kiện hoạt động kiểm định chất lượng giáo dục nghề nghiệp trong trường hợp nào?
25856,fold_3,1,1,1,1.0,1.0,0,Thủ tục công bố đủ điều kiện điều trị nghiện chất dạng thuốc phiện theo phương thức điện tử về Sở Y tế được quy định như thế nào?
161954,fold_2,1,8,>100,1.0,1.0,0,Một số quy định về thủ tục đối với tổ chức khi người nước ngoài đến Việt Nam làm việc là gì?
159494,fold_0,1,12,1,1.0,1.0,0,Y học cổ truyền trình độ cao đẳng là nghề như thế nào?
58564,fold_1,1,14,6,1.0,1.0,0,Thuyền viên có nghĩa vụ gì?
156450,fold_4,1,8,1,1.0,1.0,0,"Việc xây dựng kế hoạch quan trắc, giám sát trong công trình thủy lợi nhằm mục tiêu gì?"
37206,fold_2,1,22,27,1.0,1.0,0,Những sản phẩm nào không cần thực hiện thủ tục tự công bố sản phẩm?
130058,fold_0,1,8,1,1.0,1.0,0,Nguyên nhân khó thở sau mắc COVID-19 là gì? Kiểm soát khó thở sau mắc COVID-19 như thế nào?
134954,fold_2,2,3,35,1.0,1.0,0,Điều tra viên sơ cấp không được hưởng phụ cấp trách nhiệm trong những thời gian nào?
98138,fold_4,1,1,1,1.0,1.0,0,Bộ phận Một cửa tại cơ quan Bộ Giao thông vận tải có nhiệm vụ gì trong việc trả kết quả giải quyết thủ tục hành chính trước thời hạn?
50744,fold_3,1,1,2,1.0,1.0,0,Thẻ ngân hàng bị thu giữ trong trường hợp nào?
108156,fold_2,1,10,1,1.0,1.0,0,Doanh nghiệp kiểm toán nước ngoài làm giả hồ sơ đăng ký cung cấp dịch vụ kiểm toán qua biên giới tại Việt Nam bị xử lý như thế nào?
66948,fold_4,1,9,67,1.0,1.0,0,Tuần tra trên đường cao tốc mà phát hiện có thiết bị hư hỏng thì đội tuần đường cần xử lý như thế nào?
159134,fold_4,1,2,19,1.0,1.0,0,Chính sách đối với thanh niên xung phong được thực hiện dựa trên nguyên tắc nào?
65336,fold_1,1,2,>100,1.0,1.0,0,Hồ sơ đăng ký mẫu con dấu của tổ chức nước ngoài không có chức năng ngoại giao bao gồm những gì?
63822,fold_1,1,1,4,1.0,1.0,0,"Người lợi dụng chức vụ, quyền hạn bắt người trái pháp luật làm người đó tự sát thì có thể bị phạt bao nhiêu năm tù?"
131348,fold_4,1,6,>100,1.0,1.0,0,Khi thực hiện độc quyền nhà nước trong hoạt động thương mại đối với việc xuất nhập khẩu vàng miếng thì cần phải tuân thủ một số nguyên tắc nào?
116036,fold_4,1,1,1,1.0,1.0,0,Cơ quan quản lý chuyên ngành tần số vô tuyến điện là cơ quan nào?
102476,fold_4,1,>100,26,1.0,1.0,0,Thủ tục quyết định chủ trương đầu tư dự án nhóm A thuộc thẩm quyền của Thủ tướng Chính phủ như thế nào?
95646,fold_0,1,24,2,1.0,1.0,0,Chạy xe máy mà cầm điện thoại di động nghe cuộc gọi thì có bị hốt xe máy hay tước bằng lái xe không?
8698,fold_3,1,1,63,1.0,1.0,0,"Công nhân quốc phòng được hưởng các loại phụ cấp, trợ cấp gì theo quy định hiện nay?"
115422,fold_0,1,2,2,1.0,1.0,0,Báo hiệu hàng hải AIS hoạt động như thế nào?
132706,fold_3,1,4,64,1.0,1.0,0,Quy hoạch ngành quốc gia về bảo vệ môi trường có đề cập đến việc đưa ra giải pháp phòng chống biến đổi khí hậu hiện nay hay không?
155970,fold_4,1,1,95,1.0,1.0,0,Ai là người đại diện theo pháp luật của Văn phòng công chứng?
22884,fold_0,2,32,4,1.0,1.0,0,Yêu cầu đối với cơ sở vật chất phòng thử nghiệm chế phẩm diệt khuẩn ra sao?
67698,fold_4,1,13,>100,1.0,1.0,0,Thông báo lập địa điểm kinh doanh như thế nào?
34492,fold_1,1,1,28,1.0,1.0,0,Hồ sơ đề nghị miễn án phí cho hộ cận nghèo gồm những gì?
36146,fold_2,1,1,1,1.0,1.0,0,Quy trình tiếp nhận hồ sơ trợ cấp thất nghiệp từ Cổng Dịch vụ công Quốc gia theo cơ chế một cửa tại Bảo hiểm xã hội Thành phố Hồ Chí Minh?
77322,fold_1,1,1,55,1.0,1.0,0,Xử phạt vi phạm bảo vệ môi trường biển trước 22/7/2022 như thế nào?
126720,fold_2,1,1,1,1.0,1.0,0,Cuộc thanh tra chuyên ngành tôn giáo do Ban Tôn giáo Chính phủ tiến hành kéo dài bao lâu?
19382,fold_2,1,14,27,1.0,1.0,0,Xưởng may có 1200 công nhân thì phải lập đội phòng cháy chữa cháy như thế nào?
27604,fold_3,1,>100,3,1.0,1.0,0,Trưng cầu giám định được tiến hành khi nào?
2636,fold_3,1,>100,>100,0.0,0.0,0,Điều kiện để hành nghề quản tài viên là gì?
47498,fold_4,1,2,1,1.0,1.0,0,Hồ sơ đăng ký tham gia Hệ thống mạng đấu thầu quốc gia gồm những gì?
100860,fold_2,1,18,1,1.0,1.0,0,Thành phần hồ sơ đề nghị cấp Giấy xác nhận đủ điều kiện làm thương nhân đầu mối kinh doanh xăng dầu gồm những gì?
4592,fold_2,1,1,1,1.0,1.0,0,Chất lượng dịch vụ sự nghiệp công về lập quy trình vận hành liên hồ chứa trên lưu vực sông liên tỉnh được đánh giá theo những mức nào?
85304,fold_4,1,30,1,1.0,1.0,0,Yêu cầu đối với luận án tiến sĩ để được bảo vệ tại Hội đồng đánh giá luận án của cơ sở đào tạo được quy định như thế nào?
56034,fold_4,1,1,1,1.0,1.0,0,Hướng dẫn áp dụng quy chế mẫu trao đổi thông tin hóa đơn điện tử?
149590,fold_4,1,>100,>100,0.0,0.0,0,Phòng GD&ĐT là chủ đầu tư công trình thì cần thực hiện những gì?
85786,fold_4,1,31,>100,1.0,1.0,0,Danh mục hàng thực phẩm đông lạnh kinh doanh tạm nhập tái xuất có điều kiện bao gồm những thực phẩm nào?
32210,fold_2,1,1,>100,1.0,1.0,0,"Vụ Tổ chức phi chính phủ là tổ chức thực hiện quản lý nhà nước về quỹ xã hội, quỹ từ thiện có đúng không?"
22880,fold_0,1,2,23,1.0,1.0,0,Các phiên họp tháng của Thủ trưởng Bộ Quốc phòng được thực hiện theo trình tự như thế nào?
155332,fold_3,1,1,7,1.0,1.0,0,Thủ tục hải quan đối với hàng hóa nhập khẩu vào nội địa có nguồn gốc là hàng hóa xuất khẩu đã hoàn thành thủ tục hải quan gửi kho ngoại quan như thế nào?
99454,fold_4,1,19,5,1.0,1.0,0,Thời hạn truy cứu trách nhiệm hình sự đối với tội tàng trữ tiền giả là bao lâu?
98518,fold_3,1,3,12,1.0,1.0,0,Ai là người có trách nhiệm giám sát công chức tài nguyên và môi trường thực hiện đúng chuẩn mực đạo đức nghề nghiệp?
41512,fold_0,1,1,5,1.0,1.0,0,Khi nào áp dụng quy định tinh giản biên chế mới?
56760,fold_0,1,7,2,1.0,1.0,0,Thẩm quyền luân chuyển công chức cấp trung ương được quy định thế nào? Cơ quan nơi công chức được luân chuyển tới có trách nhiệm ra sao?
65588,fold_4,1,4,81,1.0,1.0,0,Nội dung và hình thức xét tuyển công chức được quy định như thế nào?
131176,fold_1,1,1,1,1.0,1.0,0,Ủy ban sông Mê Công Việt Nam được sử dụng con dấu hình Quốc huy không?
136878,fold_1,1,2,>100,1.0,1.0,0,"Việc góp vốn của thành viên, hợp tác xã thành viên được thực hiện như thế nào?"
104814,fold_0,1,3,9,1.0,1.0,0,Chủ đầu tư xây dựng công trình nhà máy điện hạt nhân có trách nhiệm thế nào?
79804,fold_3,1,61,13,1.0,1.0,0,Dự án đầu tư xây dựng tượng đài tưởng niệm được thực hiện như thế nào?
159184,fold_4,1,4,12,1.0,1.0,0,Đối tượng nào được miễn thu phí trong chăn nuôi?
31278,fold_2,1,1,1,1.0,1.0,0,Tính chính xác về các thông tin trong sổ gốc cấp chứng chỉ của nhà trường Quân đội do ai chịu trách nhiệm?
80714,fold_3,1,12,30,1.0,1.0,0,"Nếu không tiếp tục khai thác, sử dụng nước dưới đất nữa thì các chủ thể cần làm gì?"
132236,fold_2,1,1,5,1.0,1.0,0,Trưởng phòng Chế độ và Tiền lương thuộc Vụ tổ chức cán bộ Bảo hiểm xã hội Việt Nam do ai bổ nhiệm?
55892,fold_2,1,1,1,1.0,1.0,0,Mục tiêu của Chiến lược nợ công giai đoạn 2021 - 2030?
112336,fold_4,1,6,3,1.0,1.0,0,Ai có quyền quyết định tăng vốn điều lệ của công ty trách nhiệm hữu hạn hai thành viên trở lên?
115446,fold_1,1,2,87,1.0,1.0,0,Có bắt buộc thành lập công đoàn cơ sở đối với doanh nghiệp có 17-18 lao động?
71252,fold_0,1,11,33,1.0,1.0,0,"Ai có quyền quyết định tiền lương, tiền thưởng của thành viên Ban kiểm soát Tổng công ty?"
113264,fold_4,1,>100,1,1.0,1.0,0,Những thay đổi trong nội dung đăng ký hộ kinh doanh bị hủy bỏ trong trường hợp nào?
164410,fold_0,1,94,1,1.0,1.0,0,Các bước tiến hành phẫu thuật sinh thiết đối với u hốc mắt được quy định như thế nào?
29338,fold_3,1,>100,18,1.0,1.0,0,Khoản phụ cấp nhà ở mà người lao động nhận có được tính vào bảo hiểm xã hội không?
163498,fold_3,1,>100,2,1.0,1.0,0,Hồ sơ thay đổi người đại diện theo pháp luật của công ty bao gồm những giấy tờ gì?
89830,fold_3,1,9,1,1.0,1.0,0,Quyền của du học sinh tự túc?
167684,fold_4,1,2,2,1.0,1.0,0,Thẩm quyền cấp Giấy xác nhận tình trạng hôn nhân theo quy định pháp luật
32748,fold_1,1,1,18,1.0,1.0,0,Chiến lực xúc tiến đầu tư của Chương trình xúc tiến đầu tư quốc gia được xây dựng như thế nào?
97424,fold_1,1,1,22,1.0,1.0,0,Người có quyền nộp đơn yêu cầu phá sản là ai?
97420,fold_2,1,3,7,1.0,1.0,0,Đại lý bảo hiểm hoạt động theo những nguyên tắc nào?
92570,fold_4,1,15,2,1.0,1.0,0,"Hồ sơ đề nghị cấp biển kiểm soát của phương tiện chuyên ngành hoạt động tại cảng hàng không, sân bay được nộp thông qua hình thức nào?"
65704,fold_2,2,1,>100,1.0,1.0,0,Tiêu chuẩn chung đối với công chức cấp xã là gì?
89078,fold_1,1,2,17,1.0,1.0,0,Sau khi tốt nghiệp nghề hàn trình độ cao đẳng thì người học phải có những kỹ năng nào?
100140,fold_1,1,1,>100,1.0,1.0,0,Nghề công tác xã hội được hiểu như thế nào?
27568,fold_1,1,4,1,1.0,1.0,0,Hồ sơ bán đấu giá lô cổ phần kèm nợ phải thu của doanh nghiệp mua bán nợ sẽ gồm những gì?
20836,fold_2,1,3,1,1.0,1.0,0,Tem kiểm định phương tiện giao thông đường sắt hiện nay đang sử dụng theo mẫu tem nào?
11994,fold_3,1,1,5,1.0,1.0,0,Khi nào dữ liệu cá nhân của công dân Việt Nam được chuyển ra nước ngoài?
134126,fold_1,1,26,3,1.0,1.0,0,Sau bao lâu kể từ ngày hòa giải đoàn tụ không thành thì Thẩm phán ra quyết định công nhận thuận tình ly hôn?
123452,fold_0,2,1,4,1.0,1.0,0,Có những loại hợp đồng xây dựng nào?
129298,fold_2,2,3,30,1.0,1.0,0,"Chức danh nghề nghiệp, hạng chức danh nghề nghiệp viên chức là gì?"
74134,fold_4,1,1,53,1.0,1.0,0,Dự án tại Hà Nội đã chi trả xong bồi thường khi thu hồi đất có phải áp đơn giá xây dựng nhà ở mới?
99436,fold_3,1,1,3,1.0,1.0,0,Trong việc giải quyết thủ tục hành chính thông qua bộ phận một cửa tại Cơ quan Bộ Khoa học và Công nghệ thì những hành vi nào không được làm?
109242,fold_0,1,46,41,1.0,1.0,0,Công chức nữ đang mang thai làm việc tại cơ quan Quản lý thị trường có phải sử dụng đồng bộ trang phục trong hoạt động công vụ không?
134164,fold_4,1,18,24,1.0,1.0,0,Mức xử phạt hành chính khi dùng vàng thực hiện thanh toán hợp đồng như thế nào?
109316,fold_0,1,28,22,1.0,1.0,0,Thời gian cách ly Covid-19 hiện nay là bao nhiêu ngày?
22870,fold_1,1,1,>100,1.0,1.0,0,Quy trình đăng ký hộ tịch trực tuyến thực hiện như thế nào?
9118,fold_2,1,1,1,1.0,1.0,0,Liên hiệp hợp tác xã có được tự quy định điều kiện để trở thành thành viên của mình không?
73896,fold_1,1,1,5,1.0,1.0,0,"Yêu cầu cần đáp ứng về thời gian xử lý, độ phức tạp xử lý đối với hệ thống công nghệ áp dụng vào việc hoàn thuế giá trị gia tăng cho người nước ngoài tại Việt Nam?"
137590,fold_2,1,90,2,1.0,1.0,0,Phòng Tư pháp có chứng thực chữ ký người dịch khi người đó nhờ người khác dịch hồ sơ du học của mình không?
79184,fold_2,1,1,>100,1.0,1.0,0,Mức lương tối thiểu vùng hiện nay là bao nhiêu?
99430,fold_4,1,29,13,1.0,1.0,0,Đến khi nào thì tất cả nhà chung cư phải bảo đảm điều kiện tiếp cận đối với người khuyết tật?
151752,fold_3,1,>100,1,1.0,1.0,0,Kế toán trưởng SCIC được ký hợp đồng với thời hạn tối đa bao nhiêu năm?
105110,fold_2,2,1,1,0.5,0.5,0,Thủ tướng chỉ đạo tháo gỡ các điểm nghẽn tại Đề án phát triển 06 về thể chế và hạ tầng công nghệ thông tin như thế nào?
91628,fold_1,1,1,11,1.0,1.0,0,Trình tự phát triển phần mềm nghiệp vụ Ngân hàng của Ngân hàng Nhà nước Việt Nam có các giai đoạn như thế nào?
134162,fold_0,1,1,2,1.0,1.0,0,Cơ quan nào có thẩm quyền thành lập của hội đồng Trường Cao đẳng nghề Thương mại và Công nghiệp?
112488,fold_2,1,46,3,1.0,1.0,0,Doanh nghiệp chấm dứt hoạt động kinh doanh thì có phải thực hiện chấm dứt hiệu lực mã số thuế không?
162366,fold_2,1,17,2,1.0,1.0,0,"Đào tạo cập nhật, bổ sung cho thành viên của Hội đồng đạo đức trong nghiên cứu y sinh học cấp cơ sở bao gồm những nội dung gì?"
17448,fold_3,1,15,10,1.0,1.0,0,Hợp đồng với nhà thầu có được thanh lý không?
167872,fold_1,1,37,>100,1.0,1.0,0,Đơn vị sự nghiệp công lập là gì?
2596,fold_1,1,11,34,1.0,1.0,0,Xử phạt vi phạm hành chính như thế nào đối với hành vi nhiều lần nhập khẩu hàng hóa không đáp ứng điều kiện tiêu chuẩn kiểm tra?
5000,fold_0,1,60,7,1.0,1.0,0,"Nhiệm vụ, quyền hạn và trách nhiệm của Trưởng ban và thành viên Ban kiểm tra phiếu đăng ký dự tuyển được quy định như thế nào?"
165910,fold_4,1,1,>100,1.0,1.0,0,Hình thức tổ chức cung cấp thông tin định kỳ cho báo chí của Bộ Kế hoạch và Đầu tư như thế nào?
15522,fold_1,1,3,2,1.0,1.0,0,Doanh nghiệp dịch vụ có phải cập nhật thông tin về người lao động lên Hệ thống cơ sở dữ liệu về người lao động Việt Nam đi làm việc ở nước ngoài không?
65848,fold_4,2,32,4,1.0,1.0,0,Tổ chức huấn luyện an toàn vệ sinh lao động trong Bộ Quốc phòng hạng A cần đáp ứng những điều kiện gì?
160996,fold_0,1,14,3,1.0,1.0,0,"Thời hạn gửi báo cáo cung cấp thông tin tài chính và thông tin bổ sung để tổng hợp, lập Báo cáo tài chính nhà nước là khi nào?"
93296,fold_1,1,7,19,1.0,1.0,0,Các trường hợp nào đấu giá quyền sử dụng đất và các trường hợp nào không đấu giá quyền sử dụng đất?
12170,fold_2,1,10,4,1.0,1.0,0,Mẫu Bản khai để giải quyết chế độ thờ cúng liệt sĩ 2023?
30844,fold_2,1,16,2,1.0,1.0,0,Việc phân chia di sản thừa kế theo pháp luật được thực hiện như thế nào?
162336,fold_2,1,31,>100,1.0,1.0,0,Khoản kinh phí thực hiện cho việc mua sắm tài sản có được xuất hóa đơn vào ngày 15/1 hay không?
79778,fold_3,1,1,36,1.0,1.0,0,Luật sư có đương nhiên được miễn đào tạo nghề công chứng không?
164096,fold_4,1,3,78,1.0,1.0,0,Mẫu quyết định phân công bổ sung Điều tra viên tiến hành điều tra vụ án hình sự được sử dụng và quản lý theo nguyên tắc nào?
113258,fold_1,1,1,1,1.0,1.0,0,Dung sai về kích cỡ của măng tây tươi được quy định ra sao?
95238,fold_3,1,2,>100,1.0,1.0,0,Lao động chưa thành niên là gì?
44268,fold_2,1,2,1,1.0,1.0,0,"Công chức, viên chức tham gia đào tạo, bồi dưỡng Kiểm toán nhà nước được hỗ trợ về thời gian học tập trong trường hợp nào?"
64526,fold_3,1,>100,1,1.0,1.0,0,"Bộ Thông tin và Truyền thông có nhiệm vụ ban hành cơ chế, chính sách, quy định và tổ chức thực hiện quản lý giá cước và khuyến mại trong lĩnh vực viễn thông và Internet?"
123194,fold_3,1,1,1,1.0,1.0,0,Tổng hợp tình hình thực hiện định mức năng lượng hàng năm của cơ sở sản xuất đường mía tại địa phương là trách nhiệm của ai?
118186,fold_1,1,34,3,1.0,1.0,0,Ai được chuyển ngạch vào ngạch Thanh tra viên chính?
31128,fold_0,1,1,25,1.0,1.0,0,"Giấy chứng nhận cơ sở bảo hành, bảo dưỡng ô tô được cấp đổi theo trình tự như thế nào?"
147812,fold_4,1,28,1,1.0,1.0,0,Người lao động nước ngoài không thuộc đối tượng tham gia BHXH bắt buộc thì có được tham gia BHXH tự nguyện ở Việt Nam không?
78296,fold_2,1,5,>100,1.0,1.0,0,Nếu mua lại công cụ nợ theo hình thức đấu thầu thì phải tuân thủ nguyên tắc nào?
119948,fold_3,1,1,1,1.0,1.0,0,Hồ sơ chuyển đổi loại hình trường đại học dân lập sang loại hình trường đại học tư thục gồm những tài liệu nào?
70002,fold_3,1,2,2,1.0,1.0,0,Quy định chung của pháp luật về thể lệ trò chơi điện tử có thưởng
30270,fold_0,1,1,15,1.0,1.0,0,Nộp hồ sơ bao lâu thì được cấp đổi Giấy phép lái xe quân sự sai thông tin?
92044,fold_4,1,88,16,1.0,1.0,0,Khi đi khám sức khỏe theo Thông tư 14 thì nội dung khám bao gồm những gì?
53462,fold_1,1,1,17,1.0,1.0,0,Có thể thay đổi họ tên trên thẻ căn cước công dân hay không?
138794,fold_1,2,1,4,1.0,1.0,0,"Hội đồng quản lý đơn vị sự nghiệp công lập thuộc Ngân hàng Nhà nước Việt Nam có chức năng, quyền hạn gì?"
162878,fold_0,1,4,1,1.0,1.0,0,Người tham gia bán hàng đa cấp có phải nộp phí làm thẻ thành viên không?
66108,fold_4,1,1,23,1.0,1.0,0,Mức xử phạt việc cá nhân sử dụng cổ phiếu của khách hàng để cầm cố là bao nhiêu?
114800,fold_3,1,1,40,1.0,1.0,0,Hồ sơ đề nghị xây dựng luật bao gồm những giấy tờ gì?
16786,fold_2,2,3,1,1.0,1.0,0,"Cách tính phụ cấp ưu đãi đối với Kiểm lâm viên làm việc trên địa bàn xã có phụ cấp khu vực là 0,7 như thế nào?"
115542,fold_2,1,>100,76,1.0,1.0,0,Đi làm vào ngày nghỉ lễ 2/9/2022 thì được tính lương như thế nào?
21464,fold_4,1,2,>100,1.0,1.0,0,Học viện Nông nghiệp Việt Nam thực hiện những nhiệm vụ và quyền hạn gì?
14,fold_2,1,1,1,1.0,1.0,0,Có được xét nâng bậc lương trước thời hạn 12 tháng khi viên chức trong Tòa án nhân dân được tặng thưởng danh hiệu Chiến sĩ thi đua cấp tỉnh không?
128026,fold_3,1,1,65,1.0,1.0,0,Hội viên của Hội Hữu nghị hợp tác Việt Nam và Châu Phi có nhiệm vụ như thế nào?
139958,fold_1,1,1,>100,1.0,1.0,0,"Xây dựng chương trình đào tạo thường xuyên bảo đảm tính thiết thực, giúp người học có năng lực thực hiện được các công việc của nghề học phải bao gồm các yếu tố nào?"
143952,fold_3,1,1,19,1.0,1.0,0,Doanh nghiệp cho thuê lại lao động có nghĩa vụ gì đối với bên thuê lại lao động của mình?
155178,fold_4,1,1,13,1.0,1.0,0,Quyền của hội viên chính thức của Hội Kinh tế xây dựng Việt Nam là gì?
21122,fold_2,1,2,2,1.0,1.0,0,Việc cấp bảo lãnh Chính phủ cho trái phiếu doanh nghiệp ra thị trường vốn quốc tế được quy định thế nào?
127194,fold_3,1,6,8,1.0,1.0,0,Thay đổi tên hợp tác xã có phải thông báo với cơ quan đăng ký hay không?
25920,fold_3,1,1,1,1.0,1.0,0,"Yêu cầu truy xuất nguồn gốc phục vụ xuất khẩu các sản phẩm từ tổ yến và kiên quyết cắt bỏ các thủ tục hành chính không cần thiết, gây phiền hà cho người dân và doanh nghiệp phải không?"
16126,fold_1,1,1,>100,1.0,1.0,0,Trụ sở của Hiệp hội Điều Việt Nam là ở đâu?
167532,fold_1,1,25,54,1.0,1.0,0,Văn bản nào có hướng dẫn việc thành lập Trung tâm đào tạo kỹ năng sống?
129804,fold_3,1,1,>100,1.0,1.0,0,Những cây dược liệu nào được xem là có giá trị y tế và kinh tế cao?
150348,fold_1,1,6,1,1.0,1.0,0,Hàng hóa xuất khẩu từ Việt Nam được áp dụng thuế suất thuế xuất khẩu ưu đãi theo Hiệp định EVFTA khi có điều kiện gì?
52892,fold_2,2,16,12,1.0,1.0,0,Thẩm quyền của Kiểm ngư
126994,fold_1,1,1,41,1.0,1.0,0,Thuế giá trị gia tăng là gì?
135764,fold_3,1,1,13,1.0,1.0,0,Đối tượng nào được tăng mức lương tối thiểu vùng?
120584,fold_3,1,1,13,1.0,1.0,0,Có được bổ nhiệm công chức sắp về hưu làm Chủ tịch Hội đồng quản lý trong đơn vị sự nghiệp công lập ngành Nông nghiệp và Phát triển nông thôn không?
154442,fold_4,1,4,3,1.0,1.0,0,"Cơ quan nào có thẩm quyền quyết định chủ trương đầu tư chương trình, dự án công?"
116838,fold_2,1,10,3,1.0,1.0,0,Trữ lượng dầu khí thay đổi với mức chênh lệch lớn hơn bao nhiêu phần trăm thì phải lập báo cáo tính lại?
4358,fold_3,1,36,47,1.0,1.0,0,Trưởng đoàn kiểm tra có trách nhiệm báo cáo kết quả kiểm tra việc thi hành pháp luật về xử lý vi phạm hành chính trong vòng bao lâu kể từ khi kết thúc kiểm tra?
51858,fold_1,1,2,1,1.0,1.0,0,Có được sử dụng rượu bia có độ cồn từ 15 độ trở lên để khuyến mại hay không?
81404,fold_4,1,1,6,1.0,1.0,0,Không có chuyên đề hay văn bản đề nghị thì Cảnh sát giao thông có được dừng phương tiện giao thông để kiểm tra không?
13418,fold_4,2,1,23,1.0,1.0,0,Thời hiệu xử lý kỷ luật đảng viên được quy định như thế nào?
60450,fold_4,1,>100,64,1.0,1.0,0,Học sinh nghỉ lễ quá số ngày cho phép có bị ở lại lớp không?
128680,fold_2,1,10,11,1.0,1.0,0,Hướng dẫn nhận biết trạng thái hồ sơ hoàn thuế như thế nào?
66734,fold_4,1,25,>100,1.0,1.0,0,Trình báo mất là điều kiện bắt buộc để được cấp hộ chiếu mới có đúng không?
38684,fold_4,2,3,38,1.0,1.0,0,"Phê duyệt Khung chính sách về bồi thường, hỗ trợ, tái định cư Dự án thành phần 2 như thế nào?"
158060,fold_1,1,>100,9,1.0,1.0,0,"Người lao động khi làm việc ngày lễ Giỗ Tổ Hùng Vương, 30/4 và 01/5 thì được trả tối đa bao nhiêu tiền lương?"
117018,fold_2,1,5,2,1.0,1.0,0,"Người học ngành xây dựng và bảo dưỡng công trình giao thông đường sắt trình độ cao đẳng phải có khả năng học tập, nâng cao trình độ như thế nào?"
90094,fold_0,1,2,35,1.0,1.0,0,"Các danh hiệu thi đua đối với cá nhân, tổ chức, hộ gia đình như thế nào?"
53582,fold_2,1,1,1,1.0,1.0,0,"Để bổ sung nguồn lực thông tin cho Trung tâm Tư liệu Thư viện Tòa án nhân dân tối cao, tài liệu nộp lưu chiểu gồm những gì?"
142308,fold_0,1,4,10,1.0,1.0,0,Mức phí cấp đổi giấy phép lái xe là bao nhiêu theo quy định hiện nay?
17616,fold_2,2,2,40,1.0,1.0,0,Thương nhân kinh doanh khách sạn nổi cần đáp ứng các điều kiện nào?
137956,fold_1,1,13,3,1.0,1.0,0,Cơ sở được cấp giấy phép môi trường có được xử lý chất thải nguy hại không?
113924,fold_0,1,1,1,1.0,1.0,0,Mẫu Giấy chứng nhận đủ điều kiện hoạt động huấn luyện an toàn vệ sinh lao động trong Bộ Quốc phòng hiện nay?
56206,fold_4,2,2,60,1.0,1.0,0,Ngân hàng phá sản thì người gửi tiền sẽ được nhận tiền đền bù là bao nhiêu?
150562,fold_1,1,2,16,1.0,1.0,0,Trách nhiệm của người có thẩm quyền trong việc lựa chọn nhà thầu được quy định thế nào?
103748,fold_0,1,29,36,1.0,1.0,0,Người giám định tư pháp không thực hiện giám định theo đúng nội dung yêu cầu giám định thì bị xử phạt thế nào?
117780,fold_3,1,2,4,1.0,1.0,0,Trưởng Ban chỉ đạo cải cách hành chính của Chính phủ có những nhiệm vụ và quyền hạn gì?
84170,fold_1,1,>100,2,1.0,1.0,0,Trách nhiệm của Ủy ban nhân dân cấp huyện đối với dự thảo nghị quyết của Hội đồng nhân dân cùng cấp
97688,fold_0,1,3,1,1.0,1.0,0,Phẫu thuật gãy lồi cầu ngoài xương đùi thì ai là người thực hiện và chi tiết các bước thực hiện ra sao?
110796,fold_0,1,2,10,1.0,1.0,0,Nội dung thực hiện chương trình nâng cao chất lương các môn học tiếng dân tộc thiểu số trong chương trình giáo dục phổ thông giai đoạn 2021 - 2030?
134272,fold_2,1,2,2,1.0,1.0,0,Thủ tục đăng ký xe máy thì hồ sơ thực hiện như thế nào?
19120,fold_3,1,1,24,1.0,1.0,0,Trình tự xây dựng kế hoạch dự trữ quốc gia về xăng dầu như thế nào?
11552,fold_3,1,2,2,1.0,1.0,0,Ngoài hình thức lập biên xử phạt vi phạm hành chính thì còn có hình thức nào khác không?
24180,fold_2,1,10,4,1.0,1.0,0,Hàng thừa kế phân chia di sản theo pháp luật được quy định như thế nào?
112280,fold_3,1,1,1,1.0,1.0,0,Có được giải quyết BHXH một lần xác thực qua chữ ký số không?
36874,fold_2,1,1,3,1.0,1.0,0,Trường hợp nào được tiếp tục hưởng trợ cấp thất nghiệp?
105846,fold_0,1,10,1,1.0,1.0,0,Mẫu quyết định đính chính quyết định trong xử phạt vi phạm hành chính
144602,fold_2,1,1,9,1.0,1.0,0,Đánh giá học sinh trung học cơ sở thường xuyên hay định kỳ thì việc đánh giá được thực hiện thông qua hình thức nào?
64354,fold_2,1,4,77,1.0,1.0,0,Sau khi ra tù bác sĩ có được tiếp tục hành nghề khám chữa bệnh không?
37372,fold_0,1,2,7,1.0,1.0,0,Ai có quyền quyết định ngành nghề kinh doanh của Tổng công ty Hàng hải Việt Nam?
81062,fold_4,1,2,>100,1.0,1.0,0,Hệ số lương của Quản lý dự án hàng hải là bao nhiêu?
78918,fold_3,1,3,23,1.0,1.0,0,Mức phí công chứng hợp đồng vay tiền mới nhất hiện nay?
46868,fold_3,1,2,40,1.0,1.0,0,Điều kiện xác định dự án đầu tư có sử dụng đất là gì?
3022,fold_3,1,1,2,1.0,1.0,0,Văn phòng Tòa án nhân dân tối cao được trang bị bao nhiêu xe ô tô phục vụ công tác chung và xe ô tô chuyên dùng?
113030,fold_3,1,9,>100,1.0,1.0,0,Thủ tục cấp lại thẻ Căn cước công dân như thế nào?
112066,fold_1,1,1,1,1.0,1.0,0,"Khi đến hiện trường vụ tai nạn giao thông đường thủy nội địa, Cảnh sát giao thông thực hiện những hoạt động cứu nạn cứu hộ nào?"
124982,fold_3,1,1,13,1.0,1.0,0,Ban Thư ký Tòa án nhân dân tối cao làm việc theo chế độ gì?
159744,fold_0,1,85,12,1.0,1.0,0,Mức phạt khi chưa đủ tuổi điều khiển xe máy điện được pháp luật quy định như thế nào?
14082,fold_1,1,1,10,1.0,1.0,0,Chủ thể nào có thẩm quyền ra quyết định thanh tra Ngành xây dựng?
9568,fold_2,1,5,80,1.0,1.0,0,Kích thước của báo hiệu đường thủy nội địa gồm những loại nào và quy định từng loại kích thước đó?
92530,fold_1,1,1,1,1.0,1.0,0,"Tủ sách pháp luật tại cơ quan, đơn vị của lực lượng vũ trang nhân dân được phục vụ bằng hình thức nào?"
91122,fold_2,1,1,29,1.0,1.0,0,Trong quản lý cán cân thanh toán quốc tế của Việt Nam thì Ngân hàng Nhà nước có những trách nhiệm nào?
62306,fold_3,1,24,>100,1.0,1.0,0,Gây thương tích cho người khác trên 11% bị xử phạt như thế nào theo pháp luật hình sự?
129406,fold_3,1,3,1,1.0,1.0,0,Sáng lập viên của Trung tâm trọng tài thương mại có thể là người nước ngoài không?
73752,fold_2,1,4,>100,1.0,1.0,0,"Nguyên tắc làm việc, nhiệm kỳ và trách nhiệm báo cáo của Hội đồng dân tộc và Ủy ban của Quốc hội như thế nào?"
64376,fold_1,1,7,1,1.0,1.0,0,Thủ tục đăng ký khoản thu hồi nợ bảo lãnh được thực hiện theo trình tự nào?
65096,fold_3,1,5,1,1.0,1.0,0,Phạm vi bảo về kè trong giao thông đường thủy nội địa được quy định như thế nào?
104916,fold_2,1,31,1,1.0,1.0,0,Nắn chỉnh hình tật chân chữ X chống chỉ định khi nào?
13358,fold_0,1,24,1,1.0,1.0,0,Phẫu thuật điều trị viêm bao hoạt dịch của gân gấp bàn ngón tay là gì?
51940,fold_2,1,78,2,1.0,1.0,0,Người chiếm đoạt chất ma túy là nhựa thuốc phiện dưới 500 gam thì bị phạt bao nhiêu năm tù?
146330,fold_1,1,1,1,1.0,1.0,0,Mẫu phiếu điều tra tai biến nặng sau tiêm chủng như thế nào?
98576,fold_0,1,1,1,1.0,1.0,0,Thời hạn kiểm định kỹ thuật an toàn Trạm sấy và làm lạnh sử dụng trong Bộ Quốc phòng là bao lâu?
70928,fold_3,1,9,2,1.0,1.0,0,"Để được phép vắng mặt tại nơi cư trú, người được giám sát, giáo dục tại nơi cư trú phải thực hiện thủ tục gì?"
100770,fold_0,1,36,5,1.0,1.0,0,"Ngoài nghỉ Tết Âm lịch, nghỉ lễ quốc khánh 02/9 thì trong năm 2023 người lao động còn những ngày nghỉ có hưởng lương nào?"
30720,fold_3,1,1,1,1.0,1.0,0,"Trách nhiệm của Ủy ban nhân dân cấp huyện trong việc quản lý cát, sỏi lòng sông và bảo vệ lòng, bờ, bãi sông theo quy định pháp luật"
33142,fold_4,1,30,6,1.0,1.0,0,Các trường hợp nào doanh nghiệp cho thuê lại lao động được lấy lại tiền ký quỹ?
82606,fold_4,1,1,4,1.0,1.0,0,Công nghệ hỏa táng của cơ sở hỏa táng phải đáp ứng những điều kiện nào?
118200,fold_1,2,1,4,1.0,1.0,0,"Hình thức, nội dung và thời gian thi thăng hạng chức danh nghề nghiệp từ Lưu trữ viên trung cấp lên Lưu trữ viên đối với môn tin học như thế nào?"
118842,fold_3,1,15,48,1.0,1.0,0,Chủ hộ kinh doanh có những quyền và nghĩa vụ nào khi đăng ký hộ kinh doanh?
147230,fold_3,1,1,7,1.0,1.0,0,Chủ thể giám sát sẽ thực hiện giám sát đối với những đối tượng nào trong tổ chức công đoàn?
9474,fold_4,1,16,1,1.0,1.0,0,"Người tham gia cuộc họp do thành viên Chính phủ được Thủ tướng Chính phủ ủy quyền chủ trì xử lý công việc của Chính phủ có được đưa tin, truyền thông về nội dung cuộc họp không?"
19236,fold_0,1,1,8,1.0,1.0,0,Sau khi công dân nộp hồ sơ bao lâu thì sẽ được xóa đăng ký tạm trú?
50278,fold_2,1,1,1,1.0,1.0,0,Hồ sơ đề nghị thay đổi tên của chi nhánh ngân hàng nước ngoài bao gồm những gì?
82358,fold_0,1,>100,1,1.0,1.0,0,Tủ điều khiển máy bơm nước chữa cháy có cần phải được nối đất an toàn hay không?
167870,fold_2,1,3,18,1.0,1.0,0,Đối tượng nào được tham gia bảo hiểm xã hội tự nguyện?
148094,fold_3,1,2,>100,1.0,1.0,0,"Trưởng đoàn và thành viên Đoàn kiểm tra việc sử dụng số liệu, thông tin thống kê nhà nước phải đáp ứng những yêu cầu gì?"
62820,fold_4,1,6,2,1.0,1.0,0,Mức trần học phí từ năm học 2022 - 2023 đến năm học 2025 - 2026 đối với cơ sở giáo dục nghề nghiệp công lập cần đảm bảo những gì?
151628,fold_4,1,13,32,1.0,1.0,0,Người chứng kiến là ai?
83172,fold_3,1,1,15,1.0,1.0,0,Cơ quan nào có trách nhiệm kiểm tra và xử lý văn bản do Bộ Tài chính ban hành?
74206,fold_4,1,12,4,1.0,1.0,0,Thời hiệu yêu cầu Tòa án tuyên bố giao dịch dân sự vô hiệu
95312,fold_0,1,26,3,1.0,1.0,0,Thu hồi tài sản thế chấp thì chi phí liên quan đến việc bảo quản tài sản thế chấp có được tính vào chi phí xử lý tài sản bảo đảm không?
29040,fold_4,1,3,1,1.0,1.0,0,Hình thức triển khai công tác hỗ trợ khởi nghiệp đối với cấp trung học cơ sở?
115950,fold_2,1,2,>100,1.0,1.0,0,Hội Thống kê Việt Nam có tư cách pháp nhân không?
126290,fold_3,1,1,>100,1.0,1.0,0,"Không có con, chỉ có chồng là liệt sĩ, không tái giá thì có được tặng hoặc truy tặng danh hiệu ""Bà mẹ Việt Nam anh hùng"" hay không?"
152724,fold_3,1,58,1,1.0,1.0,0,Làm công tác văn thư xã tại vùng có điều kiện kinh tế - xã hội đặc biệt khó khăn 4 năm thì có được tính vào phụ cấp công tác lâu năm không?
164160,fold_1,1,1,4,1.0,1.0,0,Cơ quan nào có thẩm quyền quyết định đàm phán điều ước quốc tế?
79010,fold_2,1,>100,>100,0.0,0.0,0,Lệ phí thực hiện gia hạn thời gian lưu hành tại Việt Nam cho phương tiện của Trung Quốc là bao nhiêu?
47944,fold_4,1,2,18,1.0,1.0,0,Thủ tục đăng ký khai sinh khi chưa có giấy đăng ký kết hôn được pháp luật quy định như thế nào?
57310,fold_2,1,11,24,1.0,1.0,0,Đối với hệ thống đường trung ương việc báo cáo được thực hiện như thế nào?
122900,fold_3,1,1,>100,1.0,1.0,0,Người lao động Việt Nam đi làm việc ở nước ngoài thông qua những hình thức nào?
7314,fold_0,1,9,2,1.0,1.0,0,Công chức hoàn thành khóa đào tạo kiểm toán ở người ngoài về cần phải báo cáo cho thủ trưởng đơn vị quản lý hay Kiểm toán nhà nước?
13692,fold_2,1,4,3,1.0,1.0,0,Học ngành thiết kế đồ họa trình độ cao đẳng sau khi tốt nghiệp phải đạt được kỹ năng ngoại ngữ như thế nào?
86188,fold_2,1,1,12,1.0,1.0,0,Phim loại 16+ dành cho đối tượng nào?
153156,fold_2,1,2,1,1.0,1.0,0,Tem kiểm định phải có những thông tin nào trên tem?
45120,fold_1,1,4,3,1.0,1.0,0,Quy trình cấp Chứng chỉ hành nghề dịch vụ đại diện sở hữu công nghiệp?
45408,fold_2,1,1,>100,1.0,1.0,0,Hồ sơ yêu cầu chứng thực chữ ký gồm những gì?
128748,fold_0,1,1,>100,1.0,1.0,0,Giám đốc Sở Tài nguyên và Môi trường thuộc Ủy ban nhân dân cấp tỉnh có thuộc biên chế công chức hay không?
113550,fold_3,1,7,1,1.0,1.0,0,Những trường hợp nào không được phép tách thửa đất tại địa bàn tỉnh Sơn La?
128326,fold_0,1,4,1,1.0,1.0,0,Kinh doanh dịch vụ lưu trú có cần phải có phương án đảm bảo điều kiện về anh ninh trật tự hay không?
59162,fold_4,1,61,23,1.0,1.0,0,Người làm công việc sửa chữa đường mỏ được khám sức khỏe định kỳ ít nhất mấy tháng một lần?
165238,fold_2,1,1,2,1.0,1.0,0,"Hành vi tẩy xóa, sửa chữa làm sai lệch nội dung giấy phép hoạt động đo đạc và bản đồ của doanh nghiệp có thể bị xử phạt như thế nào?"
2008,fold_0,2,>100,13,0.5,0.5,0,Mức trợ cấp mai táng mà thân nhân sĩ quan quân đội được nhận là bao nhiêu?
94738,fold_3,1,1,2,1.0,1.0,0,Bộ Kế hoạch và Đầu tư tổ chức kỳ thi sát hạch cấp chứng chỉ hành nghề hoạt động đấu thầu như thế nào?
63502,fold_4,1,2,12,1.0,1.0,0,Nội quy phiên tòa xét xử theo thủ tục sơ thẩm vụ việc dân sự được quy định như thế nào?
128960,fold_2,1,1,>100,1.0,1.0,0,Có bao nhiêu loại chứng từ theo Nghị định 123/2020/NĐ-CP?
94352,fold_2,1,2,75,1.0,1.0,0,Thế nào là phòng vệ chính đáng khi trộm đột nhập vào nhà theo pháp luật hình sự?
121560,fold_4,2,1,8,1.0,1.0,0,"Hiệu trưởng trường đại học thành viên của đại học vùng có nhiệm vụ, quyền hạn gì?"
1828,fold_1,1,1,>100,1.0,1.0,0,Nhà ở là gì?
21392,fold_4,1,7,1,1.0,1.0,0,Trong trường hợp cử tri là người khuyết tật không thể trực tiếp đi bỏ phiếu phải sử dụng hòm phiếu phụ được thực hiện như thế nào?
139590,fold_0,1,7,1,1.0,1.0,0,Đăng ký tàu biển có những hình thức nào?
166742,fold_2,3,5,1,1.0,1.0,0,Danh mục hàng hóa không được giảm thuế GTGT theo Nghị định 44/2023/NĐ-CP?
47644,fold_4,1,1,3,1.0,1.0,0,Phương tiện đo được thương nhân xuất nhập khẩu khí sử dụng để xác định lượng khí trong mua bán cần bảo đảm yêu cầu gì?
45252,fold_4,1,7,>100,1.0,1.0,0,"Hồ sơ đề nghị cấp, cấp lại Giấy phép kinh doanh như thế nào?"
68580,fold_2,1,10,48,1.0,1.0,0,Tình tiết giảm nhẹ trách nhiệm hình sự có phải là một trong những căn cứ để quyết định hình phạt hay không?
167928,fold_1,1,2,>100,1.0,1.0,0,Kinh phí thực hiện những nội dung trong việc phổ biến giáo dục pháp luật năm 2022
88324,fold_0,1,1,8,1.0,1.0,0,Hoạt động hỗ trợ giáo dục hòa nhập cho học sinh khuyết tật của Trung tâm được quy định như thế nào?
141276,fold_1,1,2,34,1.0,1.0,0,Vụ Hợp tác quốc tế thuộc Bộ Thông tin và Truyền thông có chức năng gì?
13746,fold_2,2,1,1,1.0,1.0,0,Mục đích của Chương trình hành động thực hiện Chỉ thị 15-CT/TW về công tác ngoại giao kinh tế là gì?
26242,fold_4,1,29,3,1.0,1.0,0,Việc chuyển giao hồ sơ các vụ án hình sự giữa các cá nhân trong cùng cơ quan có phải lập biên bản không?
110480,fold_2,1,33,1,1.0,1.0,0,Văn phòng luật sư không đăng ký hoạt động với cơ quan có thẩm quyền sẽ bị xử phạt hành chính ra sao?
20528,fold_3,1,1,14,1.0,1.0,0,Giải quyết thủ tục phúc thẩm đối với vụ việc dân sự đã được giải quyết trước ngày 01/7/2016 theo quy định nào?
49330,fold_2,1,1,16,1.0,1.0,0,Thẩm quyền quyết định kiểm tra nội bộ lực lượng Quản lý thị trường thuộc về ai?
111590,fold_2,2,3,2,1.0,1.0,0,"Quy định đối với bảo vệ thực vật rừng, động vật rừng đặc dụng là gì?"
41386,fold_2,1,14,4,1.0,1.0,0,Cản trở người khuyết tật kết hôn thì sẽ bị xử phạt vi phạm hành chính như thế nào?
148916,fold_4,1,7,1,1.0,1.0,0,Chương trình đào tạo cơ bản để cấp thẻ thành viên cho người tham gia bán hàng đa cấp gồm những nội dung gì?
55282,fold_4,1,1,>100,1.0,1.0,0,Tạp chí Dân chủ và Pháp luật có mối quan hệ công tác với các đơn vị thuộc Bộ liên quan như thế nào?
81218,fold_1,1,1,53,1.0,1.0,0,Muốn chuyển nơi hưởng trợ cấp thất nghiệp cần phải chuẩn bị những gì?
97310,fold_1,1,1,>100,1.0,1.0,0,Việc cấp chứng chỉ chứng nhận chuyên môn về y tế lao động được quy định như thế nào?
89704,fold_3,1,77,3,1.0,1.0,0,Việc nghỉ ngơi đối với lao động nữ trong thời gian nuôi con dưới 12 tháng tuổi được quy định như thế nào?
17298,fold_2,1,1,1,1.0,1.0,0,Công chức giữ chức danh lãnh đạo tại doanh nghiệp 100% vốn nhà nước thuộc Bộ Nông nghiệp và Phát triển nông thôn được xin từ chức trong những trường hợp nào?
19648,fold_2,1,70,12,1.0,1.0,0,Tỷ lệ sở hữu nước ngoài tại công ty đại chúng được xác định như thế nào?
15098,fold_4,1,1,>100,1.0,1.0,0,Văn phòng Đoàn đại biểu Quốc hội và Hội đồng nhân dân cấp tỉnh có tư cách pháp nhân và con dấu riêng hay không?
158448,fold_4,1,1,1,1.0,1.0,0,Nội dung thẩm định quyết định đầu tư dự án quan trọng quốc gia sử dụng vốn đầu tư công
94954,fold_0,1,>100,>100,0.0,0.0,0,Ủy viên Ủy ban thường vụ Quốc hội có nhất thiết phải tốt nghiệp đại học không?
123090,fold_3,1,1,3,1.0,1.0,0,"Trung tâm Đo kiểm phát thanh, truyền hình và thông tin điện tử trực thuộc Cục Phát thanh truyền hình và thông tin điện tử có tư cách pháp nhân không?"
64874,fold_4,1,1,>100,1.0,1.0,0,Chính quyền địa phương cấp huyện là gì?
165224,fold_1,1,10,4,1.0,1.0,0,Tội giao cấu với người từ đủ 13 tuổi đến dưới 16 tuổi bị xử lý hình sự như thế nào?
49210,fold_4,1,7,2,1.0,1.0,0,Thời điểm hoàn thành thủ tục biên phòng đối với tàu thuyền là khi nào?
148086,fold_3,1,1,3,1.0,1.0,0,Việc thúc đẩy bình đẳng giới gồm những biện pháp nào?
7444,fold_1,1,1,1,1.0,1.0,0,Trường tiểu học có phải thể hiện email và số điện thoại trên biển tên của trường không?
70630,fold_4,1,1,2,1.0,1.0,0,Xử lý đơn yêu cầu mở thủ tục phá sản như thế nào?
122042,fold_2,1,>100,>100,0.0,0.0,0,Không công khai về việc thu hồi danh hiệu của người đoạt giải hoa hậu thì cá nhân tổ chức cuộc thi hoa hậu bị xử phạt thế nào?
16664,fold_0,1,1,>100,1.0,1.0,0,Kinh phí phục vụ công tác chuyển giao vật chứng để yêu cầu nước ngoài tiếp tục truy cứu trách nhiệm hình sự do ai chi trả?
50032,fold_3,1,10,15,1.0,1.0,0,Các trường hợp nào phải có phương án bảo đảm an toàn hàng hải?
26872,fold_1,1,26,5,1.0,1.0,0,Cá nhân tham gia tổ chức quản lý chi phí đầu tư xây dựng có phải đạt chứng chỉ hành nghề định giá xây dựng hay không?
107110,fold_2,1,2,5,1.0,1.0,0,Hồ sơ đề nghị cấp phép cung cấp dịch vụ viễn thông bao gồm những gì?
2526,fold_4,1,1,2,1.0,1.0,0,Miễn nhiệm Kiểm toán viên nhà nước
25064,fold_1,1,1,16,1.0,1.0,0,Đơn vị nào có trách nhiệm thông báo quyết định giải thể cơ sở đào tạo tôn giáo đến cơ quan nhà nước có thẩm quyền?
154870,fold_1,1,4,7,1.0,1.0,0,Phương tiện giao thông của cơ quan lãnh sự có bị trưng dụng vào các mục đích quốc phòng hoặc lợi ích công cộng không?
70196,fold_0,1,1,28,1.0,1.0,0,Bộ chỉ số đánh giá chuyển đổi số của Bộ Nông nghiệp và Phát triển nông thôn đặt ra giải pháp thực hiện ra sao?
5548,fold_0,1,5,1,1.0,1.0,0,Phương pháp PCR được thực hiện theo các bước như thế nào để chẩn đoán bệnh viêm ruột hoại tử ở gà?
62746,fold_1,1,2,1,1.0,1.0,0,"Phân phối bản ghi âm, ghi hình có nội dung biểu diễn nghệ thuật của tổ chức, cá nhân nước ngoài tại Việt Nam được quy định như thế nào?"
76828,fold_2,1,1,1,1.0,1.0,0,Trình tự cơ quan hải quan thực hiện biện pháp cưỡng chế dừng làm thủ tục hải quan theo đề nghị của cơ quan thuế được quy định như thế nào?
113980,fold_3,1,1,1,1.0,1.0,0,Thủ tướng yêu cầu thanh tra EVN về quản lý và cung ứng điện từ năm 2021 đến nay? Tuyệt đối không để xảy ra thiếu điện?
19324,fold_3,1,2,9,1.0,1.0,0,Hồ sơ yêu cầu cấp ý kiến pháp lý đối với các dự án đầu tư theo hình thức PPP bao gồm những tài liệu nào?
37752,fold_0,1,4,>100,1.0,1.0,0,"Báo chí thực hiện việc đăng, phát nội dung thông tin đối ngoại phải tuân thủ những quy định nào?"
158288,fold_2,1,1,>100,1.0,1.0,0,Thành phần Hội đồng quân nhân bao gồm những ai?
113158,fold_4,1,1,>100,1.0,1.0,0,Lực lượng phòng thủ dân sự bao gồm những thành phần nào?
17360,fold_1,1,>100,>100,0.0,0.0,0,Điện lực có phải bồi thường thiệt hại do chập điện làm cháy nhiều thiết bị của người dân không?
48272,fold_4,1,2,>100,1.0,1.0,0,Học viện Dân tộc là cơ sở giáo dục công lập hay tư thục và trực thuộc cơ quan nào?
151384,fold_3,1,1,2,1.0,1.0,0,Hoạt động ký kết Thỏa thuận quốc tế trong Kiểm toán Nhà nước phải đảm bảo được những nguyên tắc thế nào?
101938,fold_4,1,>100,>100,0.0,0.0,0,Chi Cục trưởng thuộc Bộ có quyền hạn cụ thể là gì?
32260,fold_2,1,4,1,1.0,1.0,0,Bán đấu giá hàng hóa bị lưu giữ
95162,fold_2,1,17,1,1.0,1.0,0,Hối phiếu đòi nợ quá hạn thanh toán thì có được phép chuyển nhượng nữa hay không?
14148,fold_2,2,10,1,1.0,1.0,0,Thủ tục thu hồi giấy chứng nhận quyền sử dụng đất
76218,fold_3,1,8,9,1.0,1.0,0,Công ty có 2 người đại diện pháp luật thì ai là người ký vào hợp đồng lao động?
21006,fold_3,1,1,1,1.0,1.0,0,Chất lượng của nho quả tươi hạng II cần đáp ứng những yêu cầu tối thiểu nào?
82630,fold_3,1,73,6,1.0,1.0,0,Tiêu chuẩn đối với chức danh Uỷ viên Uỷ ban Thường vụ Quốc hội được quy định như thế nào?
117292,fold_2,1,10,1,1.0,1.0,0,Đánh giá xếp loại chất lượng công việc của trưởng ban kiểm soát doanh nghiệp nhà nước nắm giữ 100% vốn điều lệ gồm những nội dung nào?
86922,fold_2,1,10,1,1.0,1.0,0,Đang làm Bí thư Đoàn thanh niên tại xã vừa được công nhận là vùng có điều kiện kinh tế - xã hội đặc biệt khó khăn thì có được nhận trợ cấp lần đầu không?
60226,fold_2,2,1,2,1.0,1.0,0,Cơ quan nào có thẩm quyền giao nhiệm vụ thực hiện xuất bản phẩm sử dụng ngân sách nhà nước?
37216,fold_0,1,2,>100,1.0,1.0,0,"Hóa chất hạn chế sản xuất, kinh doanh trong lĩnh vực công nghiệp là như thế nào?"
86710,fold_3,1,1,>100,1.0,1.0,0,"Có được ký hợp đồng lao động với các vị trí như sau: phục vụ hội họp, dọn dẹp vệ sinh (lao động phổ thông) và làm một công việc của Văn phòng UBND, HĐND ( lao động đã qua đào tạo Đại học) hay không?"
109960,fold_3,1,2,1,1.0,1.0,0,"Đơn vị chủ trì tổ chức Hội nghị giao ban tháng xin ý kiến Tổng cục trưởng, Phó Tổng cục trưởng Tổng cục Quản lý đất đai chủ trì quyết định về những vấn đề gì?"
151328,fold_0,1,2,3,1.0,1.0,0,Phiên họp quyết định việc áp dụng biện pháp xử lý hành chính được tiến hành theo thủ tục như thế nào?
78258,fold_4,1,4,27,1.0,1.0,0,Nhiệm vụ của giáo viên mầm non như thế nào?
17002,fold_1,1,1,12,1.0,1.0,0,Thành phần hồ sơ đề nghị cấp Giấy chứng nhận đủ điều kiện kinh doanh dịch vụ thẩm định giá gồm những gì?
29420,fold_2,1,10,21,1.0,1.0,0,"Đảng viên Đảng Cộng sản Việt Nam có được quyền tự ứng cử, nhận đề cử không?"
98360,fold_0,1,3,1,1.0,1.0,0,Người học ngành nuôi trồng thủy sản nước ngọt trình độ cao đẳng phải có mức độ tự chủ và trách nhiệm như thế nào?
40134,fold_1,1,2,24,1.0,1.0,0,Kinh doanh viễn thông được thực hiện bằng những hình thức nào?
74262,fold_0,1,>100,5,1.0,1.0,0,Thông tư do Vụ Pháp chế chủ trì dự thảo có nội dung phức tạp có được thành lập Hội đồng tư vấn thẩm định không?
40958,fold_3,1,8,7,1.0,1.0,0,"Những ngành, nghề nào có nguy cơ cao về tai nạn lao động, bệnh nghề nghiệp?"
2352,fold_0,1,1,1,1.0,1.0,0,Bổ sung các trường hợp ngoại lệ không xâm phạm quyền tác giả dành cho người khuyết tật tại Luật Sở hữu trí tuệ sửa đổi 2022?
158914,fold_0,2,1,3,1.0,1.0,0,"Thủ tục và trình tự thực hiện xác định, xác định lại mức độ khuyết tật"
89586,fold_1,1,1,1,1.0,1.0,0,"Nâng cao năng lực, hiệu quả hoạt động sản xuất kinh doanh của doanh nghiệp nhà nước?"
68530,fold_0,1,1,>100,1.0,1.0,0,Việc kiểm tra định kỳ công tác thống kê của Ngành Tư pháp được thực hiện như thế nào?
37892,fold_3,1,5,52,1.0,1.0,0,Đối với mẫu nước thải thì cần kiểm định những thông số gì và phương pháp kiểm định như thế nào?
26148,fold_3,1,6,5,1.0,1.0,0,Thành viên khác của Đoàn thanh tra là ai? Thành viên đoàn thanh tra không phải là Thanh tra viên có được không?
26060,fold_4,1,1,1,1.0,1.0,0,Việc định kỳ chuyển đổi vị trí công tác đối với công chức thuộc cơ quan Thanh tra Chính phủ được thực hiện theo hình thức nào?
130582,fold_0,1,>100,31,1.0,1.0,0,Ai là người có quyền ra quyết định thi hành án theo quy định hiện nay?
141126,fold_3,1,2,2,1.0,1.0,0,Kỳ thi sát hạch cho người có chứng chỉ nghề thẩm định giá của nước ngoài được tổ chức một năm mấy lần?
113478,fold_2,1,2,2,1.0,1.0,0,Cá nhân muốn gia hạn Giấy phép tiến hành công việc bức xạ gửi hồ sơ cho cơ quan có thẩm quyền trước khi giấy phép hết hạn bao nhiêu ngày?
143784,fold_4,1,3,5,1.0,1.0,0,Người nào có thẩm quyền cho phép khai thác tài liệu lưu trữ của Bộ Giao thông vận tải?
23582,fold_1,1,1,2,1.0,1.0,0,Cục Hàng không Việt Nam có trách nhiệm gì để bảo đảm an toàn chuyến bay chuyên cơ?
166266,fold_3,2,3,32,1.0,1.0,0,Hồ sơ thiết kế xe cơ giới bao gồm những nội dung nào?
164274,fold_2,1,6,2,1.0,1.0,0,Người lao động cao tuổi có quyền thỏa thuận với người sử dụng lao động về việc rút ngắn thời giờ làm việc không?
38636,fold_1,1,1,5,1.0,1.0,0,"Số lượng ủy viên trong Đảng bộ Quân đội ở sư đoàn, vùng hải quân, vùng cảnh sát biển ở lữ đoàn, trung đoàn và tương đương?"
16012,fold_4,1,2,3,1.0,1.0,0,Được nhập khẩu các loại giống cây trồng nào?
168430,fold_0,1,3,16,1.0,1.0,0,Những thông tin nào sẽ được cập nhật vào Cơ sở dữ liệu quốc gia về dân cư?
87562,fold_4,1,1,>100,1.0,1.0,0,"Trường Nghiệp vụ Thuế có được liên kết với các tổ chức nước ngoài để đào tạo, bồi dưỡng công chức, viên chức thuế không?"
114980,fold_0,1,2,3,1.0,1.0,0,Thực hiện hoàn trả chi phí cưỡng chế thi hành quyết định xử phạt vi phạm hành chính như thế nào?
67398,fold_1,2,1,1,1.0,1.0,0,Các biện pháp cảnh vệ nào được áp dụng đối với khu vực trọng yếu thuộc đối tượng cảnh vệ?
8848,fold_0,1,2,3,1.0,1.0,0,Điều lệ công ty cổ phần có phải ghi tên toàn bộ cổ đông công ty không?
83554,fold_2,1,4,24,1.0,1.0,0,Phân bổ dự toán chi đầu tư phát triển được quy định như thế nào?
155418,fold_0,1,2,84,1.0,1.0,0,Chỉ tiêu đánh giá chất lượng dịch vụ sự nghiệp công về Chất lượng sử dụng dịch vụ phần mềm gồm những nội dung gì?
133360,fold_0,1,1,>100,1.0,1.0,0,Thời hạn giải quyết đề nghị gia hạn tạm trú cho người nước ngoài là bao nhiêu ngày?
116526,fold_1,1,9,5,1.0,1.0,0,Người khuyết tật sẽ được miễn giảm một số nội dung môn học trong chương trình giáo dục khi nào?
122798,fold_0,1,33,4,1.0,1.0,0,Người vắng mặt tại nơi cư trú nhiều năm thì giải quyết như thế nào?
126794,fold_0,1,2,1,1.0,1.0,0,"Biểu tượng, biển tên và lô gô Cảnh sát biển Việt Nam được quy định như thế nào?"
21858,fold_2,1,30,4,1.0,1.0,0,Cuộc họp của Hội đồng quản lý Quỹ được coi là hợp lệ khi nào?
146480,fold_4,1,2,73,1.0,1.0,0,Việc đào tạo bồi dưỡng kiểm toán nhà nước đối với công chức viên chức phải đảm bảo nguyên tắc gì?
134712,fold_1,1,8,94,1.0,1.0,0,Thanh tra Bộ Giáo dục và Đào tạo có con dấu riêng hay không?
103648,fold_3,1,1,1,1.0,1.0,0,Ai có quyền quyết định các vấn đề được Hội đồng thành viên Tập đoàn Công nghiệp Cao su Việt Nam phân công?
76900,fold_4,1,9,6,1.0,1.0,0,"Đoàn thanh tra không được giao lưu, ăn uống với đối tượng thanh tra đúng không?"
121666,fold_0,1,6,24,1.0,1.0,0,"Kế hoạch đào tạo đối với chương trình cao đẳng, trung cấp được quy định ra sao?"
159168,fold_4,1,50,1,1.0,1.0,0,Đề nghị đưa nội dung phù hợp về Hiến pháp vào chương trình đào tạo của hệ thống giáo dục quốc dân?
3776,fold_4,1,>100,1,1.0,1.0,0,Có được cấp Giấy chứng nhận quyền sở hữu nhà ở đối với nhà ở xây dựng từ năm 2004 không?
125936,fold_1,1,3,>100,1.0,1.0,0,Phiên họp Ủy ban thường vụ Quốc hội diễn ra bao lâu một lần?
28918,fold_2,1,2,19,1.0,1.0,0,Mức hưởng phụ cấp thâm niên vượt khung theo quy định mới nhất?
40226,fold_3,1,>100,9,1.0,1.0,0,Bảo lĩnh cho người bị tạm giam về chịu tang có được không?
75556,fold_0,1,1,1,1.0,1.0,0,Hồ sơ gốc của sĩ quan dự bị do cơ quan nào quản lý?
70160,fold_2,1,2,5,1.0,1.0,0,Người nào có quyền yêu cầu đăng ký biện pháp bảo đảm?
96658,fold_2,1,12,2,1.0,1.0,0,Đỗ ô tô trên hè phố không đúng quy tắc giao thông đường bộ thì bị xử phạt bao nhiêu?
153506,fold_1,1,6,7,1.0,1.0,0,Hội nghị tập thể lãnh đạo lần 2 và lần 3 trong quy trình bổ nhiệm cấp phó của người đứng đầu Tạp chí Giáo dục gồm những nội dung gì?
60146,fold_3,1,12,8,1.0,1.0,0,Đơn vị thi công công trình trong lĩnh vực quản lý đất đai cần phải đảm bảo báo cáo tiến độ đình kỳ vào ngày bao nhiêu trong tháng?
123508,fold_2,1,9,95,1.0,1.0,0,Công chức thuộc Bộ Tư pháp được chuyển đổi vị trí công tác thì có cần chuyển giao hồ sơ công chức cho đơn vị mới hay không?
132644,fold_0,1,3,21,1.0,1.0,0,Doanh nghiệp kinh doanh nước sạch được nhận hỗ trợ tối đa bao nhiêu từ ngân sách nhà nước?
147648,fold_2,1,>100,39,1.0,1.0,0,"Trách nhiệm đảm bảo an toàn, an ninh thông tin cá nhân của đơn vị thu thập thông tin được quy định như thế nào?"
167010,fold_4,1,8,8,1.0,1.0,0,Sản xuất phim 18+ bị phạt bao nhiêu tiền?
162774,fold_0,1,2,2,1.0,1.0,0,"Nhãn thuốc, nguyên liệu làm thuốc lưu hành trên thị trường"
105838,fold_4,1,1,1,1.0,1.0,0,Chương trình làm quen với tiếng Anh dành cho trẻ em mẫu giáo được xây dựng theo quan điểm giáo dục nào?
9898,fold_1,1,38,1,1.0,1.0,0,Công ty mới thành lập được miễn lệ phí môn bài thì có cần kê khai và nộp tờ khai cho cơ quan thuế hay không?
76380,fold_3,1,55,40,1.0,1.0,0,"Khu dân cư có nguy cơ cháy, nổ cao là gì?"
147752,fold_3,1,>100,1,1.0,1.0,0,Tiến hành tính công suất thể thủy tinh thay thế bằng siêu âm AB theo các bước như thế nào?
122088,fold_4,1,8,2,1.0,1.0,0,"Những biểu hiện nào được xem là suy thoái đạo đức, lối sống của cán bộ, đảng viên?"
118816,fold_1,1,2,4,1.0,1.0,0,Khi lập hồ sơ đề nghị cấp Giấy phép tiến hành công việc bức xạ cần tuân thủ những quy định chung nào?
158662,fold_1,1,1,1,1.0,1.0,0,Nội dung huấn luyện kỹ thuật an toàn đối với hoạt động kinh doanh khí với nhóm 1 của cơ sở xuất nhập khẩu khí gồm những gì?
16680,fold_0,1,1,22,1.0,1.0,0,Vị trí và chức năng của Bảo vệ dân phố được quy định như thế nào?
92908,fold_3,1,42,>100,1.0,1.0,0,Tiêu chuẩn của Chánh án Tòa án nhân dân tối cao như thế nào?
81608,fold_3,1,1,2,1.0,1.0,0,Quyết định về thu hồi quyết định về thi hành án có trước hay quyết định về việc uỷ thác thi hành án dân sự có trước?
81772,fold_3,2,1,62,1.0,1.0,0,"Nhân viên sản xuất thực phẩm, nấu ăn nhà hàng được khám sức khỏe và điều trị bệnh nghề nghiệp như thế nào?"
123932,fold_1,1,1,21,1.0,1.0,0,Mẫu văn bản đăng ký hợp đồng nhận lao động thực tập có dạng ra sao?
112822,fold_4,1,2,1,1.0,1.0,0,Để tổ chức thí điểm kinh doanh đặt cược bóng đá quốc tế thì doanh nghiệp cần có tối thiểu bao nhiêu vốn điều lệ?
18902,fold_3,1,1,1,1.0,1.0,0,Lên trại giam để đăng ký khai sinh cho cháu được không?
91782,fold_4,1,1,>100,1.0,1.0,0,Điều chỉnh thu nhập tháng đã đóng bảo hiểm xã hội như thế nào?
167304,fold_3,1,12,2,1.0,1.0,0,Trường hợp nào thì được cấp lại văn bằng bảo hộ nhãn hiệu?
123536,fold_4,1,8,6,1.0,1.0,0,Lịch làm việc của kỳ thi tốt nghiệp trung học cơ sở chương trình song ngữ tiếng Pháp
67216,fold_4,1,5,5,1.0,1.0,0,Tiêu chuẩn về sức khỏe khi tuyển chọn đi nghĩa vụ quân sự được quy định như thế nào?
4618,fold_3,1,6,80,1.0,1.0,0,Chủ tịch tỉnh có thẩm quyền ký thành lâp tổ chức khoa học và công nghệ không?
127492,fold_2,1,1,>100,1.0,1.0,0,Việc thành lập hay giải thể Cảng vụ hàng không do ai quyết định?
22440,fold_3,1,2,22,1.0,1.0,0,Hàng rào ngăn cách với đường đua thuyền truyền thống thì phải cách bao nhiêu mét?
71270,fold_1,1,1,2,1.0,1.0,0,Doanh nghiệp xác định nguyên giá tài sản kết cấu hạ tầng thủy lợi dựa trên nguyên tắc gì?
41786,fold_3,1,1,2,1.0,1.0,0,Khi lập báo cáo lưu chuyển tiền tệ hợp nhất công ty mẹ cần phải ưu tiên sử dụng phương pháp nào?
144154,fold_4,1,27,25,1.0,1.0,0,Trách nhiệm bồi thường thiệt hại về tài sản và sức khỏe đối với người gây tai nạn giao thông cho người khác là gì?
102138,fold_3,1,39,4,1.0,1.0,0,Người tuổi cao sức yếu có bị áp dụng hình phạt tử hình không?
87604,fold_4,2,22,1,1.0,1.0,0,Dịch vụ phần mềm có thuộc trường hợp được giảm thuế GTGT không?
134210,fold_3,1,1,2,1.0,1.0,0,"Hội đồng tư vấn cấp chứng chỉ hành nghề khám bệnh, chữa bệnh của Bộ Y tế gồm có bao nhiêu Tiểu ban?"
12928,fold_3,1,68,8,1.0,1.0,0,Báo cáo kết quả kiểm tra của Kiểm soát viên phải được gửi về Công ty vào thời điểm nào?
107944,fold_2,1,33,3,1.0,1.0,0,Hồ sơ đề nghị cấp bổ sung Giấy chứng nhận đăng ký hoạt động giám định chất lượng sản phẩm gồm những gì?
12420,fold_1,1,1,>100,1.0,1.0,0,"Hội đồng kiểm định chất lượng đầu vào công chức có nhiệm vụ, quyền hạn ra sao?"
111658,fold_2,1,1,>100,1.0,1.0,0,Tuyên truyền viên giáo dục quốc phòng và an ninh trong quá trình hoạt động phải đáp ứng những yêu cầu nào?
153028,fold_2,1,1,>100,1.0,1.0,0,Quyền và nghĩa vụ của khách hàng trong việc giữ bí mật và cung cấp thông tin cho khách hàng ra sao?
72388,fold_2,1,3,1,1.0,1.0,0,Người học ngành quản trị mạng máy tính trình độ trung cấp sau khi tốt nghiệp phải đạt được những kỹ năng nào?
149324,fold_3,1,1,1,1.0,1.0,0,Hội đồng quản trị Bảo hiểm tiền gửi Việt Nam có chức năng thế nào?
42298,fold_1,1,1,84,1.0,1.0,0,Khái niệm bảo hiểm y tế theo Luật Bảo hiểm y tế 2008
61596,fold_0,1,1,>100,1.0,1.0,0,"Căn cước công dân có thể hiện rõ thông tin lai lịch cơ bản, nhận dạng của công dân không?"
61754,fold_0,2,2,2,1.0,1.0,0,"Điều kiện tổ chức liên hoan phim, liên hoan phim chuyên ngành, chuyên đề, giải thưởng phim, cuộc thi phim, chương trình phim và tuần phim tại Việt Nam như thế nào?"
91606,fold_4,1,14,1,1.0,1.0,0,Muốn xây dựng biển hiệu quảng cáo phân bón có diện tích một mặt 30 mét vuông (m2) đặt dọc tuyến Quốc lộ 1 thì có cần xin phép không?
151680,fold_0,1,2,11,1.0,1.0,0,Quân nhân dự bị được xếp trong đơn vị dự bị động viên có trách nhiệm gì?
111768,fold_4,1,8,3,1.0,1.0,0,Trung tâm giám định pháp y thuộc Bộ Công an có nhiệm vụ gì trong hoạt động giám định tư pháp?
129342,fold_2,1,2,66,1.0,1.0,0,Chánh Thanh tra Bộ Quốc phòng có những nhiệm vụ gì theo quy định?
150178,fold_3,1,1,2,1.0,1.0,0,Giấy phép thành lập cơ sở hỗ trợ nạn nhân mua bán người trong trường hợp nào cần sửa đổi?
67782,fold_3,1,5,59,1.0,1.0,0,Lãnh sự quán bao gồm những chức vụ nào?
27510,fold_2,1,>100,7,1.0,1.0,0,Mức hưởng chế độ ốm đau là bao nhiêu?
65158,fold_1,1,14,>100,1.0,1.0,0,Quyền thành lập hộ kinh doanh và nghĩa vụ đăng ký hộ kinh doanh quy định như thế nào?
41292,fold_2,1,2,>100,1.0,1.0,0,Cơ quan thanh tra có những chức năng gì?
138098,fold_1,1,14,1,1.0,1.0,0,"Họa sĩ hạng 2 yêu cầu tiêu chuẩn về trình độ đào tạo, bồi dưỡng như thế nào?"
54598,fold_3,1,25,37,1.0,1.0,0,Để mở cảng cá cần đáp ứng những điều kiện gì?
87660,fold_0,1,3,4,1.0,1.0,0,Vận động viên thể thao thành tích cao được hưởng chế độ tiền lương và bảo hiểm như thế nào?
29418,fold_4,1,1,1,1.0,1.0,0,Kinh phí thực hiện Kế hoạch thực hiện đổi mới phong cách thái độ phục vụ của cán bộ y tế hướng tới sự hài lòng của người bệnh được chi từ các nguồn nào?
125974,fold_0,1,>100,8,1.0,1.0,0,Ban kiểm soát công ty đại chúng phải họp bao nhiêu lần trong năm?
33476,fold_4,1,1,1,1.0,1.0,0,Hàng hóa quá cảnh của Campuchia trên lãnh thổ Việt Nam được phép lưu lại tại Việt Nam bao nhiêu ngày?
139968,fold_1,1,2,>100,1.0,1.0,0,Cá nhân tự cung ứng dịch vụ kế toán thì có được không?
113496,fold_3,1,9,52,1.0,1.0,0,Nhiệm vụ đối với Giáo viên giáo dục nghề nghiệp hạng IV theo quy định phải thực hiện những gì?
61012,fold_4,1,5,2,1.0,1.0,0,Thời điểm hưởng lương hưu theo quy định pháp luật
133172,fold_3,1,2,12,1.0,1.0,0,Chủ doanh nghiệp tư nhân có thể ủy quyền cho người khác làm người đại diện theo pháp luật hay không?
76930,fold_1,1,17,23,1.0,1.0,0,Hồ sơ cần chuẩn bị để doanh nghiệp tự công bố sản phẩm là chất hỗ trợ chế biến thực phẩm cần chuẩn bị giấy tờ gì?
8546,fold_3,1,1,53,1.0,1.0,0,Nguồn thu của Hội Thống kê Việt Nam đến từ đâu?
72142,fold_3,1,8,2,1.0,1.0,0,"Hồ sơ bổ nhiệm, cấp thẻ, miễn nhiệm và thu hồi thẻ giám định viên tư pháp?"
54478,fold_0,1,3,3,1.0,1.0,0,Trường hợp khác được sử dụng ngoại tệ trên lãnh thổ Việt Nam?
46302,fold_3,1,2,4,1.0,1.0,0,"Việc tổ chức thực hiện kế hoạch tuần tra, kiểm soát của Cảnh sát giao thông được quy định như thế nào?"
77806,fold_4,1,1,66,1.0,1.0,0,Sở Kế hoạch và Đầu tư có trách nhiệm trình Ủy ban nhân dân cấp tỉnh những nội dung gì?
121888,fold_3,1,7,22,1.0,1.0,0,Mua bán tài sản là động sản khác có bảo lưu quyền sở hữu thì hồ sơ đăng ký bảo lưu quyền sở hữu ra sao?
134600,fold_1,1,1,2,1.0,1.0,0,Nguồn điện dùng cho dịch vụ an toàn trong nhà ở và nhà công cộng gồm những gì?
132466,fold_3,1,3,2,1.0,1.0,0,Bệnh giun xoắn ở lợn thường lây truyền thông qua những đường nào?
48886,fold_4,1,1,3,1.0,1.0,0,Ai có trách nhiệm tổ chức lập biên bản vi phạm hành chính đối với hành vi hút thuốc lá trên máy bay?
145722,fold_4,1,1,3,1.0,1.0,0,Quyết định sáp nhập hợp tác xã được thông qua khi nào?
87658,fold_0,1,9,2,1.0,1.0,0,Lựa chọn chủ đầu tư xây dựng dự án xây dựng nhà ở xã hội được quy định thế nào?
143604,fold_0,1,1,4,1.0,1.0,0,"Khi sản xuất, kinh doanh, sử dụng, bảo quản hóa chất dễ cháy nổ cần đảm bảo yêu cầu gì về bố trí, sắp xếp hóa chất?"
4538,fold_1,1,2,1,1.0,1.0,0,Nước cử có thể uỷ nhiệm cho một cơ quan lãnh sự đặt ở một nước nào đó thực hiện chức năng lãnh sự ở một nước khác không?
76590,fold_1,1,7,>100,1.0,1.0,0,Người được cấp bản sao bằng cấp 2 có những quyền hạn và nghĩa vụ như thế nào?
159200,fold_0,1,2,42,1.0,1.0,0,Người có công với cách mạng là những đối tượng nào?
132380,fold_0,1,4,>100,1.0,1.0,0,Hồ sơ đề nghị điều chỉnh Giấy chứng nhận đăng ký đại lý đổi tiền của nước có chung biên giới bao gồm những gì?
109214,fold_3,1,8,2,1.0,1.0,0,Bảo lưu kết quả trúng tuyển theo quy chế tuyển sinh từ năm 2022?
51456,fold_4,1,8,>100,1.0,1.0,0,Cơ sở dữ liệu tài nguyên và môi trường bao gồm những cơ sở nào?
59730,fold_4,1,25,1,1.0,1.0,0,Tổ chức nhập khẩu trang thiết bị y tế khi chưa có giấy phép nhập khẩu thì bị xử phạt vi phạm hành chính thế nào?
121116,fold_3,1,13,2,1.0,1.0,0,Điều kiện để hưởng lương hưu theo quy định pháp luật
110592,fold_2,1,1,21,1.0,1.0,0,Đối tượng được xét tặng Kỷ niệm chương Vì sự nghiệp Tuyên giáo khi có đủ các điều kiện gì?
95926,fold_4,1,1,6,1.0,1.0,0,Điều kiện để được cấp giấy phép lái xe quốc tế là gì?
65496,fold_3,1,4,1,1.0,1.0,0,"Thực hiện cai nghiện ma túy tự nguyện tại gia đình, cộng đồng theo quy định pháp luật"
108738,fold_1,1,>100,>100,0.0,0.0,0,Người dân có bắt buộc phải đóng góp tiền để làm đường liên ấp không?
114928,fold_3,1,7,36,1.0,1.0,0,"Tiêu chuẩn về trình độ đào tạo, bồi dưỡng của giáo viên THCS hạng II ra sao?"
103168,fold_2,1,>100,1,1.0,1.0,0,"Trình tự, thủ tục ban hành kế hoạch quản lý chất lượng môi trường nước mặt?"
94640,fold_3,1,2,>100,1.0,1.0,0,"Việc xử lý kỷ luật đối với cán bộ, công chức, viên chức được thực hiện dựa trên nguyên tắc nào?"
97344,fold_3,1,1,>100,1.0,1.0,0,Có thể xin hộ nghèo theo diện mồ côi cha mẹ được không?
109626,fold_2,1,1,18,1.0,1.0,0,Lái tàu là ai?
14774,fold_0,1,1,5,1.0,1.0,0,Trách nhiệm của Thống đốc Ngân hàng Nhà nước trong hoạt động thanh tra ngân hàng là gì?
8200,fold_2,1,4,2,1.0,1.0,0,Người điều khiển xe ô tô chở hành khách đón hành khách không đúng nơi quy định có phải bị áp dụng biện pháp khắc phục hậu quả hay không?
85158,fold_3,1,1,3,1.0,1.0,0,"Đăng ký nghĩa vụ quân sự khi thay đổi nơi cư trú, làm việc theo quy định pháp luật"
974,fold_4,1,>100,76,1.0,1.0,0,"Tiêu chuẩn, đối tượng và thủ tục khen thưởng đối với tổ chức và đảng viên?"
66524,fold_1,1,6,2,1.0,1.0,0,Cơ quan nào có trách nhiệm giám sát người chấp hành án phạt cải tạo không giam giữ?
87896,fold_0,1,32,8,1.0,1.0,0,"Hàng hóa sử dụng trực tiếp cho phát triển hoạt động ươm tạo công nghệ, ươm tạo doanh nghiệp khoa học và công nghệ, đổi mới công nghệ có được miễn thuế nhập khẩu không?"
56806,fold_3,1,>100,5,1.0,1.0,0,Hồ sơ đăng ký đối với bản công bố sản phẩm đối với sản phẩm nhập khẩu bao gồm những giấy tờ gì?
142630,fold_0,1,47,3,1.0,1.0,0,Được bổ nhiệm vào ngạch Chấp hành viên thì công chức sẽ được cấp những loại trang phục nào?
94982,fold_1,1,1,1,1.0,1.0,0,Thời hạn tiếp nhận thông tin trên Trang thông tin điện tử Cải cách hành chính nhà nước thuộc Bộ Nội vụ được quy định thế nào?
97224,fold_2,4,11,3,1.0,1.0,0,Điều kiện để thành lập doanh nghiệp kinh doanh homestay và dịch vụ cắm trại là gì?
57648,fold_1,1,2,>100,1.0,1.0,0,Khái niệm về trợ cấp thất nghiệp
101872,fold_4,1,>100,11,1.0,1.0,0,Danh sách các địa điểm thi tại Hà Nội
158022,fold_0,2,1,4,1.0,1.0,0,Thịt thăn heo có phải là sản phẩm phải thực hiện kiểm dịch động vật trên cạn hay không?
165928,fold_0,1,3,15,1.0,1.0,0,Khu vực khoáng sản được phân thành bao nhiêu khu?
63236,fold_1,1,3,28,1.0,1.0,0,Công nghệ sinh học nào được coi là công nghệ cao ứng dụng trong nông nghiệp?
150836,fold_4,1,1,>100,1.0,1.0,0,Thế nào là nghề truyền thống?
32104,fold_3,1,>100,>100,0.0,0.0,0,Trường mầm non công lập không sắp xếp công việc đúng vị trí việc làm cho người lao động thì bị xử phạt như thế nào?
5346,fold_3,1,22,1,1.0,1.0,0,"Đạo diễn truyền hình hạng 1 thuộc chuyên ngành thông tin và truyền thông yêu cầu tiêu chuẩn về trình độ đào tạo, bồi dưỡng như thế nào?"
96362,fold_4,2,2,3,1.0,1.0,0,Phải thực hiện gia hạn thời hạn bảo vệ bí mật nhà nước đối với văn bản bí mật nhà nước độ Tuyệt mật trong thời gian bao nhiêu ngày trước khi hết thời hạn?
83054,fold_2,1,10,5,1.0,1.0,0,Có được cách ly các bị cáo với nhau khi tiến hành hỏi tại phiên tòa xét xử hay không?
133322,fold_4,1,60,>100,1.0,1.0,0,Khái niệm hợp đồng là gì?
9302,fold_3,1,20,4,1.0,1.0,0,Để bổ sung thông tin trên Giấy xác nhận đủ điều kiện làm thương nhân phân phối xăng dầu cần liên hệ cơ quan nào?
25140,fold_3,1,34,1,1.0,1.0,0,Thanh long quả tươi chứa trong mỗi bao bì có phải đồng đều không?
31384,fold_3,1,2,3,1.0,1.0,0,Trình tự thủ tục để thay đổi thông tin tên miền .vn theo quyết định xử phạt của cơ quan có thẩm quyền như thế nào?
147658,fold_2,1,1,7,1.0,1.0,0,Những đối tượng nào phải đóng kinh phí công đoàn?
55694,fold_0,1,4,12,1.0,1.0,0,Cá nhân trực tiếp quyết toán thuế với cơ quan thuế thì phải nộp hồ sơ như thế nào?
33744,fold_0,2,2,2,1.0,1.0,0,"Khi nào tàu thuyền hoạt động hàng hải quốc tế ra, vào khu vực hàng hải không phải nộp phí trọng tải?"
167116,fold_3,1,7,>100,1.0,1.0,0,Trình tự cấp xác nhận kiến thức pháp luật về bán hàng đa cấp cụ thể như thế nào?
139868,fold_2,1,41,9,1.0,1.0,0,Có được bồi thường vì tháo dỡ nhà khi Nhà nước thu hồi đất hay không?
41398,fold_1,1,1,12,1.0,1.0,0,Khai thác tàu biển khi chưa được cấp giấy chứng nhận đăng ký tàu biển thì tổ chức bị xử phạt thế nào?
158562,fold_2,1,1,5,1.0,1.0,0,"Cấp giấy chứng nhận quyền sử dụng đất, giao đất trên thực địa cho người trúng đấu giá"
67484,fold_0,1,32,4,1.0,1.0,0,"Trường hợp nào công chức, viên chức phải đền bù chi phí đào tạo, bồi dưỡng?"
63088,fold_0,1,53,1,1.0,1.0,0,Hồ sơ thu hồi chứng thư số của thiết bị có bắt buộc phải có đề nghị thu hồi chứng thư số của cơ quan công an không?
93390,fold_2,1,1,1,1.0,1.0,0,Trong quá trình sản xuất chính để bảo đảm vệ sinh cho rau quả tươi đất được yêu cầu thế nào?
31948,fold_0,1,2,2,1.0,1.0,0,Người bị nhiễm HIV có được sinh con không?
12672,fold_1,1,26,13,1.0,1.0,0,"Điều kiện để học sinh lớp 11,12 được học sinh khá là gì?"
38304,fold_2,1,4,25,1.0,1.0,0,Việc tổ chức vay lại từ nguồn vốn ODA của Chính phủ của chính quyền địa phương được quy định thế nào?
99486,fold_2,1,>100,61,1.0,1.0,0,Thủ tục sang tên sổ đỏ mất bao lâu?
35008,fold_0,1,73,1,1.0,1.0,0,"Thời hạn hưởng bồi thường thiệt hại do tính mạng, sức khỏe bị xâm phạm được quy định như thế nào?"
27914,fold_0,1,1,>100,1.0,1.0,0,Doanh nghiệp không lập báo cáo tài chính thì có thể bị xử phạt vi phạm hành chính bao nhiêu tiền?
157372,fold_3,2,6,3,1.0,1.0,0,"Cá nhân có quyền thay đổi tên khai sinh để xác định lại giới tính và lấy lại danh dự, quyền lợi ích hợp pháp của mình hay không?"
66016,fold_0,1,1,1,1.0,1.0,0,Hội đồng quản lý Quỹ Trái tim vàng Việt Nam hoạt động theo nguyên tắc nào?
81244,fold_0,1,1,4,1.0,1.0,0,Thời gian thi tuyển công chức Viện Kiểm sát nhân dân tối cao năm 2023 là khi nào?
121394,fold_1,1,34,5,1.0,1.0,0,Giấy chứng nhận thành viên bù trừ được Ủy ban chứng khoán nhà nước cấp theo trình tự thủ tục như thế nào?
87950,fold_0,1,50,>100,1.0,1.0,0,"Đối với công chức lãnh đạo, quản lý thì phải thực hiện chức trách, nhiệm vụ được giao như thế nào?"
70072,fold_0,1,21,4,1.0,1.0,0,"Hoàn trả chi phí khám bệnh, chữa bệnh COVID-19 do các cơ sở y tế tư nhân như thế nào?"
23634,fold_1,1,>100,5,1.0,1.0,0,Ai có thẩm quyền bàn giao bài thi chấm cho Trưởng ban Phách để ghép phách?
36630,fold_2,1,40,4,1.0,1.0,0,Cách tính điểm thi vào lớp 10 2023 Hà Nội thế nào?
95480,fold_4,1,40,3,1.0,1.0,0,"Công chức làm lộ bí mật thông tin trong đơn đăng ký sáng chế, kiểu dáng công nghiệp thì bị xử lý như thế nào?"
89630,fold_2,1,1,>100,1.0,1.0,0,Đăng ký khai sinh cho con có bắt buộc phải có giấy chứng sinh hay không?
7578,fold_3,1,1,5,1.0,1.0,0,Hỗ trợ đầu tư xây dựng cơ sở hạ tầng sản xuất muối được phân bổ như thế nào?
564,fold_4,1,1,>100,1.0,1.0,0,"Cục Việc làm có nhiệm vụ nghiên cứu, xây dựng trình Bộ Lao động Thương binh và Xã hội những nội dung gì?"
152246,fold_2,1,1,>100,1.0,1.0,0,Những yêu cầu cần phải đảm bảo an toàn trong sản xuất hóa chất là gì?
148978,fold_2,1,6,>100,1.0,1.0,0,Ngày tính tiền chậm nộp thuế được xác định như thế nào?
90254,fold_2,1,3,1,1.0,1.0,0,"Từ 09/02/2023, thời hạn thanh toán hết số tiền mua, bán nợ và xử lý bên mua nợ chưa thanh toán đủ số tiền mua nợ như thế nào?"
141046,fold_4,1,1,1,1.0,1.0,0,Bí thư Thành ủy Thành phố Hồ Chí Minh được sử dụng thường xuyên một xe ô tô loại gì?
103714,fold_4,1,74,31,1.0,1.0,0,Các hình thức thu nhập từ đầu tư vốn là gì?
127418,fold_4,1,1,1,1.0,1.0,0,"Sau khi xử lý bom mìn, vật nổ bằng phương pháp xì hơi nước nóng phải tuân thủ quy định an toàn như thế nào?"
83542,fold_0,1,1,1,1.0,1.0,0,"Hội Hữu nghị Việt Nam, Uzbekistan hoạt động hướng tới những mục đích gì?"
5206,fold_3,1,>100,8,1.0,1.0,0,Đăng ký sử dụng tài khoản trên hệ thống Cổng thông tin một cửa quốc gia khi người khai chưa có tài khoản được thực hiện ra sao?
92390,fold_1,1,1,2,1.0,1.0,0,Vốn điều lệ của Tập đoàn Công nghiệp Than - Khoáng sản Việt Nam hiện tại là bao nhiêu?
48456,fold_0,1,2,>100,1.0,1.0,0,Phải có thời gian công tác bao lâu mới đủ điều kiện bổ nhiệm bổ nhiệm chức danh Phó Cục trưởng Cục Dự trữ Nhà nước khu vực?
31072,fold_1,1,1,26,1.0,1.0,0,Đoàn liên ngành phòng chống in lậu Trung ương bao gồm những ai?
17464,fold_3,1,3,>100,1.0,1.0,0,Hồ sơ đề nghị cấp giấy thông hành qua cửa khẩu Trung Quốc đối với người dưới 14 tuổi cần những gì?
12896,fold_2,1,2,46,1.0,1.0,0,Trường đại học xếp hạng như thế nào?
129276,fold_0,1,28,1,1.0,1.0,0,Mẫu Đơn đề nghị cấp Giấy phép vận tải biển nội địa năm 2022?
99582,fold_3,1,16,5,1.0,1.0,0,Nhà ở được chia thế nào khi ly hôn?
1902,fold_3,1,1,20,1.0,1.0,0,Việc thực hiện niêm phong vật chứng trong tố tụng hình sự được quy định như thế nào?
18518,fold_2,1,21,15,1.0,1.0,0,Người lao động có 02 sổ bảo hiểm xã hội không trùng thời gian đóng thì cần làm gì để được hưởng bảo hiểm xã hội một lần?
69476,fold_2,1,>100,>100,0.0,0.0,0,Pháp luật quy định về chứng chỉ hành nghề biên tập được cấp lại như thế nào?
104234,fold_0,1,12,1,1.0,1.0,0,Người gây rối loạn hoạt động của mạng máy tính gây thiệt hại 500.000.000 đồng là con của người có công với cách mạng có được giảm nhẹ trách nhiệm hình sự không?
135326,fold_3,1,3,2,1.0,1.0,0,"Hạch toán tiền mặt mới in, đúc đã công bố lưu hành nhưng chưa được phép phát hành vào lưu thông thực hiện ra sao?"
9528,fold_0,1,1,1,1.0,1.0,0,Địa điểm sát hạch giấy phép lái tàu cần đảm bảo những điều kiện gì?
128486,fold_4,1,2,10,1.0,1.0,0,Hệ số lương công chức chuyên ngành thuế năm 2022 là bao nhiêu?
67000,fold_2,1,6,48,1.0,1.0,0,Giấy thông hành biên giới Việt Nam - Campuchia có thời hạn sử dụng trong bao lâu? Có được gia hạn không?
7520,fold_1,1,1,1,1.0,1.0,0,Có được đồng thời làm thành viên độc lập Hội đồng quản trị của công ty mẹ và công ty con không?
96708,fold_1,1,25,16,1.0,1.0,0,Thời hạn không thực hiện hành vi phạm tội để được Tòa án quyết định xóa án tích là bao lâu kể từ ngày chấp hành xong hình phạt chính?
108568,fold_3,1,>100,>100,0.0,0.0,0,Hồ sơ thực hiện việc tách thửa gồm những thành phần nào?
81400,fold_1,1,4,3,1.0,1.0,0,Cần đóng bảo hiểm thêm bao nhiêu năm nữa thì tôi được hưởng mức lương hưu tối đa của nữ là 75% theo quy định pháp luật
67550,fold_4,1,4,2,1.0,1.0,0,Cơ sở dữ liệu đất đai quốc gia tại Trung ương được xây dựng từ các nguồn dữ liệu nào?
109116,fold_2,1,2,5,1.0,1.0,0,Bố trí thí nghiệm theo phương pháp khảo nghiệm diện rộng như thế nào? Thực hiện tối thiểu bao nhiêu vụ khảo nghiệm diện rộng?
72392,fold_3,1,>100,18,1.0,1.0,0,Nguồn thông tin dự báo luồng tiền được lấy từ đâu?
75072,fold_4,1,6,19,1.0,1.0,0,"Việc tổ chức vận động, tiếp nhận, sử dụng nguồn đóng góp tự nguyện được thực hiện dựa trên nguyên tắc nào?"
146790,fold_2,1,19,1,1.0,1.0,0,Khi nào được công bố dịch bệnh động vật thủy sản?
112364,fold_0,1,63,1,1.0,1.0,0,Áp dụng những biện pháp khắc phục hậu quả nào đối với trường cao đẳng tổ chức thi tuyển người vào học chương trình đào tạo của nước ngoài khi chưa được cơ quan có thẩm quyền cấp giấy chứng nhận?
78026,fold_2,1,10,1,1.0,1.0,0,Bên mời thầu lập hồ sơ mời thầu (E-HSMT) đối với đấu thầu thuốc qua mạng như thế nào?
134810,fold_1,1,3,1,1.0,1.0,0,Đại hội đồng thành viên góp vốn thành lập trường mầm non tư thục thông qua việc bãi nhiệm thành viên Hội đồng quản trị ra sao?
31810,fold_3,1,2,1,1.0,1.0,0,Cán bộ làm việc tại huyện đảo Trường Sa có được nhận trợ cấp hay không?
27496,fold_2,1,6,6,1.0,1.0,0,Cơ sở chế biến thủy sản có thể sử dụng nước đá của các cơ sở sản xuất bên ngoài hay không?
20042,fold_0,1,2,75,1.0,1.0,0,Thuế suất thuế GTGT 8% được giảm đến khi nào?
35128,fold_2,1,1,>100,1.0,1.0,0,"Nhiệm vụ, quyền hạn của Điều tra viên trung cấp được quy định như thế nào?"
127674,fold_4,1,66,1,1.0,1.0,0,"Người khai báo thông tin đối với tàu bay nhập cảnh theo cơ chế một cửa quốc gia có thể khai sửa đổi, bổ sung thông tin trên hệ thống không hay phải khai báo trực tiếp?"
8724,fold_4,1,17,2,1.0,1.0,0,"Các bước tiến hành kiểm tra tổ chức Đảng, Đảng viên khi có dấu hiệu vi phạm?"
144130,fold_3,2,15,18,1.0,1.0,0,Quy đổi thu nhập chịu thuế ra Đồng Việt Nam như thế nào?
150714,fold_4,1,52,5,1.0,1.0,0,Để được cấp giấy công nhận giấy chứng nhận khả năng chuyên môn cần đáp ứng những điều kiện nào?
104844,fold_1,1,1,1,1.0,1.0,0,Mẫu Tờ khai đăng ký tàu biển mới nhất hiện nay là mẫu nào?
7420,fold_3,1,3,6,1.0,1.0,0,"Đối tượng áp dụng chế độ bảo hiểm tai nạn lao động, bệnh nghề nghiệp?"
102924,fold_3,1,1,3,1.0,1.0,0,Dự toán chi đầu tư phát triển khoa học và công nghệ do cơ quan nào lập?
61010,fold_2,1,10,80,1.0,1.0,0,Vợ của công an có được hỗ trợ đóng bảo hiểm y tế không?
1232,fold_3,1,1,18,1.0,1.0,0,Người làm chứng có quyền và nghĩa vụ gì trong việc giải quyết vụ án hành chính?
4580,fold_3,1,7,17,1.0,1.0,0,Bố chuyển nhượng cổ phần cho con thì chịu thuế thu nhập cá nhân như thế nào?
99878,fold_2,1,2,>100,1.0,1.0,0,"Trung tâm giáo dục nghề nghiệp, giáo dục thường xuyên có vị trí pháp lý như thế nào?"
150218,fold_2,1,14,3,1.0,1.0,0,Mức phạt đối với hành vi điều khiển xe máy vận chuyển hàng hóa cồng kềnh như thế nào?
125746,fold_3,2,>100,10,1.0,1.0,0,Thủ tục hủy quyết định tha tù trước thời hạn có điều kiện được thực hiện như thế nào?
157998,fold_1,1,1,10,1.0,1.0,0,Các điều khoản nào được đề cập đến trong hợp đồng dịch vụ đảm bảo cần được xem xét trước khi chấp thuận hoặc duy trì hợp đồng?
26130,fold_0,1,1,3,1.0,1.0,0,Nội dung và hình thức phổ biến kiến thức quốc phòng và an ninh quy định như thế nào?
77746,fold_4,1,2,2,1.0,1.0,0,Hiệp hội Bia Rượu Nước giải khát Việt Nam hoạt động trên phạm vi nào?
127970,fold_4,1,1,1,1.0,1.0,0,Trình tự cấp Giấy phép đủ điều kiện kinh doanh dịch vụ karaoke như thế nào?
131242,fold_0,1,3,9,1.0,1.0,0,Yêu cầu chứng chỉ chức danh nghề nghiệp với giáo viên trung học cơ sở?
110520,fold_1,1,1,3,1.0,1.0,0,"Mẫu giấy chứng nhận đủ điều kiện về an ninh, trật tự được để kinh doanh dịch vụ bảo vệ quy định như thế nào?"
11266,fold_2,1,2,>100,1.0,1.0,0,Pháp luật quy định như thế nào về tổ chức chi ngân sách nhà nước?
136536,fold_1,1,4,1,1.0,1.0,0,Kê xếp phao áo cứu sinh dự trữ quốc gia trong kho như thế nào?
109676,fold_2,1,1,14,1.0,1.0,0,Giấy chứng nhận doanh nghiệp khoa học và công nghệ bị mất thì trình tự thủ tục cấp lại thực hiện như thế nào?
40140,fold_2,1,2,1,1.0,1.0,0,"Đăng ký khai thác tuyến vận tải hành khách cố định giữa Việt Nam, Lào và Campuchia theo trình tự, thủ tục như thế nào?"
166206,fold_1,1,15,2,1.0,1.0,0,Giảng viên giáo dục nghề nghiệp lý thuyết có nhiệm vụ gì?
136278,fold_0,1,1,4,1.0,1.0,0,"Sửa đổi quy định về vi phạm hành chính trong lĩnh vực thủy sản xảy ra ở khu vực biên giới biển, lĩnh vực lâm nghiệp, bảo vệ môi trường, xây dựng xảy ra ở khu vực biên giới, cửa khẩu?"
101254,fold_4,1,5,4,1.0,1.0,0,Giải quyết tố cáo trong Đảng được thực hiện theo nguyên tắc nào?
140366,fold_4,1,1,4,1.0,1.0,0,Thư viện trường tiểu học phải đáp ứng những tiêu chuẩn như thế nào?
128710,fold_0,1,2,5,1.0,1.0,0,Việc lập kế hoạch lựa chọn nhà thầu trong đấu thầu thuốc tại các cơ sở y tế công lập dựa trên những cơ sở nào?
137970,fold_0,1,16,13,1.0,1.0,0,"Trường hợp nào tổ chức, cá nhân không cần thực hiện thủ tục tự công bố sản phẩm?"
127694,fold_3,1,78,1,1.0,1.0,0,Về mức thanh toán trực tiếp chi phí khám chữa bệnh ra sao?
67102,fold_3,1,2,>100,1.0,1.0,0,Vấn đề gửi kết luận thanh tra chuyên ngành Kế hoạch và Đầu tư được quy định như thế nào?
147594,fold_3,1,1,1,1.0,1.0,0,Hàng hóa quá cảnh của Campuchia có được phép thay đổi cửa khẩu xuất khẩu không?
136494,fold_1,1,1,5,1.0,1.0,0,Pháp luật quy định về nhiệm vụ và quyền hạn của hội đồng kiểm tra kết quả tập sự hành nghề luật sư như thế nào?
99908,fold_0,2,1,10,1.0,1.0,0,Trách nhiệm của cơ quan khi kiểm tra nhập khẩu xe cơ giới?
10730,fold_3,2,35,2,1.0,1.0,0,Trách nhiệm của Kiểm sát viên trong việc giám sát việc hỏi cung bị can được quy định ra sao?
41556,fold_3,1,>100,2,1.0,1.0,0,Tổ chức thương mại cung cấp môi trường nuôi cấy vi sinh vật trong thực phẩm cho bên thứ ba cần chuẩn bị các tài liệu nào?
137248,fold_2,1,17,1,1.0,1.0,0,"Để đáp ứng tiêu chí về năng lực sư phạm nhà giáo dạy trình độ cao đẳng có những tiêu chuẩn gì theo chuẩn về chuyên môn, nghiệp vụ?"
10782,fold_2,1,2,2,1.0,1.0,0,Cơ quan báo chí phải làm gì khi có văn bản kết luận của cơ quan nhà nước có thẩm quyền về nội dung thông tin trên báo chí sai sự thật?
51806,fold_0,1,2,6,1.0,1.0,0,Người tiêu dùng dễ bị tổn thương được định nghĩa như thế nào?
70510,fold_4,1,4,6,1.0,1.0,0,Mang xe đồ chơi ra đường gây ảnh hưởng đến giao thông ngoài bị xử phạt tiền có phải bị áp dụng biện pháp khắc phục hậu quả hay không?
149432,fold_4,1,1,1,1.0,1.0,0,Kinh phí thực hiện Chương trình đẩy mạnh các hoạt động học tập suốt đời trong công nhân lao động tại các doanh nghiệp đến năm 2030 được quy định như thế nào?
157786,fold_1,2,2,2,1.0,1.0,0,Doanh nghiệp có thể tự lựa chọn phương pháp trích khấu hao tài sản cho doanh nghiệp mình không?
134050,fold_0,1,29,2,1.0,1.0,0,Trường hợp muốn chữa bệnh vượt tuyến lên bệnh viện tuyến trung ương thì có được hưởng bảo hiểm y tế hay không?
87546,fold_1,1,1,>100,1.0,1.0,0,Hồ sơ cấp biển hiệu ưu tiên cho xe chỉ huy các cơ quan làm nhiệm vụ ứng phó sự cố thiên tai gồm những giấy tờ gì?
159754,fold_3,1,4,16,1.0,1.0,0,Người nước ngoài sắp hết hạn tạm trú tại Việt Nam bị xử phạt vi phạm giao thông thì có thể xuất cảnh không?
80964,fold_4,1,1,1,1.0,1.0,0,Lệnh ủy thác giao dịch mua bán hàng hóa qua Sở Giao dịch hàng hóa là gì?
6126,fold_0,1,1,29,1.0,1.0,0,Những đối tượng nào chỉ được thuê nhà ở thuộc sở hữu nhà nước?
86390,fold_2,1,6,13,1.0,1.0,0,Đối tượng chịu thuế theo quy định pháp luật
1808,fold_3,1,80,>100,1.0,1.0,0,Hồ sơ đăng ký khai sinh có yếu tố nước ngoài tại Ủy ban nhân dân bao gồm những gì?
43360,fold_3,1,2,5,1.0,1.0,0,Vượt đèn đỏ bị xử phạt như thế nào?
1876,fold_3,1,3,>100,1.0,1.0,0,Giấy chứng nhận kiểm dịch động vật có thời hạn sử dụng bao lâu?
4262,fold_0,1,13,7,1.0,1.0,0,Những trường hợp nào được đổi giấy phép lái xe theo quy định mới nhất hiện nay?
25176,fold_1,1,1,45,1.0,1.0,0,"Đánh giá, xếp loại chất lượng viên chức dựa vào tiêu chí nào?"
65950,fold_2,1,3,1,1.0,1.0,0,"Quảng cáo trên bảng quảng cáo, băng-rôn ra sao?"
31186,fold_1,1,>100,37,1.0,1.0,0,Khi thực hiện gửi tiền tại các ngân hàng thương mại thì phải được cơ quan nào thông qua?
40204,fold_2,1,2,>100,1.0,1.0,0,Nhà ở xã hội là gì?
45012,fold_4,1,5,>100,1.0,1.0,0,Có phải lập sổ để quản lý nhóm đối tượng lao động 17 tuổi hay không?
95418,fold_2,1,2,22,1.0,1.0,0,Chuẩn chương trình đào tạo phải được cập nhật định kỳ ít nhất bao nhiêu lần trong 05 năm?
75272,fold_0,1,16,1,1.0,1.0,0,Doanh thu tính thuế TNDN của hãng vận tải biển nước ngoài được xác định như thế nào?
103380,fold_2,1,1,>100,1.0,1.0,0,Trung tâm thông tin thuộc Bộ Lao động Thương binh và Xã hội có những phòng chức năng nào?
48306,fold_3,1,1,1,1.0,1.0,0,"Khi thực hiện thủ tục hành chính qua dịch vụ bưu chính công ích thì tổ chức, cá nhân có thể lựa chọn những hình thức nào?"
58566,fold_4,1,28,1,1.0,1.0,0,Các bước tiến hành nắn và bất động tật chân chữ X như thế nào?
103698,fold_2,1,2,4,1.0,1.0,0,Công tác sát hạch lái xe quân sự được tổ chức triển khai theo quy trình như thế nào?
101140,fold_2,1,2,1,1.0,1.0,0,"Chế độ, chính sách đối với người quản lý doanh nghiệp nhà nước được điều động, luân chuyển quy định như thế nào?"
21978,fold_0,1,2,3,1.0,1.0,0,Những trường hợp người dân được đốt pháo hoa nổ là trường hợp nào?
41246,fold_1,1,1,12,1.0,1.0,0,Mẫu Văn bản đề nghị cấp giấy phép lao động cho người lao động nước ngoài mới nhất hiện nay như thế nào?
123236,fold_3,1,8,2,1.0,1.0,0,Thay đổi quyền trực tiếp nuôi con sau ly hôn được quy định như thế nào?
26034,fold_2,1,12,4,1.0,1.0,0,Việc xử lý tài sản bảo đảm là tài sản đồng bộ được thông báo cho bên bảo đảm theo phương thức thế nào?
102638,fold_3,1,>100,6,1.0,1.0,0,Thời hiệu xử phạt vi phạm hành chính đối với tổ chức khai thác vận chuyển hàng không không có quy trình phục vụ hành khách tại cảng hàng không là bao lâu?
161354,fold_2,1,2,8,1.0,1.0,0,Giấy chứng nhận đăng ký đầu tư ra nước ngoài được điều chỉnh trong những trường hợp nào?
26386,fold_3,1,2,59,1.0,1.0,0,Thanh tra Sở Giao thông vận tải có cơ cấu tổ chức thế nào?
60178,fold_3,2,17,17,1.0,1.0,0,Nguyên tắc xử phạt vi phạm hành chính về lĩnh vực đất đai là gì?
106772,fold_3,1,2,1,1.0,1.0,0,Chánh Thanh tra sở Văn hóa Thể thao và Du lịch có quyền lập biên bản vi phạm hành chính đối với cơ sở kinh doanh bãi cắm trại du lịch mà không có khu vực dựng lều trại không?
6278,fold_4,1,7,>100,1.0,1.0,0,Nếu không thực hiện kiểm toán độc lập thì có bị gì không?
38342,fold_4,1,6,17,1.0,1.0,0,Chức trách của Thư ký viên cao cấp trong Tòa án quân sự trung ương là gì?
31006,fold_1,1,31,4,1.0,1.0,0,Tổ chức nộp hồ sơ đăng ký kết quả thực hiện nhiệm vụ khoa học và công nghệ không sử dụng ngân sách nhà nước trong bao nhiêu ngày thì được cấp giấy chứng nhận?
11926,fold_1,1,16,13,1.0,1.0,0,Để trở thành chuyên viên cao cấp về quản lý hoạt động vận chuyển hàng nguy hiểm bằng đường hàng không phải có yêu cầu về khung năng lực ra sao?
6724,fold_1,1,1,>100,1.0,1.0,0,Nhà đầu tư nước ngoài có thể đầu tư vào Việt Nam thông qua những hình thức nào?
159226,fold_2,1,3,13,1.0,1.0,0,Thời gian thẩm định quy chế quản lý kiến trúc là bao lâu?
92344,fold_2,2,4,15,1.0,1.0,0,Việc điều tra đa dạng thực vật rừng được thực hiện bao nhiêu năm một lần?
157920,fold_1,1,1,1,1.0,1.0,0,Đăng ký lại mẫu con dấu có phải nộp lại Giấy chứng nhận đăng ký mẫu con dấu đã cấp trước đó không?
131196,fold_3,1,1,26,1.0,1.0,0,"Giám đốc Trung tâm giáo dục nghề nghiệp công lập cấp huyện có nhiệm vụ, quyền hạn thế nào?"
151602,fold_2,1,1,6,1.0,1.0,0,Trở thành hội viên chính thức của Hội kế toán và Kiểm toán Việt Nam sẽ nhận được những quyền lợi gì?
100242,fold_3,1,1,1,1.0,1.0,0,Hồ sơ đề nghị cấp giấy phép cho cơ sở sản xuất phương tiện bay siêu nhẹ gồm những gì?
36,fold_2,1,7,31,1.0,1.0,0,Người đề nghị cấp giấy chứng nhận đăng kiểm viên xe cơ giới có cần giấy phép lái xe ô tô không?
34566,fold_4,1,8,34,1.0,1.0,0,Bên mua bảo hiểm có quyền yêu cầu giảm chi phí của hợp đồng bảo hiểm khi có căn cứ xác định mức độ rủi ro được bảo hiểm giảm hay không?
12004,fold_3,1,1,1,1.0,1.0,0,Điều kiện để trở thành Vận động viên cấp 1 môn bóng đá?
99728,fold_1,1,4,33,1.0,1.0,0,Hiện vật để nhập vào kho cơ sở bảo tàng phải đáp ứng được những điều kiện gì?
107500,fold_2,1,5,32,1.0,1.0,0,Người tạm giam tại cơ sở giam giữ trong Bộ Quốc phòng có thuộc đối tượng được phổ biến giáo dục pháp luật không?
116592,fold_0,1,15,>100,1.0,1.0,0,Kết quả giám sát tài chính được thực hiện báo cáo như thế nào?
131782,fold_4,1,2,4,1.0,1.0,0,Xóa đăng ký tạm trú trong trường hợp nào?
64624,fold_3,1,4,>100,1.0,1.0,0,Nhà giáo dạy trình độ trung cấp cần đáp ứng tiêu chuẩn về Hoạt động xã hội như thế nào?
10452,fold_2,1,6,11,1.0,1.0,0,"Hồ sơ điều chỉnh, gia hạn hoạt động của dự án đầu tư gồm những gì?"
65590,fold_1,1,1,>100,1.0,1.0,0,Lãnh đạo Học viện Ngoại giao gồm những ai?
157378,fold_0,1,3,2,1.0,1.0,0,Thuyết minh hồ sơ đồ án quy hoạch chung xây dựng khu chức năng gồm những nội dung gì?
11692,fold_2,1,3,15,1.0,1.0,0,Cục Công nghệ thông tin có trách nhiệm gì về việc thực hiện thủ tục hành chính trong lĩnh vực dược phẩm?
90686,fold_0,1,1,7,1.0,1.0,0,Dân tộc thiểu số và dân tộc thiểu số rất ít người có gì khác nhau?
15896,fold_1,1,45,5,1.0,1.0,0,Bị sẩy thai đi bệnh viện tư có được cấp giấy chứng nhận nghỉ hưởng BHXH theo chế độ ốm đau hay không?
91516,fold_1,1,1,34,1.0,1.0,0,Thời gian giữ bậc để xét nâng bậc lương thường xuyên được quy định như thế nào?
134018,fold_3,1,2,>100,1.0,1.0,0,Giải pháp trong việc thực hiện việc xác định chỉ số cải cách hành chính bao gồm những gì?
116688,fold_4,1,8,20,1.0,1.0,0,Tổ chức đáp ứng những điều kiện gì để được cấp Giấy chứng nhận đủ điều kiện hoạt động kiểm định kỹ thuật an toàn lao động?
78666,fold_4,1,9,1,1.0,1.0,0,Phiếu bầu trong công tác bầu cử của Đoàn TNCS Hồ Chí Minh được quy định ra sao?
86418,fold_4,1,69,>100,1.0,1.0,0,Điểm khác biệt của bảng giá đất cụ thể là gì?
106086,fold_0,1,1,1,1.0,1.0,0,Phó Chánh Văn phòng Bộ Tư pháp ký thay Chánh Văn phòng các văn bản nào?
82112,fold_3,1,37,1,1.0,1.0,0,Quy định về điều kiện chào bán cổ phiếu ra công chúng?
113068,fold_1,1,>100,>100,0.0,0.0,0,"Yêu cầu về điều kiện cơ sở vật chất, thiết bị được quy định như thế nào?"
10802,fold_0,1,97,39,1.0,1.0,0,Bị giữ xe máy để điều tra vụ án ma túy khi nào được trả lại?
58164,fold_1,1,7,>100,1.0,1.0,0,Con người có công với cách mạng có được miễn học phí không?
134884,fold_4,1,1,1,1.0,1.0,0,Trình tự thu hồi giấy phép hoạt động của tổ chức tương hỗ cung cấp bảo hiểm vi mô tự nguyện giải thể ra sao?
34074,fold_4,1,1,3,1.0,1.0,0,Những quy tắc chung về đạo đức nghề thừa phát lại là gì?
151446,fold_2,1,1,1,1.0,1.0,0,Những cơ quan nào có trách nhiệm kiểm tra việc bảo quản xăng dầu dự trữ quốc gia?
24218,fold_3,1,>100,18,1.0,1.0,0,Việc công bố quyết định xác minh nội dung khiếu nại được lập thành mấy bản và ai được tham dự buổi công bố?
45358,fold_3,1,5,23,1.0,1.0,0,Cơ sở khảo nghiệm giống thủy sản vi phạm quy định về khảo nghiệm có thể bị xử phạt hành chính tối đa bao nhiêu?
160872,fold_4,1,18,36,1.0,1.0,0,Việc thẩm định chất lượng công trình đo vẽ bản đồ địa chính được thực hiện trong thời hạn bao nhiêu ngày?
132362,fold_1,1,>100,1,1.0,1.0,0,Doanh nghiệp muốn tiến hành hoạt động tạm nhập tái xuất thuốc thú y có chứa tiền chất thì cần có sự cho phép của cơ quan nào?
95716,fold_0,1,2,1,1.0,1.0,0,Xác định giá trị tài sản thế chấp để bảo đảm cho khoản vay được chính phủ bảo lãnh như thế nào?
129416,fold_1,1,4,13,1.0,1.0,0,Người che giấu tội phạm về tội vi phạm quy định về đầu tư công trình xây dựng gây hậu quả nghiêm trọng có bị truy cứu trách nhiệm hình sự không?
146268,fold_3,1,1,26,1.0,1.0,0,"Trách nhiệm của cơ quan làm công tác thi đua, khen thưởng là gì?"
46864,fold_4,1,1,>100,1.0,1.0,0,Đề xuất 4 trường hợp miễn lệ phí đăng ký cư trú theo Dự thảo mới?
62544,fold_1,1,4,>100,1.0,1.0,0,Ưu đãi và hỗ trợ đầu tư đặc biệt áp dụng như thế nào?
101878,fold_0,2,1,1,1.0,1.0,0,Quy định về truy nã?
84356,fold_0,1,>100,23,1.0,1.0,0,Việc số hóa tài liệu của thư viện số có xâm phạm quyền tác giả theo Luật Sở hữu trí tuệ không?
155996,fold_0,1,2,1,1.0,1.0,0,Người Việt Nam định cư tại Thái Lan có được miễn nộp phí lệ phí trong lĩnh vực ngoại giao hay không?
53428,fold_2,1,4,16,1.0,1.0,0,Giấy đăng ký kết hôn là gì?
151114,fold_2,1,3,7,1.0,1.0,0,Giấy phép lái xe được pháp luật quy định như thế nào?
10124,fold_2,1,3,2,1.0,1.0,0,"Khi tham gia đua ngựa, nài ngựa được trang bị những trang thiết bị gì để bảo hộ?"
48260,fold_2,1,30,>100,1.0,1.0,0,Không thực hiện đăng ký thường trú có thể bị phạt như thế nào?
49194,fold_0,1,10,4,1.0,1.0,0,Mức trợ cấp tuất hàng tháng đối với thân nhân của công an người làm công tác cơ yếu
5578,fold_3,2,>100,10,1.0,1.0,0,Mệnh giá của đồng tiền quy ước có thể được ghi bằng ngoại tệ hay không?
156626,fold_0,1,6,1,1.0,1.0,0,Con chưa thành niên có quyền định đoạt tài sản riêng của mình không?
82132,fold_0,1,11,5,1.0,1.0,0,Chạy xe ô tô quá tốc độ 5km/h sẽ bị xử phạt bao nhiêu tiền?
51272,fold_2,1,1,4,1.0,1.0,0,Cục Trợ giúp pháp lý thuộc Bộ Tư pháp có những tổ chức trực thuộc nào giúp Cục trưởng thực hiện chức năng quản lý nhà nước?
69572,fold_2,1,1,1,1.0,1.0,0,Đầu tư xây dựng phát triển vùng đệm của khu bảo tồn đất ngập nước có được ngân sách nhà nước hỗ trợ hay không?
167382,fold_1,1,1,12,1.0,1.0,0,Việc điều chỉnh quy hoạch đê điều được quy định thế nào?
74502,fold_4,1,3,1,1.0,1.0,0,Thời hạn gửi báo cáo về tình hình quản lý cây xanh đô thị của UBND cấp huyện và Sở Xây dựng là khi nào?
47858,fold_1,1,5,3,1.0,1.0,0,Những người thừa kế hợp pháp theo quy định của pháp luật gồm những đối tượng nào?
106422,fold_3,1,1,2,1.0,1.0,0,"Mục tiêu, phạm vi quản lý rừng bền vững trong phương án quản lý rừng bền vững đối với rừng phòng hộ được xác định như thế nào?"
146974,fold_3,1,19,5,1.0,1.0,0,Hợp đồng ủy nhiệm lập hóa đơn điện tử sẽ bắt buộc phải có các nội dung nào?
7332,fold_2,3,>100,44,0.3333333333333333,0.3333333333333333,0,Bộ Tài chính hướng dẫn thực hiện Thông tư 31/2022/TT-BTC như thế nào?
95462,fold_0,1,2,15,1.0,1.0,0,Cơ quan cấp Cục trong thỏa thuận quốc tế bao gồm những cơ quan nào?
33530,fold_4,1,21,5,1.0,1.0,0,"An toàn, vệ sinh viên Bộ Quốc phòng là ai? Mạng lưới an toàn, vệ sinh viên được tổ chức thế nào?"
12036,fold_2,1,1,>100,1.0,1.0,0,Hồ sơ đề nghị cấp đổi Chứng chỉ định giá đất gồm những giấy tờ gì?
67926,fold_4,1,2,22,1.0,1.0,0,Điều lệ của tổ chức tín dụng là công ty cổ phần phải được đăng ký tại đâu kể từ ngày được thông qua?
32546,fold_2,1,1,>100,1.0,1.0,0,"Không còn các tiêu chuẩn về ngoại ngữ, tin học đối với chấp hành viên trong quân đội?"
114904,fold_0,1,1,1,1.0,1.0,0,Yêu cầu về kiến trúc đối với hệ thống công nghệ áp dụng vào việc hoàn thuế GTGT cho người nước ngoài tại Việt Nam?
30832,fold_3,1,1,4,1.0,1.0,0,Ai có thẩm quyền ban hành Điều lệ của Tập đoàn Dầu khí Việt Nam?
30750,fold_1,1,8,>100,1.0,1.0,0,"Chuyên viên cao cấp về kiểm tra, giám sát công tác giám định sức khỏe nhân viên hàng không phải có yêu cầu về trình độ như thế nào?"
2746,fold_0,2,5,2,1.0,1.0,0,Có quy định nào bắt buộc quầy thuốc tây phải kết nối công nghệ thông tin không?
117300,fold_0,1,1,1,1.0,1.0,0,Luật của một quốc gia thành viên Công ước Viên về mua bán hàng hóa quốc tế năm 1980 quy định hợp đồng mua bán phải được ký kết bằng văn bản thì quốc gia đó có thể tuyên bố điều gì?
29846,fold_3,1,7,>100,1.0,1.0,0,Phương pháp viên hạng 4 chuyên ngành văn hóa cơ sở cần đáp ứng những tiêu chuẩn chung về đạo đức nghề nghiệp như thế nào?
146150,fold_2,1,1,6,1.0,1.0,0,Giấy phép cho các hoạt động trong phạm vi bảo vệ công trình thủy lợi được cấp dựa trên những căn cứ nào?
35588,fold_0,1,8,5,1.0,1.0,0,Hợp đồng ủy quyền vô hiệu trong trường hợp nào?
102958,fold_2,1,>100,3,1.0,1.0,0,Người lao động bị tai nạn do say rượu thì có được hưởng chế độ ốm đau không?
166308,fold_0,1,1,3,1.0,1.0,0,Nghị quyết của Ban Thường vụ Hiệp hội Bán hàng đa cấp Việt Nam được thông qua khi nào?
87866,fold_0,2,7,10,1.0,1.0,0,Thành phần hồ sơ giải quyết chế độ ưu đãi đối với trường hợp tặng hoặc truy tặng danh hiệu vinh dự nhà nước “Bà mẹ Việt Nam anh hùng” gồm những gì?
94678,fold_1,1,1,>100,1.0,1.0,0,Cấp ủy cấp huyện chịu trách nhiệm trước cơ quan nào?
10034,fold_3,1,1,3,1.0,1.0,0,"Trách nhiệm của Bộ Công an trong công tác phòng, chống tội phạm về đa dạng sinh học đến năm 2030 thế nào?"
32354,fold_4,1,1,1,1.0,1.0,0,"Quỹ Đổi mới công nghệ quốc gia không được tiếp nhận những nguồn tài trợ, đóng góp nào theo quy định?"
64388,fold_2,1,3,2,1.0,1.0,0,Khi nào áp dụng hình thức kỷ luật buộc thôi việc đối với công chức?
103146,fold_3,1,2,13,1.0,1.0,0,Phòng Tài vụ và Quản trị thuộc Cục Điều tra chống buôn lậu thực hiện những chức năng gì?
71916,fold_4,2,11,6,1.0,1.0,0,Hồ sơ đề nghị thuê nhà ở xã hội được quy định như thế nào?
63884,fold_4,3,95,2,0.3333333333333333,0.3333333333333333,0,Hệ số lương áp dụng đối với công chức đang giữ ngạch kiểm tra viên trung cấp thuế là bao nhiêu?
96070,fold_1,1,1,2,1.0,1.0,0,Chủ tịch Hội đồng thi cấp chứng chỉ hành nghề dịch vụ làm thủ tục về thuế có nhiệm vụ và quyền hạn gì?
116056,fold_3,1,>100,1,1.0,1.0,0,Trình tự thực hiện chấm dứt sự tồn tại của công ty bị sáp nhập ra sao?
27322,fold_0,1,8,32,1.0,1.0,0,Hồ sơ đăng ký thi THPT quốc gia 2023 mới nhất?
86954,fold_1,1,1,>100,1.0,1.0,0,Hướng dẫn xử lý các trường hợp phát sinh trong thực tiễn về chi tiền cấp quyền khai thác khoáng sản?
85516,fold_0,1,15,42,1.0,1.0,0,Căn cứ phát sinh nghĩa vụ?
82916,fold_1,1,1,1,1.0,1.0,0,Tiêu chí xác định tổ chức đánh giá độc lập gỗ hợp pháp Việt Nam là gì?
29926,fold_4,1,>100,1,1.0,1.0,0,Kể từ ngày công bố kết quả phúc khảo Hội đồng thi sẽ cấp Giấy chứng nhận điểm thi cho thí sinh trong thời hạn bao nhiêu ngày?
11886,fold_0,1,1,>100,1.0,1.0,0,Xe máy chuyên dùng trong nhà kho thuộc Bộ Quốc phòng bao lâu thì phải được kiểm định lại?
106112,fold_4,1,3,24,1.0,1.0,0,Doanh nghiệp nhượng quyền khai thác cát sỏi lòng sông cho doanh nghiệp khác thì thời hạn khai thác có được tính lại từ đầu hay không?
125566,fold_1,2,1,97,1.0,1.0,0,Nạn nhân của việc mua bán người được trợ giúp pháp lý như thế nào?
28788,fold_2,2,1,4,1.0,1.0,0,Giảng viên huấn luyện nội dung lý thuyết chuyên ngành về an toàn vệ sinh lao động trong Bộ Quốc phòng cần đáp ứng tiêu chuẩn gì về chuyên môn nghiệp vụ?
102902,fold_2,1,>100,>100,0.0,0.0,0,Làm và sử dụng Sổ đăng kiểm xe ô tô giả thì tổng hợp hình phạt ra sao?
54496,fold_2,1,64,35,1.0,1.0,0,Thời hạn nộp hồ sơ tự quyết toán thuế TNCN là khi nào?
9944,fold_2,1,27,>100,1.0,1.0,0,Cơ cấu tổ chức của Hội đồng nhân dân huyện như thế nào?
42074,fold_0,1,1,1,1.0,1.0,0,Chủ tàu thủy nội địa phải nộp những giấy tờ gì để được vào bến thủy nội địa thuộc thẩm quyền quản lý của Bộ Quốc phòng?
45902,fold_4,1,6,4,1.0,1.0,0,Trách nhiệm thực hiện khảo nghiệm sinh vật biến đổi gen được quy định thế nào?
81016,fold_3,1,1,9,1.0,1.0,0,Cấu thành của tội vô ý làm chết người là gì?
103844,fold_2,1,3,3,1.0,1.0,0,Thời gian khám sức khỏe nghĩa vụ quân sự
72030,fold_4,1,2,2,1.0,1.0,0,"Hình thức triển khai công tác tư vấn nghề nghiệp, việc làm đối với cấp trung học cơ sở như thế nào?"
136396,fold_4,1,1,>100,1.0,1.0,0,"Trách nhiệm tiếp nhận, xử lý, tổng hợp, phân tích báo cáo thống kê của Bộ Tư pháp được quy định như thế nào?"
91476,fold_0,1,5,16,1.0,1.0,0,Nội dung điều tra cơ bản địa chất về khoáng sản bao gồm những gì?
5822,fold_1,1,1,1,1.0,1.0,0,"Cuộc lễ, giảng đạo ngoài cơ sở tôn giáo, địa điểm hợp pháp là như thế nào?"
41290,fold_1,1,15,>100,1.0,1.0,0,Mục tiêu vị trí việc làm của chuyên viên về kế hoạch và đầu tư trong cơ quan hành chính nhà nước là gì?
143578,fold_0,1,3,2,1.0,1.0,0,Chuyển người lao động làm công việc khác so với hợp đồng lao động nhưng không báo cho người lao động có bị xử phạt hay không?
79496,fold_2,2,2,64,1.0,1.0,0,Ai có trách nhiệm lập Biên bản kiểm toán doanh nghiệp?
18852,fold_3,1,37,5,1.0,1.0,0,Những tài liệu kế toán nào phải lưu trữ vĩnh viễn?
118026,fold_3,1,8,11,1.0,1.0,0,Người bị áp giải có hành vi chống đối thì thì người đang thi hành công vụ thực hiện việc áp giải phải làm gì?
1346,fold_3,1,2,19,1.0,1.0,0,Binh sĩ đi nghĩa vụ quân sự được xuất ngũ bằng hình thức nào?
4284,fold_3,1,18,4,1.0,1.0,0,Chữ lót trong tên trên bằng lái xe bị sai so với căn cước công dân thì có được đổi không?
104424,fold_3,1,26,58,1.0,1.0,0,Tổng giám đốc của Công ty con được quyền quyết định các hợp đồng vay vốn có giá trị trong phạm vi nào?
150164,fold_3,1,1,16,1.0,1.0,0,Nhà nước thực hiện quyền sở hữu đối tài sản trang bị thực hiện nhiệm vụ khoa học và công nghệ ngân sách hỗ trợ như thế nào?
49814,fold_1,1,81,25,1.0,1.0,0,Giám định lại mức suy giảm khả năng lao động do tai nạn lao động theo thời hạn như thế nào?
24814,fold_4,1,1,1,1.0,1.0,0,Mục tiêu của quy chế nâng bậc lương thường xuyên tại hệ thống BHXH Việt Nam?
37344,fold_2,1,2,>100,1.0,1.0,0,Phí công chứng học bạ THPT hết bao nhiêu tiền?
116240,fold_2,1,>100,11,1.0,1.0,0,Cung cấp nước sinh hoạt không đảm bảo tiêu chuẩn nước sạch vì bị hàm lượng Arsen vượt quá mức quy định sẽ bị xử phạt như thế nào?
116896,fold_1,1,1,43,1.0,1.0,0,Trong thời gian bao lâu kể từ ngày nhận quyết định bị thu hồi Giấy chứng nhận đăng ký doanh nghiệp thì doanh nghiệp phải nộp hồ sơ giải thể?
159906,fold_0,1,1,1,1.0,1.0,0,Việc đàm phán thỏa thuận quốc tế nhân danh cơ quan thuộc quyền quản lý của cơ quan trực thuộc Bộ Quốc phòng được thực hiện thế nào?
19884,fold_2,1,4,2,1.0,1.0,0,Trưởng đoàn thanh tra chuyên ngành của Bộ Giao thông vận tải có quyền xử phạt nhân viên hàng không không khóa chốt cửa buồng lái máy bay trong thời gian đang bay không?
119036,fold_2,1,33,1,1.0,1.0,0,Một số ghi chú đối với mẫu năng lực tài chính của nhà đầu tư?
40018,fold_1,1,2,>100,1.0,1.0,0,Người sử dụng tài liệu lưu trữ tại Lưu trữ lịch sử có phải có Giấy chứng minh nhân dân hay hộ chiếu gì không?
21826,fold_3,1,7,10,1.0,1.0,0,Bị Nhà nước thu hồi đất nhận chuyển quyền sử dụng do vượt quá hạn mức thì có được bồi thường hay không?
19498,fold_2,1,>100,3,1.0,1.0,0,Trường hợp doanh nghiệp trả tiền thuê nhà thay cho người lao động thì phải tiến hành nộp hồ sơ khai thuế ở đâu?
136480,fold_1,1,1,3,1.0,1.0,0,Nhuận bút đối với tác phẩm báo điện tử được tính như thế nào?
102570,fold_1,1,1,1,1.0,1.0,0,"Nhiệm vụ của các Hãng hàng không trong việc tăng cường bảo đảm trật tự, an toàn giao thông và chống ùn tắc tại các cảng hàng không trong dịp cao điểm hè năm 2022?"
96948,fold_4,1,4,2,1.0,1.0,0,Chuyển nhượng hợp đồng mua bán nhà ở hình thành trong tương lai cần có những điều kiện gì?
130018,fold_1,1,1,3,1.0,1.0,0,Chính quyền địa phương có nhiệm vụ gì trong việc bảo tồn các loài chim?
13534,fold_2,1,1,1,1.0,1.0,0,"Phân loại quản lý người bị tạm giữ, người bị tạm giam theo quy định pháp luật"
24342,fold_0,1,1,16,1.0,1.0,0,"Mức phạt đối với hành vi xâm phạm quyền đứng tên, đặt tên tác phẩm là bao nhiêu?"
38748,fold_3,1,26,2,1.0,1.0,0,Người bệnh sau khi phẫu thuật chuyển vạt che phủ phần mềm cuống mạch liền xong thì phải tiếp tục theo dõi như thế nào?
34730,fold_2,1,2,27,1.0,1.0,0,Dịch vụ phụ trợ bảo hiểm là gì?
152814,fold_2,1,15,2,1.0,1.0,0,Hồ sơ mời thầu đối với gói thầu mua sắm hàng hóa được lập dựa trên những căn cứ nào?
72414,fold_0,1,5,>100,1.0,1.0,0,"Yêu cầu, điều kiện thực hiện thủ tục sửa đổi, bổ sung thông tin cá nhân trong hồ sơ người có công là gì?"
136090,fold_1,1,1,29,1.0,1.0,0,Ai có quyền giám sát và kiểm sát việc thi hành án hình sự?
72984,fold_2,1,18,>100,1.0,1.0,0,Để trở thành trưởng phòng an ninh hàng không phải đáp ứng trình độ đào tạo như thế nào?
139500,fold_0,1,2,>100,1.0,1.0,0,Hồ sơ đăng ký tham gia khóa đào tạo nghiệp vụ Thư ký Tòa án năm 2022 bao gồm gì?
122242,fold_0,1,5,5,1.0,1.0,0,"Hội đồng Thi đua, Khen thưởng Ủy ban Dân tộc thực hiện chức năng gì?"
158062,fold_2,1,7,1,1.0,1.0,0,Trong trường hợp nào bộ đội biên phòng có quyền xử phạt vi phạm hành chính mà không cần lập biên bản?
77934,fold_2,1,98,>100,1.0,1.0,0,Bị viêm phế quản có được miễn nghĩa vụ quân sự không?
38910,fold_1,1,3,70,1.0,1.0,0,Thu hồi số tiền đã hỗ trợ lãi suất trong trường hợp nào? Trình tự xử lý việc thu hồi tiền hỗ trợ lãi suất như thế nào?
152378,fold_4,1,5,36,1.0,1.0,0,Đối tượng bị xử phạt vi phạm hành chính trong hoạt động thương mại là ai?
153764,fold_1,1,4,3,1.0,1.0,0,Chế độ sinh hoạt tinh thần tại cơ sở giam giữ có yêu cầu gì về điều kiện đối với người bị tạm giam hay không?
142406,fold_1,1,2,4,1.0,1.0,0,Xe phải đăng ký tạm thời trong trường hợp nào?
101630,fold_1,1,4,>100,1.0,1.0,0,Trưởng Chi nhánh của Tổ chức trọng tài nước ngoài tại Việt Nam là ai?
90332,fold_2,1,2,>100,1.0,1.0,0,Đại lý bảo hiểm là gì? Nội dung hoạt động đại lý bảo hiểm quy định như thế nào?
131350,fold_0,1,2,35,1.0,1.0,0,Quyết định không mở thủ tục phá sản phải được được gửi cho những đối tượng nào và trong thời hạn bao lâu?
75842,fold_3,1,13,4,1.0,1.0,0,"Người lợi dụng chức vụ, quyền hạn mua chuộc người làm chứng trong các vụ án hình sự để khai báo gian dối thì có thể bị phạt tù cao nhất bao nhiêu năm?"
141728,fold_1,1,18,1,1.0,1.0,0,"Quy định về xây dựng và thực hiện kế hoạch thu hồi đất, tổ chức thực hiện phương án bồi thường, hỗ trợ, tái định cư vì mục đích phát triển kinh tế - xã hội vì lợi ích quốc gia, công cộng"
16372,fold_3,1,35,1,1.0,1.0,0,"Trình tự, cách thức thực hiện thành lập doanh nghiệp do Nhà nước nắm giữ 100% vốn điều lệ?"
102960,fold_1,1,1,9,1.0,1.0,0,Hồ sơ hưởng trợ cấp thất nghiệp bao gồm những gì?
144932,fold_3,1,16,>100,1.0,1.0,0,Nhiệm vụ của Viện Kiểm sát nhân dân khi thực hiện đấu giá tài sản thi hành án như thế nào?
51824,fold_3,1,17,20,1.0,1.0,0,Quy định về phê duyệt thiết kế xây dựng triển khai sau thiết kế cơ sở?
13896,fold_4,1,1,1,1.0,1.0,0,Hiệp hội Thiết kế mẫu và sáng tạo mỹ thuật Việt Nam có phải là tổ chức xã hội - nghề nghiệp không?
167216,fold_3,1,100,1,1.0,1.0,0,Người vận hành trang thiết bị y tế không theo đúng hướng dẫn của chủ sở hữu trang thiết bị y tế thì bị xử phạt thế nào?
126232,fold_4,1,5,1,1.0,1.0,0,"Ngành, nghề đầu tư kinh doanh quân trang, quân dụng được pháp luật quy định ra sao?"
74438,fold_2,1,2,33,1.0,1.0,0,Bộ pháp điển của Nhà nước được sử dụng để làm gì?
32398,fold_3,2,1,1,1.0,1.0,0,Doanh nghiệp dịch vụ được đưa người lao động Việt Nam đi làm việc tại Nhật Bản khi đáp ứng điều kiện gì?
102312,fold_1,1,3,4,1.0,1.0,0,Giáo trình đào tạo trình độ cao đẳng có cấu trúc thế nào?
22540,fold_2,1,3,1,1.0,1.0,0,Giấy chứng nhận khả năng chuyên môn thợ máy trực ca tàu biển Việt Nam bị mất thì có được cấp lại hay không?
16348,fold_3,1,34,4,1.0,1.0,0,Doanh nghiệp quyết toán thuế thu nhập cá nhân giúp nhân viên trong trường hợp nào?
89364,fold_0,1,1,>100,1.0,1.0,0,Chính phủ xác định nhiệm vụ xây dựng và hoàn thiện văn bản quy phạm pháp luật về công tác xã hội như thế nào?
159688,fold_0,1,1,1,1.0,1.0,0,"Hình dáng, kích thước của biển hiệu phòng làm việc trong Công an nhân dân được quy định như thế nào?"
134214,fold_0,1,9,4,1.0,1.0,0,Ai có quyền quyết định việc gia hạn thời hạn điều tra vụ án hình sự?
43610,fold_2,1,8,5,1.0,1.0,0,Thời hạn nộp hồ sơ hưởng chế độ thai sản đối với lao động nam có vợ sinh con được quy định thế nào?
70614,fold_1,1,1,1,1.0,1.0,0,Đơn yêu cầu xử lý xâm phạm quyền sở hữu trí tuệ gồm nội dung gì?
86744,fold_2,1,4,6,1.0,1.0,0,"Các trường hợp nào Nhà nước tiến hành thu hồi đất để phát triển kinh tế - xã hội vì lợi ích quốc gia, công cộng?"
117286,fold_3,1,2,4,1.0,1.0,0,Xin thị thực cho chuyên gia nước ngoài vào làm việc tại Việt Nam với thời hạn 06 tháng thì có cần phải xin Giấy phép lao động không?
112884,fold_3,1,47,35,1.0,1.0,0,Đóng bảo hiểm xã hội bắt buộc bao nhiêu và trách nhiệm đóng bảo hiểm xã hội như thế nào?
116510,fold_2,1,27,9,1.0,1.0,0,Chủ tịch Ủy ban nhân dân cấp huyện được quyền xử phạt cơ sở tiêm chủng bán vắc xin thuộc chương trình tiêm chủng mở rộng không?
83284,fold_3,1,3,52,1.0,1.0,0,Nhà thầu nước ngoài là gì?
137324,fold_1,1,1,2,1.0,1.0,0,Giáo viên dạy tại lớp hòa nhập cho người khuyết tật trong trường cao đẳng thì có được hưởng phụ cấp ưu đãi không?
158324,fold_1,1,3,>100,1.0,1.0,0,Trong hoạt động của hợp tác xã thì Ủy ban nhân dân xã có những chức năng và nhiệm vụ nào?
71164,fold_4,1,2,7,1.0,1.0,0,Quy trình thực hiện xếp loại chất lượng cán bộ cấp tỉnh ở mức hoàn thành nhiệm vụ theo mấy bước?
137114,fold_4,1,2,2,1.0,1.0,0,"Các chỉ số đánh giá chất lượng phục vụ người dân, doanh nghiệp trong thực hiện thủ tục hành chính, dịch vụ công theo thời gian thực trên môi trường điện tử?"
155194,fold_1,1,2,8,1.0,1.0,0,Thủ tục giải quyết hồ sơ xin trở lại quốc tịch Việt Nam như thế nào?
30612,fold_0,1,1,77,1.0,1.0,0,Nghĩa vụ của hội viên chính thức của Hiệp hội Điều Việt Nam là gì?
121728,fold_1,1,4,1,1.0,1.0,0,Mua dự án bất động sản hình thành trong tương lai chưa thanh toán đủ 30% không được ký hợp đồng có đúng luật không?
128260,fold_3,1,3,4,1.0,1.0,0,Giảng viên giảng dạy đào tạo bác sĩ nội trú có nhiệm vụ như thế nào?
146102,fold_0,2,19,74,1.0,1.0,0,Thuế TNDN có được để nhiều năm mới quyết toán một lần hay không?
10370,fold_2,1,8,1,1.0,1.0,0,Khi phát hành xuất bản phẩm thì nhà xuất bản có trách nhiệm nộp bao nhiêu bản cho Thư viện Quốc gia Việt Nam?
48118,fold_3,1,1,1,1.0,1.0,0,Chủ tịch Công ty trách nhiệm hữu hạn một thành viên Nhà xuất bản Lao động Xã hội có nghĩa vụ gì?
156340,fold_1,1,1,>100,1.0,1.0,0,Các loại hình khen thưởng theo quy định của pháp luật hiện hành bao gồm mấy loại?
28236,fold_2,1,1,25,1.0,1.0,0,Việc lập dự toán kinh phí hỗ trợ sử dụng dịch vụ công ích thủy lợi được thực hiện thế nào?
130448,fold_0,1,22,19,1.0,1.0,0,Bảo tàng có cần thực hiện các hoạt động phục vụ khách tham quan hay không?
161486,fold_3,1,15,1,1.0,1.0,0,"Việc thực hiện trợ cấp gạo thuộc tiểu dự án 1, dự án 3 Chương trình mục tiêu quốc gia phát triển kinh tế - xã hội vùng đồng bào dân tộc thiểu số và miền núi giai đoạn 2021-2025 được quy định như thế nào?"
119076,fold_2,1,3,40,1.0,1.0,0,Hàng hóa có hộp bên ngoài thì có bắt buộc dán nhãn hàng hóa trên sản phẩm bên trong hộp không?
44238,fold_3,1,3,2,1.0,1.0,0,Từ chối hoặc thay đổi Thẩm phán trong quá trình giải quyết phá sản như thế nào?
69174,fold_1,1,1,2,1.0,1.0,0,Người nhập cảnh vào Việt Nam gửi ngoại tệ tiền mặt vào tài khoản thanh toán bằng ngoại tệ của cá nhân có phải khai báo Hải quan cửa khẩu không?
8764,fold_3,1,32,1,1.0,1.0,0,Quy định về kiểm soát thanh toán kinh phí hỗ trợ cho người học tại Kho bạc Nhà nước?
117768,fold_1,1,8,63,1.0,1.0,0,Tội phạm tín dụng đen sẽ bị xử lý như thế nào?
96500,fold_0,1,50,26,1.0,1.0,0,Công chức cấp tỉnh xét nâng ngạch công chức cần đáp ứng điều kiện tiêu chuẩn nào?
141714,fold_4,1,2,39,1.0,1.0,0,Lịch tiếp công dân có được niêm yết công khai không?
144078,fold_3,1,3,1,1.0,1.0,0,Tổ chức thực hiện đo kiểm chất lượng dịch vụ viễn thông của doanh nghiệp sẽ do Cục Viễn thông hay Bộ Thông tin truyền thông quyết định?
58510,fold_2,1,1,>100,1.0,1.0,0,Thực hiện dự án đầu tư dựa trên nguyên tắc nào?
8476,fold_3,1,4,>100,1.0,1.0,0,Cơ cấu tổ chức của Tòa án nhân dân cấp cao được pháp luật quy định như thế nào?
135090,fold_1,1,1,86,1.0,1.0,0,Khi giao kết hợp đồng nhượng quyền thương mại giữa các thương nhân trong nước thì có được dùng tiếng Anh hay không?
14882,fold_2,1,2,2,1.0,1.0,0,Thương nhân nước ngoài hoạt động thương mại tại Việt Nam được pháp luật quy định như thế nào?
168394,fold_0,1,3,13,1.0,1.0,0,UBND phải báo cáo hằng năm cho HĐND cùng cấp về công tác phòng chống bạo lực gia đình tại địa phương đúng không?
68574,fold_4,1,1,1,1.0,1.0,0,Việc xác định giá trị tài liệu lưu trữ của hệ thống Bảo hiểm xã hội Việt Nam phải đạt yêu cầu nào?
13016,fold_3,1,1,9,1.0,1.0,0,Khi thay đổi thành viên hợp danh của công ty hợp danh là doanh nghiệp hành nghề thanh lý tài sản cần lưu ý gì?
55872,fold_0,2,46,78,1.0,1.0,0,Ngồi xem đánh bạc có phạm tội không?
50514,fold_3,1,1,>100,1.0,1.0,0,Thế nào là cán bộ?
68554,fold_3,2,26,1,1.0,1.0,0,Sau khi bị khởi tố bị cáo mới có thai thì Tòa án có áp dụng tình tiết người phạm tội là phụ nữ có thai không?
42694,fold_2,1,4,2,1.0,1.0,0,Tội làm nhục người khác làm nạn nhân tự tử được xác định là loại tội phạm nào?
82994,fold_0,1,2,>100,1.0,1.0,0,Viện kiểm sát thực hiện công tác thực hành quyền công tố bắt đầu từ khi nào?
16252,fold_2,1,2,7,1.0,1.0,0,"Thời hạn gửi báo cáo thống kê 6 tháng công tác giải quyết tố giác, tin báo tội phạm và kiến nghị khởi tố của cơ quan điều tra Viện kiểm sát nhân dân là khi nào?"
119418,fold_1,1,5,7,1.0,1.0,0,Mức hưởng bảo hiểm xã hội một lần đối với người lao động nước ngoài là bao nhiêu?
7460,fold_2,1,2,2,1.0,1.0,0,Thời hạn xử lý kỷ luật đối với Chỉ huy trưởng Ban chỉ huy quân sự cấp xã vi phạm kỷ luật là trong bao lâu?
74932,fold_0,1,2,1,1.0,1.0,0,Tập trung xây dựng và chỉnh đốn Đảng trong sạch khi thực hiện chương trình phát triển kinh tế xã hội vùng trung du và miền núi Bắc bộ?
140836,fold_4,1,2,9,1.0,1.0,0,"Cơ sở kinh doanh thực phẩm thủy sản cần tuân thủ theo những yêu cầu gì về địa điểm, thiết kế bố trí và khu vực nhà vệ sinh?"
89102,fold_1,2,8,1,1.0,1.0,0,"Thành viên giao dịch, thành viên giao dịch đặc biệt công cụ nợ tại Sở giao dịch chứng khoán bị đình chỉ giao dịch khi nào?"
94802,fold_3,1,>100,>100,0.0,0.0,0,Chế độ cử tuyển trong nhà trường được hiểu như thế nào?
145466,fold_0,1,2,7,1.0,1.0,0,Có được ưu tiên tiếp nhận viên chức tốt nghiệp loại giỏi chuyển công tác về Ủy ban Dân tộc không?
154360,fold_4,1,1,3,1.0,1.0,0,Yêu cầu về cách trình bày của ngô ngọt tươi được quy định ra sao?
89902,fold_1,1,1,>100,1.0,1.0,0,"Điều kiện, tiêu chuẩn hành nghề luật sư là gì?"
145396,fold_3,1,46,7,1.0,1.0,0,Nếu không may ném gạch đá vào ô tô đang lưu thông gây tai nạn chết người và cố tình xóa dấu vết tại hiện trường tai nạn thì bị xử lý ra sao?
101110,fold_2,1,5,2,1.0,1.0,0,Trường hợp trang thiết bị y tế có kết quả kiểm định trước khi đưa vào sử dụng không đạt thì xử lý thế nào?
97152,fold_3,1,1,1,1.0,1.0,0,Rút tiền mặt tại kho bạc nhà nước ở mức bao nhiêu thì cơ quan đơn vị phải thực hiện đăng ký rút tiền mặt với kho bạc?
33764,fold_2,1,1,75,1.0,1.0,0,Mẫu danh sách người lao động đang làm việc đề nghị hỗ trợ tiền thuê nhà như thế nào?
7922,fold_0,1,1,9,1.0,1.0,0,Các tổ chức tín dụng là hợp tác xã có ban kiểm soát hay không?
58158,fold_1,1,5,58,1.0,1.0,0,Huấn luyện an toàn hóa chất về nội dung các đặc tính nguy hiểm của hóa chất dành cho nhóm đối tượng nào?
19742,fold_1,1,2,20,1.0,1.0,0,Pháp luật quy định về thu hồi kinh phí bồi hoàn hỗ trợ tiền đóng học phí và chi phí sinh hoạt của sinh viên như thế nào?
8600,fold_3,1,1,1,1.0,1.0,0,Ai ban hành tài liệu khung về tập huấn nghiệp vụ lấy mẫu vật liệu nhân giống cây trồng?
113680,fold_1,1,>100,>100,0.0,0.0,0,"Chi nhánh, văn phòng đại diện của pháp nhân được quy định như thế nào?"
113580,fold_3,1,15,2,1.0,1.0,0,Việc kinh doanh vật liệu nổ công nghiệp thực hiện như thế nào?
36218,fold_2,2,1,1,1.0,1.0,0,Quy định về thời hạn tạm đình chỉ thẻ kiểm tra thị trường trong bao lâu?
19932,fold_0,1,7,55,1.0,1.0,0,Ai có trách nhiệm lấy ý kiến về quy hoạch xây dựng?
16774,fold_4,1,40,>100,1.0,1.0,0,Trường THPT thực hiện việc thu học phí với học sinh bao nhiêu tháng trong năm và có được phép thu một lần hay không?
108898,fold_1,1,4,>100,1.0,1.0,0,"Hệ số lương Thẩm phán, lương Thư ký Tòa án hiện nay được quy định là bao nhiêu?"
78214,fold_4,1,1,12,1.0,1.0,0,Cục Thông tin cơ sở trực thuộc Bộ Thông tin và Truyền thông có cơ cấu tổ chức như thế nào? Biên chế công chức của Cục do ai quyết định?
111896,fold_4,1,1,>100,1.0,1.0,0,Thời hạn bảo quản tài liệu là gì?
94338,fold_0,1,2,>100,1.0,1.0,0,Thanh lý tài sản công trong cơ quan nhà nước như thế nào?
128386,fold_0,1,94,42,1.0,1.0,0,Ai là người lập Báo cáo kết quả thanh tra tại cơ quan hành chính? Và có phải kèm theo bản dự thảo Kết luận thanh tra hay không?
65808,fold_0,1,1,15,1.0,1.0,0,Hội viên liên kết của Hội Địa chất Kinh tế Việt Nam được hưởng quyền lợi và nghĩa vụ như thế nào?
154152,fold_1,1,1,21,1.0,1.0,0,"Hội đồng Quốc gia về bảo hộ lao động tư vấn, giúp Thủ tướng Chính phủ trong những vấn đề gì?"
71464,fold_0,1,14,>100,1.0,1.0,0,Căn cứ đánh giá chất lượng dịch vụ sự nghiệp công đối với tiêu chí về Thái độ phục vụ gồm những nội dung nào?
129380,fold_4,1,24,1,1.0,1.0,0,"Các bước chuẩn bị giải quyết tố cáo tổ chức Đảng, Đảng viên?"
16814,fold_3,1,36,48,1.0,1.0,0,Mục đích của hình phạt
15448,fold_1,1,4,2,1.0,1.0,0,"Thành phần hồ sơ để được cấp, cấp lại, cấp đổi, bổ sung thẻ đánh giá viên kỹ năng nghề quốc gia gồm những gì?"
31840,fold_1,1,5,1,1.0,1.0,0,Đi nghĩa vụ quân sự có được hưởng trợ cấp thất nghiệp không?
85530,fold_2,1,>100,>100,0.0,0.0,0,Hồ sơ xin cấp giấy phép xây dựng đối với công trình và nhà ở đô thị ở tỉnh Hà Giang bao gồm những gì?
163720,fold_4,1,39,>100,1.0,1.0,0,"Nghệ sĩ có hành vi quảng cáo sản phẩm không đúng sự thật, chất lượng kém có phải chịu trách nhiệm gì không?"
68152,fold_0,1,>100,72,1.0,1.0,0,Thời gian thực hiện thủ tục đính chính Giấy chứng nhận khi đổi Căn cước công dân được quy định như thế nào?
84498,fold_4,1,26,4,1.0,1.0,0,Người không bảo mật thông tin tố giác hành vi xâm hại trẻ em sẽ bị xử phạt vi phạm hành chính thế nào?
159316,fold_1,1,3,4,1.0,1.0,0,Hồ sơ ghi chú ly hôn bao gồm các giấy tờ gì?
86158,fold_1,1,3,5,1.0,1.0,0,Việc công khai Kết luận thanh tra chuyên ngành của lực lượng Công an nhân dân được thực hiện như thế nào?
72584,fold_3,1,1,1,1.0,1.0,0,"Trách nhiệm hợp tác quốc tế trong hoạt động điện ảnh, xúc tiến phát triển điện ảnh trong nước do cơ quan nào thực hiện?"
161192,fold_0,1,19,1,1.0,1.0,0,Chế độ tập sự viên chức có được miễn trong trường hợp nào?
30794,fold_4,1,3,13,1.0,1.0,0,Doanh nghiệp nhà nước có thực hiện công khai thông tin tài chính bất thường không?
66074,fold_0,1,1,2,1.0,1.0,0,Tổng hợp đánh giá kết quả giáo dục trong Chương trình xóa mù chữ được hiểu như thế nào?
27668,fold_2,1,>100,28,1.0,1.0,0,Quy trình thẩm định giá tài sản có bao gồm việc lập báo cáo chứng thư thẩm định giá không?
87852,fold_2,1,>100,>100,0.0,0.0,0,Đăng ký khai tử phải chuẩn bị giấy tờ gì?
121218,fold_2,1,1,8,1.0,1.0,0,Các hành vi bị nghiêm cấm trong hoạt động sử dụng tài nguyên trong thư viện là gì?
82930,fold_3,1,6,9,1.0,1.0,0,Thời gian nộp hồ sơ hưởng trợ cấp thất nghiệp là khi nào?
76660,fold_4,1,>100,2,1.0,1.0,0,Xử lý như thế nào trong trường hợp bên vay mất khả năng hoàn trả?
107264,fold_3,2,2,13,1.0,1.0,0,Nguyên tắc huy động vốn cho phát triển nhà ở là gì?
68350,fold_2,1,>100,33,1.0,1.0,0,Học chuyên ngành liên quan đến thông gió - cấp thoát nhiệt thì có được lấy chứng chỉ thiết kế xây dựng không?
151092,fold_2,1,1,38,1.0,1.0,0,Tài sản của khách hàng được sử dụng dịch vụ bảo quản tài sản của tổ chức tín dụng khi đáp ứng điều kiện gì?
146602,fold_2,1,>100,63,1.0,1.0,0,Chi cho vay của ngân sách trung ương được quy định như thế nào?
25804,fold_3,1,1,1,1.0,1.0,0,Nối vị tràng sẽ cần phải chuẩn bị những gì để đảm bảo an toàn cho người bệnh?
159206,fold_0,1,1,8,1.0,1.0,0,"Viện kiểm sát nhân dân tối cao có nhiệm vụ và quyền hạn gì khi kiểm sát việc xem xét, quyết định áp dụng các biện pháp xử lý hành chính?"
56678,fold_1,1,1,>100,1.0,1.0,0,Cơ sở y học gia đình thực hiện những nhiệm vụ gì?
115164,fold_2,2,7,1,1.0,1.0,0,Giải quyết tranh chấp lao động tập thể tại nơi không được phép đình công thông qua hình thức hòa giải như thế nào?
41410,fold_2,1,1,3,1.0,1.0,0,"Thời hạn tìm kiếm, thăm dò dầu khí được quy định thế nào?"
114366,fold_2,1,>100,>100,0.0,0.0,0,"Đánh tiến lên online qua trang web trò chơi đánh bạc, hình thức nạp tiền bằng thẻ cào có bị xử lý trách nhiệm hình sự không?"
101100,fold_0,1,1,47,1.0,1.0,0,Những hành vi nào bị nghiêm cấm trong lĩnh vực giám định tư pháp?
71210,fold_1,1,1,>100,1.0,1.0,0,Hồ sơ đề nghị cấp Chứng chỉ hành nghề Quản tài viên gồm những loại giấy tờ nào?
96600,fold_1,1,20,1,1.0,1.0,0,Thẩm quyền bổ nhiệm vào ngạch Thanh tra viên chính khi thi nâng ngạch được quy định ra sao?
131276,fold_0,1,14,16,1.0,1.0,0,Chi hỗ trợ đào tạo nhân lực phát triển khoa học và công nghệ của doanh nghiệp như thế nào?
30952,fold_0,1,5,20,1.0,1.0,0,Chủ rừng bị cơ quan nhà nước thu hồi rừng trong một số trường hợp nào?
165670,fold_2,1,40,1,1.0,1.0,0,Bệnh nhân khi phẫu thuật điều trị bọng mỡ mi mắt qua đường rạch da được theo dõi như thế nào?
67610,fold_0,1,2,1,1.0,1.0,0,"Có quyền yêu cầu sửa đổi, bổ sung phán quyết của trọng tài thương mại được không?"
161840,fold_4,1,1,3,1.0,1.0,0,Dự án đầu tư phòng thí nghiệm trong Bộ Quốc phòng là gì?
45798,fold_4,1,65,53,1.0,1.0,0,Giá đất để tính chi phí bồi thường được quy định như thế nào?
152912,fold_2,1,5,1,1.0,1.0,0,Người học ngành gia công và thiết kế sản phẩm mộc trình độ cao đẳng sau khi tốt nghiệp phải có kỹ năng ngoại ngữ như thế nào?
162168,fold_4,1,1,1,1.0,1.0,0,"Việc soạn thảo, ban hành văn bản quy phạm pháp luật của Kiểm toán nhà nước phải đảm bảo những nguyên tắc gì?"
100850,fold_0,1,1,>100,1.0,1.0,0,Dự án đầu tư là gì?
102822,fold_0,1,1,33,1.0,1.0,0,Bộ Giáo dục và Đào tạo được yêu cầu đóng vai trò gì trong việc tăng cường triển khai công tác xây dựng văn hóa học đường?
111444,fold_2,1,1,21,1.0,1.0,0,Người kinh doanh thực phẩm có những nghĩa vụ gì phải đảm bảo thực hiện trong kinh doanh?
21342,fold_3,1,5,2,1.0,1.0,0,Hồ sơ đề nghị cấp giấy chứng nhận đăng ký hoạt động bán hàng đa cấp gồm những thành phần nào?
148022,fold_1,2,22,69,0.5,0.5,0,Có được thanh toán hợp đồng qua tài khoản Văn phòng đại diện không?
117672,fold_1,1,25,1,1.0,1.0,0,Phẫu thuật kết hợp xương gãy xương gót sẽ chỉ định trong những trường hợp nào?
41948,fold_4,1,>100,>100,0.0,0.0,0,Công ty không thực hiện chi trả chi phí cho việc thương lượng tập thể thì có bị xử phạt hay không?
158806,fold_0,1,1,3,1.0,1.0,0,Quản lý công tác phổ biến giáo dục pháp luật trong Bộ Quốc phòng gồm những nội dung gì?
95392,fold_4,1,2,33,1.0,1.0,0,Các trường hợp nào có thể bị giải thể doanh nghiệp tư nhân?
55136,fold_2,1,1,2,1.0,1.0,0,Việc đào tạo đối với người học lái xe ô tô bao gồm những hình thức nào?
29590,fold_0,1,1,1,1.0,1.0,0,Hội viên chính thức của Liên hiệp hội về người khuyết tật Việt Nam có quyền lợi như thế nào?
101936,fold_1,1,23,89,1.0,1.0,0,Mẫu tờ khai đăng ký sử dụng hoá đơn điện tử hiện nay?
71804,fold_4,1,6,>100,1.0,1.0,0,"Tăng cường công tác kiểm tra nội bộ nhà trường trong việc triển khai thực hiện nhiệm vụ chuyên môn và kịp thời khắc phục những tồn tại, hạn chế trong quá trình triển khai thực hiện chương trình giáo dục phổ thông 2018?"
21802,fold_3,1,1,>100,1.0,1.0,0,Khách hàng muốn vay tín dụng đầu tư của Nhà nước thì cần đáp ứng những điều kiện nào?
143984,fold_3,1,>100,1,1.0,1.0,0,Tảo hôn và hôn nhân cận huyết sẽ dẫn đến những hậu quả như thế nào?
149082,fold_1,1,3,19,1.0,1.0,0,Thực hiện xác định số thuế thu nhập doanh nghiệp phải nộp như thế nào?
46156,fold_3,1,1,1,1.0,1.0,0,"Câu lạc bộ Pháp chế doanh nghiệp có chức năng, nhiệm vụ gì?"
41400,fold_3,1,5,5,1.0,1.0,0,Tổ chức cuộc họp Ủy ban kiểm sát Viện kiểm sát nhân dân cấp cao để quyết định những vấn đề quan trọng nào?
155776,fold_3,2,5,100,1.0,1.0,0,Các lỗi phạt nguội thường hay bị phạt đối với xe máy gồm những lỗi nào?
143520,fold_2,1,>100,1,1.0,1.0,0,Thời hạn giải quyết thực hiện việc hoàn trả tiền đã đóng đối với người tham gia bảo hiểm xã hội tự nguyện do cá nhân thực hiện?
22172,fold_2,2,1,1,1.0,1.0,0,"Sửa đổi hồ sơ đề nghị cấp giấy phép cung cấp dịch vụ phát thanh, truyền hình trả tiền?"
121016,fold_4,2,1,7,1.0,1.0,0,Quyết định hoãn chấp hành án phạt tù có bị hủy trong trường hợp người được hoãn phạm tội mới hay không?
133344,fold_2,1,5,8,1.0,1.0,0,Để yêu cầu người lao động làm thêm giờ thì người sử dụng lao động cần đáp ứng được những điều kiện nào?
102220,fold_0,2,7,7,0.5,0.5,0,Cha mẹ có hành vi bạo hành con trai của mình được hiểu như thế nào?
159554,fold_4,1,1,1,1.0,1.0,0,Doanh nghiệp xếp hạng tín nhiệm được hoạt động trong những lĩnh vực nào?
125376,fold_2,1,1,14,1.0,1.0,0,Hồ sơ đăng ký hành nghề dịch vụ kế toán bao gồm những giấy tờ gì?
127948,fold_0,1,49,1,1.0,1.0,0,Nhà đầu tư cần thông báo trước cho bên mời thầu về việc đề xuất tổ chức khảo sát hiện trường dự án?
122208,fold_3,1,3,3,1.0,1.0,0,Điều kiện để được nuôi rùa vàng với mục đích thương mại là gì?
121558,fold_3,1,3,50,1.0,1.0,0,Hồ sơ cấp Giấy chứng nhận an toàn kỹ thuật và bảo vệ môi trường cho phương tiện thủy nội địa đang khai thác cần những giấy tờ gì?
123688,fold_2,1,2,8,1.0,1.0,0,Phó Trưởng Ban Thanh tra nhân dân Cơ quan Bộ Công Thương có trách nhiệm như thế nào?
45234,fold_1,1,1,1,1.0,1.0,0,"Để thực hiện dân chủ trong công tác phòng ngừa, đấu tranh chống tội phạm, Cảnh sát môi trường công khai nội dung bằng những hình thức gì?"
69916,fold_3,1,4,2,1.0,1.0,0,Kiểm soát viên Quỹ Phát triển doanh nghiệp nhỏ và vừa có nhiệm kỳ bao nhiêu năm?
13804,fold_0,1,10,1,1.0,1.0,0,Ban coi thi tốt nghiệp THPT có những trách nhiệm và quyền hạn gì?
84796,fold_0,1,4,1,1.0,1.0,0,Phẫu thuật kết hợp xương gãy lồi cầu trong xương đùi người bệnh bị biến chứng mạch máu là do đâu?
129014,fold_2,1,1,3,1.0,1.0,0,Ngôn ngữ sử dụng trong đấu thầu mua sắm theo hiệp định đối tác toàn diện và tiến bộ xuyên Thái Bình Dương là ngôn ngữ gì?
64172,fold_3,1,1,2,1.0,1.0,0,"Mẫu báo cáo quyết toán vốn đầu tư công nguồn ngân sách nhà nước theo năm ngân sách của bộ, cơ quan trung ương năm 2022?"
146256,fold_3,1,12,7,1.0,1.0,0,Thời hạn kháng cáo quyết định đình chỉ giải quyết vụ án trong tố tụng hành chính là bao lâu?
159914,fold_1,2,2,2,1.0,1.0,0,"Đề xuất người chưa thành niên được cung cấp dịch vụ thân thiện về kế hoạch hóa gia đình, sức khỏe sinh sản?"
81788,fold_2,1,1,2,1.0,1.0,0,"Xét nâng lương trước thời hạn cho CC, VC, NLĐ thuộc Bộ Tài chính theo nguyên tắc như thế nào?"
75220,fold_0,1,1,1,1.0,1.0,0,Giáo viên đạt danh hiệu giáo viên làm tổng phụ trách Đội giỏi cấp tỉnh của trường phổ thông có nhiều cấp học phải đạt các yêu cầu nào?
98048,fold_0,1,2,>100,1.0,1.0,0,"Bí thư tỉnh ủy, thành ủy trực thuộc Trung ương có bắt buộc phải tốt nghiệp đại học trở lên hay không?"
80218,fold_3,1,7,>100,1.0,1.0,0,Phương pháp kiểm tra đối với áo chiến sĩ nữ được quy định như thế nào?
161824,fold_0,1,7,38,1.0,1.0,0,Người chuyển giới có thể đăng ký kết hôn không?
147324,fold_0,3,1,2,1.0,1.0,0,Đề án thuộc Chương trình phát triển công nghiệp hỗ trợ được xây dựng theo nguyên tắc nào?
32578,fold_2,1,1,1,1.0,1.0,0,"Cán bộ lãnh đạo, quản lý Cơ quan Tổng Liên đoàn Lao động Việt Nam trong thời gian thực hiện luân chuyển có được thanh toán công tác phí không?"
19434,fold_4,1,1,2,1.0,1.0,0,"Lãnh đạo Văn phòng Điều phối Chương trình 135 do ai bổ nhiệm, miễn nhiệm?"
157874,fold_0,1,7,1,1.0,1.0,0,"Quy trình lựa chọn dự án sản xuất phim sử dụng ngân sách nhà nước đối với phương thức giao nhiệm vụ, đặt hàng được quy định như thế nào?"
149286,fold_2,1,17,3,1.0,1.0,0,Để được mang thai hộ vì mục đích nhân đạo cần đáp những điều kiện gì theo quy định?
86988,fold_4,1,>100,14,1.0,1.0,0,Nếu việc tạm dừng làm thủ tục không đúng thì việc bồi thường được thực hiện thế nào?
136916,fold_3,1,>100,2,1.0,1.0,0,Trách nhiệm của chủ sở hữu trong việc bảo đảm an toàn đối với trường hợp cây cối có nguy cơ gây thiệt hại
158366,fold_2,1,3,1,1.0,1.0,0,Nội dung tin buồn về cán bộ Quân đội đã thôi giữ chức vụ Chuẩn Đô đốc Hải quân sẽ do ai chuẩn bị?
123902,fold_4,1,1,35,1.0,1.0,0,Thanh tra Tài nguyên và Môi trường có những chức năng nào?
32328,fold_0,1,1,10,1.0,1.0,0,Biện pháp thay thế xử lý vi phạm hành chính đối với người dưới 16 tuổi?
161936,fold_0,1,2,1,1.0,1.0,0,Khi tính thời hạn để chấp nhận chào hàng trong mua bán hàng hóa quốc tế thì các lễ chính thức hay ngày nghỉ việc rơi vào khoảng thời hạn này có được trừ không?
73738,fold_3,1,76,1,1.0,1.0,0,Phụ cấp kiêm nhiệm chức danh có dùng để tính đóng chế độ bảo hiểm xã hội hay không?
56108,fold_2,1,>100,>100,0.0,0.0,0,Đốt vàng mã khi cúng rằm tháng Giêng có vi phạm pháp luât không?
30538,fold_4,1,1,1,1.0,1.0,0,Giáo viên mầm non chuẩn bị hồ sơ giấy tờ gì để đăng ký xét thăng hạng chức danh nghề nghiệp?
118810,fold_2,1,2,1,1.0,1.0,0,Lương thưởng của Chủ tịch Công ty trách nhiệm hữu hạn một thành viên Nhà xuất bản Lao động Xã hội do ai quyết định?
1632,fold_1,1,9,2,1.0,1.0,0,Người đang hưởng án treo được phép thay đổi nơi cư trú hay không?
38056,fold_3,1,>100,1,1.0,1.0,0,Hồ sơ về nhân sự đối với Đảng viên được giới thiệu để Quốc hội bầu hoặc phê chuẩn bao gồm những gì?
6832,fold_3,1,1,4,1.0,1.0,0,Trường hợp hoa tiêu đã lên tàu mà người yêu cầu hủy bỏ thì giá dịch vụ được tính như thế nào?
132750,fold_0,1,1,2,1.0,1.0,0,Thời gian thực hiện thủ tục chấp thuận chủ trương đầu tư ra nước ngoài của Thủ tướng Chính phủ là bao lâu?
83644,fold_3,1,1,1,1.0,1.0,0,Hàng hóa và dịch vụ kinh doanh tại Siêu thị phải đáp ứng những yêu cầu gì?
12002,fold_1,1,2,>100,1.0,1.0,0,Các công trình cấp nước có cần phải được kiểm tra và chứng nhận sự phù hợp trước khi đưa vào sử dụng không?
25360,fold_0,2,2,10,0.5,0.5,0,Người dân tự ý xây dựng nhà ở trên đất nông nghiệp của Ủy ban chưa thực hiện giao đất thì bị xử phạt hành chính như thế nào?
31250,fold_2,1,>100,92,1.0,1.0,0,Phụ lục hợp đồng có điều khoản trái với điều khoản trong hợp đồng được không?
40778,fold_2,3,4,2,1.0,1.0,0,"Định mức tiết dạy đối với Hiệu trưởng, Phó hiệu trường trường phổ thông được quy định như thế nào?"
149602,fold_2,1,1,35,1.0,1.0,0,Có thể ủy quyền cho người khác thực hiện việc tố cáo hay không?
90156,fold_3,1,2,>100,1.0,1.0,0,"Văn bằng, chứng chỉ trong hệ thống giáo dục được hiểu thế nào?"
61516,fold_3,1,2,41,1.0,1.0,0,Người bị tố cáo trong thi hành tạm giữ hình sự có quyền và nghĩa vụ gì?
42292,fold_4,1,1,2,1.0,1.0,0,"Khi cấp phát, tiếp nhận vắc xin phải đảm bảo yêu cầu gì?"
61032,fold_0,1,1,>100,1.0,1.0,0,Trường hợp nào cấp mới mã số định danh cá nhân trong ngành Tòa án nhân dân?
29898,fold_0,1,18,67,1.0,1.0,0,Người thực hiện trợ giúp pháp lý tiết lộ thông tin về người được trợ giúp pháp lý thì sẽ bị xử phạt như thế nào?
40366,fold_3,1,16,2,1.0,1.0,0,"Tuyển sinh vào lớp 1 Chương trình Dạy và học các môn Toán, Khoa học và Tiếng Anh tích hợp chương trình Anh và Việt Nam được triển khai như thế nào?"
105016,fold_1,2,2,18,1.0,1.0,0,Hàng hóa nhập khẩu có cần ghi nguồn gốc xuất xứ không?
37758,fold_4,1,2,>100,1.0,1.0,0,Khoản chi biên dịch đối với khách nước ngoài vào làm việc tại Việt Nam được xác định thế nào?
130660,fold_2,1,>100,6,1.0,1.0,0,Chủ tọa phiên tòa đề nghị đáp lại những ý kiến có liên quan đến vụ án hình sự của người bào chữa chưa được tranh luận thì Kiểm sát viên cần làm gì?
123400,fold_4,1,1,5,1.0,1.0,0,Chủ tịch Ủy ban nhân dân cấp xã có quyền xử phạt người sửa chữa tác phẩm văn học gây phương hại đến danh dự và uy tín của tác giả không?
101132,fold_4,1,>100,42,1.0,1.0,0,Các hành vi gây tiếng ồn nào bị cấm?
15644,fold_1,1,7,1,1.0,1.0,0,Có được khám người theo thủ tục hành chính khi có căn cứ cho rằng người đó cất giấu đồ vật buôn lậu không?
110220,fold_1,1,1,82,1.0,1.0,0,Các hành vi nào bị nghiêm cấm trong bảo vệ bí mật nhà nước?
123572,fold_1,1,1,4,1.0,1.0,0,Thực hiện chia sẻ dữ liệu đăng kiểm phương tiện theo phương thức thông qua nền tảng của Bộ Giao thông vận tải như thế nào?
100010,fold_0,1,3,9,1.0,1.0,0,Thanh tra sở có nhiệm vụ và quyền hạn ra sao?
10650,fold_0,1,1,1,1.0,1.0,0,Việc chuyển nhượng hối phiếu đòi nợ cho hai người trở lên có giá trị không?
164198,fold_0,1,>100,>100,0.0,0.0,0,"Huấn luyện viên, vận động viên không tập trung thi đấu thì có được hưởng lương không?"
40782,fold_2,1,1,3,1.0,1.0,0,Hồ sơ đăng ký học lái xe ô tô gồm những giấy tờ gì?
130056,fold_3,3,1,1,1.0,1.0,0,"Thủ tục đăng ký xe mô tô, xe gắn máy từ điểm đăng ký xe khác chuyển đến công an cấp xã được phân cấp đăng ký xe hiện nay ra sao?"
70770,fold_1,1,1,16,1.0,1.0,0,Tài khoản định danh điện tử cho người nước ngoài là gì?
92954,fold_3,1,1,1,1.0,1.0,0,Nghệ nhân ưu tú có hoàn cảnh khó khăn chấp hành án phạt tù thì bị thôi hưởng trợ cấp hay tạm dừng hưởng trợ cấp sinh hoạt hàng tháng?
64632,fold_3,1,1,53,1.0,1.0,0,Thời hạn hiệu lực của giấy phép nhân viên hàng không có hiệu lực khi nào?
6016,fold_4,1,>100,>100,0.0,0.0,0,Thời hạn áp dụng biện pháp cấm đảm nhiệm chức vụ đối với cá nhân là bao lâu?
110248,fold_2,1,1,1,1.0,1.0,0,Giấy phép mua bán nguyên liệu thuốc lá có thời hạn bao lâu?
114548,fold_0,1,32,8,1.0,1.0,0,Ghi nhãn và mẫu bảng biểu mẫu nhãn điển hình hướng dẫn sử dụng về Phòng cháy chữa cháy - Chất chữa cháy gốc nước như thế nào?
16622,fold_1,1,9,>100,1.0,1.0,0,Chứng nhận HACCP là gì?
81276,fold_2,1,2,21,1.0,1.0,0,"Phòng An toàn, bảo hộ lao động Quân đội có những chức năng gì?"
161348,fold_4,1,6,3,1.0,1.0,0,Buôn bán thuốc thú y cần đáp ứng các điều kiện gì?
149696,fold_4,1,>100,5,1.0,1.0,0,Cơ sở tiêm chủng sử dụng vắc xin không đủ điều kiện theo quy định thì có bị đình chỉ hoạt động hay không?
129312,fold_1,1,2,>100,1.0,1.0,0,Để động viên công nghiệp cần chuẩn bị những gì?
58658,fold_1,1,1,17,1.0,1.0,0,Việc thực hiện dân chủ trong sơ tuyển tuyển sinh vào Công an nhân dân gồm những nội dung gì?
5936,fold_1,1,1,1,1.0,1.0,0,"Thẩm quyền xem xét, quyết định đưa vào cơ sở cai nghiện bắt buộc thuộc về ai?"
49684,fold_4,1,17,>100,1.0,1.0,0,Thành viên của Hải đội bộ đội Biên phòng đã thực hiện công tác 5 năm mà muốn chuyển gia đình đến sống cùng có được không?
113650,fold_4,1,3,1,1.0,1.0,0,Trình tự thủ tục cấp lại Giấy phép liên vận ASEAN khi bị hư hỏng được thực hiện ra sao?
58928,fold_3,1,>100,5,1.0,1.0,0,Thử việc xin nghỉ việc có phải báo trước không?
98182,fold_4,1,1,3,1.0,1.0,0,Bên bảo đảm là cá nhân chết thì xử lý tài sản bảo đảm như thế nào?
168438,fold_1,1,22,>100,1.0,1.0,0,Đơn vị muốn được xuất bản bản tin thì cần đáp ứng những điều kiện như thế nào?
92410,fold_4,1,9,28,1.0,1.0,0,Người lao động đơn phương chấm dứt hợp đồng có phải bồi thường cho công ty bao nhiêu tiền?
158174,fold_0,2,12,19,1.0,1.0,0,Doanh nghiệp có vốn đầu tư nước ngoài không được kinh doanh chuyển khẩu hàng hóa?
137870,fold_1,2,21,86,1.0,1.0,0,Một số quy định khác mà giáo viên các cấp cần lưu ý tại Thông tư 08/2023/TT-BGDĐT là gì?
125854,fold_4,1,77,55,1.0,1.0,0,Hành vi tổ chức đánh bạc qua mạng sẽ bị truy cứu trách nhiệm hình sự như thế nào?
14660,fold_2,1,1,>100,1.0,1.0,0,Ban tổ chức Hội giảng nhà giáo giáo dục nghề nghiệp của trường cao đẳng thông báo kế hoạch tổ chức cho nhà giáo trước bao nhiêu ngày?
64334,fold_2,1,19,3,1.0,1.0,0,Khi nào thì nhà làm việc của doanh nghiệp phải lập phương án phòng cháy chữa cháy?
81824,fold_4,1,1,1,1.0,1.0,0,Người lao động có thể chấm dứt hợp đồng làm việc ở nước ngoài với doanh nghiệp dịch vụ nếu bị ngươi sử dụng lao động cưỡng bức lao động không?
98050,fold_4,1,2,22,1.0,1.0,0,Chỉ tiêu thống kê ngành Công Thương bao gồm những nội dung gì?
20050,fold_0,1,1,6,1.0,1.0,0,Thuê dịch vụ làm kế toán trưởng được quy định như thế nào?
122894,fold_3,1,1,3,1.0,1.0,0,Thời điểm thông báo phương thức vận hành hệ thống điện tháng tới là khi nào?
30296,fold_3,1,1,2,1.0,1.0,0,"Việc trưng mua, trưng dụng tài sản chỉ được thực hiện khi nào?"
139830,fold_0,1,1,1,1.0,1.0,0,Khi nào thì công dân tham gia nghĩa vụ quân sự phải nhập ngũ?
137680,fold_0,1,99,4,1.0,1.0,0,Thời gian hưởng chế độ ốm đau được pháp luật quy định như thế nào?
8380,fold_3,1,35,>100,1.0,1.0,0,Thực hiện giám sát quản lý trực tiếp các cơ sở đào tạo sau đại học như thế nào?
42130,fold_4,1,3,1,1.0,1.0,0,Để được cấp Giấy chứng nhận khả năng chuyên môn sỹ quan máy tàu biển Việt Nam có tổng công suất máy chính dưới 750 kW cần đáp ứng điều kiện gì?
67348,fold_0,1,33,4,1.0,1.0,0,Quy trình xem xét miễn nhiệm viên chức thuộc thẩm quyền quyết định của cơ quan viên chức đang công tác bao gồm những bước nào?
26308,fold_1,2,6,>100,1.0,1.0,0,Đảng viên có vi phạm kế hoạch hoá gia đình khi đã có con riêng nhưng vẫn sinh thêm con với người khác không?
135556,fold_3,1,5,8,1.0,1.0,0,Hồ sơ đề nghị cấp giấy chứng nhận đủ điều kiện đảm bảo an toàn cho chữ ký số chuyên dùng cần những loại giấy tờ gì?
145456,fold_2,1,19,2,1.0,1.0,0,"Chấm dứt, hủy bỏ hiệu lực đăng ký quốc tế nhãn hiệu được quy định như thế nào?"
142362,fold_1,1,1,2,1.0,1.0,0,Quy tắc ứng xử đối với đồng nghiệp của giới văn nghệ sĩ như thế nào?
63992,fold_4,1,4,>100,1.0,1.0,0,Những trường hợp nào được xem là đồng phạm?
110510,fold_2,1,37,4,1.0,1.0,0,Việc đánh giá từng tiêu chí an toàn thực phẩm đối với cơ sở kinh doanh muối được hướng dẫn ra sao?
77610,fold_0,1,62,90,1.0,1.0,0,Tham nhũng là gì?
17606,fold_3,1,22,>100,1.0,1.0,0,Điều kiện được mua nhà ở xã hội năm 2023 là gì?
50102,fold_4,1,4,40,1.0,1.0,0,Nội dung báo cáo kế hoạch đầu tư công hằng năm trình cấp có thẩm quyền phê duyệt được quy định như thế nào?
37242,fold_1,2,3,1,1.0,1.0,0,"Hồ sơ đề nghị miễn chấp hành án phạt cải tạo không giam giữ với người bị kết án chấp hành tốt pháp luật, có hoàn cảnh gia đình đặc biệt khó khăn gồm những gì?"
17328,fold_2,2,26,2,1.0,1.0,0,Nếu các vụ án hình sự được phục hồi điều tra cần gia hạn thời gian điều tra thì Kiểm sát viên có trách nhiệm gì?
147642,fold_3,1,8,1,1.0,1.0,0,Khoảng cách hợp lý giữa 2 mũi tiêm vắc xin Pfizer cho trẻ em từ 5 đến dưới 12 tuổi?
28164,fold_0,1,7,>100,1.0,1.0,0,Có bao nhiêu loại hợp đồng xây dựng theo quy định hiện nay?
8254,fold_2,1,1,>100,1.0,1.0,0,Nội dung tự kiểm tra pháp luật lao động bao gồm những nội dung nào?
165486,fold_1,1,1,7,1.0,1.0,0,Quyết định tuyên bố công ty trách nhiệm hữu hạn hai thành viên phá sản có các nội dung gì?
156948,fold_1,2,1,4,1.0,1.0,0,Mức xử phạt đối với hành vi chuyển giao công nghệ cấm chuyển giao là gì?
67626,fold_4,1,1,1,1.0,1.0,0,"Trách nhiệm thu hồi vị thuốc cổ truyền, thuốc cổ truyền của Cục Quản lý Y, Dược cổ truyền được quy định như thế nào?"
60968,fold_1,1,5,1,1.0,1.0,0,"Người học ngành điều hành tour du lịch trình độ cao đẳng phải có khả năng học tập, nâng cao trình độ như thế nào?"
143100,fold_1,1,8,1,1.0,1.0,0,"Thành lập trung tâm hỗ trợ và phát triển giáo dục hòa nhập công lập, cho phép thành lập trung tâm hỗ trợ và phát triển giáo dục hòa nhập tư thục cần các điều kiện nào?"
15214,fold_0,1,2,8,1.0,1.0,0,Tiền lương hưu do Bảo hiểm xã hội chi trả có được miễn thuế thu nhập cá nhân?
44360,fold_0,1,10,9,1.0,1.0,0,Giấy chứng nhận kết hôn có hiệu lực khi nào?
107600,fold_4,1,1,16,1.0,1.0,0,"Các hành vi bị nghiêm cấm trong lĩnh vực phòng, chống ma túy được pháp luật quy định như thế nào?"
107146,fold_4,2,>100,>100,0.0,0.0,0,Pháp luật Việt Nam quy định như thế nào?
99550,fold_0,1,23,>100,1.0,1.0,0,Tiêu chuẩn của Phó Thủ tướng Chính phủ được quy định như thế nào?
154634,fold_4,1,2,4,1.0,1.0,0,Áp dụng mẫu hồ sơ mời thầu xây lắp được quy định như thế nào?
123070,fold_3,1,7,3,1.0,1.0,0,Việc thẩm định hồ sơ mời thầu theo phương thức một giai đoạn hai túi hồ sơ được thực hiện như thế nào?
26968,fold_3,1,1,37,1.0,1.0,0,Kinh phí thực hiện chi trả trợ cấp thôi việc đối với công chức dựa trên những nguồn nào?
161864,fold_4,1,2,2,1.0,1.0,0,Công tác chuẩn bị kỳ thi nâng ngạch Thẩm phán cao cấp được thực hiện ra sao?
134228,fold_0,1,1,1,1.0,1.0,0,Trong quá trình tập sự hành nghề luật sư nếu người tập sự có hành vi vi phạm thì phải chịu hình thức kỷ luật nào?
167640,fold_4,1,>100,1,1.0,1.0,0,Khi phẫu thuật điều trị lõm mắt bằng kỹ thuật ghép mỡ mi mắt có thể xảy ra những biến chứng gì?
111418,fold_1,1,>100,12,1.0,1.0,0,Hàng hóa cấm nhập khẩu theo quy định pháp luật
154618,fold_3,1,>100,7,1.0,1.0,0,Đồ án quy hoạch chung xây dựng khu kinh tế gồm những nội dung gì?
157772,fold_2,2,2,>100,1.0,1.0,0,Bảo đảm thực hiện dự án đầu tư là gì? Mức bảo đảm thực hiện dự án đầu tư là bao nhiêu?
35944,fold_2,1,1,5,1.0,1.0,0,Nhiệm vụ nào được đề ra tại Chương trình tổng thể về phát triển văn hóa Việt Nam giai đoạn 2023-2025 ?
162262,fold_3,1,2,1,1.0,1.0,0,Hội Mỹ nghệ kim hoàn đá quý Việt Nam có mục đích hoạt động là gì?
124444,fold_2,1,4,13,1.0,1.0,0,"Mẫu quyết định xử lý tài sản bị hư hỏng, không sử dụng được hoặc không còn nhu cầu sử dụng trong quá trình thực hiện dự án là mẫu nào?"
130298,fold_3,1,6,5,1.0,1.0,0,Thủ tục cấp giấy chứng nhận đăng ký đầu tư điều chỉnh trong hoạt động dầu khí được thực hiện như thế nào?
69560,fold_0,1,4,1,1.0,1.0,0,Điểm mới trong việc triển khai lập Giấy nộp tiền vào ngân sách nhà nước theo mã ID khoản phải nộp là gì?
67950,fold_1,1,71,>100,1.0,1.0,0,Giao kết hợp đồng trong bán hàng online được quy định ra sao?
114066,fold_0,1,1,79,1.0,1.0,0,Xử phạt đối với hành vi lấn chiếm đất vi phạm an toàn điện theo quy định của pháp luật
54520,fold_1,2,1,5,1.0,1.0,0,"Điều kiện, trình tự cấp chứng chỉ hành nghề môi giới bất động sản ra sao?"
76096,fold_2,1,98,10,1.0,1.0,0,Đảm nhiệm chức danh thuyền trưởng như thế nào?
26516,fold_4,1,2,1,1.0,1.0,0,Hồ sơ đề nghị thanh toán hoàn thành việc xử lý tài sản kết cấu hạ tầng cấp nước sạch gồm những gì?
95562,fold_4,1,3,3,1.0,1.0,0,Quy trình chào bán trái phiếu ra thị trường quốc tế ra sao?
101504,fold_0,1,7,7,1.0,1.0,0,Những trường hợp nào thì người được tặng cho không được nhận tặng cho quyền sử dụng đất?
68772,fold_2,2,1,1,1.0,1.0,0,"Cơ quan nào có thẩm quyền đóng cảng biển, cảng dầu khí ngoài khơi trong trường hợp khẩn cấp?"
97630,fold_4,1,1,1,1.0,1.0,0,Cơ quan quản lý có trách nhiệm thế nào đối với vùng đệm của khu bảo tồn đất ngập nước?
40352,fold_0,1,29,25,1.0,1.0,0,Thời gian quyết định điều chỉnh chủ trương đầu tư dự án đường giao thông có tổng mức đầu tư từ 1500 tỷ đồng trở lên là trong bao lâu?
103014,fold_1,1,24,4,1.0,1.0,0,"Tăng cường lồng ghép, phối hợp liên ngành chăm sóc sức khỏe ban đầu trong trường mầm non?"
91048,fold_3,1,1,34,1.0,1.0,0,Báo Khoa học và Phát triển hoạt động theo pháp luật nào?
135052,fold_3,1,1,1,1.0,1.0,0,Phòng Phóng viên có chức năng giúp Tổng Biên tập Tạp chí Bảo hiểm xã hội công việc gì?
89070,fold_1,1,8,3,1.0,1.0,0,Tập thể người lao động tại Tổng công ty Giấy Việt Nam được tham gia giám sát những vấn đề nào?
157296,fold_0,1,31,26,1.0,1.0,0,Cung cấp đường dẫn đến trang thông tin điện tử có nội dung vi phạm pháp luật thì tổ chức bị xử phạt thế nào?
113882,fold_4,1,1,54,1.0,1.0,0,Ban điều hành trong tổ chức tài chính vi mô là công ty TNHH một thành viên bao gồm những ai?
127042,fold_1,1,17,59,1.0,1.0,0,Người đăng ký dự tuyển viên chức nhà nước cần đáp ứng những điều kiện nào?
148300,fold_4,1,97,2,1.0,1.0,0,Doanh nghiệp SCIC là gì?
115044,fold_4,1,1,1,1.0,1.0,0,Hội viên của Hội Châm cứu Việt Nam có các quyền lợi như thế nào?
14948,fold_1,1,1,4,1.0,1.0,0,Bảo đảm quyền cầm giữ tài sản được quy định như thế nào?
45928,fold_0,1,15,10,1.0,1.0,0,Thời giờ nghỉ ngơi đối với người lao động được quy định như thế nào?
14092,fold_2,1,3,31,1.0,1.0,0,"Nội dung nhận diện ""báo hóa"" tạp chí như thế nào?"
17008,fold_2,1,1,4,1.0,1.0,0,"Đối với Lễ tang cấp cao thì Ban Tổ chức Lễ tang do ai, cơ quan nào quyết định thành lập và có bao nhiêu thành viên?"
103788,fold_3,1,1,3,1.0,1.0,0,Trung tâm tư vấn pháp luật Tổng Liên đoàn Lao động Việt Nam có chức năng gì?
96442,fold_4,1,78,40,1.0,1.0,0,Nhiệm vụ của thuyền viên tìm kiếm cứu nạn hàng hải gồm những nội dung gì?
62632,fold_2,1,2,>100,1.0,1.0,0,Doanh nghiệp giải thể khi nào?
101642,fold_2,1,14,>100,1.0,1.0,0,Có hình thức đào tạo nào cho người đi làm tham gia học tập tại trường đại học không?
91346,fold_4,1,6,2,1.0,1.0,0,Kiểm soát viên Công ty TNHH MTV Khai thác công trình Thủy lợi Bắc Hưng Hải hoạt động theo nguyên tắc nào?
58890,fold_2,1,23,4,1.0,1.0,0,Chế biến và bảo quản thủy sản trình độ cao đẳng là ngành nghề như thế nào?
99874,fold_4,1,1,1,1.0,1.0,0,Chương trình đào tạo trình độ sơ cấp phải đảm bảo có những nội dung nào?
81446,fold_4,1,2,2,1.0,1.0,0,Điều kiện được hưởng trợ cấp thất nghiệp của người lao động là gì?
129076,fold_3,1,44,3,1.0,1.0,0,Bộ trưởng Bộ Ngoại giao có được vắng mặt tại Phiên họp Chính phủ không?
8682,fold_0,1,37,12,1.0,1.0,0,Cơ quan nào có thẩm quyền giải quyết việc đơn phương ly hôn khi có mâu thuẫn gay gắt với mẹ chồng và chồng đánh đập?
158880,fold_4,1,1,>100,1.0,1.0,0,Thanh tra Ủy ban Dân tộc là tổ chức thuộc cơ quan nào? Thanh tra Ủy ban Dân tộc có những chức năng gì?
626,fold_0,1,3,19,1.0,1.0,0,Văn bản kê khai giá có thể gửi đến cơ quan tiếp nhận thông qua hình thức online hay không?
164488,fold_3,1,37,5,1.0,1.0,0,Công chức có 2 năm liên tiếp được xếp loại chất lượng ở mức không hoàn thành nhiệm vụ thì có bị cho thôi việc hay không?
126362,fold_1,1,42,2,1.0,1.0,0,Thừa phát lại lập vi bằng ghi nhận sự kiện mà mình không trực tiếp chứng kiến thì có bị tước quyền sử dụng thẻ thừa phát lại không?
153808,fold_1,1,1,3,1.0,1.0,0,Phạt doanh nghiệp kinh doanh đặt cược bán vé đặt cược cho các đối tượng không được phép tham gia đặt cược thế nào?
164768,fold_2,1,6,2,1.0,1.0,0,Người điều khiển xe máy lắp còi xe ô tô tham gia giao thông bị tước quyền sử dụng bằng lái xe không?
86494,fold_3,1,3,10,1.0,1.0,0,Doanh nghiệp nhà nước thực hiện trích khấu hao tài sản cố định theo nguyên tắc nào?
167268,fold_3,2,1,>100,1.0,1.0,0,Nhiệm vụ của Cảnh sát môi trường là gì?
9392,fold_1,1,>100,>100,0.0,0.0,0,Tổn thất về cơ hội kinh doanh là gì?
1804,fold_2,1,1,1,1.0,1.0,0,"Trên bao gói của tã trẻ em phải được ghi nhãn bền và rõ ràng với các nội dung gì và quy định vận chuyển, bảo quản sản phẩm ra sao?"
79350,fold_3,1,2,91,1.0,1.0,0,"Ai có quyền quyết định đặt tên đường, phố?"
146810,fold_1,1,2,62,1.0,1.0,0,"Định hướng nghề nghiệp, việc làm đối với cấp trung học cơ sở như thế nào?"
21204,fold_0,1,3,18,1.0,1.0,0,"Thời hạn hiệu lực của cam kết bảo lãnh, thỏa thuận cấp bảo lãnh được quy định như thế nào?"
155760,fold_0,1,2,17,1.0,1.0,0,"Thực hiện giám sát tài chính đối với công ty con, công ty liên kết bằng phương thức nào?"
166456,fold_4,1,13,10,1.0,1.0,0,Có được vay ngoại tệ để đầu tư ra nước ngoài hay không?
92620,fold_4,2,2,1,1.0,1.0,0,Mức đóng bảo hiểm y tế khi tham gia theo đối tượng người lao động được quy định như thế nào?
100698,fold_2,1,>100,5,1.0,1.0,0,Tàng trữ hóa chất chưa được phép sử dụng ở Việt Nam thì có bị xử lý hình sự hay không?
49286,fold_2,1,1,>100,1.0,1.0,0,Phải ghi những thông tin gì trong mẫu sổ chuyển giao bí mật nhà nước theo quy định của pháp luật?
77016,fold_3,1,>100,1,1.0,1.0,0,"Trách nhiệm hình sự đối với hành vi chế tạo, tàng trữ, vận chuyển, sử dụng, mua bán trái phép hoặc chiếm đoạt bom, mìn sót lại sau chiến tranh như thế nào?"
10440,fold_3,1,>100,2,1.0,1.0,0,"Hồ sơ yêu cầu cấp lại Giấy chứng nhận cơ sở đủ điều kiện đóng mới, cải hoán tàu cá được quy định như thế nào?"
7830,fold_4,1,1,1,1.0,1.0,0,"Văn phòng đại diện của tổ chức, cơ sở giáo dục nghề nghiệp nước ngoài tại Việt Nam thực hiện sửa đổi Giấy phép thành lập trong trường hợp nào?"
48012,fold_3,1,2,17,1.0,1.0,0,Thời hiệu truy cứu trách nhiệm hình sự đối với tội sử dụng trái phép tài sản là bao nhiêu năm?
146776,fold_1,2,33,6,1.0,1.0,0,Công ty có phải trả lương khi người lao động nghỉ dưỡng sức sau sinh không?
19560,fold_3,2,3,48,1.0,1.0,0,Số lượng cán bộ cấp xã tối đa là bao nhiêu theo quy định pháp luật hiện hành?
164368,fold_3,1,1,3,1.0,1.0,0,"Cơ quan chuyên môn nào có chức năng tham mưu, giúp Ủy ban nhân dân cấp tỉnh quản lý nhà nước về công tác dân tộc?"
42550,fold_2,1,2,1,1.0,1.0,0,Hướng dẫn điều trị được Hội đồng Thuốc và điều trị trong bệnh viện xây dựng theo các bước nào và được triển khai thực hiện như thế nào?
82500,fold_0,1,2,3,1.0,1.0,0,"TP Hồ Chí Minh được áp dụng dự án PPP vào các dự án đầu tư y tế, giáo dục - đào tạo, thể thao và văn hóa không?"
11522,fold_2,1,1,2,1.0,1.0,0,"Quyền của tổ chức, cá nhân khai thác khoáng sản?"
41338,fold_2,1,17,>100,1.0,1.0,0,"Nhiệm vụ, quyền hạn của Chủ tịch UBND xã ra sao?"
108230,fold_0,1,3,1,1.0,1.0,0,Tiền chất thuốc nổ nào được phép sản xuất?
116670,fold_4,1,3,2,1.0,1.0,0,Cơ sở trợ giúp xã hội cần chuẩn bị những tài liệu gì cho hồ sơ đăng ký thay đổi nội dung giấy chứng nhận đăng ký thành lập?
92876,fold_2,1,1,1,1.0,1.0,0,"Tòa án nhân dân huyện, quận, thị xã, thành phố thuộc tỉnh và tương đương có nhiệm vụ và quyền hạn gì?"
45822,fold_4,1,1,1,1.0,1.0,0,Các cấp tổ chức hội thi giáo viên làm tổng phụ trách Đội thiếu niên tiền phong Hồ Chí Minh giỏi ở trường trung học cơ sở được quy định ra sao?
107634,fold_4,1,3,1,1.0,1.0,0,Chi phí khám và điều trị cho người bệnh là nạn nhân bạo lực gia đình do ai chi trả?
139172,fold_4,1,2,41,1.0,1.0,0,"Mức tiền thưởng trong tập đoàn kinh tế, tổng công ty nhà nước là bao nhiêu?"
162906,fold_0,1,6,2,1.0,1.0,0,Cần phải đạt ít nhất bao nhiêu điểm thi IELTS mới được miễn bài thi Ngoại ngữ trong kì thi tốt nghiệp THPT năm 2022?
70858,fold_1,1,1,1,1.0,1.0,0,Mẫu bệnh phẩm dùng để chẩn đoán bệnh Lympho Leuko trong phương pháp Realtime RT PCR gồm những mẫu nào?
39240,fold_2,1,9,9,1.0,1.0,0,Phạm nhân được tha tù trước thời hạn có trách nhiệm như thế nào?
18714,fold_3,1,2,5,1.0,1.0,0,Cơ sở tiếp nhận và bảo quản xác của người hiến là gì?
103654,fold_2,1,8,30,1.0,1.0,0,Trách nhiệm của người sử dụng lao động khi kết thúc thời gian thử việc được quy định thế nào?
53644,fold_0,1,>100,>100,0.0,0.0,0,Mức xử phạt bổ sung
75620,fold_3,2,1,2,1.0,1.0,0,Sĩ quan tại ngũ chuyển sang làm quân nhân chuyên nghiệp được hưởng chế độ nào?
26620,fold_3,1,1,1,1.0,1.0,0,Kỳ mở thưởng xổ số điện toán 6x36 bị yêu cầu dừng thực hiện trong những trường hợp nào?
25972,fold_2,1,5,1,1.0,1.0,0,"Cơ quan nào có trách nhiệm điều chỉnh quy hoạch phòng, chống lũ của tuyến sông có đê?"
47068,fold_0,1,7,52,1.0,1.0,0,Đăng ký thông tin vào Hệ thống cơ sở dữ liệu điện tử quản lý lưu học sinh được tiến hành như thế nào?
58344,fold_1,1,4,12,1.0,1.0,0,Người có quyền yêu cầu hủy việc kết hôn trái pháp luật là ai?
90480,fold_3,1,4,1,1.0,1.0,0,Đối với sân bay dùng chung có các chướng ngại vật nào phải được cảnh báo hàng không?
155142,fold_1,1,2,64,1.0,1.0,0,Công dân nam có chiều cao bao nhiêu được tuyển chọn vào Công an nhân dân năm 2023?
160336,fold_2,1,15,>100,1.0,1.0,0,Trách nhiệm hình sự về an toàn lao động hiện nay?
113376,fold_3,1,1,11,1.0,1.0,0,Quỹ Thiện tâm phải báo cáo tài chính với Bộ Nội vụ trước ngày nào?
40818,fold_1,1,2,11,1.0,1.0,0,"Để được sát hạch nghiệp vụ đánh giá an toàn, vệ sinh lao động thì học viên phải đảm bảo tham gia bao nhiêu phần trăm thời gian khóa huấn luyện?"
23894,fold_2,1,1,1,1.0,1.0,0,Rượu nhập khẩu có cần công bố hợp quy không?
47914,fold_1,1,3,1,1.0,1.0,0,Quyết định dự toán ngân sách nhà nước do Quốc hội thực hiện có đúng không?
41764,fold_4,1,45,6,1.0,1.0,0,"Người lao động nữ làm công việc nặng nhọc, độc hại được nghỉ hằng năm bao nhiêu ngày?"
50348,fold_1,1,24,91,1.0,1.0,0,"Chế độ báo cáo và kiểm tra công tác đào tạo, bồi dưỡng cán bộ công chức?"
73716,fold_2,1,5,>100,1.0,1.0,0,Chủ dự án đầu tư có thể đề nghị rút ngắn thời hạn của giấy phép môi trường hay không?
96344,fold_4,1,1,1,1.0,1.0,0,Những hành nào vi bị nghiêm cấm trong hoạt động đầu tư xây dựng và kinh doanh sân gôn?
115886,fold_4,1,22,>100,1.0,1.0,0,Yêu cầu ghi vào Sổ hộ tịch việc ly hôn thực hiện ở nước ngoài bằng những hình thức nào?
89464,fold_4,1,5,4,1.0,1.0,0,Kế hoạch khắc phục hậu quả bom mìn vật nổ sau chiến tranh cấp quốc gia phải được đánh giá thường xuyên hay định kỳ?
156826,fold_0,1,1,>100,1.0,1.0,0,Trường hợp số tiền ký quỹ của doanh nghiệp bán hàng đa cấp không đủ để chi trả cho người bán hàng đa cấp thì xử lý thế nào?
3626,fold_1,1,2,1,1.0,1.0,0,Phân NPK có thuộc danh mục hàng hóa thực hiện bình ổn giá hay không?
89796,fold_3,1,1,>100,1.0,1.0,0,Học viên muốn tham dự thi học phần trong khóa học bồi dưỡng kế toán trưởng cần đáp ứng điều kiện gì?
81990,fold_2,1,14,2,1.0,1.0,0,"Thẩm quyền tiếp nhận, xử lý, ban hành Quyết định không hoàn trả khoản nộp tiền thuế thừa"
79552,fold_0,1,3,6,1.0,1.0,0,Có phải người phạm tội trên 80 tuổi sẽ không bị áp dụng mức hình phạt cao nhất là tử hình đúng không?
20100,fold_4,3,8,1,0.6666666666666666,0.6666666666666666,0,Quy định về việc xử lý gia súc mắc bệnh lao bò là như thế nào?
42242,fold_0,1,1,2,1.0,1.0,0,Việc bảo lãnh phát hành chứng khoán chỉ được công ty chứng khoán thực hiện khi nào?
148742,fold_3,2,1,1,1.0,1.0,0,Trường hợp xin nhập quốc tịch Việt Nam đồng thời được giữ quốc tịch nước ngoài?
46892,fold_0,1,1,23,1.0,1.0,0,Nội dung tổng quát của Tổng sản phẩm trong nước (GDP) là gì?
49518,fold_3,1,4,2,1.0,1.0,0,Có bắt buộc chuyển hộ khẩu khi chuyển chỗ ở ngoài phạm vi tỉnh đã đăng ký thường trú trước đó không?
52286,fold_0,1,6,10,1.0,1.0,0,Phải lập biên bản vi phạm hành chính ngay khi phát hiện hành vi vi phạm hành chính có đúng không?
23574,fold_2,1,53,96,1.0,1.0,0,Cá nhân có quyền gì để bảo vệ mình khi bị quay lén?
12774,fold_3,3,1,>100,1.0,1.0,0,Cá nhân được bổ nhiệm làm Thanh tra viên chính ngành khoa học và công nghệ cần đáp ứng những yêu cầu nào?
78236,fold_2,1,6,22,1.0,1.0,0,Người phạm tội gian lận bảo hiểm thất nghiệp có tổ chức có được xem là tình tiết tăng nặng trách nhiệm hình sự không?
73750,fold_0,1,10,>100,1.0,1.0,0,Trong trường hợp nào chạy quá tốc độ nhưng không bị xử phạt hành chính?
23190,fold_1,1,18,10,1.0,1.0,0,Thông báo tuyển sinh không đủ thời gian theo quy định thì cơ sở giáo dục bị xử phạt vi phạm hành chính thế nào?
64070,fold_0,1,>100,12,1.0,1.0,0,Hành vi bán cà phê trên vỉa hè bị xử phạt như thế nào?
115024,fold_0,1,7,11,1.0,1.0,0,Chi phí giám định suy giảm khả năng lao động do bị tai nạn lao động sẽ do công ty hay người lao động chi trả?
86944,fold_4,1,1,1,1.0,1.0,0,Thẩm phán Tòa án quân sự Quân khu đã được tặng thưởng Thẩm phán tiêu biểu thì có được đề nghị xét tặng Kỷ niệm chương Vì sự nghiệp Tòa án trước thời hạn hay không?
129132,fold_4,2,>100,>100,0.0,0.0,0,Mức lương cụ thể của công chức bổ nhiệm vào ngạch kiểm ngư viên được tính thế nào?
31734,fold_2,1,1,35,1.0,1.0,0,Giáo viên công tác tại trường dạy nghề cho trẻ em khuyết tật có được hưởng phụ cấp ưu đãi và phụ cấp trách nhiệm công việc không?
152540,fold_1,1,2,23,1.0,1.0,0,Giấy chứng nhận đăng ký doanh nghiệp có phải giấy phép kinh doanh hay không?
97046,fold_4,1,1,3,1.0,1.0,0,Việc triển khai thu phí theo hình thức điện tử không dừng là yêu cầu bắt buộc?
101202,fold_3,1,1,6,1.0,1.0,0,"Việc bảo trì, nâng cấp Phần mềm Quản lý đào tạo của Kiểm toán nhà nước được thực hiện vào thời điểm nào?"
86240,fold_1,1,1,1,1.0,1.0,0,Cây xăng có phải đăng ký thời gian bán lẻ xăng dầu với cơ quan có thẩm quyền không?
126254,fold_0,1,>100,1,1.0,1.0,0,"Từ ngày 01/07/2022, các tổ chức (bao gồm cả tổ chức UNTT) vẫn có thể tiếp tục sử dụng biên lai giấy đặt in, tự in, mua?"
131466,fold_4,1,14,1,1.0,1.0,0,"Kinh doanh tạm nhập, tái xuất có bị phụ thuộc vào ngành nghề đăng ký kinh doanh không?"
129468,fold_1,1,26,1,1.0,1.0,0,"Nguyên tắc xác định tiền nhuận bút, thù lao, quyền lợi vật chất được quy định như thế nào?"
137638,fold_0,1,1,32,1.0,1.0,0,Muốn giải quyết tranh chấp bằng trọng tài thương mại cần phải đáp ứng những điều kiện gì?
79124,fold_4,1,3,10,1.0,1.0,0,Chỉ được khởi tố vụ án hình sự trong trường hợp nào?
42288,fold_4,1,>100,>100,0.0,0.0,0,Kiểm kê tài sản là gì?
105316,fold_1,1,5,>100,1.0,1.0,0,Hàm lượng chất khoáng trong bột ăn dặm đảm bảo cung cấp đủ cho trẻ em từ 06 đến 36 tháng tuổi là bao nhiêu?
32664,fold_2,1,3,10,1.0,1.0,0,"Chính trị viên phó ban chỉ huy quân sự bộ, ngành Trung ương chịu trách nhiệm trước ai trong thực hiện công tác quốc phòng?"
147784,fold_1,1,1,1,1.0,1.0,0,Quy trình xét tặng danh hiệu “Nghệ sĩ ưu tú” như thế nào?
50510,fold_2,2,2,24,1.0,1.0,0,Mức hưởng phụ cấp ưu đãi theo nghề đối với công chức Hải quan của nhân viên Hải quan là bao nhiêu?
129876,fold_0,1,23,4,1.0,1.0,0,"Lệ phí thực hiện thủ tục cấp đổi giấy chứng nhận đủ điều kiện về an ninh, trật tự tại Đội Cảnh sát QLHC về TTXH là bao nhiêu?"
90466,fold_0,1,18,>100,1.0,1.0,0,Đề xuất Chủ tịch nước làm Chủ tịch Hội đồng Tư pháp quốc gia?
25142,fold_1,1,1,36,1.0,1.0,0,Trình tự làm việc của Hội đồng tuyển chọn thực hiện nhiệm vụ khoa học và công nghệ cấp quốc gia được quy định ra sao?
124632,fold_1,1,4,2,1.0,1.0,0,Kinh phí cho chương trình hợp tác của Quỹ Đổi mới công nghệ quốc gia được đảm bảo từ những nguồn nào?
135788,fold_2,1,1,3,1.0,1.0,0,Trình tự thủ tục đánh giá xếp loại chất lượng viên chức không giữ chức vụ quản lý được thực hiện ra sao?
92094,fold_3,1,18,7,1.0,1.0,0,Hồ sơ khảo sát hiện trạng công trường trước khi xây dựng tầng hầm cần đảm bảo những nội dung nào?
142110,fold_2,1,>100,1,1.0,1.0,0,"Quy chế tổ chức và hoạt động của Ban quản lý dự án chương trình, dự án sử dụng vốn ODA, vốn vay ưu đãi do ai xây dựng?"
155030,fold_1,1,2,31,1.0,1.0,0,Quyền hạn của Hội Tâm thần học Việt Nam là gì?
137052,fold_1,1,1,43,1.0,1.0,0,Mẫu Báo cáo tài chính tổng hợp hiện nay đang được sử dụng là mẫu báo cáo nào?
161288,fold_0,1,40,3,1.0,1.0,0,Người chế tạo trái phép phương tiện kỹ thuật quân sự gây chết người là người bị bệnh nặng có được hoãn chấp hành hình phạt tù không?
122000,fold_4,1,>100,>100,0.0,0.0,0,Quy định về quản lí hoạt động của cơ sở đào tạo?
161876,fold_1,1,1,>100,1.0,1.0,0,Lệ phí là gì?
50864,fold_0,1,1,1,1.0,1.0,0,Thủ tục đổi từ chứng minh nhân dân sang căn cước công dân?
7410,fold_4,1,30,2,1.0,1.0,0,"Tiêu chuẩn diện tích ở, sinh hoạt, nhà ăn tập thể và thiết bị vệ sinh trong đơn vị theo quy định hiện hành?"
67252,fold_4,1,13,24,1.0,1.0,0,Quỹ dự trữ tài chính được hình thành từ các nguồn nào và trong các trường hợp nào?
83980,fold_2,1,66,9,1.0,1.0,0,Nhãn hóa chất bắt buộc phải có những nội dung nào?
82676,fold_1,1,7,1,1.0,1.0,0,Biển hiệu phương tiện vận tải khách du lịch hết hạn có được cấp đổi hay không?
69952,fold_0,2,2,4,1.0,1.0,0,Người 15 tuổi có thể đăng ký dự tuyển viên chức nhà nước không?
68884,fold_0,1,4,2,1.0,1.0,0,"Tổ chức đảng ở các đồn biên phòng và tương đương, ở cơ quan quân sự xã, cơ quan chính trị cấp trên như thế nào?"
136956,fold_1,1,19,1,1.0,1.0,0,Cơ sở để xác định hàng hóa nhập khẩu được sử dụng để gia công được miễn thuế?
2984,fold_0,1,1,42,1.0,1.0,0,Người được điều động tham gia công tác trực tiếp chữa cháy khi bị tai nạn được nhận chế độ gì?
147032,fold_4,1,2,1,1.0,1.0,0,Muốn đăng ký hiến xác cho ngành khoa học thì liên hệ cơ quan nào?
58492,fold_2,1,1,16,1.0,1.0,0,Hồ sơ đề nghị xét thưởng hợp đồng đối với gói thầu xây lắp thuộc các dự án giao thông gồm những tài liệu gì?
66910,fold_3,1,11,22,1.0,1.0,0,Đổi từ chứng minh nhân dân sang căn cước công dân gắn chip thì cần chuẩn bị giấy tờ gì?
161310,fold_2,1,1,1,1.0,1.0,0,Ai là người thực hiện phẫu thuật cắt nối thực quản và tư thế người bệnh sẽ được đặt như thế nào?
138334,fold_0,1,29,>100,1.0,1.0,0,Tiêu chuẩn về phẩm chất chung của công chức chuyên ngành kế toán là gì?
156804,fold_0,1,6,1,1.0,1.0,0,Người phạm tội chiếm đoạt vũ khí thô sơ có tổ chức đã chấp hành xong hình phạt tù thì đương nhiên được xóa án tích khi nào?
138226,fold_0,1,56,19,1.0,1.0,0,Phiếu cân kiểm tra tải trọng xe chứa những thông tin gì?
144928,fold_0,1,>100,4,1.0,1.0,0,Xử phạt như thế nào khi vô ý làm cháy rừng?
115478,fold_2,2,90,2,1.0,1.0,0,"Điều kiện, thủ tục để trung tâm ngoại ngữ hoạt động giáo dục"
163456,fold_0,1,1,1,1.0,1.0,0,"Định mức giờ chuẩn giảng viên được bổ nhiệm chức vụ lãnh đạo hoặc kiêm nghiệm công tác quản lý, đảng, đoàn thể được quy định như thế nào?"
84246,fold_0,1,5,>100,1.0,1.0,0,"Mẫu Biên bản kiểm toán mới nhất dành cho Tổ kiểm toán tại Cục, Chi cục Thuế ra sao?"
164208,fold_2,1,1,7,1.0,1.0,0,Chủ tịch Hội đồng quy hoạch quốc gia có những quyền hạn nào?
160876,fold_4,1,1,54,1.0,1.0,0,Đối tượng không được đăng ký nghĩa vụ quân sự gồm những đối tượng nào?
112270,fold_2,1,2,1,1.0,1.0,0,Pháp nhân ủy quyền chấm dứt tồn tại thì thời hạn đại diện theo ủy quyền có chấm dứt theo không?
83422,fold_1,1,2,2,1.0,1.0,0,Trong việc ngăn chặn xung đột thông tin trên mạng thì các tổ chức có trách nhiệm gì?
112072,fold_1,1,21,17,1.0,1.0,0,Thủ tục sáp nhập công ty được thực hiện như thế nào?
7390,fold_1,1,79,>100,1.0,1.0,0,Kiểm tra viên cao cấp có những nhiệm vụ gì?
3272,fold_2,1,18,5,1.0,1.0,0,Hồ sơ luân chuyển công chức cấp Trung ương thuộc đối tượng luân chuyển gồm những giấy tờ gì?
167604,fold_4,1,1,12,1.0,1.0,0,Nguồn tài chính cho hoạt động bình đẳng giới bao gồm những nguồn nào?
66142,fold_4,1,1,2,1.0,1.0,0,Hội đồng khám phúc tra sức khỏe nghĩa vụ quân sự bao gồm những ai?
161258,fold_3,1,>100,>100,0.0,0.0,0,Các thủ tục thực hiện trực tuyến theo quy định pháp luật
5118,fold_1,1,1,3,1.0,1.0,0,"Thủ tục đề nghị khắc phục lô vị thuốc cổ truyền, thuốc cổ truyền bị thu hồi được quy định như thế nào?"
132484,fold_3,1,1,12,1.0,1.0,0,Có thể dùng đồng euro làm đơn vị tiền tệ để lập cán cân thanh toán được không?
59466,fold_1,1,1,1,1.0,1.0,0,Trường hợp nào phải áp dụng biện pháp cưỡng chế cách ly y tế?
82598,fold_3,1,5,20,1.0,1.0,0,Điều lệ của các tổ chức tín dụng là hợp tác xã ra sao?
137976,fold_1,1,5,11,1.0,1.0,0,Hàng hóa gửi cho đại lý nước ngoài có được nhập khẩu trở lại Việt Nam không?
75974,fold_3,1,1,1,1.0,1.0,0,Quyết định bắt giữ tàu biển để bảo đảm giải quyết khiếu nại hàng hải gồm những nội dung gì?
102554,fold_3,1,1,3,1.0,1.0,0,Quy định về quyền lợi khi bị tai nạn lao động được áp dụng với những đối tượng nào?
131576,fold_4,2,1,1,1.0,1.0,0,Quan hệ giữa con nuôi và gia đình nhận nuôi được quy định như thế nào?
18070,fold_1,1,>100,27,1.0,1.0,0,Thủ tục cấp Giấy chứng nhận lưu hành chế phẩm sinh học được quy định như thế nào?
146500,fold_1,2,20,14,1.0,1.0,0,Hồ sơ để đề nghị điều chỉnh giấy phép xây dựng cần những gì?
1892,fold_4,1,1,1,1.0,1.0,0,"Phiên họp xem xét, quyết định đưa vào cơ sở cai nghiện bắt buộc đối với người cai nghiện được tổ chức, thực hiện như thế nào?"
86272,fold_3,1,10,5,1.0,1.0,0,Dựa trên nguyên tắc gì để xác định học phí đối với giáo dục mầm non?
103892,fold_0,1,43,>100,1.0,1.0,0,Điều kiện được cấp chứng chỉ hành nghề hoạt động xây dựng như thế nào?
152002,fold_1,1,1,2,1.0,1.0,0,Tiêu chuẩn về năng lực chuyên môn và trình độ của công chức ngạch văn thư viên như thế nào?
12906,fold_1,1,3,3,1.0,1.0,0,Dịch vụ viễn thông khẩn cấp là gì?
56708,fold_2,1,>100,11,1.0,1.0,0,Những tình tiết nào không cần phải chứng minh?
79148,fold_1,1,>100,17,1.0,1.0,0,Hồ sơ đăng ký thay đổi thành viên công ty TNHH do thừa kế gồm những gì?
31760,fold_1,1,1,37,1.0,1.0,0,Trách nhiệm của hiệu trưởng cơ sở giáo dục đại học là gì?
139536,fold_1,1,2,1,1.0,1.0,0,"Quy trình, thủ tục chuyển người bệnh từ cơ sở cấp phát thuốc Methadone về cơ sở điều trị Methadone quy định như thế nào?"
65622,fold_3,1,37,10,1.0,1.0,0,Chương trình kỳ họp Quốc hội được thông qua khi nào?
138376,fold_2,1,2,7,1.0,1.0,0,Ban Chỉ đạo thi hành án dân sự cấp tỉnh báo cáo kết quả hoạt động với cơ quan nào?
50634,fold_4,1,25,>100,1.0,1.0,0,Túi zip đựng thực phẩm từ nhựa PE thì cần đáp ứng yêu cầu kỹ thuật gì?
20224,fold_3,2,1,14,1.0,1.0,0,Ngân hàng Nhà nước giảm lãi suất cho vay tái cấp vốn từ ngày 04/03/2023?
129478,fold_0,1,1,18,1.0,1.0,0,Đã có Quyết định 500/QĐ-TTg 2023 phê duyệt quy hoạch điện 8 pdf và file word?
38698,fold_0,1,14,33,1.0,1.0,0,Vốn của tổ chức tín dụng
27962,fold_0,1,1,46,1.0,1.0,0,"Tiền giữ xe tại Quận Bình Thạnh, Thành phố Hồ Chí Minh theo quy định thì mức tối đa là bao nhiêu?"
70394,fold_2,1,11,5,1.0,1.0,0,Cá nhân được Nhà nước giao đất để trồng rừng sản xuất có quyền hạn gì?
26528,fold_0,1,1,14,1.0,1.0,0,"Phương tiện đo được sử dụng để xác định lượng khí trong mua bán, thương nhân sản xuất khí cần bảo đảm những quy định gì về đo lường?"
141936,fold_3,1,4,40,1.0,1.0,0,Tiêu chuẩn bổ nhiệm Quản lý dự án đường thủy hạng 3 là gì? Quản lý dự án đường thủy có bắt buộc phải sử dụng được tiếng dân tộc thiểu số không?
39500,fold_0,1,1,4,1.0,1.0,0,Hội đồng giải mật tài liệu bí mật nhà nước trong ngành Công Thương theo quy định bao gồm những ai?
29180,fold_0,1,1,2,1.0,1.0,0,Thành viên hợp danh của Văn phòng Thừa phát lại bị chấm dứt tư cách thành viên trong những trường hợp nào?
123874,fold_4,1,49,7,1.0,1.0,0,"Điểm tập kết, trạm trung chuyển chất thải rắn sinh hoạt được quy định như thế nào?"
142190,fold_0,2,54,1,1.0,1.0,0,Khảo nghiệm trong giai đoạn sản xuất giống thủy sản phải đáp ứng quy định nào?
80284,fold_1,2,1,9,0.5,0.5,0,Có được mai táng người chết tại khu dân cư hay không?
85988,fold_2,1,2,1,1.0,1.0,0,Chức danh nghề nghiệp họa sĩ hạng 2 được áp dụng ngạch lương của viên chức loại mấy theo quy định?
87492,fold_1,1,7,1,1.0,1.0,0,"Khu du lịch quốc gia cần đáp ứng các điều kiện gì về kết cấu hạ tầng, cơ sở vật chất kỹ thuật, dịch vụ?"
106104,fold_4,1,5,21,1.0,1.0,0,Có nhờ người thân nhận thưởng trúng số thay mình được hay không?
72250,fold_1,1,21,4,1.0,1.0,0,Có thể tạm dừng chứng thư số khi phát hiện có sai sót trong thông tin của thuê bao hay không?
145886,fold_4,1,1,>100,1.0,1.0,0,Cách xác định giá đất trong trường hợp đặc biệt trên địa bàn tỉnh Ninh Thuận?
162668,fold_1,1,11,64,1.0,1.0,0,Các tổ chức cho vay tiền ngoài hệ thống ngân hàng là công ty tài chính muốn được thực hiện hoạt động ngân hàng cần đáp ứng điều kiện gì?
67366,fold_2,1,2,42,1.0,1.0,0,Nội dung sổ địa chính bao gồm những dữ liệu gì?
47828,fold_3,1,3,>100,1.0,1.0,0,Quy trình xây dựng kế hoạch khoa học và công nghệ trong trường đại học được quy định như thế nào?
110960,fold_0,1,27,1,1.0,1.0,0,"Đất thu hồi theo quy hoạch, kế hoạch sử dụng đất để tạo quỹ đất?"
51340,fold_0,1,1,7,1.0,1.0,0,Người phải thi hành án dân sự có được miễn giảm nghĩa vụ thi hành án hay không?
93760,fold_0,1,>100,12,1.0,1.0,0,Xác định phạm vi ranh giới khu công nghiệp có phải là nhiệm vụ quy hoạch chung xây dựng khu công nghiệp?
99904,fold_4,1,16,49,1.0,1.0,0,Trình độ nghiệp vụ sư phạm và thời gian tham gia giảng dạy của nhà giáo dạy trình độ sơ cấp được quy định như thế nào?
98890,fold_3,1,68,26,1.0,1.0,0,Hội đồng nhân dân xã có quyền giám sát các khu dân cư hay không?
139758,fold_2,1,1,1,1.0,1.0,0,Người lao động làm việc tại thành phố Hồ Chí Minh nhưng đang trọ tại một nơi khác có được hỗ trợ tiền thuê nhà/thuê trọ?
101920,fold_4,1,2,3,1.0,1.0,0,Chủ tịch của Liên minh Hợp tác xã Việt Nam do ai có thẩm quyền bầu trong số các Ủy viên Ban Thường vụ?
27776,fold_0,1,2,40,1.0,1.0,0,Giữ tài sản do người khác trộm cắp mà có thì có được xem là đồng phạm không?
118372,fold_3,2,13,9,1.0,1.0,0,Giấy vận tải phải có những thông tin bắt buộc nào?
147912,fold_0,1,1,1,1.0,1.0,0,Bảo vệ chống quá dòng điện trong nhà ở và nhà công cộng phải đảm bảo những quy định thế nào?
121022,fold_0,1,2,3,1.0,1.0,0,Kho bạc Nhà nước khu vực trực thuộc Kho bạc Nhà nước ở tỉnh có tư cách pháp nhân không?
113060,fold_2,1,3,14,1.0,1.0,0,Phòng Hành chính của Văn phòng Kiểm toán nhà nước có chức năng gì?
49468,fold_1,1,47,1,1.0,1.0,0,Không khảo nghiệm giống cây trồng nhưng vẫn cấp kết quả khảo nghiệm bị tước quyền sử dụng Quyết định công nhận mấy tháng?
163772,fold_0,2,3,3,1.0,1.0,0,Người bệnh tâm thần có được quyền đăng ký kết hôn theo quy định của pháp luật hay không?
33874,fold_1,1,30,65,1.0,1.0,0,Ai có thẩm quyền ra quyết định xử lý kỷ luật đối với giáo viên tự ý bỏ lớp?
13312,fold_0,2,1,47,1.0,1.0,0,Cơ quan nào chịu trách nhiệm thông báo quyết định của Thủ tướng Chính phủ về chỉ tiêu động viên công nghiệp?
59510,fold_3,1,10,4,1.0,1.0,0,Dự án quan trọng quốc gia do đơn vị nào quyết định chủ trương đầu tư?
104096,fold_4,1,42,3,1.0,1.0,0,Thông số kỹ thuật của sản phẩm dệt may có phải thể hiện trên nhãn hàng hóa?
6402,fold_3,1,18,3,1.0,1.0,0,Cảng biển đặc biệt sẽ có những chức năng cơ bản nào?
2370,fold_4,1,17,15,1.0,1.0,0,Có tước quyền phục vụ trong lực lượng vũ trang nhân dân đối với người có hành vị chuẩn bị tổ chức bạo loạn hay không?
10264,fold_0,1,25,84,1.0,1.0,0,Hồ sơ xin cấp giấy phép lưu hành xe được pháp luật quy định như thế nào?
148326,fold_3,2,2,23,1.0,1.0,0,Công nhân công trình tự do không muốn đóng bảo hiểm xã hội thì bên sử dụng lao động có thể ký hợp đồng lao động với tên gọi là hợp đồng cộng tác viên có được không?
24598,fold_4,1,>100,>100,0.0,0.0,0,Mẫu chi tiết tài sản dài hạn (tài sản cố định) mới tăng năm 2022?
38266,fold_4,1,>100,27,1.0,1.0,0,Thủ tục kết nạp hội viên là gì?
20230,fold_2,1,1,6,1.0,1.0,0,"Xã muốn được công nhận đạt chuẩn phổ cập giáo dục, xóa mù chữ cần chuẩn bị hồ sơ gì?"
19420,fold_3,1,34,12,1.0,1.0,0,"Chánh Thanh tra Tổng cục, Cục là ai? Chánh Thanh tra Tổng cục, Cục có nhiệm vụ, quyền hạn gì?"
11462,fold_1,1,1,1,1.0,1.0,0,"Ai là người có thẩm quyền lập hồ sơ đề nghị áp dụng biện pháp xử lý hành chính giáo dục tại xã, phường, thị trấn?"
164530,fold_3,1,14,2,1.0,1.0,0,Vốn của Tập đoàn Điện lực Việt Nam (EVN) từ những nguồn nào?
136404,fold_2,2,22,9,1.0,1.0,0,Hồ sơ đề nghị phê duyệt trữ lượng khoáng sản theo quy định mới nhất hiện nay bao gồm những gì?
124268,fold_0,2,6,1,1.0,1.0,0,Doanh nghiệp nào được hưởng mức hỗ trợ cung cấp dịch vụ viễn thông công ích?
114846,fold_4,2,1,42,1.0,1.0,0,Nhiệm kỳ của Chánh án Tòa án nhân dân tối cao là bao lâu?
5026,fold_2,1,2,4,1.0,1.0,0,Vụ án dân sự có tình tiết đơn giản thì sẽ được Tòa án giải quyết vụ án theo thủ tục rút gọn?
68582,fold_1,1,1,>100,1.0,1.0,0,Bộ đội Biên phòng phối hợp với các cơ quan nào để cùng tổ chức hoạt động?
17702,fold_2,1,1,1,1.0,1.0,0,Tác nhân gây bệnh sán lá gan lớn ở người là do đâu?
134746,fold_0,1,>100,>100,0.0,0.0,0,Hình thức xử lý nào nên áp dụng nếu vẫn còn thời hiệu xử lý?
80080,fold_4,1,41,10,1.0,1.0,0,Số lợi thu được từ việc yêu cầu người khác phải mua hàng hóa để được ký hợp đồng tham gia bán hàng đa cấp được xử lý ra sao?
146672,fold_1,1,4,4,1.0,1.0,0,20 hộ dân được cử bao nhiêu đại diện để trình bày khi có nhiều người cùng khiếu nại về một nội dung?
10600,fold_3,1,8,6,1.0,1.0,0,Hòa giải tranh chấp đất đai được quy định như thế nào?
27674,fold_0,1,39,54,1.0,1.0,0,Chi phí thẩm tra và thẩm định các dự án xây dựng nhà máy điện hạt nhân được quy định ra sao?
112760,fold_1,1,12,1,1.0,1.0,0,"Các hình thức thông tin, tuyên truyền về giảm nghèo đa chiều?"
142426,fold_3,1,2,7,1.0,1.0,0,"Quảng cáo hội chợ, lô tô bằng loa phóng thanh gắn vào xe ô tô ở vùng quê có được không?"
41904,fold_2,1,1,12,1.0,1.0,0,Những đối tượng nào không được bổ nhiệm vào ngạch Kiểm toán viên cao cấp?
154746,fold_2,1,91,>100,1.0,1.0,0,Việc phát huy giá trị tài liệu cổ được thực hiện như thế nào?
19364,fold_3,1,3,>100,1.0,1.0,0,Đào tạo và tổ chức đào tạo liên thông sẽ có những nội dung gì?
91260,fold_4,1,2,1,1.0,1.0,0,Tập đoàn công nghiệp than khoáng sản Việt Nam có được bảo lãnh cho các công ty con vay vốn hay không?
70806,fold_0,1,1,2,1.0,1.0,0,"Lực lượng cảnh sát đường thủy giải quyết, xử lý tai nạn giao thông hoặc tai nạn khác trên đường thủy như thế nào?"
17454,fold_3,1,1,3,1.0,1.0,0,Chỉ tiêu tuyển công dân tham gia nghĩa vụ quân sự được quy định như thế nào?
157578,fold_2,1,>100,9,1.0,1.0,0,Thừa phát lại đòi hỏi thêm khoản tiền ngoài chi phí đã thoả thuận trong hợp đồng dịch vụ sẽ bị xử phạt thế nào?
88156,fold_1,1,1,>100,1.0,1.0,0,Năm sinh trong Giấy khai sinh không giống với tất cả các giấy tờ hiện có thì có được sửa thông tin trong giấy khai sinh?
33160,fold_3,1,18,10,1.0,1.0,0,Trường hợp nào phải báo cáo đột xuất về thuốc hướng thần lên Bộ Y tế?
83666,fold_0,1,5,4,1.0,1.0,0,"Mẫu Tờ khai thuế đối với hộ kinh doanh, cá nhân kinh doanh được quy định như thế nào?"
115494,fold_1,1,>100,8,1.0,1.0,0,Mức đóng bảo hiểm y tế dành cho người lao động khi được người sử dụng lao động đóng bảo hiểm là bao nhiêu?
105620,fold_2,1,3,6,1.0,1.0,0,Hướng dẫn soạn thảo đối với mục hành vi bị cấm với hồ sơ mời thầu xây lắp áp dụng phương thức một giai đoạn một túi hồ sơ?
74734,fold_4,1,1,1,1.0,1.0,0,"Bộ Xây dựng có được ban hành văn bản QPPL theo trình tự, thủ tục rút gọn khi cần ngưng hiệu lực một phần của văn bản QPPL không?"
85686,fold_0,1,1,1,1.0,1.0,0,Lãnh đạo cao nhất của tổ chức chứng nhận năng lực cá nhân có trách nhiệm thế nào trong việc chứng nhận?
37704,fold_3,1,6,1,1.0,1.0,0,Viên chức thông tin an ninh hàng hải hạng 1 thực hiện những nhiệm vụ gì?
157050,fold_3,1,1,1,1.0,1.0,0,Hồ sơ giám định tư pháp trong lĩnh vực nông nghiệp và phát triển nông thôn bao gồm những gì?
98788,fold_1,1,5,21,1.0,1.0,0,Biên bản kiểm tra quản lý thị trường sẽ có những nội dung nào?
111188,fold_3,1,>100,>100,0.0,0.0,0,Mức phí cho việc thực hiện thủ tục thay đổi họ là bao nhiêu?
155092,fold_0,1,1,>100,1.0,1.0,0,Ban Quản lý Chương trình cấp quốc gia về xúc tiến thương mại có các nhiệm vụ thế nào?
23172,fold_1,1,1,23,1.0,1.0,0,Ai là người tiến hành thủ tục phá sản?
7584,fold_0,1,14,28,1.0,1.0,0,Thuyền viên được quy định như thế nào?
22732,fold_0,1,1,3,1.0,1.0,0,Bao lâu sẽ nhận được kết quả thực hiện đăng ký quyền ưu tiên thanh toán tiền giữ gìn tàu bay?
134024,fold_2,1,1,16,1.0,1.0,0,Những hành vi nào bị nghiêm cấm để bảo vệ tài nguyên nước?
14182,fold_2,1,2,8,1.0,1.0,0,Xây dựng hệ thống thông tin về nhà ở và bất động sản nhằm mục đích gì?
120210,fold_0,1,1,1,1.0,1.0,0,Trung tâm Thông tin xử lý như thế nào đối với thiết bị công nghệ thông tin tại Phòng máy chủ của Ủy ban Dân tộc bị hỏng còn bảo hành?
22952,fold_0,1,19,84,1.0,1.0,0,Để trở thành Chủ tịch nước thì ứng viên phải đảm bảo những tiêu chuẩn nào?
150526,fold_4,1,9,3,1.0,1.0,0,Hạn mức rủi ro của ngân hàng thương mại do ai ban hành theo quy định pháp luật?
112088,fold_3,1,>100,4,1.0,1.0,0,Điều khiển xe gắn máy 50 phân khối có cần giấy phép lái xe hay không?
62370,fold_1,1,1,5,1.0,1.0,0,Tăng tuổi nghỉ hưu năm 2023 của người lao động như thế nào?
6938,fold_3,1,1,8,1.0,1.0,0,Khi ban hành chế độ báo cáo của cơ quan hành chính nhà nước thì các số liệu yêu cầu báo cáo phải như thế nào?
45016,fold_1,1,1,1,1.0,1.0,0,Giám đốc Quỹ hỗ trợ phát triển du lịch do ai có quyền bổ nhiệm? Nhiệm kỳ của Giám đốc Quỹ bao nhiêu năm?
106666,fold_4,1,1,1,1.0,1.0,0,"Xây dựng chiến lược đàm phán, ký kết Hiệp định tránh đánh thuế hai lần trong giai đoạn 2021-2030"
129844,fold_1,1,1,6,1.0,1.0,0,Pháp luật quy định cơ sở đào tạo chương trình thạc sĩ xây dựng và thực hiện quy chế tuyển sinh như thế nào?
118820,fold_4,2,>100,>100,0.0,0.0,0,"Điều kiện, tiêu chuẩn chung về văn bằng công chức Văn phòng Quốc hội năm 2023 là gì?"
117946,fold_1,1,5,5,1.0,1.0,0,Đo lường đối với phép đo nhóm 1 cần đáp ứng những yêu cầu nào?
63492,fold_4,1,5,3,1.0,1.0,0,Người nước ngoài đang tạm trú ở Việt Nam thì phải khai báo tạm trú với cơ quan nào?
26922,fold_0,1,6,3,1.0,1.0,0,"Quyền đơn phương chấm dứt, tạm hoãn hợp đồng lao động của người lao động mang thai được quy định như thế nào?"
101970,fold_3,2,19,1,1.0,1.0,0,Đối tượng nào thuộc diện tham gia BHXH bắt buộc?
38582,fold_4,1,1,73,1.0,1.0,0,Ban Quản lý các dự án khí tượng thủy văn có cơ cấu tổ chức như thế nào?
23178,fold_1,1,3,2,1.0,1.0,0,"Để được xét tặng danh hiệu Anh hùng lao động, tập thể ngành Thuế phải đạt được những tiêu chuẩn nào?"
11962,fold_4,2,2,1,1.0,1.0,0,Thủ tục cấp lại giấy phép hoạt động cai nghiện ma túy tự nguyện cấp tỉnh thực hiện như thế nào?
39694,fold_2,1,2,17,1.0,1.0,0,Cá nhân kinh doanh dịch vụ môi giới bất động sản có những nghĩa vụ gì theo quy định hiện nay?
161578,fold_0,1,1,>100,1.0,1.0,0,Tiêu chuẩn đối với khẩu trang chữa cháy của lực lượng phòng cháy và chữa cháy như thế nào?
6288,fold_0,1,1,25,1.0,1.0,0,Hồ sơ xin chấp thuận chủ trương đầu tư gồm những giấy tờ gì?
11534,fold_1,1,23,3,1.0,1.0,0,Dùng giấy khai sinh để khám chữa bệnh cho trẻ mới sinh thay thế thẻ bảo hiểm y tế được không?
78362,fold_4,1,14,>100,1.0,1.0,0,Thủ tục công nhận tổ trưởng tổ hòa giải cơ sở như thế nào?
30482,fold_4,1,>100,18,1.0,1.0,0,"Phân bổ và giao dự toán đối với dự toán thu, chi từ nguồn thu phí được để lại chi như thế nào?"
43956,fold_3,1,18,43,1.0,1.0,0,Điều kiện dự thi tốt nghiệp trung học phổ thông năm 2023 là gì?
26558,fold_1,1,3,22,1.0,1.0,0,Hồ sơ hưởng chế độ ốm đau khi bị Covid-19 gồm những gì?
80650,fold_4,1,1,11,1.0,1.0,0,"Chương trình bồi dưỡng đối với lãnh đạo, quản lý cấp phòng và tương đương?"
133130,fold_4,1,31,94,1.0,1.0,0,Khu vực nguy hiểm trên không là gì?
44280,fold_3,1,2,38,1.0,1.0,0,Có được tuyển chọn thực hiện nghĩa vụ tham gia Công an nhân dân đối với người chưa có bằng tốt nghiệp THPT không?
71008,fold_0,1,1,64,1.0,1.0,0,Tổ chức thẩm định dự án quan trọng quốc gia là trách nhiệm của ai?
122248,fold_2,1,14,1,1.0,1.0,0,Dự phòng nợ phải thu khó đòi là gì?
43526,fold_3,3,>100,11,0.6666666666666666,0.6666666666666666,0,Đối tượng áp dụng Mẫu bảng chấm công làm thêm giờ theo Thông tư 133 và Thông tư 200 khác gì nhau?
39348,fold_1,1,32,10,1.0,1.0,0,"Thực hiện Chương trình phát triển thị trường, xây dựng, quảng bá thương hiệu sản phẩm, hàng hóa địa phương thế nào?"
82120,fold_3,1,1,29,1.0,1.0,0,Có những phương pháp nào để xây dựng định mức kinh tế kỹ thuật dịch vụ công sử dụng ngân sách nhà nước do Bộ Giao thông vận tải quản lý?
88932,fold_3,1,8,1,1.0,1.0,0,Điểm đầu điểm cuối của tuyến xe buýt được quy định như thế nào?
94262,fold_3,2,1,1,0.5,0.5,0,Trường hợp bị giãn tĩnh mạch thừng tinh thì có phải đi nghĩa vụ quân sự không?
69184,fold_0,1,2,1,1.0,1.0,0,Yêu cầu khi thi công xây dựng công trình dự án điện gió trong Quy hoạch phát triển điện lực?
6002,fold_0,1,>100,2,1.0,1.0,0,Công ty đại chúng chào bán trái phiếu ra công chúng thì bản cáo bạch nộp kèm hồ sơ đăng ký phải có chữ ký của những ai?
59706,fold_4,1,>100,5,1.0,1.0,0,Thẩm quyền phê duyệt thiết kế bản vẽ thi công và tổng dự toán được pháp luật quy định như thế nào?
142758,fold_4,1,3,10,1.0,1.0,0,Hoạt động khai thác khoáng sản có thể được tạm ngừng hoạt động trong trường hợp nào?
42134,fold_3,1,1,10,1.0,1.0,0,"Thời hạn giảm mức đóng quỹ tai nạn lao động, bệnh nghề nghiệp được quy định như thế nào?"
115350,fold_4,1,16,1,1.0,1.0,0,Trại viên cơ sở giáo dục bắt buộc được thăm gặp thân nhân mỗi tháng mấy lần?
167346,fold_4,1,3,23,1.0,1.0,0,Thời hạn nộp phí bảo hiểm tiền gửi là bao lâu?
82790,fold_1,1,1,1,1.0,1.0,0,Mật mã đối xứng và thuật toán mật mã đối xứng? Mật mã phi đối xứng và thuật toán mật mã phi đối xứng?
132758,fold_4,1,1,91,1.0,1.0,0,Đơn đề nghị cấp Giấy phép đủ điều kiện kinh doanh dịch vụ karaoke được quy định như thế nào?
98342,fold_4,1,2,1,1.0,1.0,0,Khi đặt cược thắng thì thời hạn để người chơi lĩnh thưởng là bao nhiêu ngày?
90130,fold_3,1,1,1,1.0,1.0,0,Khu vực chế biến tại cơ sở chế biến cà phê hòa tan cần phải đáp ứng những điều kiện nào?
100298,fold_3,1,22,7,1.0,1.0,0,"Giá bán xăng dầu sau khi thực hiện quỹ bình ổn giá xăng, dầu như thế nào?"
67838,fold_2,1,2,1,1.0,1.0,0,Những đối tượng cán bộ công chức nào phải học chương trình đào tạo cấp chứng chỉ tiếng dân tộc thiểu số?
147838,fold_4,1,6,2,1.0,1.0,0,Bộ Công Thương căn cứ vào nội dung nào để xem xét chấp thuận cấp Giấy phép kinh doanh hàng hóa đối với doanh nghiệp có vốn đầu tư nước ngoài?
118852,fold_2,1,2,11,1.0,1.0,0,"Tiêu chí về tỉnh, thành phố trực thuộc trung ương hoàn thành nhiệm vụ xây dựng Nông thôn mới giai đoạn 2021- 2025 là gì?"
145018,fold_1,1,4,10,1.0,1.0,0,"Trình tự, thủ tục giải thể Công ty trách nhiệm hữu hạn hai thành viên theo quyết định Tòa án được thực hiện như thế nào?"
26310,fold_4,1,1,26,1.0,1.0,0,Phó Chủ tịch Ủy ban Nhân dân có nhất thiết phải là Đại biểu Hội đồng nhân dân không?
117082,fold_3,1,41,1,1.0,1.0,0,Chất lượng của ổi quả tươi cần đáp ứng những yêu cầu tối thiểu nào?
7572,fold_4,1,6,14,1.0,1.0,0,Nhà nước thu hồi đất được pháp luật quy định như thế nào?
88206,fold_1,1,27,2,1.0,1.0,0,Hồ sơ đề nghị cấp lại giấy chứng nhận đăng kiểm viên xe cơ giới cần những giấy tờ gì?
61126,fold_2,1,89,>100,1.0,1.0,0,Khi công ty không thực hiện đúng quy định về thời hạn thanh toán các khoản về quyền lợi của người lao động khi chấm dứt hợp đồng lao động thì sẽ bị xử phạt như thế nào?
100152,fold_0,1,13,>100,1.0,1.0,0,Trình tự lập báo cáo tình hình tài chính nhà nước được thực hiện như thế nào?
152082,fold_2,1,1,12,1.0,1.0,0,Hội viên chính thức của Hiệp hội Quỹ Tín dụng Nhân dân Việt Nam là ai?
112540,fold_4,1,43,2,1.0,1.0,0,Trong thời gian chờ cấp lại thẻ bảo hiểm y tế thì có được sử dụng thẻ bảo hiểm y tế bản chụp để khám bảo hiểm y tế không?
124226,fold_4,1,6,3,1.0,1.0,0,"Ngày 19/5/2023, kỷ niệm 133 năm ngày sinh Chủ tịch Hồ Chí Minh được cơ quan nhà nước tổ chức như thế nào?"
34036,fold_1,1,13,85,1.0,1.0,0,Giám định bảo hiểm y tế là gì?
41734,fold_3,1,1,8,1.0,1.0,0,Vốn hoạt động của Công ty Xổ số điện toán Việt Nam gồm những nguồn nào?
147446,fold_0,1,28,14,1.0,1.0,0,"Nội dung đánh giá chất lượng bồi dưỡng cán bộ, công chức, viên chức gồm những gì?"
166942,fold_3,1,1,1,1.0,1.0,0,Điều kiện của doanh nghiệp kinh doanh khai thác cảng biển
156654,fold_4,1,3,92,1.0,1.0,0,Mức hưởng bảo hiểm xã hội một lần được quy định như thế nào?
118376,fold_0,1,5,37,1.0,1.0,0,Người học kỹ thuật chế biến món ăn trình độ trung cấp sau khi tốt nghiệp phải có những kỹ năng nào?
58118,fold_1,1,1,34,1.0,1.0,0,Đơn đề nghị cấp lại giấy chứng sinh trong trường hợp tên người mẹ bị nhầm lẫn được quy định như thế nào?
15056,fold_2,1,68,>100,1.0,1.0,0,Ai được chuyển đổi chứng chỉ hành nghề xây dựng?
74848,fold_4,2,1,>100,1.0,1.0,0,Việc giải thể các tổ chức khoa học và công nghệ công lập phải đáp ứng nguyên tắc gì?
25910,fold_0,1,6,2,1.0,1.0,0,Mục đích của việc xác định chết não là gì?
77844,fold_3,1,29,1,1.0,1.0,0,Kiểm tra viên cao cấp hải quan mặc trang phục xuân hè thì sử dụng vạch cấp hiệu màu nào theo quy định?
143700,fold_2,1,>100,16,1.0,1.0,0,Hành vi kinh doanh dược liệu không giấy phép bị xử lý như thế nào?
67888,fold_3,2,1,3,1.0,1.0,0,Thời hạn của giấy phép tư vấn chuyên ngành điện lực trong lĩnh vực hoạt động điện lực là bao lâu?
90034,fold_1,1,8,7,1.0,1.0,0,Đơn vị thi công công trình giao thông đường bộ có bắt buộc phải bố trí biển báo hiệu cọc tiêu rào chắn và đèn cảnh báo hay không?
54576,fold_2,1,2,3,1.0,1.0,0,Chia tài sản chung trong thời kỳ hôn nhân được quy định như thế nào?
38060,fold_1,1,1,>100,1.0,1.0,0,Tài liệu về hệ thống kiểm soát nội bộ dùng để lập báo cáo được lưu trữ như thế nào?
50908,fold_0,1,>100,>100,0.0,0.0,0,Muốn khai thác đồi đất đỏ thì cần chuẩn bị hồ sơ gì để xin giấy phép?
136940,fold_0,1,1,1,1.0,1.0,0,Ngành dầu khí sẽ được tái cơ cấu như thế nào theo đề án tái cơ cấu ngành Công Thương?
72586,fold_1,1,1,13,1.0,1.0,0,"Hệ thống sổ sách theo dõi hoạt động giáo dục trong Trung tâm giáo dục nghề nghiệp, giáo dục thường xuyên đối với các tổ chuyên môn, nghiệp vụ được quy định như thế nào?"
36968,fold_4,1,1,6,1.0,1.0,0,Giám đốc Công an tỉnh có quyền xử phạt giáo viên tại Trung tâm giáo dục nghề nghiệp sửa chữa nội dung bài thi trái quy định không?
38622,fold_2,1,>100,16,1.0,1.0,0,Thủ tục kháng cáo
135080,fold_0,1,1,51,1.0,1.0,0,Thời hiệu xử lý kỷ luật Đảng được quy định như thế nào?
94980,fold_4,1,7,1,1.0,1.0,0,Chuẩn bị hồ sơ dự thi tuyển sinh lớp 10 THPT tại Hà Nội năm học 2022-2023
106704,fold_0,1,1,1,1.0,1.0,0,"Thay đổi phương thức đóng, mức thu nhập tháng đóng bảo hiểm xã hội tự nguyện?"
110722,fold_4,1,6,2,1.0,1.0,0,Áp suất làm việc lớn nhất của bình chứa khí chữa cháy là bao nhiêu?
104378,fold_4,1,56,1,1.0,1.0,0,Hội đồng thành viên SCIC có thẩm quyền quyết định về hình thức con dấu của doanh nghiệp hay không?
50548,fold_4,1,3,4,1.0,1.0,0,Doanh nghiệp nào được áp dụng ưu đãi thuế thu nhập doanh nghiệp?
115148,fold_2,1,1,16,1.0,1.0,0,"Chế độ dành cho người được chăm sóc, nuôi dưỡng tại cơ sở trợ giúp xã hội như thế nào?"
146206,fold_2,1,2,3,1.0,1.0,0,Hộ kinh doanh cá thể có thể tham gia đấu thầu và được giao thực hiện gói thầu mua sắm hàng hóa với tư cách cá nhân hay không?
3466,fold_3,1,2,1,1.0,1.0,0,Trách nhiệm phòng chống khủng bố tại địa phương thuộc về cơ quan nào?
82822,fold_1,1,7,>100,1.0,1.0,0,Nhà ở công vụ trong Công an nhân dân là gì?
163872,fold_3,1,15,10,1.0,1.0,0,Biên bản điều tra tai nạn lao động phải được công bố công khai tại đâu?
23352,fold_4,1,1,>100,1.0,1.0,0,Nghĩa vụ quân sự là gì?
90110,fold_2,1,2,2,1.0,1.0,0,Cảnh sát giao thông khi tuần tra được quyền kiểm soát các điều kiện tham gia giao thông nào của phương tiện giao thông?
158320,fold_1,1,79,1,1.0,1.0,0,Mẫu báo cáo tình hình quản lý sử dụng nhà ở thuộc sở hữu nhà nước năm 2023 là mẫu nào?
80160,fold_4,1,2,1,1.0,1.0,0,Xử lý số dư kinh phí chi thực hiện chính sách ưu đãi người có công với cách mạng và người trực tiếp tham gia kháng chiến năm 2023?
159444,fold_3,1,>100,>100,0.0,0.0,0,Lệ phí cấp đổi giấy phép kinh doanh dịch vụ lữ hành quốc tế là bao nhiêu?
153966,fold_3,1,15,64,1.0,1.0,0,Các diện tích đất được sử dụng để bảo vệ và phát triển rừng có được xem là rừng không?
162080,fold_2,1,86,1,1.0,1.0,0,Quy trình thực hiện nạo vét hạch cổ có các bước như thế nào?
31210,fold_4,1,1,>100,1.0,1.0,0,Vụ trưởng Vụ Công chức Viên chức do ai có thẩm quyền bổ nhiệm?
12950,fold_2,2,3,1,1.0,1.0,0,Học sinh trường giáo dưỡng sẽ bị xử lý kỷ luật bằng những hình thức nào khi vi phạm nội quy?
33078,fold_3,1,4,2,1.0,1.0,0,Xây dựng nhà ở riêng lẻ không có giấy phép xây dựng theo quy định có thể bị xử phạt như thế nào?
48632,fold_1,1,4,>100,1.0,1.0,0,Trách nhiệm tổ chức thực hiện chế độ ưu đãi đối với người có công với cách mạng ra sao?
116172,fold_4,1,10,7,1.0,1.0,0,Giáo viên có được phép dạy thêm ở trung tâm bên ngoài cho học sinh mình đang trực tiếp dạy trong trường không?
142350,fold_0,1,1,6,1.0,1.0,0,"Hồ sơ đề nghị cấp lại Giấy phép kinh doanh vận tải bằng xe ô tô trường hợp bị mất, bị hỏng gồm những gì?"
157074,fold_2,1,>100,2,1.0,1.0,0,Thời gian tối đa được giải quyết khi đi khám thai theo quy định pháp luật
140652,fold_2,1,1,2,1.0,1.0,0,"Chính sách đầu tư phát triển mạng lưới trường, lớp giáo dục mầm non được pháp luật quy định ra sao?"
95426,fold_1,1,16,1,1.0,1.0,0,Người đại diện theo pháp luật của VAMC có bắt buộc phải cư trú tại Việt Nam hay không?
160446,fold_0,1,3,8,1.0,1.0,0,Ai có thẩm quyền quy định nội quy tiếp công dân tại Trụ sở tiếp công dân ở trung ương?
113138,fold_4,1,1,>100,1.0,1.0,0,Cấp lại sổ bảo hiểm xã hội có ảnh hưởng đến quyền lợi không?
136974,fold_0,2,1,>100,1.0,1.0,0,Hoạt động thanh tra được thực hiện theo mục đích và nguyên tắc nào?
107364,fold_2,1,1,1,1.0,1.0,0,Nguyên tắc cấp phát máu và chế phẩm máu được quy định như thế nào?
24868,fold_3,1,1,1,1.0,1.0,0,Đơn vị bao thanh toán có quyền áp dụng các biện pháp thu hồi nợ trong trường hợp nào?
32568,fold_4,1,1,2,1.0,1.0,0,Tổng giám đốc được quyết định các dự án đầu tư ra ngoài Công ty mẹ Tập đoàn Công nghiệp - Viễn thông Quân đội trong phạm vi nào?
33242,fold_4,1,6,4,1.0,1.0,0,Đóng bảo hiểm xã hội không liên tục có được hưởng chế độ thai sản không?
100796,fold_3,1,4,49,1.0,1.0,0,Quy trình xem xét tiếp nhận vào viên chức ra sao?
42110,fold_0,1,1,1,1.0,1.0,0,Doanh nghiệp bảo hiểm có trách nhiệm gì trong công tác phòng chống gian lận bảo hiểm trong bảo hiểm nông nghiệp?
129554,fold_0,1,6,1,1.0,1.0,0,Để được miễn thi tiếng Anh trong kỳ thi tốt nghiệp THPT năm 2023 thì thí sinh phải có chứng chỉ TOEIC bao nhiêu điểm?
52342,fold_4,1,3,5,1.0,1.0,0,Khi nào được tạm ứng hợp đồng xây dựng?
34982,fold_0,1,1,1,1.0,1.0,0,"Bộ Chỉ huy Quân sự cấp tỉnh có những trách nhiệm gì liên quan tới cơ sở sửa chữa, bảo dưỡng các trang thiết bị của phương tiện bay siêu nhẹ?"
79168,fold_2,1,15,3,1.0,1.0,0,"Việc phối hợp hoạt động quản lý nhà nước tại cảng hàng không, sân bay được thực hiện như thế nào?"
131184,fold_2,1,1,21,1.0,1.0,0,Ký kết thỏa thuận quốc tế là gì?
10176,fold_3,1,5,2,1.0,1.0,0,Có thể sử dụng những loại thuốc thử và vật liệu thử nào để chẩn đoán bệnh giả dại ở lợn?
143024,fold_0,1,4,24,1.0,1.0,0,"Trách nhiệm của các cơ quan, tổ chức, cá nhân trong triển khai tổ chức phong trào thi đua"
134012,fold_0,1,>100,>100,0.0,0.0,0,Phạt nguội là gì?
54234,fold_4,1,>100,3,1.0,1.0,0,Trường hợp nào thì tuyên bố đã chết?
37156,fold_3,1,2,>100,1.0,1.0,0,Hội Xuất bản Việt Nam có cơ cấu tổ chức như thế nào?
166156,fold_0,1,9,44,1.0,1.0,0,Thời hạn cấp Giấy chứng nhận đăng ký doanh nghiệp là bao lâu?
62570,fold_1,1,4,3,1.0,1.0,0,Sinh viên học tập theo tín chỉ bị cảnh báo học tập trong trường hợp nào?
67050,fold_0,2,3,1,1.0,1.0,0,Người tiếp công dân trong ngành Kiểm sát nhân dân phải làm các thủ tục tiếp nhận khiếu nại và các chứng cứ kèm theo do người khiếu nại cung cấp khi nào?
163976,fold_1,1,14,2,1.0,1.0,0,Phẫu thuật gãy liên lồi cầu xương cánh tay chỉ định và chống chỉ định đối với người bệnh khi nào?
8328,fold_1,1,37,7,1.0,1.0,0,Tài liệu kế toán nào lưu trữ trên phương tiện điện tử?
16368,fold_4,1,1,47,1.0,1.0,0,"Hội đồng tư vấn lấy, ghép bộ phận cơ thể không tái sinh ở người sống có số lượng thành viên tối thiểu là bao nhiêu?"
19100,fold_1,1,>100,>100,0.0,0.0,0,Chỉ tiêu tuyển dụng công chức Tổng cục Hải quan năm 2022 được quy định như thế nào?
50538,fold_0,1,1,87,1.0,1.0,0,Ai có quyền quy định nhiệm vụ và quyền hạn của Phòng Quản trị của Văn phòng Kiểm toán nhà nước?
104516,fold_2,1,2,30,1.0,1.0,0,Cơ quan được giao thực hiện chức năng thanh tra chuyên ngành là gì?
82578,fold_1,1,2,18,1.0,1.0,0,Hợp đồng thuê tổ chức có chức năng tư vấn xác định giá đất cụ thể có nội dung như thế nào?
69582,fold_1,1,3,>100,1.0,1.0,0,Hợp đồng lao động được quy định như thế nào?
63302,fold_3,1,2,8,1.0,1.0,0,Chính sách đối với đội viên thanh niên xung phong sau khi hoàn thành nhiệm vụ quy định những gì?
19826,fold_2,2,1,>100,1.0,1.0,0,Người có hành vi xúc phạm tôn giáo thì sẽ bị xử phạt như thế nào theo quy định pháp luật?
88634,fold_3,1,>100,5,1.0,1.0,0,Chứng chỉ hành nghề dược được quản lý như thế nào?
92150,fold_3,1,2,1,1.0,1.0,0,Thử nghiệm nhiệt độ làm việc bộ phận cảm biến nhiệt bình chứa khí chữa cháy như thế nào?
18216,fold_2,1,37,68,1.0,1.0,0,Việc tổ chức triển lãm quốc tế ở nước ngoài gồm những nội dung nào?
117476,fold_3,1,3,1,1.0,1.0,0,Quy trình vệ sinh buồng phẫu thuật giữa hai ca phẫu thuật thực hiện các bước ra sao?
158270,fold_0,1,1,1,1.0,1.0,0,Mẫu đề nghị tạm thời đưa học sinh trường giáo dưỡng ra khỏi trường theo yêu cầu của cơ quan tiến hành tố tụng hình sự là mẫu nào?
74664,fold_0,1,1,39,1.0,1.0,0,Chương trình đào tạo liên tục dành cho cán bộ y tế phải đáp ứng những yêu cầu gì?
146752,fold_1,1,1,3,1.0,1.0,0,Người đang có quốc tịch nước ngoài được trở lại quốc tịch Việt Nam có bắt buộc phải thôi quốc tịch nước ngoài hay không?
107570,fold_4,1,1,1,1.0,1.0,0,Thành lập Hội đồng quản lý đơn vị sự nghiệp công lập thuộc Bộ Xây dựng theo thủ tục như nào?
143614,fold_1,1,1,>100,1.0,1.0,0,Thủ tục chuyển tuyến được pháp luật quy định như thế nào?
138602,fold_2,1,1,3,1.0,1.0,0,Chỉ định sử dụng phương tiện phòng hộ cá nhân tối thiểu theo nguy cơ lây nhiễm SARS-CoV-2 hiện nay?
12014,fold_1,1,15,3,1.0,1.0,0,Nghĩa vụ của người quản lý di sản thừa kế như thế nào?
92046,fold_0,1,2,3,1.0,1.0,0,Vợ chồng có nghĩa vụ như thế nào trong tài sản chung của vợ chồng?
92400,fold_0,1,1,2,1.0,1.0,0,Người dự thi lấy chứng chỉ hành nghề dịch vụ làm thủ tục về thuế được miễn thi môn kế toán trong trường hợp nào?
13066,fold_4,1,6,1,1.0,1.0,0,Có được sử dụng kết quả đánh giá công chức của Kiểm toán nhà nước làm cơ sở trong đánh giá xếp loại đảng viên không?
136038,fold_1,2,3,>100,1.0,1.0,0,Hợp đồng lao động được giao kết qua email thì có giá trị pháp lý không?
87080,fold_2,1,1,1,1.0,1.0,0,Phương án trục vớt tài sản chìm đắm gồm các nội dung gì?
32304,fold_2,1,2,32,1.0,1.0,0,Thời hạn giám định tư pháp lĩnh vực tài chính là bao nhiêu?
11240,fold_3,1,2,34,1.0,1.0,0,Người phát ngôn và cung cấp thông tin cho báo chí của Ủy ban Dân tộc phải đáp ứng những tiêu chuẩn gì?
89162,fold_4,1,2,4,1.0,1.0,0,"Trường hợp nào sử dụng đất quốc phòng, an ninh kết hợp với hoạt động lao động sản xuất, xây dựng kinh tế phải nộp tiền sử dụng đất và trường hợp nào không phải nộp?"
35776,fold_1,1,1,11,1.0,1.0,0,Ai là người thực hiện trợ giúp pháp lý khi tham gia tố tụng?
70822,fold_3,1,43,15,1.0,1.0,0,Trách nhiệm khi vận tải hành khách được pháp luật quy định ra sao?
73724,fold_4,1,1,34,1.0,1.0,0,Người hành nghề khám chữa bệnh là ai? Người hành nghề khám chữa bệnh bị đình chỉ trong những trường hợp nào?
149784,fold_2,1,3,8,1.0,1.0,0,Hộ gia đình kinh doanh bất động sản dưới hình thức cho thuê nhà được không?
42878,fold_0,1,3,5,1.0,1.0,0,Điều kiện cần đảm bảo của hệ thống thông tin quan trọng về an ninh quốc gia?
65516,fold_1,1,2,>100,1.0,1.0,0,"Để thực hiện dân chủ về chính trị, cơ quan chính trị hướng dẫn Hội đồng quân nhân như thế nào?"
32878,fold_0,1,1,2,1.0,1.0,0,Kinh phí thực hiện chi trả chế độ phụ cấp ưu đãi nghề nghiệp đối với diễn viên tuồng chèo do ai bảo đảm?
34502,fold_3,1,19,20,1.0,1.0,0,Có bắt buộc người làm công tác an toàn vệ sinh lao động chuyên trách phải là có trình độ đại học không?
99344,fold_4,1,1,7,1.0,1.0,0,Chánh Thanh tra Cục Hàng không Việt Nam do ai bổ nhiệm?
134914,fold_3,1,1,3,1.0,1.0,0,Ai có thẩm quyền yêu cầu cấp bản sao bằng tốt nghiệp trung cấp từ sổ gốc?
69538,fold_4,1,1,15,1.0,1.0,0,Những đối tượng nào được tham gia làm hội viên của Hội Đá quý Việt Nam?
52078,fold_4,1,30,1,1.0,1.0,0,Thành viên giao dịch đặc biệt bị đình chỉ hoạt động trong trường hợp nào?
1186,fold_0,1,43,1,1.0,1.0,0,Phẫu thuật điều trị viêm bao hoạt dịch của gân gấp bàn ngón tay sẽ chống chỉ định trong trường hợp nào?
149998,fold_3,1,1,>100,1.0,1.0,0,Việc triển khai áp dụng bảng giá đất tại tỉnh Bình Dương được quy định ra sao?
80138,fold_4,1,11,1,1.0,1.0,0,"Điều kiện để mở chuyên trang của báo điện tử, tạp chí điện tử đối với cơ quan chủ quan báo chí là gì?"
84986,fold_4,1,1,1,1.0,1.0,0,Việc điều trị hỗ trợ cho bệnh nhân nhiễm cúm A H1N1 được quy định ra sao?
73956,fold_4,2,20,3,1.0,1.0,0,Viên chức khi sinh con mà chưa đăng ký kết hôn có bị xử lý kỷ luật không?
49440,fold_2,1,1,>100,1.0,1.0,0,Số lợi bất hợp pháp thu giữ được từ hành vi vi phạm hành chính là giấy tờ có giá thì tiến hành xác định giá trị như thế nào?
166522,fold_2,1,7,1,1.0,1.0,0,Thẻ bảo hiểm y tế được pháp luật quy định như thế nào?
130542,fold_4,1,33,17,1.0,1.0,0,Hạn mức chỉ định đối với gói thầu xây dựng là bao nhiêu?
86966,fold_4,1,4,5,1.0,1.0,0,Mức hưởng phụ cấp công tác lâu năm ở vùng đặc biệt khó khăn là bao nhiêu?
161886,fold_4,1,1,>100,1.0,1.0,0,Người làm chứng trong vụ án hình sự cần đáp ứng các điều kiện nào?
61760,fold_2,1,6,6,1.0,1.0,0,"Nguồn hình thành Quỹ bảo hiểm tai nạn lao động, bệnh nghề nghiệp gồm những nguồn nào?"
159084,fold_2,1,59,11,1.0,1.0,0,Dự án khu đô thị có nghiệm thu phòng cháy chữa cháy cho hạ tầng kỹ thuật thì có cần nghiệm thu cho khu thấp tầng và khu cao tầng nữa hay không?
101562,fold_1,1,1,1,1.0,1.0,0,Thời gian để đăng tải danh sách tổ chức giám định tư pháp theo vụ việc trong lĩnh vực giao thông vận tải là bao lâu?
95516,fold_1,1,3,9,1.0,1.0,0,Thời giờ làm việc của người lao động chưa thành niên được quy định như thế nào?
10978,fold_4,1,1,2,1.0,1.0,0,"Thẩm quyền ký kết hợp đồng lao động thực hiện công việc chuyên môn, nghiệp vụ?"
54638,fold_1,1,8,>100,1.0,1.0,0,Công tác đánh giá công chức cấp trung ương được đánh giá dựa trên những nội dung gì?
4542,fold_4,1,>100,>100,0.0,0.0,0,Khi xuất bản phụ trương thì cần đáp ứng những điều kiện gì?
24634,fold_1,1,3,4,1.0,1.0,0,Người học ngành chăm sóc sắc đẹp trình độ cao đẳng sau khi tốt nghiệp phải đạt được những kỹ năng nào?
63058,fold_0,1,1,4,1.0,1.0,0,Cơ quan nào có thẩm quyền xác lập quyền sở hữu toàn dân đối với bất động sản vô chủ?
137042,fold_1,1,1,2,1.0,1.0,0,Trường cao đẳng sư phạm được đặt tên theo nguyên tắc nào?
51092,fold_4,1,7,>100,1.0,1.0,0,"Quy trình giao nộp hồ sơ, tài liệu vào lưu trữ Bộ và khai thác sử dụng tài liệu lưu trữ của Bộ NN&PTNT ra sao?"
76726,fold_0,1,1,1,1.0,1.0,0,Cá nhân nước ngoài có tàu hoạt động thủy sản trong vùng biển Việt Nam phải đáp ứng điều kiện gì?
92448,fold_1,1,1,1,1.0,1.0,0,Vụ Thi đua khen thưởng thuộc Bộ Tư pháp có nhiệm vụ và quyền hạn gì trong việc giải quyết khiếu nại tố cáo về công tác thi đua khen thưởng?
102704,fold_3,1,1,48,1.0,1.0,0,Cơ cấu tổ chức của Ban Quản lý Khu Công nghệ cao Hòa Lạc được quy định như thế nào?
35600,fold_1,1,6,1,1.0,1.0,0,Hoàn trả thiệt hại cho người trực tiếp tham gia phòng chống bạo lực gia đình phải dựa trên nguyên tắc gì?
100288,fold_4,1,4,3,1.0,1.0,0,Nhân viên xe buýt không đeo thẻ tên sẽ bị xử phạt vi phạm hành chính thế nào?
26598,fold_2,2,2,>100,1.0,1.0,0,Phụ cấp độc hại đối với nhân viên thiết bị trong trường học ra sao?
24890,fold_4,1,>100,5,1.0,1.0,0,Hồ sơ đề nghị điều chỉnh Giấy chứng nhận đăng ký lập quỹ đóng do tăng vốn gồm những gì?
7458,fold_1,1,1,50,1.0,1.0,0,Tuổi nghỉ hưu trong điều kiện làm việc bình thường được quy định như thế nào?
158832,fold_0,1,>100,1,1.0,1.0,0,Xử phạt về vi phạm cấp phép nghiên cứu khoa học từ 22/7/2022?
29874,fold_2,1,3,1,1.0,1.0,0,Thành viên Ban coi thi cấp chứng chỉ hành nghề dịch vụ làm thủ tục về thuế được phân công làm giám thị phòng thi có những nhiệm vụ và quyền hạn gì?
112802,fold_3,1,6,10,1.0,1.0,0,Hộ chiếu phổ thông còn hạn thì có đổi hộ chiếu mới được không?
55138,fold_1,1,1,4,1.0,1.0,0,Chủ cơ sở chăn nuôi lợn phải kê khai hoạt động chăn nuôi của mình với ai?
40740,fold_1,1,1,1,1.0,1.0,0,Táo tây quả tươi phải đảm bảo yêu cầu về chất lượng độ chín như thế nào?
47084,fold_4,1,12,9,1.0,1.0,0,"Trường hợp cán bộ, công chức muốn nghỉ hưu thì có cần phải báo trước?"
99624,fold_2,1,14,1,1.0,1.0,0,Kinh doanh mẫu vật các loài thực vật rừng được quy định như thế nào?
22948,fold_3,1,2,1,1.0,1.0,0,"Cách thức thực hiện vay tiền để xây dựng nhà ở phòng, tránh bão, lụt khu vực miền Trung được quy định như thế nào?"
139064,fold_0,1,1,37,1.0,1.0,0,Xác định mục đích sử dụng đất quy định như thế nào?
136178,fold_3,1,3,4,1.0,1.0,0,Cán bộ công đoàn chuyên trách ngoài bị xử lý kỷ luật công đoàn thì có bị xem xét xử lý kỷ luật hành chính chuyên môn không?
34620,fold_2,1,>100,25,1.0,1.0,0,"Thời hạn cấp Giấy xác nhận về việc thay đổi vốn điều lệ, phần vốn góp, tỷ lệ phần vốn góp trong Công ty TNHH hai thành viên?"
75400,fold_2,1,1,>100,1.0,1.0,0,Có những mức đánh giá xếp loại viên chức nào?
82666,fold_0,1,>100,1,1.0,1.0,0,Để trở thành thành viên Hội đồng thành viên của VINATABA cần đáp ứng điều kiện tiêu chuẩn gì?
75312,fold_2,1,2,1,1.0,1.0,0,Đối tượng nào bị áp dụng biện pháp cưỡng chế khấu trừ tiền từ tài khoản trong xử phạt vi phạm hành chính?
51022,fold_4,1,2,23,1.0,1.0,0,Trường hợp thụ tinh trong ống nghiệm do người chồng không có tinh trùng thì bác sĩ phải tư vấn những nội dung gì trước khi thực hiện?
40230,fold_1,1,34,>100,1.0,1.0,0,Dựa vào kết quả đánh giá công chức có thể xếp loại chất lượng công chức cấp huyện như thế nào?
63986,fold_1,1,22,99,1.0,1.0,0,Thẻ bảo hiểm y tế có chứa những thông tin gì?
146870,fold_4,1,>100,>100,0.0,0.0,0,Thành viên hợp danh có quyền và nghĩa vụ gì?
55194,fold_4,1,1,2,1.0,1.0,0,Thương nhân đầu mối kinh doanh xăng dầu gồm những đối tượng nào?
69070,fold_1,1,>100,>100,0.0,0.0,0,Trách nhiệm của cơ quan thực hiện quy chế chi tiêu nội bộ được quy định như thế nào?
145434,fold_4,1,1,1,1.0,1.0,0,Không thụ lý hồ sơ đề nghị giải quyết tranh chấp hợp đồng mua bán điện trong những trường hợp nào?
124176,fold_3,1,94,1,1.0,1.0,0,Trường hợp nào thì công chức tiếp nhận hồ sơ thủ tục hành chính không phải lập Giấy tiếp nhận hồ sơ và hẹn ngày trả kết quả?
95464,fold_3,2,>100,>100,0.0,0.0,0,"Mức lương của Kiểm soát viên chất lượng sản phẩm, hàng hóa hiện nay là bao nhiêu?"
63764,fold_3,1,9,8,1.0,1.0,0,"Quản lý, hướng dẫn, kiểm tra các thuê bao trong quá trình triển khai, quản lý và sử dụng thiết bị lưu khóa bí mật là trách nhiệm của cơ quan nào?"
162308,fold_3,1,8,13,1.0,1.0,0,Tiêu chuẩn trình độ chuyên môn của Đội trưởng thuộc Chi cục Thuế theo quy định mới nhất là gì?
105952,fold_1,1,6,>100,1.0,1.0,0,Cơ quan báo chí không thực hiện chế độ báo cáo định kỳ theo quy định thì bị xử phạt vi phạm hành chính thế nào?
68140,fold_2,1,31,2,1.0,1.0,0,Công ty đại chúng phát hành cổ phiếu để trả cổ tức phải đáp ứng điều kiện gì?
92298,fold_3,1,21,11,1.0,1.0,0,Phải có thời gian giữ ngạch thanh tra viên bao lâu mới đủ điều kiện bổ nhiệm chức danh Phó Chánh Thanh tra Bộ Tài nguyên và Môi trường?
8946,fold_3,1,20,43,1.0,1.0,0,Cơ quan công đoàn phân bổ khoản chi cho hoạt động xã hội như thế nào?
109782,fold_2,1,9,1,1.0,1.0,0,Người học ngành công nghệ sản xuất bột giấy và giấy trình độ trung cấp phải có khả năng học tập nâng cao trình độ như thế nào?
67566,fold_2,1,4,28,1.0,1.0,0,Hệ thống điện mặt trời mái nhà được hiểu như thế nào?
118672,fold_4,1,1,6,1.0,1.0,0,Nhà nước có chính sách gì để khuyến khích phát triển các sản phẩm công nghệ cao?
43820,fold_4,1,1,1,1.0,1.0,0,Được phép cho thuê quyền khai thác tài sản kết cấu hạ tầng thủy lợi đối với tài sản là công trình thủy lợi quan trọng đặc biệt hay không?
21442,fold_3,1,12,13,1.0,1.0,0,"Thứ nhất, quy định về xử phạt lỗi đi ngược chiều đối với xe máy từ năm 2020"
70444,fold_1,1,19,3,1.0,1.0,0,Cơ quan điều tra thực hiện ủy thác điều tra vụ án hình sự có Cơ quan điều tra khác thì cần làm gì?
112492,fold_1,1,30,1,1.0,1.0,0,Không đi khám sức khỏe nghĩa vụ quân sự có bị phạt không?
36608,fold_3,1,16,4,1.0,1.0,0,Chế độ làm việc của Giám đốc Bảo hiểm xã hội thành phố Hà Nội thế nào?
162278,fold_3,1,3,1,1.0,1.0,0,Trước khi ký kết thỏa ước lao động tập thể doanh nghiệp có cần lấy ý kiến của người sử dụng lao động không?
43062,fold_0,1,1,19,1.0,1.0,0,Nhiệm vụ của Ban Nữ công Tổng Liên đoàn lao động Việt Nam là gì?
51766,fold_3,1,27,6,1.0,1.0,0,Mang thai vì mục đích nhân đạo cần đáp ứng những điều kiện gì? Được mang thai hộ tối đa bao nhiêu lần?
102410,fold_2,1,19,1,1.0,1.0,0,Viện kiểm sát nhân dân cấp cao đã kháng nghị giám đốc thẩm đối với bản án hình sự thì có cần phải báo cáo với Viện kiểm sát nhân dân tối cao không?
7602,fold_1,2,1,4,1.0,1.0,0,Chi cho Luật sư trong vụ việc được xác định như thế nào?
72064,fold_4,1,32,29,1.0,1.0,0,Trường đại học muốn được mở phân hiệu trường thì cần đáp ứng các điều kiện gì?
3430,fold_1,1,>100,5,1.0,1.0,0,Ngỗng đi lạc cắn người thì chủ sở hữu phải có trách nhiệm bồi thường thiệt hại thế nào?
8774,fold_4,1,1,31,1.0,1.0,0,Dự án đầu tư nào thuộc thẩm quyền chấp thuận chủ trương đầu tư của Ủy ban nhân dân cấp tỉnh?
83522,fold_4,1,2,1,1.0,1.0,0,"Trách nhiệm sử dụng giấy phép bưu chính của doanh nghiệp, tổ chức cung cấp dịch vụ bưu chính được quy định như thế nào?"
55812,fold_4,1,2,7,1.0,1.0,0,"Quy trình thông báo kết quả xét nghiệm HIV dương tính đối với người đang điều trị tại các cơ sở khám bệnh, chữa bệnh thế nào?"
10826,fold_2,1,2,7,1.0,1.0,0,Trường hợp nào người lao động được bồi thường tai nạn lao động?
141924,fold_3,2,5,82,1.0,1.0,0,"Làm mất tài liệu công nghệ do Nhà nước giao để phục vụ cho động viên công nghiệp, doanh nghiệp công nghiệp bị xử phạt như thế nào?"
74694,fold_1,1,2,38,1.0,1.0,0,Có những biểu mẫu báo cáo nào được triển khai trên Hệ thống thông tin báo cáo Bộ Giao thông vận tải?
77622,fold_4,1,18,5,1.0,1.0,0,Để trở thành thành viên giao dịch đặc biệt của Sở giao dịch chứng khoán Việt Nam thì ngân hàng thương mại phải có vốn điều lệ thế nào?
142244,fold_1,1,23,1,1.0,1.0,0,Trường hợp nào chất hỗ trợ chế biến thực phẩm phải đăng ký bản công bố?
76714,fold_0,1,9,>100,1.0,1.0,0,Trường hợp nào Kiểm sát viên Viện kiểm sát nhân dân tối cao không bắt buộc phải đáp ứng tiêu chuẩn về chức vụ?
7646,fold_3,1,2,17,1.0,1.0,0,Tự ý bóc mở bưu gửi có được phép không?
34222,fold_1,1,7,6,1.0,1.0,0,Tổng mức dư nợ cấp tín dụng của mạng lưới hoạt động quỹ tín dụng nhân dân trên 100 triệu đồng ký kết trước ngày Thông tư 09/2018/TT-NHNN có hiệu lực có cần phải thu hồi hay không?
100158,fold_2,1,4,1,1.0,1.0,0,Phẫu thuật mở ngực nhỏ tạo dính màng phổi xong thì người bệnh sẽ được theo dõi ra sao?
854,fold_2,1,14,>100,1.0,1.0,0,Sau khi điều chuyển công cụ hỗ trợ thì có phải lập biên bản bàn giao hay không?
4448,fold_2,1,1,1,1.0,1.0,0,Khung năng lực của vị trí việc làm công chức nghiệp vụ chuyên ngành công thương gồm các nội dung nào?
148870,fold_1,1,1,10,1.0,1.0,0,Biên bản thanh tra của Kiểm toán nhà nước được lập khi nào?
82702,fold_4,1,1,64,1.0,1.0,0,Thủ tục cấp giấy phép lái xe quốc tế được quy định như thế nào?
20262,fold_0,1,1,4,1.0,1.0,0,Làm thế nào để công chứng di chúc khi người lập di chúc không biết chữ?
3014,fold_1,1,24,8,1.0,1.0,0,Khi xảy ra tai nạn lao động tại nơi làm việc thì bên thuê lại lao động cần có trách nhiệm gì?
29620,fold_3,2,11,4,1.0,1.0,0,Thời gian chốt số liệu báo cáo tình hình quản lý sử dụng nhà ở công vụ là bao nhiêu?
143350,fold_2,1,4,2,1.0,1.0,0,"Hồ sơ, thủ tục tiếp nhận người cai nghiện ma túy đăng ký cai nghiện tự nguyện tại cơ sở"
135670,fold_4,1,1,4,1.0,1.0,0,"Thực hiện phối hợp tuyên truyền, vận động Nhân dân phòng chống tội phạm về ma túy như thế nào?"
66200,fold_2,1,1,27,1.0,1.0,0,Ai có quyền điều chỉnh địa giới đơn vị hành chính?
157044,fold_4,1,3,6,1.0,1.0,0,Đi 04 xe máy dàn hàng ngang thì bị phạt bao nhiêu tiền?
121358,fold_3,1,1,38,1.0,1.0,0,Chi bộ cơ sở trong doanh nghiệp có vốn nước ngoài lãnh đạo thực hiện nhiệm vụ chính trị như thế nào?
133570,fold_0,1,1,48,1.0,1.0,0,Khi thực hiện công bố dữ liệu mở của cơ quan nhà nước thì cần phải đáp ứng những yêu cầu gì?
61406,fold_2,1,1,1,1.0,1.0,0,"Khu vực sơ chế, chế biến vị thuốc cổ truyền theo phương pháp cổ truyền được pháp luật quy định như thế nào?"
54606,fold_3,1,1,1,1.0,1.0,0,Người học ngành kỹ thuật cơ điện mỏ hầm lò trình độ cao đẳng phải có mức độ tự chủ và trách nhiệm như thế nào?
104666,fold_1,1,1,1,1.0,1.0,0,Cá nhân sử dụng giao dịch điện tử trong hoạt động ngân hàng phải đảm bảo những điều kiện nào?
152142,fold_4,1,1,20,1.0,1.0,0,Các nguồn tài chính của trường cao đẳng công lập gồm những nguồn nào?
162082,fold_1,1,14,3,1.0,1.0,0,Cá nhân khi nhận kết quả giải quyết thủ tục hành chính tại Bộ phận Một cửa phải mang theo giấy tờ gì?
145176,fold_0,1,1,1,1.0,1.0,0,"Sửa đổi, bổ sung nội dung kế hoạch tiến hành thanh tra của Đoàn thanh tra chuyên ngành của lực lượng công an nhân dân được thực hiện trong trường hợp nào?"
105816,fold_4,1,1,1,1.0,1.0,0,Ngộ độc Botulinum có thuốc giải không?
167156,fold_0,2,2,6,1.0,1.0,0,Xe ô tô có được xem là xe cơ giới không? Có bắt buộc phải mua bảo hiểm ô tô?
23224,fold_1,1,11,13,1.0,1.0,0,Gói thầu rà phá bom mìn có được chỉ định thầu đối với nhà thầu không?
117108,fold_3,1,1,1,1.0,1.0,0,Trường hợp nào được xét nâng bậc lương trước thời hạn 12 tháng đối với công chức của Bộ Tư pháp?
100306,fold_0,1,1,4,1.0,1.0,0,"Việc bình chọn, công nhận người có uy tín trong đồng bào dân tộc thiểu số được thực hiện bao lâu một lần? Thủ tục công nhận thế nào?"
34358,fold_4,1,3,1,1.0,1.0,0,Người sử dụng vật liệu nổ công nghiệp trái phép mà làm chết 02 người thì phải ngồi tù bao nhiêu năm?
85414,fold_4,1,2,32,1.0,1.0,0,Chủ doanh nghiệp tư nhân bán doanh nghiệp của mình cho người khác thì có phải chịu thuế thu nhập cá nhân không?
45506,fold_3,1,86,2,1.0,1.0,0,Thẩm quyền giải quyết yêu cầu hủy bỏ tuyên bố mất tích?
127920,fold_2,1,18,1,1.0,1.0,0,"Người có quyền yêu cầu Tòa án hạn chế quyền của cha, mẹ đối với con chưa thành niên"
34764,fold_2,1,1,>100,1.0,1.0,0,Trình tự công nhận ngày truyền thống của cơ quan nhà nước cấp tỉnh được pháp luật quy định như thế nào?
138048,fold_1,1,1,3,1.0,1.0,0,Thủ tục cấp chứng chỉ chất lượng an toàn kỹ thuật và bảo vệ môi trường xe cơ giới nhập khẩu?
98886,fold_2,1,>100,1,1.0,1.0,0,"Sau thời hạn đình chỉ hoạt động đào tạo phân hiệu của trường đại học, nếu nguyên nhân dẫn đến việc đình chỉ được khắc phục thì người có thẩm quyền quyết định đình chỉ cần làm gì?"
143632,fold_0,1,>100,16,1.0,1.0,0,Nhà chùa có được tặng mảnh đất cho hộ gia đình khó khăn trong xã không?
21680,fold_1,1,40,11,1.0,1.0,0,Mức xử phạt dành cho hành vi sử dụng trái phép hình ảnh cá nhân?
165854,fold_1,1,9,11,1.0,1.0,0,Ủy ban Thẩm phán Tòa án nhân dân cấp cao gồm có những ai?
18082,fold_2,1,>100,68,1.0,1.0,0,Phạm vi xác định thu nhập chịu thuế của người nộp thuế thu nhập cá nhân
126196,fold_3,1,3,5,1.0,1.0,0,Phạt hành chính về vi phạm quy định đăng ký nghĩa vụ quân sự trước 22/7/2022?
80260,fold_3,1,1,1,1.0,1.0,0,Người đại diện hoặc thành viên Ban quản lý cơ sở tín ngưỡng phải đáp ứng các điều kiện nào?
5638,fold_3,1,3,2,1.0,1.0,0,Biểu tượng hải quan là hình tròn hay hình chữ nhật?
86670,fold_0,1,3,4,1.0,1.0,0,"Phạm nhân là người dưới 18 tuổi được hưởng chế độ ăn, mặc, tư trang như thế nào?"
95062,fold_4,1,3,>100,1.0,1.0,0,Ai được miễn đào tạo nghề công chứng?
29410,fold_3,1,1,1,1.0,1.0,0,Đơn vị cấp nước sạch là tổ chức có đúng không?
32516,fold_4,1,2,5,1.0,1.0,0,Khi nào áp dụng hình thức kỷ luật khiển trách đối với viên chức?
160242,fold_1,1,4,1,1.0,1.0,0,"Trường hợp nào hòa giải viên được hỗ trợ khi gặp tai nạn hoặc rủi ro ảnh hưởng đến sức khỏe, tính mạng trong khi thực hiện hoạt động hòa giải?"
108622,fold_1,1,6,3,1.0,1.0,0,Hội đồng tư vấn tuyển chọn thực hiện nhiệm vụ khoa học cấp Bộ của Bộ Tư pháp gồm có bao nhiêu thành viên?
2320,fold_2,1,18,4,1.0,1.0,0,"Yêu cầu, điều kiện thực hiện thủ tục cấp giấy phép hoạt động tư vấn chuyên ngành điện thuộc thẩm quyền cấp của địa phương ra sao?"
90636,fold_4,1,>100,2,1.0,1.0,0,Mức phạt đối với người điều khiển ô tô quay đầu xe trên đoạn đường cong tầm nhìn bị che khuất theo quy định hiện nay
124546,fold_3,2,37,20,0.5,0.5,0,"Không thu thuế xuất khẩu, thuế nhập khẩu trong trường hợp nào?"
134242,fold_3,1,2,1,1.0,1.0,0,Quy trình xét chọn cá nhân trong ngành y tế được xét tặng Giải thưởng Phạm Ngọc Thạch tại Hội đồng cấp cơ sở được thực hiện ra sao?
163016,fold_0,1,1,2,1.0,1.0,0,Nhiệm vụ của Hội Nhạc sĩ Việt Nam được quy định thế nào?
118564,fold_2,1,>100,5,1.0,1.0,0,"Nguyên tắc lập, quản lý, sử dụng hóa đơn điện tử?"
68744,fold_0,1,5,2,1.0,1.0,0,"Đăng ký biến động đất đai, tài sản gắn liền với đất là gì?"
68004,fold_0,1,3,2,1.0,1.0,0,Bảo đảm an ninh trong cung ứng và sử dụng dịch vụ bưu chính như thế nào?
114086,fold_0,1,>100,>100,0.0,0.0,0,Kinh phí làm Thẻ công chức thanh tra chuyên ngành được lấy từ nguồn nào?
166188,fold_4,1,2,5,1.0,1.0,0,Thủ tục thành lập văn phòng đại diện của liên hiệp hợp tác xã được thực hiện như thế nào?
136546,fold_0,1,1,64,1.0,1.0,0,Cơ sở trợ giúp xã hội có được phối hợp với chính quyền địa phương đưa đối tượng đủ điều kiện ra khỏi cơ sở trở về với gia đình không?
37732,fold_4,1,30,1,1.0,1.0,0,Bán hải sản tươi sống chưa chế biến cho hộ kinh doanh thì xuất hóa đơn thuế giá trị gia tăng như thế nào?
159566,fold_2,1,13,4,1.0,1.0,0,Tổ chức hiệp đồng bay đối với phương tiện bay siêu nhẹ thực hiện như thế nào?
120046,fold_1,1,3,57,1.0,1.0,0,Mất bằng tốt nghiệp THPT có được cấp lại bản chính hay không?
122052,fold_2,1,2,1,1.0,1.0,0,Nguyên tắc phát triển đối tượng tham gia bảo hiểm xã hội theo Nghị quyết 102/NQ-CP 2018?
135772,fold_1,1,2,10,1.0,1.0,0,Mức và thời gian hưởng trợ cấp thất nghiệp tối đa là bao nhiêu?
150802,fold_3,1,1,4,1.0,1.0,0,Đình chỉ hoạt động cơ sở cai nghiện ma túy tự nguyện trong bao lâu?
101126,fold_3,1,5,1,1.0,1.0,0,Hồ sơ thành lập công ty trách nhiệm hữu hạn hai thành viên có bắt buộc phải có điều lệ công ty hay không?
89442,fold_0,1,1,1,1.0,1.0,0,Việc bổ nhiệm lại Hòa giải viên tại TAND cấp tỉnh được thực hiện theo quy trình như thế nào?
40380,fold_1,1,2,5,1.0,1.0,0,Nội dung quản lý nhà nước về bình đẳng giới gồm những gì? Cơ quan nào thực hiện quản lý nhà nước về bình đẳng giới?
99270,fold_3,1,1,>100,1.0,1.0,0,"Khi tổ chức tập luyện môn Quyền anh tại Việt Nam, cần chuẩn bị cơ sở vật chất và trang thiết bị tập luyện như thế nào để đảm bảo yêu cầu?"
162020,fold_1,1,43,9,1.0,1.0,0,"Những khoản chi từ thiện, tài trợ nào sẽ không được trừ khi xác định thu nhập chịu thuế thu nhập doanh nghiệp?"
27654,fold_4,4,1,9,1.0,1.0,0,Công thức tính tiền lãi trên nợ gốc quá hạn chưa trả trong hợp đồng vay tài sản không phải là hợp đồng tín dụng?
15296,fold_0,1,1,1,1.0,1.0,0,Quy trình rà soát lần cuối dự thảo văn bản quy phạm pháp luật trình Bộ trưởng Bộ Giao thông vận tải được thực hiện thế nào?
44146,fold_4,1,6,1,1.0,1.0,0,Chấm dứt hợp đồng dầu khí trong trường hợp Tập đoàn Dầu khí Việt Nam và nhà thầu thỏa thuận khác thì nhà thầu cần làm gì?
113384,fold_2,1,7,12,1.0,1.0,0,Đối tượng phải quyết toán thuế thu nhập cá nhân
138764,fold_1,1,1,>100,1.0,1.0,0,Viện kiểm sát là gì?
58404,fold_2,1,1,1,1.0,1.0,0,Lễ đài tổ chức Lễ tang cán bộ Quân đội giữ chức vụ Tổng cục trưởng Tổng cục II đã nghỉ hưu được trang trí như thế nào?
40534,fold_1,1,>100,66,1.0,1.0,0,Nhận cầm cố tài sản nhưng không có hợp đồng thì bị xử phạt như thế nào?
155186,fold_3,1,2,>100,1.0,1.0,0,Tổ chức phi chính phủ nước ngoài tại Việt Nam tổ chức các hoạt động nhằm mục đích lợi nhuận thì bị xử lý như thế nào?
168328,fold_0,2,1,1,1.0,1.0,0,Mức hưởng bảo hiểm y tế của trẻ em dưới 7 tuổi đi khám bệnh trái tuyến?
45160,fold_3,1,1,1,1.0,1.0,0,Độ tuổi bổ nhiệm đối với người đứng đầu cơ quan báo chí ra sao?
92860,fold_0,1,26,2,1.0,1.0,0,Thực hiện việc bù trừ tiền đối với hoạt động thanh toán lãi lỗ vị thế hàng ngày như thế nào?
146804,fold_2,1,7,>100,1.0,1.0,0,Chứng chỉ hành nghề lưu trữ có giá trị sử dụng trong bao lâu?
43012,fold_2,1,36,6,1.0,1.0,0,Việc xây dựng nội dung yêu cầu đối tượng thanh tra báo cáo được thực hiện như thế nào?
133778,fold_2,1,6,46,1.0,1.0,0,Hồ sơ đề nghị thanh lý tài sản của Ngân hàng Nhà nước bao gồm những nội dung gì theo quy định pháp luật?
109424,fold_1,1,1,4,1.0,1.0,0,"Hình thức phối hợp trao đổi thông tin điều tra, truy tố, xét xử tội rửa tiền và tội tài trợ khủng bố như thế nào?"
60352,fold_4,1,3,2,1.0,1.0,0,"Việc lập bản đồ tìm kiếm, quy tập hài cốt liệt sĩ dựa vào yếu tố nào?"
90374,fold_2,1,2,>100,1.0,1.0,0,Nguyên tắc bảo hiểm xã hội như thế nào?
45034,fold_2,1,15,25,1.0,1.0,0,Giấy khám sức khỏe của người lao động có thời hạn sử dụng trong bao lâu?
60788,fold_0,1,1,>100,1.0,1.0,0,Nhà chung cư là gì?
69846,fold_4,1,1,>100,1.0,1.0,0,Tiêu chí xếp loại chất lượng công chức cấp trung ương được quy định thế nào?
22420,fold_2,1,1,2,1.0,1.0,0,Thời hiệu xử phạt đối với tổ chức nhập khẩu báo in có nội dung thông tin ảnh hưởng đến sự phát triển bình thường về tinh thần của trẻ em là bao lâu?
162948,fold_1,1,18,4,1.0,1.0,0,Sinh viên trung cấp ngành nghệ thuật biểu diễn chèo có được miễn học phí không?
57458,fold_2,1,23,1,1.0,1.0,0,Nhà thuốc diện tích mặt sàn 20m2 thì có đạt chuẩn GPP không?
128856,fold_3,1,1,1,1.0,1.0,0,Doanh nghiệp kinh doanh casino có bắt buộc phải xây dựng và ban hành Quy chế quản lý nội bộ hay không?
167954,fold_2,1,7,>100,1.0,1.0,0,"Chế độ, chính sách đối với viên chức miễn nhiệm và việc giải quyết khiếu nại, tố cáo liên quan đến miễn nhiệm quy định thế nào?"
107496,fold_0,1,1,2,1.0,1.0,0,Trung tâm Thông tin và Dữ liệu khí tượng thủy văn là đơn vị dự toán cấp mấy?
64288,fold_1,1,5,4,1.0,1.0,0,Tài liệu của Hội đồng đạo đức trong nghiên cứu y sinh học cấp cơ sở cần được lưu trữ bao gồm các tài liệu gì?
114534,fold_0,1,19,9,1.0,1.0,0,Chương trình công tác năm của các đơn vị thuộc Viện kiểm sát nhân dân cấp cao được ban hành vào thời gian nào?
76456,fold_4,2,2,5,1.0,1.0,0,Người giám định trong tố tụng dân sự bị thay đổi trong trường hợp nào?
39012,fold_2,1,1,1,1.0,1.0,0,Thời lượng thực hiện Chương trình làm quen với tiếng Anh dành cho trẻ em mẫu giáo được phân bổ thế nào?
19052,fold_3,1,2,1,1.0,1.0,0,Ủy ban Trung ương Mặt trận Tổ quốc Việt Nam có những nhiệm vụ và quyền hạn thế nào?
110790,fold_2,1,>100,19,1.0,1.0,0,"Làm sao để kéo dài thời gian nghỉ lễ giỗ tổ Hùng Vương, 30/4 và 01/5 năm 2023?"
51312,fold_3,1,32,25,1.0,1.0,0,"Văn bản giải trình trong cơ quan, tổ chức, đơn vị khu vực nhà nước phải có các nội dung gì?"
41566,fold_3,1,5,2,1.0,1.0,0,"Công trình duy tu, bảo dưỡng tại Chương trình mục tiêu quốc gia giảm nghèo bền vững giai đoạn 2021-2025?"
166004,fold_3,1,2,1,1.0,1.0,0,Bộ Y tế có trách nhiệm gì trong việc thực hiện Lộ trình tăng số lượng vắc xin trong Chương trình Tiêm chủng mở rộng giai đoạn 2021 - 2030?
11536,fold_1,1,92,>100,1.0,1.0,0,Cơ quan hướng dẫn tập sự đối với công chức cấp huyện thực hiện những công việc gì?
159820,fold_4,1,>100,>100,0.0,0.0,0,Người giữ chức vụ Thẩm phán Tòa án có được tư vấn pháp lý cho doanh nghiệp để nhận thù lao không?
118992,fold_0,1,1,14,1.0,1.0,0,Đối tượng nào được cấp Chứng minh công nhân quốc phòng lần đầu?
94142,fold_0,1,2,4,1.0,1.0,0,Sĩ quan cấp tướng của Bộ Công an hiện nay có bao nhiêu bậc?
113700,fold_4,1,13,>100,1.0,1.0,0,Chứng chỉ kiểm định viên an toàn lao động được quản lý và sử dụng như thế nào sau khi cấp?
155796,fold_3,1,24,3,1.0,1.0,0,Đã có 05 Giấy phép thăm dò khoáng sản thì có được cấp thêm Giấy phép thăm dò khoáng sản nữa hay không?
69844,fold_2,1,1,1,1.0,1.0,0,Cục Cảnh sát quản lý hành chính về trật tự xã hội thực hiện dân chủ phải đảm bảo các nguyên tắc nào?
157548,fold_0,1,1,1,1.0,1.0,0,"Triển khai công tác phòng, chống cháy nổ và chống ngập lụt cho kho tài liệu thư viện công lập được quy định như thế nào?"
48594,fold_3,1,1,70,1.0,1.0,0,Người bị tố cáo có các nghĩa vụ gì trong việc giải quyết tố cáo?
6068,fold_4,1,5,70,1.0,1.0,0,Có được cấp lại giấy chứng minh sĩ quan bị mất khi đang trực ca không?
119452,fold_0,1,1,8,1.0,1.0,0,Thẩm quyền xử phạt vi phạm hành chính của Bộ đội Biên phòng trong lĩnh vực thủy sản
70612,fold_2,1,3,14,1.0,1.0,0,Hàng hóa nhập khẩu ghi sai nhãn hàng hóa sẽ bị xử phạt như thế nào?
90242,fold_0,1,9,7,1.0,1.0,0,Quy trình ra đề thi tốt nghiệp THPT được quy định như thế nào?
7758,fold_4,2,5,2,1.0,1.0,0,"Trường hợp nào Đảng viên có lời nói, hành động đe dọa đến tính mạng người tố cáo thì bị khai trừ khỏi Đảng?"
89014,fold_0,1,56,>100,1.0,1.0,0,Việc định giá tài sản góp vốn được thực hiện theo nguyên tắc nào?
168054,fold_3,1,3,1,1.0,1.0,0,Trong hoạt động kinh doanh đa cấp doanh nghiệp được rút tiền ký quỹ trong trường hợp nào?
125764,fold_0,1,6,>100,1.0,1.0,0,Tài sản công chứa đựng các bí mật nhà nước nếu được nhận quyết định tiêu hủy thì có nhất thiết phải đem chôn hay không?
67924,fold_2,1,5,2,1.0,1.0,0,Ngoài quy định tỷ lệ nam nữ tham gia học tập và đào tạo việc thúc đẩy bình đẳng giới trong lĩnh vực giáo dục và đào tạo còn có biện pháp nào khác?
20388,fold_4,1,1,1,1.0,1.0,0,Điều khoản sử dụng tài khoản định danh điện tử
30326,fold_1,1,1,7,1.0,1.0,0,Tổng giám đốc Tổng công ty Hàng hải Việt Nam có nhiệm kỳ bao nhiêu năm?
79948,fold_4,1,2,10,1.0,1.0,0,Trường hợp nào sẽ xóa đăng ký tạm trú?
165648,fold_2,1,2,1,1.0,1.0,0,Số lợi bất hợp pháp có được do thực hiện hành vi vi phạm pháp luật chứng khoán là gì?
115270,fold_3,1,>100,100,1.0,1.0,0,Kế hoạch kiểm tra các bình chịu áp lực trong nhà máy lọc hóa dầu được xem xét sửa đổi khi nào?
107452,fold_3,1,2,4,1.0,1.0,0,Cơ cấu tổ chức của Đài Truyền hình Việt Nam như thế nào?
135320,fold_3,1,3,7,1.0,1.0,0,Tinh giản biên chế được thực hiện theo nguyên tắc nào?
101762,fold_1,1,>100,11,1.0,1.0,0,"Các ngày nghỉ thuộc về diện nghỉ lễ, tết được quy định như thế nào?"
129896,fold_4,1,1,1,1.0,1.0,0,Khi gửi tiền gửi có kỳ hạn có thể kéo dài thời hạn gửi tiền không?
14300,fold_2,1,2,6,1.0,1.0,0,Vàng miếng là gì?
44252,fold_4,1,5,62,1.0,1.0,0,Cổng Thông tin điện tử Bộ Thông tin và Truyền thông có vai trò như thế nào?
117096,fold_0,1,64,2,1.0,1.0,0,Giấy chứng nhận đăng ký nhãn hiệu được gia hạn theo thủ tục nào?
68308,fold_3,1,7,13,1.0,1.0,0,Hồ sơ đề nghị vào nuôi dưỡng tại cơ sở nuôi dưỡng người có công gồm những tài liệu gì?
121680,fold_4,1,6,35,1.0,1.0,0,Có thể sửa chữa sổ kế toán bằng những phương pháp nào?
133126,fold_4,1,1,>100,1.0,1.0,0,Việc sử dụng và khai thác cơ sở dữ liệu lý lịch tư pháp được yêu cầu thế nào?
59296,fold_0,1,>100,4,1.0,1.0,0,Học sinh 17 tuổi có được lái xe Cub 50 để đến trường hay không?
16748,fold_4,1,3,>100,1.0,1.0,0,Thống kê viên cao cấp là ai?
115846,fold_4,1,1,>100,1.0,1.0,0,Thông tin người nộp thuế được bảo mật như thế nào?
71570,fold_0,2,14,>100,0.5,0.5,0,Hồ sơ đề nghị cấp giấy phép thành lập văn phòng đại diện tại Việt Nam của NXB nước ngoài bao gồm những gì sau khi thay đổi?
70988,fold_0,1,3,64,1.0,1.0,0,Các phương thức đóng bảo hiểm xã hội tự nguyện được quy định thế nào?
78548,fold_3,1,2,>100,1.0,1.0,0,Nội dung hoạt động thể thao trong các trường đại học có phải do hiệu trường trường hướng dẫn không?
40470,fold_2,1,1,5,1.0,1.0,0,Có mấy phương pháp thực hiện thống kê đánh giá thiệt hại do thiên tai gây ra?
86310,fold_2,1,28,1,1.0,1.0,0,Dụng cụ tiếp xúc với da nguyên vẹn có thể áp dụng biện pháp khử khuẩn ở mức độ nào?
17854,fold_3,1,4,30,1.0,1.0,0,Nguyên tắc áp dụng ưu đãi đầu tư là gì?
40246,fold_1,1,92,15,1.0,1.0,0,Hội đồng nhân dân bỏ phiếu tín nhiệm đối với người giữ chức vụ do Hội đồng nhân dân bầu trong các trường hợp nào?
120290,fold_2,1,4,19,1.0,1.0,0,Thời điểm nào người tham gia BHXH tự nguyện được hưởng lương hưu?
68488,fold_1,1,2,19,1.0,1.0,0,Cơ sở kinh doanh dịch vụ ăn uống thường được kiểm tra định kỳ về an toàn vệ sinh thực phẩm bao nhiêu lần một năm?
50188,fold_2,1,85,34,1.0,1.0,0,Thẩm quyền và trình tự cấp chứng chỉ hành nghề hoạt động xây dựng cho cá nhân được quy định như thế nào?
18664,fold_3,1,1,26,1.0,1.0,0,"Nhiệm vụ và quyền hạn của Chủ tịch, thành viên Hội đồng đấu giá tài sản theo quy định pháp luật"
12924,fold_4,1,1,1,1.0,1.0,0,Người ký phát séc có quyền và nghĩa vụ như thế nào?
62938,fold_4,1,1,8,1.0,1.0,0,Khi không cần thiết phải lưu giữ vật chứa bí mật nhà nước độ Tối mật thì có được tiêu hủy vật chứa đó không?
20178,fold_1,1,1,77,1.0,1.0,0,Để được cấp Giấy phép lập Văn phòng đại diện thì tổ chức nghiên cứu nước ngoài cần có những điều kiện gì?
100844,fold_3,1,1,2,1.0,1.0,0,"Hội đồng Thi đua, Khen thưởng Bộ Khoa học và Công nghệ hoạt động theo nguyên tắc nào?"
158802,fold_2,1,57,2,1.0,1.0,0,Trưởng đoàn thanh tra chuyên ngành Bộ Tư pháp có quyền xử phạt Văn phòng Thừa phát lại không mua bảo hiểm trách nhiệm nghề nghiệp cho Thừa phát lại không?
121870,fold_0,4,1,>100,0.5,0.5,0,"Yêu cầu chung đối với kho bảo quản vũ khí, vật liệu nổ và công cụ hỗ trợ tiếp nhận thu gom là gì?"
18610,fold_1,1,1,3,1.0,1.0,0,Tội giết người do vượt quá giới hạn phòng vệ chính đáng hoặc do vượt quá mức cần thiết khi bắt giữ người phạm tội được pháp luật quy định như thế nào?
22292,fold_3,1,>100,>100,0.0,0.0,0,Đối tượng nào cần phải nộp phí thẩm định hồ sơ cấp giấy chứng nhận quyền sử dụng đất tại Thanh Hóa?
88726,fold_2,1,24,2,1.0,1.0,0,Trình tự giải quyết hồ sơ nộp dần tiền thuế nợ được quy định như thế nào?
72748,fold_0,1,3,38,1.0,1.0,0,Dự án đầu tư xây dựng là gì?
121228,fold_2,1,2,1,1.0,1.0,0,Văn phòng Tòa án nhân dân tối cao có trách nhiệm gì trong hoạt động đối ngoại và hợp tác quốc tế?
180,fold_1,1,2,1,1.0,1.0,0,Điều kiện xét thăng cấp bậc hàm sĩ quan Công an nhân dân có thành tích đặc biệt xuất sắc trong học tập như thế nào?
98746,fold_1,1,>100,1,1.0,1.0,0,Chứng từ khi vận chuyển hành khách và hành lý bằng đường biển quy định thế nào?
132254,fold_1,1,1,3,1.0,1.0,0,Cơ quan nhà nước thực hiện chế độ tự chủ sử dụng nguồn kinh phí quản lý hành chính được giao cho những khoản chi nào?
87182,fold_2,1,2,1,1.0,1.0,0,Dựa vào số vụ tai nạn giao thông trong 1 năm để xác định và sơ bộ xếp hạng ưu tiên xử lý điểm tiềm ẩn tai nạn giao thông đường bộ để báo về cơ quan nào?
143702,fold_3,1,5,6,1.0,1.0,0,"Kinh phí đào tạo, bồi dưỡng cán bộ công chức được đảm bảo từ nguồn nào?"
26284,fold_2,2,3,1,1.0,1.0,0,"Áp dụng biện pháp ngăn chặn hành vi bạo lực gia đình, bảo vệ người bị bạo lực gia đình là người nước ngoài?"
48942,fold_0,1,1,1,1.0,1.0,0,Các chương trình hành động quốc gia theo Công ước Chống sa mạc hóa của Liên hợp quốc có mục tiêu là gì?
25066,fold_0,1,>100,13,1.0,1.0,0,Thủ tục để trung tâm hỗ trợ và phát triển giáo dục hòa nhập hoạt động giáo dục thực hiện theo trình tự thế nào?
73464,fold_2,1,39,8,1.0,1.0,0,Người đã ly hôn và đang sống với con có được làm Giấy xác nhận tình trạng độc thân để bán nhà không?
127658,fold_1,1,2,4,1.0,1.0,0,Trình tự đánh giá và phân hạng sản phẩm OCOP được quy định như thế nào?
165862,fold_1,1,14,81,1.0,1.0,0,Hành vi quay lén người khác vi phạm quyền gì của cá nhân ?
31568,fold_3,1,2,2,1.0,1.0,0,Viên chức được đơn phương chấm dứt hợp đồng làm việc trong trường hợp nào?
162854,fold_1,1,1,81,1.0,1.0,0,Khái niệm về sư trụ trì chùa được hiểu như thế nào? Điều kiện để trở thành sư trụ trì là gì?
31850,fold_2,1,>100,>100,0.0,0.0,0,"Về hành vi nhà máy, cơ sở sản xuất có xây dựng phương án, kế hoạch sản xuất an toàn đã được UBND huyện phê duyệt nhưng không thực hiện đúng theo phương án, kế hoạch đã được duyệt"
161986,fold_0,1,1,1,1.0,1.0,0,Hình thức phát ngôn và cung cấp thông tin cho báo chí của Tổng cục Thuế được quy định ra sao?
92074,fold_0,1,9,3,1.0,1.0,0,"Người lao động tại doanh nghiệp trực tiếp phục vụ quốc phòng an ninh được hưởng chế độ, chính sách ra sao?"
110550,fold_4,1,3,1,1.0,1.0,0,Nhiệm vụ của Hội Kiến trúc sư Việt Nam được quy định thế nào?
18366,fold_1,1,14,8,1.0,1.0,0,Trường hợp thừa kế theo pháp luật thì con riêng của vợ có thuộc hàng thừa kế của người chồng không?
4932,fold_4,1,8,2,1.0,1.0,0,Mỗi xã phường được thành lập tối đa bao nhiêu Đội công tác xã hội tình nguyện?
142530,fold_2,1,1,4,1.0,1.0,0,Thời điểm nghỉ hưu đối với công chức cấp huyện được lùi lại trong những trường hợp nào?
38430,fold_1,1,1,91,1.0,1.0,0,Hồ sơ thay đổi thông tin đăng ký thuế gồm những thành phần nào?
49956,fold_3,1,11,2,1.0,1.0,0,Thời gian trả lời kết quả xét nghiệm định kỳ HIV âm tính trong nhóm có nguy cơ cao cho trẻ trên 18 tháng tuổi là khi nào?
51670,fold_1,1,1,3,1.0,1.0,0,Bồi thường về đất khi Nhà nước thu hồi đất mà diện tích đó đạt thực tế khác so với diện tích ghi trên giấy tờ về quyền sử dụng đất?
53294,fold_3,1,1,1,1.0,1.0,0,Danh hiệu thi đua “Lao động tiên tiến” trong ngành ngân hàng được trao tặng khi nào?
96394,fold_3,1,4,34,1.0,1.0,0,Quy trình giới thiệu cán bộ cấp tỉnh ứng cử theo quy định mới nhất hiện nay?
98666,fold_4,1,35,1,1.0,1.0,0,Khi phẫu thuật vạt điều trị viêm quanh implant cần theo dõi và xử lý biến chứng như thế nào?
140898,fold_1,3,2,1,1.0,1.0,0,"Hồ sơ mời thầu, hồ sơ yêu cầu trang thiết bị y tế được xây dựng thế nào?"
69218,fold_3,1,1,>100,1.0,1.0,0,Lãnh đạo của Ban Thi đua Khen thưởng Trung ương trực thuộc Bộ Nội vụ bao gồm những thành phần nào?
89112,fold_1,2,>100,42,0.5,0.5,0,Nếu có sự thay đổi liên quan đến kỳ thi thì Hội đồng thi có trách nhiệm thông báo về sự thay đổi đó bao nhiêu ngày trước khi thi?
110936,fold_2,1,13,1,1.0,1.0,0,Việc cấp Giấy phép xuất khẩu thuốc pháo nổ tại Cục Cảnh sát QLHC về TTXH được thực hiện theo thủ tục thế nào?
42238,fold_0,1,2,2,1.0,1.0,0,"Kỳ báo cáo kết quả thực hành tiết kiệm, chống lãng phí đối với báo cáo năm là khi nào?"
160568,fold_2,1,40,23,1.0,1.0,0,Công ty bảo hiểm thay đổi chủ tịch Hội đồng thành viên phải được Bộ Tài chính chấp thuận đúng không?
1730,fold_4,1,3,15,1.0,1.0,0,Học ngành văn thư hành chính trình độ cao đẳng thì phải hoàn thành tối thiểu bao nhiêu tín chỉ mới có thể tốt nghiệp?
22474,fold_0,1,11,2,1.0,1.0,0,Thời điểm xác định ly hôn theo quy định của pháp luật?
139088,fold_0,1,88,67,1.0,1.0,0,Nhãn hiệu là gì?
151118,fold_2,2,>100,8,1.0,1.0,0,Người có hành vi mua dâm trong đường dây môi giới mại dâm bị xử lý như thế nào?
112156,fold_3,1,6,11,1.0,1.0,0,Thời gian nào trong ngày thì được tiến hành phá dỡ nhà ở?
63932,fold_2,1,3,3,1.0,1.0,0,Buộc người khác xét nghiệm HIV có vi phạm pháp luật không?
83236,fold_0,1,14,5,1.0,1.0,0,Mua ngoại tệ và chuyển tiền trả nợ nước ngoài được thực hiện như thế nào?
95838,fold_4,1,36,2,1.0,1.0,0,Các bước tổ chức đấu thầu tín phiếu được thực hiện như thế nào?
98738,fold_2,1,17,>100,1.0,1.0,0,Xử phạt với hành vi không thông báo khi có công việc mới
36588,fold_2,1,20,3,1.0,1.0,0,Xử phạt như thế nào đối với trường hợp xe có tải trọng vượt mức giới hạn của đường bộ cố tình lưu thông trên đường?
15162,fold_4,1,81,10,1.0,1.0,0,Quản lý thuộc phạm vi của Ủy ban nhân dân cấp tỉnh?
103262,fold_3,1,2,2,1.0,1.0,0,Khung thời gian năm học 2022 - 20223
34008,fold_2,1,2,8,1.0,1.0,0,Chủ tịch Ủy ban nhân dân cấp xã có thẩm quyền xử phạt học sinh gian lận mang tài liệu vào phòng thi trong kỳ thi trung học phổ thông quốc gia không?
94970,fold_1,1,1,1,1.0,1.0,0,Tổng năng lượng tiêu hao của công đoạn thiêu kết quặng sắt được xác định theo công thức như thế nào?
108638,fold_2,1,1,55,1.0,1.0,0,Thành viên lưu ký đối với Quỹ hỗ trợ thanh toán có quyền và nghĩa vụ như thế nào?
167114,fold_3,1,>100,15,1.0,1.0,0,Có thu hồi Giấy chứng nhận đăng ký hoạt động công nhận nếu không đáp ứng yêu cầu về nhân lực không?
123662,fold_1,1,6,2,1.0,1.0,0,"Để công nhận người đủ trình độ phiên dịch trong khám bệnh, chữa bệnh cần phải đáp ứng các tiêu chí nào?"
133880,fold_2,1,1,5,1.0,1.0,0,Các hành vi bị cấm khi hành nghề luật sư
45992,fold_2,1,42,2,1.0,1.0,0,Tuyển sinh đại học sai đối tượng thì trường đại học có thể bị phạt vi phạm hành chính đến 150 triệu đồng đúng không?
109350,fold_4,1,47,13,1.0,1.0,0,Hợp đồng được quy định như thế nào trong pháp luật Việt Nam?
79156,fold_3,1,5,19,1.0,1.0,0,Người vào đảng có bắt buộc phải khai lý lịch đảng viên không?
58616,fold_0,1,1,2,1.0,1.0,0,Chánh án Tòa án quân sự quân khu và tương đương có được áp dụng chế độ phụ cấp đặc thù hay không?
68460,fold_4,1,1,3,1.0,1.0,0,Báo cáo thống kê bằng văn bản điện tử của Ngành Tư pháp được thể hiện bằng những hình thức nào?
97362,fold_4,1,1,1,1.0,1.0,0,"Trách nhiệm của doanh nghiệp hoạt động sản xuất vàng trang sức, mỹ nghệ là gì?"
19656,fold_1,1,6,33,1.0,1.0,0,"Sau khi kiểm tra điều kiện thụ lý giải quyết khiếu nại, nếu khiếu nại đủ điều kiện phải thông báo đến người khiếu nại như thế nào?"
11588,fold_2,1,1,55,1.0,1.0,0,Giấy phép cung cấp dịch vụ hàng không được cấp đối với những dịch vụ nào?
124820,fold_0,1,>100,99,1.0,1.0,0,Sau khi thực hiện nghĩa vụ quân sự và quay trở lại công tác giảng dạy thì nhà trường không thực hiện chế độ tập sự là đúng hay sai?
34364,fold_0,1,1,3,1.0,1.0,0,"Đăng bài cải chính, xin lỗi trên báo chí như thế nào?"
161912,fold_1,1,1,42,1.0,1.0,0,Kinh phí bảo đảm trang bị trang phục chữa cháy cho lực lượng phòng cháy và chữa cháy cơ sở được bố trí từ nguồn ngân sách nào?
147934,fold_1,1,2,74,1.0,1.0,0,Nếu tổ chức khoa học và công nghệ ngoài công lập là cơ sở giáo dục đại học thì sẽ thành lập như thế nào?
94944,fold_0,1,1,1,1.0,1.0,0,Gửi quyết định truy nã đến đâu và thông báo bằng các hình thức nào?
44672,fold_1,1,1,>100,1.0,1.0,0,"Trình tự, thủ tục tham gia, giải quyết bảo hiểm xã hội cho người lao động nước ngoài làm việc tại Việt Nam được quy định như thế nào?"
17980,fold_2,1,1,57,1.0,1.0,0,Đồng tiền bao thanh toán là đồng tiền nào?
20404,fold_3,1,1,1,1.0,1.0,0,Trưởng ban Ban Chỉ đạo phòng chống tham nhũng tiêu cực và tội phạm ngành Ngân hàng làm việc theo chế độ nào?
165738,fold_3,1,5,1,1.0,1.0,0,"Thám hiểm hang động có được xếp vào sản phẩm du lịch có nguy cơ ảnh hưởng đến tính mạng, sức khỏe của khách du lịch không?"
154934,fold_4,1,10,1,1.0,1.0,0,"Thời gian xử lý hồ sơ ghi nhận tổ chức tư vấn, dịch vụ quyền tác giả, quyền liên quan là bao lâu?"
54310,fold_4,2,3,6,1.0,1.0,0,Đối với hàng hóa thì thời điểm lập hóa đơn là khi nào?
52354,fold_4,1,>100,>100,0.0,0.0,0,Xóa nợ lãi được hiểu như thế nào?
119024,fold_2,1,9,2,1.0,1.0,0,"Người học ngành thú y trình độ cao đẳng sau khi tốt nghiệp phải có khả năng học tập, nâng cao trình độ như thế nào?"
75290,fold_4,1,1,1,1.0,1.0,0,Cơ quan nào là cơ quan lãnh đạo cao nhất của Hội Đá quý Việt Nam?
125174,fold_2,1,2,24,1.0,1.0,0,Địa điểm khảo cổ là gì?
123850,fold_1,1,29,11,1.0,1.0,0,Bồi thường thiệt hại khi đăng thông tin sai sự thật về người khác như thế nào?
124688,fold_1,2,2,4,1.0,1.0,0,Doanh nghiệp kiểm toán không tuân thủ việc mua bảo hiểm trách nhiệm nghề nghiệp cho kiểm toán viên thì bị xử phạt thế nào?
47696,fold_1,1,14,3,1.0,1.0,0,Người dân tộc thiểu số không phải dân tộc thiểu số rất ít người đang học Đại học Lao động Xã hội thì có được miễn học phí không?
153886,fold_2,2,3,11,1.0,1.0,0,Việc lựa chọn tổ chức tư vấn xác định giá đất cụ thể được thực hiện bởi cơ quan nào?
151186,fold_1,1,1,2,1.0,1.0,0,Biện pháp cai nghiện ma túy bao gồm những biện pháp nào?
114128,fold_0,1,1,1,1.0,1.0,0,Hội đồng thẩm định kinh phí đề án thuộc Chương trình phát triển công nghiệp hỗ trợ làm việc theo quy trình như thế nào?
61250,fold_2,1,1,1,1.0,1.0,0,Tổng công ty Sông Đà là công ty trách nhiệm hữu hạn mấy thành viên?
4330,fold_2,1,3,1,1.0,1.0,0,Hướng dẫn viên du lịch trong nước có thể là người nước ngoài được không?
21884,fold_0,1,2,1,1.0,1.0,0,Chính sách hợp tác quốc tế về lâm nghiệp được quy định như thế nào?
117692,fold_2,1,2,1,1.0,1.0,0,Mẫu C/O mẫu EUR.1 đối với hàng hóa xuất khẩu từ Việt Nam sang Anh theo UKVFTA được quy định thế nào?
52042,fold_2,1,5,>100,1.0,1.0,0,Chung cư có hạn mức là 50 năm có đúng hay không?
167538,fold_3,1,2,92,1.0,1.0,0,Giá trị sử dụng của thẻ Căn cước công dân như thế nào?
53222,fold_4,1,34,3,1.0,1.0,0,Điều kiện để rút ngắn thời gian thử thách đối với người được hưởng án treo là gì?
109358,fold_1,1,23,>100,1.0,1.0,0,Tổ chức đảng và đảng viên có trách nhiệm thế nào khi thực hiện quy chế dân chủ ở cơ sở?
25068,fold_3,1,28,7,1.0,1.0,0,Cộng điểm ưu tiên ít hơn đối với thí sinh thi đại học đạt điểm cao?
64284,fold_4,1,29,2,1.0,1.0,0,Khi sử dụng lao động là người khuyết tật thì doanh nghiệp cần đảm bảo những yêu cầu cầu nào?
57428,fold_4,1,2,2,1.0,1.0,0,Công dân đủ 25 tuổi có bắt buộc phải đổi thẻ căn cước công dân không?
41802,fold_0,1,1,3,1.0,1.0,0,Quyền và nghĩa vụ của Thành viên Câu lạc bộ Pháp chế doanh nghiệp được quy định thế nào?
53742,fold_3,1,4,7,1.0,1.0,0,"Mức hỗ trợ khi thu hồi đất thuộc quỹ đất công ích của xã, phường, thị trấn là bao nhiêu?"
147680,fold_3,1,15,6,1.0,1.0,0,Trong thẻ bảo hiểm y tế có ghi thông tin về thời hạn sử dụng của bảo hiểm y tế hay không?
69806,fold_2,1,66,3,1.0,1.0,0,Ủy ban nhân dân cấp xã được giao nhiệm vụ giám sát người hưởng án treo sẽ có những quyền hạn và nhiệm vụ gì?
98270,fold_0,1,>100,6,1.0,1.0,0,Quy định về sửa đơn đăng ký nhãn hiệu?
8226,fold_4,1,5,13,1.0,1.0,0,"Hiện nay, giáo viên biên chế ở vùng có điều kiện kinh tế - xã hội đặc biệt khó khăn sẽ được hưởng những khoản trợ cấp nào?"
127518,fold_4,1,2,1,1.0,1.0,0,Hệ số lương đối với công chức chuyên ngành Ngân hàng được quy định như thế nào?
35170,fold_4,2,4,3,1.0,1.0,0,"Tổ chức khai thuế thay, nộp thuế thay cho cá nhân được quy định như thế nào?"
158574,fold_3,1,3,4,1.0,1.0,0,"Công tác thông tin, tuyên truyền về phòng chống bạo lực gia đình gồm những nội dung gì?"
166106,fold_1,1,7,>100,1.0,1.0,0,Trách nhiệm giải quyết tố cáo trong thi hành án hình sự được quy định như thế nào?
152224,fold_3,1,94,45,1.0,1.0,0,Công ty không tổ chức khám sức khỏe định kỳ cho người lao động bị xử phạt như thế nào?
148838,fold_1,1,55,90,1.0,1.0,0,Điều kiện miễn tập sự công chức xã được pháp luật quy định như thế nào?
55916,fold_1,1,40,20,1.0,1.0,0,Thủ tục chuyển vụ án để điều tra được quy định thế nào?
86290,fold_4,1,42,8,1.0,1.0,0,Xúc phạm người sinh toàn con gái bị phạt vi phạm hành chính bao nhiêu tiền?
99948,fold_4,2,29,2,1.0,1.0,0,Quy trình quyết toán thuế thu nhập cá nhân do doanh nghiệp làm giúp nhân viên được quy định ra sao?
49686,fold_3,1,16,21,1.0,1.0,0,"Chủ tịch Ủy ban nhân dân cấp tỉnh có quyền xử phạt doanh nghiệp quản lý, thanh lý tài sản không mua bảo hiểm trách nhiệm nghề nghiệp cho Quản tài viên không?"
112888,fold_0,1,1,4,1.0,1.0,0,"Chánh Văn phòng Tổng cục Thủy sản do ai bổ nhiệm, miễn nhiệm?"
125158,fold_0,1,33,7,1.0,1.0,0,Phát hiện quyết định giám đốc thẩm vụ án hình sự của Hội đồng Thẩm phán Tòa án nhân dân tối cao vi phạm phát luật nghiêm trọng thì Kiểm sát viên cần làm gì?
18798,fold_1,2,4,6,1.0,1.0,0,Cách tính một số thuế thu nhập cá nhân theo biểu thuế toàn phần như thế nào?
99406,fold_3,1,1,4,1.0,1.0,0,"Mức lãi suất trong hợp đồng chiết khấu công cụ chuyển nhượng, giấy tờ có giá khác phải đảm bảo trong mức bao nhiêu phần trăm?"
149282,fold_0,1,1,1,1.0,1.0,0,Nhiệm vụ của Đại hội bất thường Hội Nhạc sĩ Việt Nam được quy định thế nào?
109860,fold_3,1,28,3,1.0,1.0,0,Hội đồng giám đốc thẩm trong tố tụng hành chính có thẩm quyền như thế nào?
78508,fold_4,1,>100,21,1.0,1.0,0,Xử phạt khi không trả tiền đóng bảo hiểm cho người giúp việc gia đình được pháp luật quy định như thế nào?
81220,fold_2,1,8,>100,1.0,1.0,0,Hội đồng quản trị là gì?
50992,fold_1,1,12,1,1.0,1.0,0,"Chưa dừng thanh toán BHYT khi khám chữa bệnh bằng máy mượn, máy đặt?"
131588,fold_2,1,32,5,1.0,1.0,0,Cơ quan nào có thẩm quyền công bố tuyến dẫn tàu trong vùng hoa tiêu hàng hải bắt buộc?
47442,fold_3,1,1,>100,1.0,1.0,0,Nhiệm vụ và quyền hạn của Công an nhân dân được quy định ra sao?
140052,fold_4,1,19,1,1.0,1.0,0,"Thủ tục ký hợp đồng khám bệnh, chữa bệnh bảo hiểm y tế như thế nào?"
5684,fold_2,1,1,1,1.0,1.0,0,Việc chuyển xếp lương đối với viên chức tuyên truyền viên đã được bổ nhiệm chuyển sang ngạch viên chức tuyên truyền viên văn hóa thế nào?
144894,fold_3,1,39,2,1.0,1.0,0,"Cấp Giấy chứng nhận quyền sử dụng đất, quyền sở hữu nhà ở và tài sản khác gắn liền với đất cho tổ chức, cơ sở tôn giáo đang sử dụng đất"
48266,fold_1,1,1,1,1.0,1.0,0,Hồ sơ đề nghị cấp giấy phép lắp đặt cáp viễn thông trên biển cần những loại giấy tờ nào?
97114,fold_4,1,>100,>100,0.0,0.0,0,Tổ chức khu vực cách ly trong bệnh viện được thực hiện ra sao theo quy định của pháp luật?
53950,fold_0,1,1,1,1.0,1.0,0,Công ty cổ phần bị thu hồi Giấy chứng nhận đủ điều kiện kinh doanh dịch vụ xếp hạng tín nhiệm trong trường hợp nào?
49638,fold_4,1,2,6,1.0,1.0,0,Nhà giáo giảng dạy chương trình đào tạo chất lượng cao trình độ trung cấp còn phải đáp ứng tiêu chí nào ngoài tiêu chí về kinh nghiệm làm việc?
154172,fold_2,1,3,29,1.0,1.0,0,"Nội dung kiểm tra, giám sát biên phòng và các biện pháp kiểm tra đối với tàu nước ngoài được quy định như thế nào?"
110562,fold_4,1,1,1,1.0,1.0,0,"Quy trình trao đổi thông tin thu hồi Giấy chứng nhận đăng ký doanh nghiệp, Giấy chứng nhận đăng ký hoạt động đơn vị trực thuộc giữa hệ thống thông tin quốc gia về đăng ký doanh nghiệp và hệ thống thông tin thuế như thế nào?"
127798,fold_2,1,>100,1,1.0,1.0,0,"Bài tập cơ tay, cơ chân được hướng dẫn như thế nào?"
147956,fold_4,2,5,4,1.0,1.0,0,Nhiệm vụ của giáo viên tiểu học hạng 3 trường công lập là gì?
79406,fold_4,1,1,1,1.0,1.0,0,Tiêu chuẩn tuyển quân đi thực hiện nghĩa vụ quân sự theo quy định pháp luật
39328,fold_4,1,42,19,1.0,1.0,0,Mức đóng bảo hiểm y tế đối với con nuôi của người đang làm công tác cơ yếu là bao nhiêu?
73846,fold_0,1,7,1,1.0,1.0,0,Tại cửa khẩu đường hàng không đối tượng nào được vào khu vực cách ly xuất nhập cảnh?
155254,fold_0,1,13,2,1.0,1.0,0,Nhập cảnh qua cổng kiểm soát tự động thực hiện thủ tục đăng ký tại Cổng dịch vụ công của Bộ Quốc phòng được không?
98736,fold_0,2,4,8,1.0,1.0,0,Tội hiếp dâm nếu không có yêu cầu của bị hại thì có được khởi tố không?
59008,fold_2,1,19,6,1.0,1.0,0,Có những khoản thu tài chính từ đất đai nào?
104692,fold_1,1,21,4,1.0,1.0,0,Chuyển mục đích sử dụng đất nông nghiệp đối với đất trồng lúa sang đất phi nông nghiệp có cần phải xin phép không?
149690,fold_3,2,2,>100,0.5,0.5,0,Người dân vứt xác heo bị dịch tả lợn Châu Phi ra môi trường xung quanh có bị xử lý vi phạm hành chính không?
168460,fold_3,2,1,3,1.0,1.0,0,"Tổ chức kiểm định, hiệu chuẩn, thử nghiệm phương tiện đo, chuẩn đo lường được chỉ định cần đáp ứng những điều kiện gì?"
57158,fold_4,1,9,2,1.0,1.0,0,Người học ngành chế biến thực phẩm trình độ trung cấp sau khi tốt nghiệp có thể làm những công việc nào?
92052,fold_3,1,1,17,1.0,1.0,0,Người lao động nước ngoài không được hưởng bảo hiểm y tế trong những trường hợp nào?
64686,fold_2,1,1,1,1.0,1.0,0,"Ban chấp hành Hội Hữu nghị Việt Nam, Uzbekistan được thành lập như thế nào?"
108624,fold_4,1,1,22,1.0,1.0,0,Những bên nào sẽ ký kết hợp đồng tư vấn thẩm tra dự án quan trọng quốc gia?
4566,fold_0,1,10,1,1.0,1.0,0,"Người học ngành công nghệ ô tô trình độ trung cấp phải có khả năng học tập, nâng cao trình độ như thế nào?"
89886,fold_2,1,>100,3,1.0,1.0,0,Sau thời hạn tạm hoãn hợp đồng mà công ty không nhận người lao động trở lại làm việc dù đã có bản án của toà thì giải quyết thế nào?
132330,fold_4,1,1,37,1.0,1.0,0,Cục Công nghệ thông tin thuộc Bộ Tư pháp có nhiệm vụ và quyền hạn như thế nào về Thông tin điện tử?
65646,fold_0,1,30,>100,1.0,1.0,0,Kết luận thanh tra phải được triển khai thực hiện trong vòng bao lâu kể từ ngày nhận được kết luận thanh tra?
107160,fold_2,2,1,11,1.0,1.0,0,Sinh viên tốt nghiệp xuất sắc có được tuyển thẳng vào cơ quan nhà nước không?
119424,fold_2,1,1,7,1.0,1.0,0,Thành lập ban quản trị nhà chung cư có bắt buộc đối với nhà chung cư xây dựng để bán chỉ có 30 căn hộ không?
27580,fold_4,2,1,1,1.0,1.0,0,Công tác chuẩn bị thi công cừ chống thấm trong công trình thủy lợi phải tuân thủ các yêu cầu kỹ thuật quy định gì?
101324,fold_1,3,1,6,0.6666666666666666,0.6666666666666666,0,Xét thăng hạng chức danh nghề nghiệp từ Lưu trữ viên trung cấp lên Lưu trữ viên cần đáp ứng những điều kiện gì?
44762,fold_4,1,2,18,1.0,1.0,0,Bãi bỏ một số điều khoản đã được sửa đổi bổ sung của Thông tư 89/2014/TT-BGTVT?
135710,fold_1,1,1,8,1.0,1.0,0,Hướng dẫn tính mức trợ cấp tai nạn lao động mới nhất năm 2023?
102664,fold_1,1,2,34,1.0,1.0,0,Cơ cấu tổ chức của Tạp chí Thuế trực thuộc Tổng cục Thuế gồm có bao nhiêu phòng?
18112,fold_3,1,1,1,1.0,1.0,0,Thời hiệu xử phạt vi phạm hành chính đối với tổ chức thi công công trình xây dựng cảng cạn khi chưa có giấy phép là bao lâu?
155800,fold_2,2,4,5,1.0,1.0,0,Cơ quan nào có thẩm quyền tiếp nhận hồ sơ thay đổi địa chỉ chi nhánh của liên hiệp hợp tác xã?
149154,fold_4,1,1,8,1.0,1.0,0,Biện pháp ngăn chặn là gì? Có bao nhiêu biện pháp ngăn chặn trong tố tụng hình sự?
14762,fold_2,1,>100,20,1.0,1.0,0,"Cách kéo dài thời gian nghỉ lễ Giỗ Tổ Hùng Vương, 30/4 và 1/5 năm 2023 theo quy định hiện hành?"
162038,fold_0,1,3,2,1.0,1.0,0,Tất cả các loại tàu thuyền không phân biệt quốc tịch có được phép đi qua lãnh hải Việt Nam không?
130974,fold_1,1,7,1,1.0,1.0,0,Việc tiếp nhận xử lý hồ sơ hải quan đối với tàu biển nhập cảnh được thực hiện ra sao?
71430,fold_4,1,1,1,1.0,1.0,0,Hiệp hội doanh nghiệp nhỏ và vừa ngành nghề nông thôn Việt Nam có những nhiệm vụ nào?
113620,fold_2,1,82,7,1.0,1.0,0,Giám định lại mức suy giảm khả năng lao động đối với trường hợp tái phát tổn thương do tai nạn lao động cần chuẩn bị hồ sơ gì?
58128,fold_1,1,41,78,1.0,1.0,0,Khi quản lý hồ sơ công chức thì Chủ tịch Ủy ban nhân dân tỉnh có thẩm quyền xem xét và quyết định những nội dung nào?
105178,fold_2,2,1,4,1.0,1.0,0,Không còn yêu cầu bản sao Giấy chứng nhận đăng ký doanh nghiệp đối với hồ sơ cấp GCN đủ điều kiện buôn bán thuốc bảo vệ thực vật?
167540,fold_4,1,1,8,1.0,1.0,0,Học sinh dân tộc Kinh tại trường phổ thông dân tộc nội trú có được hưởng chế độ ưu đãi giống với học sinh dân tộc khác không?
162476,fold_0,1,2,6,1.0,1.0,0,Có bao nhiêu loại cơ sở dữ liệu về nhà ở và thị trường bất động sản từ 15/8/2022?
102498,fold_2,2,3,7,1.0,1.0,0,Để thành lập tổ chức khoa học và công nghệ trực thuộc ở nước ngoài thì tổ chức Việt Nam cần đáp ứng những điều kiện gì?
106592,fold_4,1,10,49,1.0,1.0,0,Người giải quyết tố cáo căn cứ quyết định giải quyết tố cáo trong tố tụng hình sự quyết định xử lý như thế nào?
37542,fold_3,1,18,15,1.0,1.0,0,Phụ cấp trách nhiệm đối với lái xe phục vụ Viện trưởng Viện Kiểm sát nhân dân tối cao được chi trả khi nào?
5122,fold_0,1,1,1,1.0,1.0,0,Hội Cảng Đường thủy và Thềm lục địa Việt Nam có nguồn thu lấy từ đâu?
59748,fold_0,1,1,>100,1.0,1.0,0,Thế nào là dự án đầu tư?
102940,fold_1,1,>100,65,1.0,1.0,0,Hồ sơ xin cấp lại Giấy chứng nhận cơ sở đủ điều kiện an toàn thực phẩm đối với sản phẩm đường mía?
159352,fold_0,1,1,3,1.0,1.0,0,Điều kiện kinh doanh vận tải hành khách bằng xe ô tô theo quy định hiện nay?
72682,fold_0,1,4,1,1.0,1.0,0,Mẫu biên bản mở hồ sơ dự án dược liệu quý được quy định như thế nào?
140030,fold_1,1,>100,>100,0.0,0.0,0,Thường trực Hội đồng nhân dân tổ chức tiếp công dân như thế nào?
32286,fold_3,1,1,1,1.0,1.0,0,Giám đốc Sở Y tế có thẩm quyền thu hồi chứng chỉ hành nghề khám chữa bệnh trong trường hợp nào?
119518,fold_2,1,8,42,1.0,1.0,0,Trưởng đoàn kiểm tra là công chức Quản lý thị trường thì phải đáp ứng những yêu cầu gì?
54200,fold_2,1,3,16,1.0,1.0,0,Người nước ngoài tạm trú tại Việt Nam sắp hết hạn muốn gia hạn tạm trú được không?
47250,fold_3,1,2,65,1.0,1.0,0,Trường Cao đẳng nghề Thương mại và Công nghiệp trực thuộc Bộ nào? Trường có tên giao dịch quốc tế là gì?
4624,fold_0,1,2,9,1.0,1.0,0,Trường hợp nào bị chấm dứt hợp đồng lao động theo quy định của pháp luật hiện hành?
136284,fold_1,1,4,4,1.0,1.0,0,Thời gian cấp giấy đăng ký kết hôn là bao lâu?
49790,fold_3,1,2,4,1.0,1.0,0,Bảo hiểm nhân thọ bao gồm những loại bảo hiểm nào?
65370,fold_3,1,7,3,1.0,1.0,0,"Khi kiểm tra việc giao nộp, tiếp cận, công khai chứng cứ, Thẩm phán sẽ hỏi đương sự những vấn đề nào?"
121200,fold_3,2,4,2,1.0,1.0,0,"Trong hoạt động tố tụng hình sự, Phó Thủ trưởng Cơ quan điều tra VKSQS trung ương có được ủy quyền cho Điều tra viên thực hiện nhiệm vụ của mình không?"
139298,fold_2,1,10,2,1.0,1.0,0,Thực hiện cho vay gián tiếp thì Quỹ Phát triển doanh nghiệp nhỏ và vừa cần lập văn bản thỏa thuận với ngân hàng thương mại hay với doanh nghiệp?
34330,fold_3,1,9,>100,1.0,1.0,0,Chế độ trợ cấp tạo việc làm đối với bộ đội xuất ngũ được quy định như thế nào?
29576,fold_0,1,6,63,1.0,1.0,0,Công khai tài chính đối với các doanh nghiệp nhà nước nhằm mục đích gì?
694,fold_1,1,2,>100,1.0,1.0,0,Hợp đồng lao động là gì?
63352,fold_3,1,>100,19,1.0,1.0,0,Nội dung đánh giá an toàn công trình như thế nào?
128172,fold_3,1,1,1,1.0,1.0,0,Cơ quan nào thực hiện thẩm định hồ sơ đề nghị công nhận khu vực biển?
151376,fold_1,1,2,1,1.0,1.0,0,Thủ tục kiểm soát chi vốn nước ngoài qua Kho bạc Nhà nước được thực hiện bằng những cách thức nào?
155530,fold_3,1,1,19,1.0,1.0,0,Tổ chức hoạt động kỷ niệm ngày truyền thống đối với cơ quan nhà nước cấp bộ phải đảm bảo những nguyên tắc nào?
14242,fold_4,1,1,1,1.0,1.0,0,Kế toán quản trị của doanh nghiệp phải báo cáo tình hình thông qua những loại báo cáo nào?
101646,fold_2,1,1,1,1.0,1.0,0,Kế hoạch giám sát tài chính đối với doanh nghiệp nhà nước thuộc Bộ Quốc phòng được gửi Cục Tài chính khi nào?
123884,fold_1,1,17,4,1.0,1.0,0,Số lượng thành viên Hội đồng tư vấn xây dựng đề xuất dự án sản xuất thử nghiệm khoa học và công nghệ đặt hàng cấp quốc gia tối đa là bao nhiêu?
74478,fold_0,1,6,6,1.0,1.0,0,Tổ chức tín dụng là công ty cổ phần muốn thay đổi địa chỉ trụ sở chính có cần sự chấp thuận của Ngân hàng Nhà nước không?
147148,fold_0,1,1,42,1.0,1.0,0,Hội Địa chất Biển Việt Nam được tổ chức theo nguyên tắc như thế nào?
40484,fold_4,1,1,>100,1.0,1.0,0,Điều kiện thành lập công ty môi giới việc làm là gì?
28360,fold_3,1,3,3,1.0,1.0,0,Hộ kinh doanh được đăng ký thăm dò khoáng sản để thực hiện hoạt động thăm dò khoáng sản trên thực tế hay không?
163694,fold_2,1,2,16,1.0,1.0,0,Hiện nay có bao nhiêu luồng hàng hải theo quy định của pháp luật?
135934,fold_2,1,1,26,1.0,1.0,0,Nội dung của giấy phép nhân viên hàng không phải có những nội dung nào?
112432,fold_2,1,1,20,1.0,1.0,0,Thời gian của khóa học bồi dưỡng kế toán trưởng là bao lâu?
119448,fold_2,2,1,10,0.5,0.5,0,Được nghỉ lễ 2/9 năm 2023 từ ngày nào theo quy định?
33378,fold_2,1,8,1,1.0,1.0,0,Bột đùi cẳng bàn chân được chỉ định và chống chỉ định thực hiện trong trường hợp nào?
156308,fold_4,1,1,1,1.0,1.0,0,Bộ phận Thư ký của Đoàn đàm phán Chính phủ về thương mại quốc tế có những nhiệm vụ nào?
135006,fold_1,2,1,1,1.0,1.0,0,Điều kiện để cấp Giấy phép kinh doanh lữ hành nội địa là gì?
90978,fold_1,1,1,1,1.0,1.0,0,Quy mô công trình và thời hạn tồn tại của công trình theo giấy phép xây dựng có thời hạn trên địa bàn tình Sóc Trăng?
38596,fold_4,1,1,16,1.0,1.0,0,Bộ Quốc phòng có những quyền hạn gì trong việc quản lý nhà nước về an toàn thông tin mạng?
13094,fold_2,1,1,1,1.0,1.0,0,Cơ quan nào có quyền quyết định việc thu hồi Giấy phép vận tải đường bộ quốc tế giữa Việt Nam và Lào?
68838,fold_1,1,56,2,1.0,1.0,0,"Đơn đề nghị cấp Giấy chứng nhận cơ sở đủ điều kiện đào tạo, huấn luyện nghiệp vụ nhân viên hàng không được thực hiện theo Mẫu nào?"
144272,fold_2,1,1,1,1.0,1.0,0,Cơ chế thực hiện Chương trình bình ổn thị trường các mặt hàng thiết yếu?
85130,fold_4,1,3,3,1.0,1.0,0,Nghĩa vụ của hướng dẫn viên du lịch được quy định như thế nào?
146088,fold_1,1,2,41,1.0,1.0,0,Có được tiết lộ dữ liệu cá nhân hay không?
149184,fold_0,1,23,2,1.0,1.0,0,Đại lý bán lẻ xăng dầu có quyền từ chối tiếp nhận xăng dầu từ bên giao đại lý khi phát hiện xăng dầu kém chất lượng hay không?
68832,fold_3,1,4,3,1.0,1.0,0,"Chính phủ cho ý kiến đối với đề nghị xây dựng văn bản quy phạm pháp luật không do Chính phủ trình và kiến nghị về luật, pháp lệnh như thế nào?"
51360,fold_4,1,1,1,1.0,1.0,0,Hội Y khoa lâm sàng HIV/AIDS Việt Nam có những quyền hạn gì?
143134,fold_0,1,3,2,1.0,1.0,0,Ai có thẩm quyền lập biên bản vi phạm hành chính trong lĩnh vực kiểm toán nhà nước?
25866,fold_0,1,>100,1,1.0,1.0,0,Giấy xác nhận đủ điều kiện về bảo vệ môi trường trong nhập khẩu phế liệu làm nguyên liệu sản xuất của doanh nghiệp hết hạn vào tháng 6/2022 thì có được sử dụng đến hết năm không?
64366,fold_4,1,2,2,1.0,1.0,0,Các loại hình cơ sở lưu trú du lịch có bao gồm biệt thự du lịch không?
133364,fold_4,1,1,10,1.0,1.0,0,"Ai là người tổ chức việc tiếp nhận, đề xuất việc giải quyết tố cáo thuộc thẩm quyền của Chánh án Tòa án nhân dân tối cao?"
1144,fold_3,1,3,1,1.0,1.0,0,Sau khi tốt nghiệp ngành kỹ thuật cây cao su trình độ cao đẳng thì người học phải có những kiến thức nào?
161442,fold_0,1,1,1,1.0,1.0,0,Hội đồng đấu giá tài sản có quyền giám định tài sản đấu giá không?
160136,fold_2,1,1,86,1.0,1.0,0,Nhiệm vụ của Đại hội nhiệm kỳ của Hiệp hội Điều Việt Nam là gì?
113440,fold_4,3,1,>100,0.3333333333333333,0.3333333333333333,0,Mức phụ cấp trách nhiệm công việc giám định tư pháp đối với giám định viên kỹ thuật hình sự là bao nhiêu?
128154,fold_0,1,1,7,1.0,1.0,0,"Đến trực tiếp tại cơ quan, tổ chức có thẩm quyền để tố cáo thì có được tiếp nhận giải quyết hay không?"
79702,fold_3,1,17,16,1.0,1.0,0,Thực hiện quy hoạch bảo vệ môi trường quốc gia phải có giải pháp bảo vệ môi trường như thế nào?
88624,fold_0,1,57,1,1.0,1.0,0,Tài liệu kế toán có bao gồm các tài liệu liên quan đến kế toán được lưu dưới dạng thông điệp điện tử không?
114142,fold_1,2,1,>100,1.0,1.0,0,Thủ tục đăng ký tham dự kiểm tra kết quả tập sự hành nghề công chứng được thực hiện như thế nào?
157886,fold_1,2,2,5,1.0,1.0,0,Chính sách tinh giản biên chế đối với công chức cấp tỉnh bao gồm các chính sách nào?
145986,fold_1,1,6,2,1.0,1.0,0,Lập dự toán của đơn vị sự nghiệp công
89914,fold_1,1,2,3,1.0,1.0,0,Ai có thẩm quyền công bố dịch bệnh truyền nhiễm?
129426,fold_0,1,1,3,1.0,1.0,0,Trình tự thủ tục để gia hạn chứng chỉ hành nghề kiến trúc sư được thực hiện như thế nào?
85660,fold_3,1,3,2,1.0,1.0,0,Trình tự thực hiện thủ tục công nhận chủ đầu tư dự án xây dựng nhà ở thuộc thẩm quyền của Bộ Xây dựng hiện nay ra sao?
40806,fold_2,2,3,7,0.5,0.5,0,Để tham gia đào tạo cán bộ quân sự Ban Chỉ huy quân sự cấp xã thì cần đáp ứng điều kiện gì?
2546,fold_3,1,1,3,1.0,1.0,0,Trường hợp nào được miễn giảm lệ phí đăng ký nuôi con nuôi?
118918,fold_0,1,1,>100,1.0,1.0,0,Ban thường vụ cấp ủy cấp tỉnh được quy định như thế nào?
163112,fold_1,1,20,42,1.0,1.0,0,"Kết quả kiểm tra an toàn về phòng cháy và chữa cháy có thể hiện nội dung đề xuất các biện pháp khắc phục, xử lý nguy cơ mất an toàn không?"
151156,fold_3,1,31,4,1.0,1.0,0,Nhà hàng trong khách sạn 3 sao có cần giấy chứng nhận đủ điều kiện vệ sinh an toàn thực phẩm không?
115486,fold_0,1,>100,>100,0.0,0.0,0,"Trình tự, thủ tục thu hồi trụ sở làm việc không sử dụng liên tục quá 12 tháng"
49354,fold_1,1,1,54,1.0,1.0,0,Thế nào là chỗ ở hợp pháp để đăng ký thường trú?
28894,fold_1,1,1,3,1.0,1.0,0,"Nguồn vốn cho vay và thời hạn giải ngân nguồn vốn cho vay để học sinh có thể vay vốn mua máy tính, thiết bị phục vụ học tập trực tuyến"
153250,fold_3,1,1,3,1.0,1.0,0,Cơ quan Thường trực Hiệp hội Quỹ Tín dụng Nhân dân Việt Nam có chức năng là gì?
116230,fold_0,1,39,>100,1.0,1.0,0,Trường hợp khách hàng sử dụng thiết bị khác với thiết bị đăng ký thì Tổ chức tín dụng có giải pháp gì?
80110,fold_2,2,3,14,1.0,1.0,0,"Cơ quan, người có thẩm quyền thụ lý để giải quyết tố cáo trong tố tụng hình sự khi có đủ các điều kiện nào?"
81654,fold_0,1,4,2,1.0,1.0,0,"Tổng Thanh tra Chính phủ quyết định duyệt chủ trương tổ chức các hội nghị, cuộc hợp nào?"
15770,fold_2,1,2,2,1.0,1.0,0,"Quy định về xử lý, lưu trữ thông tin, dữ liệu về nhà ở và thị trường bất động sản?"
41022,fold_4,1,2,4,1.0,1.0,0,"Có phải tất cả các văn bản điện tử phải được gửi, nhận thông qua hệ thống quản lý văn bản và điều hành không?"
42082,fold_0,1,2,5,1.0,1.0,0,Kinh phí thực hiện hỗ trợ xúc tiến thu hút đầu tư nước ngoài vào lĩnh vực công nghiệp hỗ trợ được lấy từ nguồn nào?
100268,fold_1,1,5,1,1.0,1.0,0,Giá đền bù đối với quyền sử dụng sáng chế bị chuyển giao theo quyết định bắt buộc được xác định như thế nào?
163326,fold_0,2,2,4,1.0,1.0,0,Việc thân nhân thăm gặp và gửi quà đối với phạm nhân được quy định thế nào?
112080,fold_3,1,1,3,1.0,1.0,0,Nguồn vốn thực hiện hỗ trợ nhà ở đối với hộ gia đình có người hoạt động cách mạng trước năm 1945 được lấy từ đâu?
165218,fold_4,2,1,8,1.0,1.0,0,Giá dịch vụ trong lĩnh vực chứng khoán có chịu thuế giá trị gia tăng không?
54442,fold_2,1,4,35,1.0,1.0,0,Đảng viên dự bị có được tham gia Ban kiểm phiếu trong đại hội chi bộ đảng không?
126038,fold_4,1,>100,10,1.0,1.0,0,Chế độ thôi việc ngay và thôi việc sau khi học nghề?
45350,fold_1,1,1,3,1.0,1.0,0,Kế toán trưởng của Tổng công ty Giấy Việt Nam do ai quyết định bổ nhiệm?
75708,fold_0,1,27,25,1.0,1.0,0,Xử phạt người bịa đặt vu khống nhằm xúc phạm uy tín của tổ chức trên mạng xã hội thế nào?
48250,fold_3,1,14,23,1.0,1.0,0,Nhà nước có được thu hồi đất để khai thác khoáng sản không?
94248,fold_1,1,1,1,1.0,1.0,0,Việc quản lý tài chính của Liên đoàn Bóng đá Việt Nam được quy định thế nào?
26150,fold_2,1,4,7,1.0,1.0,0,Chánh Thanh tra Viện kiểm sát nhân dân tối cao là ai?
80492,fold_2,1,>100,3,1.0,1.0,0,Điều kiện để thông điệp dữ liệu có giá trị như bản gốc là gì?
76642,fold_0,1,1,79,1.0,1.0,0,Thư ký trung cấp thi hành án thuộc đối tượng được hưởng phụ cấp trách nhiệm theo nghề đúng không?
165204,fold_3,1,3,1,1.0,1.0,0,"Tổ chức kiểm định, hiệu chuẩn, thử nghiệm phương tiện đo, chuẩn đo lường được chỉ định có quyền khởi kiện quyết định hành chính của cơ quan nhà nước không?"
78204,fold_0,1,21,3,1.0,1.0,0,Ngoài bị phạt tiền doanh nghiệp có phải trả tiền lương cho lao động nữ khi không cho lao động nữ nghỉ trong thời gian hành kinh không?
35752,fold_4,1,2,68,1.0,1.0,0,Vi phạm các quy định về thực hiện nghĩa vụ quân sự sẽ xử phạt như thế nào?
9008,fold_3,1,6,1,1.0,1.0,0,"Công nghệ kỹ thuật vật liệu xây dựng trình độ cao đẳng là ngành, nghề như thế nào?"
156878,fold_1,1,2,12,1.0,1.0,0,Nội dung phải thông báo công khai thông tin về kết quả thực hiện khuyến mại gồm những gì?
151506,fold_4,1,1,10,1.0,1.0,0,"Người học ngành quản lý tài nguyên rừng trình độ trung cấp phải có khả năng học tập, nâng cao trình độ như thế nào?"
77528,fold_0,1,1,2,1.0,1.0,0,Thiết bị đo của trạm thủy văn tự động được lắp đặt ở vị trí nào?
1460,fold_3,1,9,1,1.0,1.0,0,Kỳ đánh giá và xếp loại công tác sinh viên trường cao đẳng được tiến hành theo học kỳ hay theo năm học?
22112,fold_2,2,1,1,1.0,1.0,0,Hồ sơ đề nghị cấp Giấy chứng nhận đủ điều kiện sản xuất thuốc thú y gồm những giấy tờ nào?
40454,fold_1,1,3,2,1.0,1.0,0,Đối tượng mà bảo hiểm nhân thọ hướng đến là những đối tượng nào?
15880,fold_4,2,2,17,1.0,1.0,0,Xe tôi mới mua chưa có biển số xe thì có được lưu thông không?
111448,fold_2,1,1,99,1.0,1.0,0,Kinh phí hoạt động hàng năm của Ban Chỉ đạo thực hiện Quy chế dân chủ ở cơ sở BNNPTNT do ai xây dựng dự toán và quyết toán?
155018,fold_0,1,17,13,1.0,1.0,0,"Bị hàng xóm lấn đất, không cần Ủy ban nhân dân xã tiến hành hòa giải tranh chấp đất đai mà tiến hành nộp đơn khởi kiện ra tòa án luôn có được không?"
68956,fold_1,2,36,2,1.0,1.0,0,Quy định về đối tượng bảo hiểm trách nhiệm dân sự với bên thứ ba?
22702,fold_1,1,1,10,1.0,1.0,0,Thời điểm phát hành hoá đơn điện tử đối với hàng xuất khẩu theo quy định tại Nghị định 123/2020/NĐ-CP là khi nào?
124612,fold_1,1,1,>100,1.0,1.0,0,Có thể thành lập Văn phòng công chứng với hình thức công ty hợp danh hay không?
89768,fold_4,1,9,1,1.0,1.0,0,Thông báo việc chuyển nhượng Phần vốn góp giữa các nhà đầu tư của quỹ đầu tư khởi nghiệp sáng tạo thế nào?
29096,fold_3,1,4,7,1.0,1.0,0,Ai có quyền quyết định áp dụng biện pháp khẩn cấp tạm thời trước khi mở phiên tòa dân sự?
33538,fold_0,1,23,4,1.0,1.0,0,Xác định xuất xứ hàng hóa khi làm thủ tục hải quan đối với hàng hóa xuất khẩu được thực hiện như thế nào?
134414,fold_2,1,17,11,1.0,1.0,0,Trẻ em dưới 6 tuổi khi điều trị bệnh tại bệnh viện thì được hưởng bao nhiêu phần trăm?
134950,fold_4,1,1,>100,1.0,1.0,0,Để ký kết hợp đồng lao động đơn vị công án nhân dân cần đáp ứng các điều kiện gì?
64898,fold_2,1,9,2,1.0,1.0,0,Điều khiển xe máy chuyên dùng không nhường đường cho xe đi ngược chiều tại nơi đường hẹp bị phạt bao nhiêu tiền?
161250,fold_0,1,49,3,1.0,1.0,0,Chánh Thanh tra Sở Giao thông vận tải được quyền xử phạt hoa tiêu không sử dụng trang phục hoa tiêu theo quy định không?
49146,fold_1,1,40,67,1.0,1.0,0,Trưởng Công an huyện có được ra quyết định xử phạt vi phạm hành chính đối với vi phạm về trang thông tin điện tử hay không?
20338,fold_2,1,1,>100,1.0,1.0,0,"Chi cục hải quan cần hoàn thành việc kiểm tra, giám sát hải quan đối với doanh nghiệp chế xuất trước ngày nào?"
66056,fold_0,1,1,9,1.0,1.0,0,"Tiêu chuẩn chức danh và cơ cấu lao động của cơ quan tham mưu, giúp việc huyện ủy được quy định như thế nào?"
112896,fold_4,1,>100,2,1.0,1.0,0,Trình tự quyết định chủ trương tiếp nhận khoản hỗ trợ ngân sách trung ương cho Chương trình mục tiêu quốc gia gồm các bước nào?
51046,fold_2,1,9,5,1.0,1.0,0,Việc tuyển dụng cán bộ đoàn được quy định như thế nào?
2398,fold_1,1,2,1,1.0,1.0,0,Kết quả kiểm đếm tiền không đủ tiêu chuẩn lưu thông phát hiện có số tiền đủ tiêu chuẩn lưu thông trên tổng số tiền đã kiểm đếm của đợt tiêu hủy vượt quá tỷ lệ thì xử lý như thế nào?
153990,fold_4,1,59,>100,1.0,1.0,0,Kiểm toán nhà nước làm việc theo nguyên tắc nào?
109792,fold_4,1,1,>100,1.0,1.0,0,Trường của cơ quan nhà nước được hiểu như thế nào?
87298,fold_1,1,2,1,1.0,1.0,0,Diện tích tối thiểu được phép tách thửa đất lâm nghiệp và đất thương mại tại Hải Dương từ ngày 14/10/2022?
16448,fold_4,1,1,15,1.0,1.0,0,Năng lực của tổ chức tư vấn lập quy hoạch đô thị sẽ được xác định dựa trên những cơ sở nào?
36880,fold_3,1,1,1,1.0,1.0,0,Thẩm quyền lập dự án tu bổ di tích thuộc về ai?
163490,fold_4,1,75,2,1.0,1.0,0,Sách dành cho trẻ em đã xuất bản nhưng không chú thích độ tuổi cho trẻ em có bị xử phạt hay không?
119272,fold_4,1,21,>100,1.0,1.0,0,Trách nhiệm kiểm tra việc thực hiện kế hoạch công tác của Vụ Pháp chế được quy định ra sao?
144394,fold_4,1,1,20,1.0,1.0,0,Tàu biển Việt Nam có bắt buộc phải do Cục Đăng kiểm Việt Nam thực hiện không?
76510,fold_1,1,1,>100,1.0,1.0,0,Trong quá trình thực hiện giám định tư pháp theo vụ việc trong lĩnh vực bảo hiểm thất nghiệp nếu có phát sinh nội dung mới thì xử lý như thế nào?
135894,fold_1,1,56,21,1.0,1.0,0,"Kinh doanh sản phẩm là bánh kẹo cho trẻ em, nghi ngờ sản phẩm không đảm bảo an toàn thì có quyền được truy xuất nguồn gốc hàng hóa không?"
138102,fold_3,1,7,2,1.0,1.0,0,Tổ chức thăm dò khoáng sản có được chuyển nhượng quyền thăm dò khoáng sản không?
99592,fold_3,1,2,>100,1.0,1.0,0,Quyền hạn của Hội Sinh vật cảnh Việt Nam được quy định như thế nào?
3416,fold_2,1,2,4,1.0,1.0,0,Kiểm toán nhà nước sử dụng cộng tác viên là tổ chức thực hiện các nhiệm vụ gì?
157696,fold_2,1,17,25,1.0,1.0,0,Nhiệm vụ của người lao động công tác trong bộ phận y tế của doanh nghiệp là gì?
77440,fold_3,1,1,21,1.0,1.0,0,Việc tổ chức kiểm kê rừng theo trạng thái do cơ quan nào thực hiện?
87250,fold_1,1,2,>100,1.0,1.0,0,"Khi tham gia vào quan hệ lao động, người lao động có những quyền gì?"
127286,fold_1,1,1,1,1.0,1.0,0,Trường hợp nộp cho các khoản đã có ID khoản phải nộp thì lập Giấy nộp tiền theo mã định danh như thế nào?
166068,fold_0,1,1,>100,1.0,1.0,0,Trung tâm Quy hoạch và Điều tra tài nguyên nước quốc gia có tư cách pháp nhân hay không?
12758,fold_2,1,72,2,1.0,1.0,0,"Ngày Tết dương lịch người lao động có được nghỉ làm việc, hưởng nguyên lương không?"
153794,fold_2,1,2,4,1.0,1.0,0,Trách nhiệm của doanh nghiệp kinh doanh dịch vụ đo đạc và bản đồ bị thu hồi giấy phép như thế nào và được đề nghị cấp giấy phép mới khi nào?
101864,fold_4,1,1,6,1.0,1.0,0,Xác định phạm vi hành lang bảo vệ nguồn nước đối với hồ tự nhiên thế nào?
89486,fold_4,1,1,>100,1.0,1.0,0,Khi được giao làm đại diện chủ sở hữu cho các doanh nghiệp thì Ủy ban Quản lý vốn nhà nước tại doanh nghiệp có nhiệm vụ và quyền hạn gì?
95658,fold_1,1,1,>100,1.0,1.0,0,Tiêu chí phân loại sự cố y khoa hiện nay như thế nào?
92148,fold_2,2,2,1,0.5,0.5,0,Thủ tục cấp sổ đỏ khi mua bán đất bằng giấy viết tay mới nhất thực hiện như thế nào?
9084,fold_2,1,5,>100,1.0,1.0,0,Mức phụ cấp thâm niên được tính như thế nào?
85244,fold_4,1,>100,5,1.0,1.0,0,"Việc hỗ trợ tài chính cho hoạt động tái chế sản phẩm, bao bì được quy định như thế nào?"
158494,fold_0,1,2,7,1.0,1.0,0,Kết quả thi tuyển công chức của Viện kiểm sát được công bố ở đâu?
43482,fold_1,1,6,1,1.0,1.0,0,Khi hoàn trả các khoản thu ngân sách nhà nước qua Kho bạc Nhà nước thì chỉ được hoàn trả bằng tiền mặt đúng không?
163730,fold_4,1,33,1,1.0,1.0,0,"Phát tờ rơi quảng cáo làm ảnh hưởng đến mỹ quan đô thị, trật tự an toàn giao thông, an toàn xã hội, có bị phạt không theo quy định hiện nay?"
33594,fold_0,1,>100,7,1.0,1.0,0,Khi nào thì công ty bị coi là chậm nộp hồ sơ hưởng chế độ thai sản?
5884,fold_3,1,1,1,1.0,1.0,0,"Biên chế công chức giai đoạn 2022-2026 của bộ, cơ quan ngang bộ, cơ quan thuộc Chính phủ, tổ chức do Chính phủ, Thủ tướng chính phủ thành lập mà không phải là đơn vị sự nghiệp công lập?"
23322,fold_1,1,8,3,1.0,1.0,0,Người khởi kiện rút toàn bộ yêu cầu khởi kiện thì Tòa án đình chỉ giải quyết vụ án đúng không?
122676,fold_4,1,6,4,1.0,1.0,0,Pháp luật hiện hành quy định như thế nào về phân phối và sử dụng nguồn đóng góp tự nguyện?
156202,fold_1,1,2,3,1.0,1.0,0,Đấu giá bằng bỏ phiếu gián tiếp
63838,fold_2,1,81,12,1.0,1.0,0,Tiệm xăm sử dụng hình ảnh của khách để quảng cáo có bị xử lý vi phạm hành chính không?
109642,fold_2,1,1,98,1.0,1.0,0,Danh sách thuốc tương đương sinh học có chứng minh tương đương sinh học trong đợt 28 ngày 23 tháng 02 năm 2022
166804,fold_1,1,1,1,1.0,1.0,0,Khung tổ chức của chương trình hành động vùng chống sa mạc hóa tại các vùng Châu Phi được quy định như thế nào?
108836,fold_4,1,6,21,1.0,1.0,0,Người trúng cử vào Hội đồng khoa học Bộ Tư pháp có những quyền lợi và nghĩa vụ gì?
56900,fold_4,1,65,27,1.0,1.0,0,Người lao động tự ý nghỉ thêm dịp lễ 30/4 1/5 và giỗ Tổ Hùng Vương 2023 có bị đuổi việc không?
145666,fold_2,1,7,36,1.0,1.0,0,"Người được cơ quan có thẩm quyền ra quyết định công nhận để kiêm nhiệm thực hiện hoạt động phổ biến, giáo dục pháp luật gọi là gì?"
121268,fold_3,1,2,1,1.0,1.0,0,Thư viện công cộng cấp huyện phải có ít nhất bao nhiêu bản sách và đầu sách?
128850,fold_1,1,2,2,1.0,1.0,0,Bước sang tuổi 40 có bắt buộc phải làm lại thẻ Căn cước công dân không?
136814,fold_0,1,1,1,1.0,1.0,0,Xổ số điện toán 6x36 là loại hình xổ số như thế nào theo quy định pháp luật hiện nay?
151218,fold_4,1,1,>100,1.0,1.0,0,Mức hỗ trợ tiền thuê nhà dành cho người lao động là bao nhiêu?
116982,fold_3,1,1,72,1.0,1.0,0,Phương án chuyển đổi hình thức pháp lý của các tổ chức tín dụng có cần phải có chữ ký của người đại diện hợp pháp của tổ chức tín dụng không?
132634,fold_2,1,>100,1,1.0,1.0,0,Bệnh Sảy thai truyền nhiễm là gì? Có lây sang người không?
13824,fold_2,1,1,>100,1.0,1.0,0,Giáo viên giỏi nhưng lại sinh con thứ ba thì có vi phạm chính sách dân số kế hoạch hóa gia đình không?
102426,fold_4,1,1,1,1.0,1.0,0,"Mục tiêu lập quy hoạch vùng trung du và miền núi phía Bắc thời kỳ 2021 - 2030, tầm nhìn đến năm 2050?"
71812,fold_3,2,1,34,1.0,1.0,0,Hồ sơ hưởng bảo hiểm thất nghiệp hiện nay gồm các giấy tờ gì?
88764,fold_3,1,4,>100,1.0,1.0,0,Bảo vệ các công trình trọng điểm liên quan đến an ninh quốc gia có nằm trong nhiệm vụ bảo vệ an ninh quốc gia không?
119700,fold_3,1,1,>100,1.0,1.0,0,Trình tự thủ tục nhận hỗ trợ tiền thuê nhà được tiến hành như thế nào?
7150,fold_1,1,44,>100,1.0,1.0,0,Xác định giá đất tại nông thôn dựa vào những yếu tố như thế nào?
166036,fold_3,1,>100,62,1.0,1.0,0,Cán bộ tư pháp hộ tịch ở UBND xã sẽ thực hiện những nhiệm vụ gì?
53296,fold_1,1,1,1,1.0,1.0,0,Trường hợp cán bộ phải mang tài liệu mật mang bí mật nhà nước trong ngành Y tế về nhà riêng có cần phải có sự đồng ý của thủ trưởng cơ quan không?
44082,fold_4,1,>100,15,1.0,1.0,0,Xử phạt người nước ngoài khai sai sự thật để làm VISA?
152858,fold_3,1,2,12,1.0,1.0,0,Thời hạn cấp phiếu lý lịch tư pháp trong bao lâu?
63098,fold_3,1,73,1,1.0,1.0,0,Sau khi nhận hồ sơ đăng ký tạm ngừng kinh doanh chi nhánh thì Phòng Đăng ký kinh doanh thực hiện ra sao?
17406,fold_0,1,1,4,1.0,1.0,0,Công tác quản lý chất thải y tế lây nhiễm được thực hiện như thế nào?
165500,fold_1,1,7,78,1.0,1.0,0,"Trình tự, thủ tục thực hiện giảm thuế GTGT 2023"
7884,fold_4,1,3,>100,1.0,1.0,0,Nghĩa vụ của doanh nghiệp đi thuê tài sản cố định thuê tài chính là gì?
109798,fold_4,1,2,2,1.0,1.0,0,Tổ chức bộ máy trong Tòa án theo quy định pháp luật
131370,fold_2,1,1,9,1.0,1.0,0,Quy trình quyết toán ngân sách xã hằng năm được quy định thế nào?
99446,fold_0,1,6,5,1.0,1.0,0,Mức học phí được quy định như thế nào trên cơ sở mức trần học phí?
52404,fold_1,1,1,>100,1.0,1.0,0,Đăng ký cư trú khi sổ hộ khẩu giấy hết hiệu lực sử dụng như thế nào?
152374,fold_3,1,18,1,1.0,1.0,0,Nộp hồ sơ đăng ký nội dung quảng cáo đường ăn kiêng thì bao lâu mới được cấp Giấy xác nhận nội dung quảng cáo?
128860,fold_2,1,39,2,1.0,1.0,0,"Cấp Giấy chứng nhận khai thác cảng hàng không, sân bay có mất phí không?"
115154,fold_1,1,1,28,1.0,1.0,0,Tháng hành động vì trẻ em năm 2023 diễn ra trong thời gian nào?
112376,fold_0,1,1,83,1.0,1.0,0,Ký kết thỏa thuận quốc tế dựa trên những nguyên tắc nào?
31172,fold_4,1,1,67,1.0,1.0,0,"Vụ Các vấn đề chung về xây dựng pháp luật có các nhiệm vụ, quyền hạn như thế nào?"
166748,fold_0,1,>100,4,1.0,1.0,0,"Định nghĩa các thuật ngữ được sử dụng trong Tiêu chuẩn kỹ thuật về cấu trúc mã định danh và định dạng dữ liệu gói tin kết nội chia sẻ dữ liệu giữa các CSDL về cán bộ, công chức, viên chức như thế nào?"
35766,fold_3,2,1,17,1.0,1.0,0,Những đối tượng nào được thăm gặp người bị tạm giữ hình sự?
42914,fold_4,1,18,2,1.0,1.0,0,Người học ngành kiểm nghiệm bột giấy và giấy phải có mức độ tự chủ và trách nhiệm như thế nào?
5584,fold_1,1,2,75,1.0,1.0,0,Thẩm quyền kỷ luật viên chức thuộc về ai?
155416,fold_2,1,4,7,1.0,1.0,0,Phim có sử dụng hiệu ứng đặc biệt tác động đến người xem phim là gì?
10322,fold_4,1,1,2,1.0,1.0,0,"Để được huy động vốn bằng hình thức phát hành trái phiếu, Quỹ đầu tư phát triển địa phương phải đáp ứng điều kiện như thế nào?"
46220,fold_2,2,4,4,1.0,1.0,0,Theo pháp luật hình sự thì thực hiện hành vi hiếp dâm nhưng bị người khác ngăn cản thì có bị truy cứu trách nhiệm hình sự không?
162144,fold_4,1,3,1,1.0,1.0,0,Căn cứ vào yếu tố nào để xét chọn công trình nghiên cứu của nhà khoa học được xét tặng Giải thưởng Y dược học Việt Nam?
16544,fold_1,1,42,7,1.0,1.0,0,Hành vi chậm gửi báo cáo tài chính so với thời hạn quy định sẽ bị phạt bao nhiêu tiền?
56102,fold_1,1,2,>100,1.0,1.0,0,Tạm khóa báo có tài khoản thanh toán được quy định như thế nào?
47440,fold_0,1,1,88,1.0,1.0,0,Muốn trở thành Thừa phát lại phải đáp ứng những yêu cầu nào?
52464,fold_1,1,4,4,1.0,1.0,0,Doanh nghiệp cung cấp dịch vụ T-VAN cần có những điều kiện gì để đảm bảo chất lượng dịch vụ thuế điện tử?
121732,fold_3,1,14,2,1.0,1.0,0,Người phân chia di sản thừa kế theo pháp luật quy định thế nào?
147312,fold_3,2,1,5,0.5,0.5,0,Các điều kiện bảo đảm hoạt động của đại biểu Hội đồng nhân dân quy định như thế nào?
14244,fold_4,1,12,1,1.0,1.0,0,Người học ngành công nghệ sản xuất bột giấy và giấy trình độ cao đẳng sau khi tốt nghiệp phải có kỹ năng ngoại ngữ như thế nào?
3226,fold_1,1,1,1,1.0,1.0,0,Người phát ngôn và cung cấp thông tin cho báo chí của BHXH Việt Nam bao gồm những ai?
158206,fold_1,1,1,>100,1.0,1.0,0,Cục Viễn thông là tổ chức quản lý nhà nước trong lĩnh vực viễn thông và Internet có đúng không?
45484,fold_4,1,2,64,1.0,1.0,0,Yêu cầu kỹ thuật đối với hệ thống thông tin môi trường
60588,fold_1,1,2,86,1.0,1.0,0,Hội đồng tư vấn trong Trung tâm giáo dục thường xuyên được thành lập như thế nào?
161582,fold_0,1,>100,77,1.0,1.0,0,Tiến độ thực hiện phong trào thi đua được quy định như thế nào?
136678,fold_4,1,1,1,1.0,1.0,0,"Doanh nghiệp dịch vụ có thể đưa người lao động Việt Nam đi đào tạo, nâng cao trình độ ở nước ngoài tại cơ sở khác cơ sở tiếp nhận theo hợp đồng không?"
87050,fold_4,2,1,80,1.0,1.0,0,Quản lý và sử dụng kinh phí bảo đảm cho công tác điều ước quốc tế theo nguyên tắc như thế nào?
19612,fold_2,1,6,2,1.0,1.0,0,Viên chức được bổ nhiệm chức danh thẩm kế viên hạng 2 được áp dụng hệ số lương viên chức loại mấy?
36882,fold_3,1,28,11,1.0,1.0,0,Nếu Bên mua sử dụng hóa đơn không hợp pháp để kê khai nhằm tránh đóng thuế thì bị phạt như thế nào?
98142,fold_0,1,23,>100,1.0,1.0,0,Chuyên viên chính về hành chính văn phòng trong cơ quan hành chính nhà nước phải thực hiện những công việc như thế nào?
128526,fold_4,1,18,8,1.0,1.0,0,Hệ thống đường ống bằng kim loại dẫn môi chất có các bộ phận gì?
52880,fold_1,1,3,23,1.0,1.0,0,Khi xây dựng kế hoạch chuyển đổi Phòng công chứng phải đảm bảo thể hiện được những nội dung chủ yếu nào?
84422,fold_3,1,2,2,1.0,1.0,0,"Mẫu Tờ khai đề nghị sửa đổi, bổ sung thông tin đăng ký quốc tịch tàu bay hiện nay là Mẫu nào?"
28234,fold_0,1,6,1,1.0,1.0,0,Các quy định chung về hệ thống chữa cháy bằng bột được thực hiện như thế nào?
31680,fold_1,1,>100,>100,0.0,0.0,0,Ngoài chế độ tiền lương và phụ cấp người lao động đi huấn luyện quân sự còn được hưởng những chính sách nào?
95644,fold_1,1,1,2,1.0,1.0,0,Danh sách 16 quốc gia được Việt Nam chính thức công nhận hộ chiếu vắc xin (tính đến ngày 17/03/2022)
144672,fold_4,1,4,>100,1.0,1.0,0,Hồ sơ đề nghị thanh lý tài sản công gồm những thành phần nào?
69458,fold_3,1,20,1,1.0,1.0,0,Thời hạn giải quyết hồ sơ đối với doanh nghiệp do Nhà nước nắm giữ 100% vốn điều lệ do Thủ tướng Chính phủ quyết định thành lập?
49642,fold_0,1,3,4,1.0,1.0,0,Tổ chức khoá học bồi dưỡng kế toán trưởng cho người nước ngoài khi chưa được Bộ Tài chính chấp thuận thì trường đại học bị xử phạt thế nào?
84158,fold_3,1,>100,>100,0.0,0.0,0,Thời hạn CSGT tạm giữ giấy phép lái xe là bao lâu?
64808,fold_1,1,>100,49,1.0,1.0,0,Hồ sơ đề nghị cấp chứng chỉ hành nghề biên tập bao gồm những gì?
86774,fold_2,2,3,1,1.0,1.0,0,"Cán bộ, công chức khi tham dự tập huấn chuyên môn nghiệp vụ được thực hiện chế độ công tác phí như thế nào?"
87828,fold_1,1,13,1,1.0,1.0,0,"Trưởng Ban Biên tập VTIP báo cáo Trưởng Ban chỉ đạo quốc gia về một cửa quốc gia, một cửa ASEAN về những vấn đề gì?"
70974,fold_1,1,1,>100,1.0,1.0,0,Tiền ảo có được công nhận là một phương tiện thanh toán trong các giao dịch không?
111376,fold_3,1,2,>100,1.0,1.0,0,Cơ quan nào trực tiếp quản lý kỹ thuật mạng máy tính của Bộ Tư pháp?
7118,fold_2,1,1,>100,1.0,1.0,0,Muốn trở thành hòa giải viên thương mại thì cần đáp ứng những điều kiện nào?
20092,fold_1,1,>100,>100,0.0,0.0,0,Phó Chủ tịch Ủy ban nhân dân xã thực hiện những nhiệm vụ nào?
125926,fold_1,1,8,2,1.0,1.0,0,Trong thời gian thử việc lao động nữ mang thai thì công ty có quyền chấm dứt hợp đồng lao động hợp đồng thử việc không?
44116,fold_4,1,1,1,1.0,1.0,0,Thông tin cần có để áp dụng phương pháp chi phí thay thế theo cách tiếp cận từ chi phí trong thẩm định giá tài sản vô hình là những thông tin gì?
158188,fold_2,1,4,77,1.0,1.0,0,Phụ trách kế toán là gì?
104964,fold_2,1,>100,9,1.0,1.0,0,Hồ sơ đăng ký dự thi thăng hạng viên chức theo quy định hiện nay gồm những gì?
22768,fold_4,3,1,9,1.0,1.0,0,Bộ Công thương đề xuất tiếp tục giảm 50% lệ phí trước bạ ô tô?
106662,fold_0,1,2,>100,1.0,1.0,0,Công ty cần chuẩn bị hồ sơ thủ tục xin hỗ trợ chuyển đổi nghề nghiệp cho người lao động bị tai nạn như thế nào?
68538,fold_1,1,2,2,1.0,1.0,0,Mẫu đơn đề nghị cấp đổi chứng chỉ thẩm tra viên an toàn giao thông đường bộ theo quy định hiện nay?
147106,fold_0,2,1,1,1.0,1.0,0,Nếu chức vị người đứng đầu cơ quan đại diện ngoại giao bị khuyết thì đại biện lâm thời có thể tạm thời là người đứng đầu cơ quan này không?
110078,fold_4,1,4,2,1.0,1.0,0,Phải đến cơ quan nào để làm giấy đăng ký kết hôn?
97854,fold_4,1,1,60,1.0,1.0,0,Giấy xác nhận nhân thân lai lịch không có tiền án tiền sự là phiếu lý lịch tư pháp số mấy?
2668,fold_4,1,3,73,1.0,1.0,0,Những hành vi nào bị nghiêm cấm trong lĩnh vực ưu đãi người có công với cách mạng?
123356,fold_3,1,1,8,1.0,1.0,0,Phạm vi được hưởng của người tham gia bảo hiểm y tế như thế nào?
72456,fold_0,1,80,3,1.0,1.0,0,Thời gian làm việc để tính ngày nghỉ hằng năm được quy định như thế nào?
167468,fold_0,1,5,3,1.0,1.0,0,Hành vi cơi nới nhà chung cư có phải là hành vi vi phạm pháp luật hay không?
139294,fold_2,1,1,1,1.0,1.0,0,Nhiệm vụ của Liên đoàn Điền kinh Việt Nam được quy định thế nào?
130830,fold_0,1,17,1,1.0,1.0,0,Bên nhận thế chấp có quyền chấm dứt việc đầu tư vào tài sản thế chấp của bên thế chấp hay không?
12612,fold_2,1,2,1,1.0,1.0,0,Đối tượng nào được nhận hỗ trợ chi phục hồi chức năng và phẫu thuật chỉnh hình theo Chương trình trợ giúp người khuyết tật?
163706,fold_2,1,4,3,1.0,1.0,0,Để kiểm tra tình trạng bệnh ở tôm thẻ chân trắng thì cần phải lấy bao nhiêu cá thể nhiễm bệnh để tính hành chẩn đoán?
97092,fold_1,1,1,1,1.0,1.0,0,Nguồn thu của Quỹ Ngôi nhà cộng đồng gồm những nguồn nào?
143610,fold_0,1,21,1,1.0,1.0,0,"Không thông báo Bộ Tài chính khi hoạt động trở lại sau thời gian tạm ngừng kinh doanh, doanh nghiệp kiểm toán có bị xử phạt?"
143254,fold_1,1,12,92,1.0,1.0,0,"Thành phần, số lượng hồ sơ xin cấp lại giấy phép bưu chính khi mất hoặc hư hỏng bao gồm những gì?"
168242,fold_2,1,1,100,1.0,1.0,0,Các trường hợp nào được miễn tiền sử dụng đất?
13156,fold_0,1,86,64,1.0,1.0,0,Con có học được các trường trung học cơ sở tại Việt Nam khi mẹ là người Việt Nam không hay phải học theo hệ đào tạo quốc tế?
136676,fold_1,1,36,16,1.0,1.0,0,Pháp luật quy định gì về nguyên tắc bồi thường thiệt hại?
152234,fold_1,1,2,2,1.0,1.0,0,Chế độ ăn của người bị tạm giam trong vụ án hình sự do ai có thẩm quyền quyết định?
61798,fold_0,1,>100,47,1.0,1.0,0,Thực hiện điều chỉnh giá trị quyền sử dụng đất để hạch toán trong các trường hợp nào?
61392,fold_1,1,2,39,1.0,1.0,0,"Cơ quan nào có trách nhiệm thu phí tuyển dụng, dự thi nâng ngạch, thăng hạng công chức, viên chức?"
82586,fold_3,1,1,11,1.0,1.0,0,Sát hạch viên của Hội đồng sát hạch hàng không cần đáp ứng các tiêu chuẩn nào?
154252,fold_1,1,4,1,1.0,1.0,0,Thời hạn lĩnh thưởng xổ số điện toán là bao lâu?
118648,fold_1,1,16,>100,1.0,1.0,0,Để được cấp chứng chỉ hành nghề bác sĩ thì cần phải thực hiện thủ tục xin cấp chứng chỉ như thế nào?
54438,fold_2,1,23,15,1.0,1.0,0,Chẩn đoán di chứng đối với bệnh nghề nghiệp COVID-19 được Bộ Y tế hướng dẫn ra sao?
41314,fold_2,1,18,1,1.0,1.0,0,Phó Viện trưởng Viện kiểm sát nhân dân tối cao có được phép tham gia phiên họp để xem xét kiến nghị của Hội đồng Thẩm phán Tòa án nhân dân tối cao trong vụ án hình sự không?
61588,fold_4,1,15,1,1.0,1.0,0,Tiêu chí về phát triển năng lực nghề nghiệp cho người học chuẩn về nghiệp vụ của nhà giáo dạy trình độ trung cấp?
39356,fold_4,1,3,10,1.0,1.0,0,Đối tượng nào phải đăng ký mã số thuế?
66874,fold_1,1,1,1,1.0,1.0,0,Chất lượng của măng tây tươi cần phải đáp ứng các yêu cầu tối thiểu nào?
144134,fold_1,1,2,1,1.0,1.0,0,Trình tự cấp lại giấy phép của cơ sở sửa chữa và bảo dưỡng các trang thiết bị của phương tiện bay siêu nhẹ hết thời hạn sử dụng thực hiện như thế nào?
82566,fold_2,1,1,3,1.0,1.0,0,Quỹ Phát triển doanh nghiệp nhỏ và vừa phải đảm bảo hồ sơ tiếp nhận tài trợ thể hiện được những nội dung chủ yếu nào?
160646,fold_3,1,1,>100,1.0,1.0,0,Công an xã là gì?
46592,fold_1,1,3,1,1.0,1.0,0,Trong Lễ tang cán bộ Quân đội đã thôi giữ chức vụ Tư lệnh Bộ đội Biên phòng thì linh cửu cán bộ này có được phủ Quốc kỳ không?
159140,fold_2,1,1,8,1.0,1.0,0,Doanh nghiệp có thể tự xây dựng biểu mẫu sổ kế toán cho mình không?
129164,fold_2,1,6,5,1.0,1.0,0,Trường hợp nào khám bảo hiểm y tế đúng tuyến nhưng không được bảo hiểm chi trả chi trả chi phí khám chữa bệnh?
66982,fold_4,1,10,1,1.0,1.0,0,Các bên nào liên quan đến hợp đồng vận chuyển hàng hóa bằng đường biển?
144234,fold_1,1,11,14,1.0,1.0,0,"Doanh nghiệp đầu tư, xây dựng nhà ở xã hội như thế nào?"
66376,fold_0,1,1,1,1.0,1.0,0,Được cấp giấy chứng nhận đăng ký thành lập nhưng cơ sở trợ giúp xã hội chưa nộp hồ sơ đề nghị cấp giấy phép hoạt động cho cơ quan có thẩm quyền thì có bị thu hồi giấy chứng nhận không?
123930,fold_4,1,1,2,1.0,1.0,0,Kiểm toán viên hành nghề không được chấp thuận kiểm toán cho đơn vị có lợi ích công chúng trong những trường hợp nào?
52282,fold_0,1,5,>100,1.0,1.0,0,Hồ sơ đăng ký hợp đồng theo mẫu đối với người tiêu dùng bao gồm những tài liệu gì?
158382,fold_2,1,2,1,1.0,1.0,0,Khi vận hành khai thác cầu giao thông nông thôn phải cắm những biển báo nào nếu cho phép ô tô đi qua?
159014,fold_0,3,4,6,1.0,1.0,0,Kết luận thanh tra chuyên ngành nông nghiệp và phát triển nông thôn gồm những nội dung gì?
56086,fold_0,1,1,1,1.0,1.0,0,"Tổ chức khoa học và công nghệ, đào tạo, giáo dục nghề nghiệp về lâm nghiệp được Nhà nước giao khu rừng nghiên cứu, thực nghiệm khoa học có nghĩa vụ gì?"
120000,fold_4,1,12,4,1.0,1.0,0,Khi có thiết lập mới về báo hiệu hàng hải có cần phải thông báo hàng hải không?
110892,fold_0,1,2,1,1.0,1.0,0,Đối tượng nào được sử dụng thông tin dữ liệu về hoạt động khắc phục hậu quả bom mìn vật nổ sau chiến tranh ở Việt Nam?
33180,fold_0,1,34,8,1.0,1.0,0,Thời hiệu xử phạt vi phạm hành chính đối với doanh nghiệp không làm thủ tục đề nghị cấp lại Giấy phép thiết lập mạng xã hội khi bị mất là bao lâu?
46112,fold_1,1,17,2,1.0,1.0,0,"Trình tự, thủ tục cấp lại Chứng chỉ đăng kiểm viên xe cơ giới trường hợp hết thời hạn hiệu lực được thực hiện như thế nào?"
53214,fold_4,1,2,9,1.0,1.0,0,Phổ biến phim là gì?
50498,fold_4,1,69,7,1.0,1.0,0,Việc chỉ đạo thực hiện dự án phát triển giáo dục mầm non có phải thuộc thẩm quyền của Chủ tịch Ủy ban nhân dân cấp huyện không?
7392,fold_1,1,7,30,1.0,1.0,0,Sàm sỡ người khác có thể bị truy cứu trách nhiệm hình sự không?
140004,fold_0,1,3,2,1.0,1.0,0,Quy định chính sách ưu tiên trong tuyển sinh ngành Giáo dục Mầm non như thế nào?
29528,fold_3,1,5,44,1.0,1.0,0,"Quy định về xử lý vi phạm về thi đua, khen thưởng?"
59480,fold_0,1,4,5,1.0,1.0,0,Đề nghị các doanh nghiệp thực hiện đúng thẩm quyền của Đại hội đồng cổ đông?
56546,fold_0,1,2,>100,1.0,1.0,0,"Nguyên tắc lấy phiếu tín nhiệm, bỏ phiếu tín nhiệm được quy định như thế nào?"
132374,fold_0,1,2,>100,1.0,1.0,0,"Trách nhiệm của cơ sở khám bệnh, chữa bệnh như thế nào?"
37204,fold_3,1,2,11,1.0,1.0,0,"Tổ chức, cá nhân hành nghề thú y có quyền và nghĩa vụ như thế nào?"
17222,fold_4,1,12,2,1.0,1.0,0,Trợ lý đạo diễn chương trình nghệ thuật ca múa nhạc trình diễn trong nhà được hưởng thù lao như thế nào?
143226,fold_4,1,1,1,1.0,1.0,0,"Giấy chứng nhận đăng ký đầu tư dự án khu dịch vụ, du lịch và vui chơi giải trí tổng hợp có casino được cấp trong trường hợp nào?"
51882,fold_0,1,1,>100,1.0,1.0,0,Xe máy chuyên dùng trong sân bay thuộc Bộ Quốc phòng bao lâu thì phải được kiểm định lại?
29194,fold_3,1,80,2,1.0,1.0,0,"Nghĩa vụ cung cấp tài liệu, chứng cứ của cơ quan, tổ chức, cá nhân có thẩm quyền được quy định như thế nào?"
93718,fold_1,1,>100,1,1.0,1.0,0,Hoạt động nào được phép thực hiện tại phân khu dịch vụ - hành chính của khu bảo tồn biển?
129318,fold_3,1,15,80,1.0,1.0,0,Công ty không cho người lao động nghỉ không hưởng lương thì sẽ bị xử phạt vi phạm hành chính thế nào?
51188,fold_4,1,>100,>100,0.0,0.0,0,Các hội có tính chất đặc thù ở xã được xác định dựa trên cơ sở nào?
56700,fold_0,1,5,8,1.0,1.0,0,Ai có thể được mời tham dự kỳ họp Quốc hội?
109876,fold_1,1,1,1,1.0,1.0,0,Biện pháp tự vệ chuyển tiếp nào có thể áp dụng và thời hạn áp dụng theo quy định của Hiệp định RCEP là bao lâu?
73050,fold_4,1,26,1,1.0,1.0,0,Chủ sở hữu quyền sử dụng giống cây trồng bắt buộc chuyển giao quyền này trong trường hợp nào?
153914,fold_2,1,1,1,1.0,1.0,0,Người mua trong hợp đồng mua bán hàng hóa quốc tế đã mất quyền tuyên bố hủy hợp đồng thì có mất quyền sử dụng biện pháp bảo hộ pháp lý khác mà họ có theo hợp đồng không?
147374,fold_1,1,1,>100,1.0,1.0,0,Việc bán tài sản trên đất của doanh nghiệp được thực hiện trong những trường hợp quy định nào?
82338,fold_4,1,1,1,1.0,1.0,0,"Trước mỗi phiên đấu thầu nghiệp vụ thị trường mở, Ngân hàng Nhà nước có cần phải thông báo mua hoặc bán giấy tờ có giá cho các thành viên không?"
20954,fold_1,1,15,1,1.0,1.0,0,Hồ sơ yêu cầu rà soát biện pháp chống bán phá giá theo đề nghị của bên liên quan bao gồm những gì và được nộp khi nào?
166246,fold_4,1,21,3,1.0,1.0,0,Người lợi dụng chức vụ phạm tội tha trái pháp luật người bị bắt về tội phạm đặc biệt nghiêm trọng nhưng có thành tích xuất sắc trong chiến đấu thì có được giảm nhẹ trách nhiệm hình sự không?
136726,fold_0,1,1,4,1.0,1.0,0,Quy định trang thiết bị y tế tham dự thầu phải được cung cấp bởi tổ chức nào mới hợp lệ?
12136,fold_1,1,6,1,1.0,1.0,0,Hồ sơ đăng ký niêm yết chứng khoán của tổ chức phát hành tại Việt Nam gồm những giấy tờ nào?
62884,fold_4,1,15,3,1.0,1.0,0,Người tổ chức cho người khác nhập cảnh trái phép vào Việt Nam là phụ nữ mang thai thì được hoãn chấp hành hình phạt tù không?
53118,fold_4,1,1,9,1.0,1.0,0,Tài liệu chứng minh chủ thể quyền sở hữu trí tuệ là gì?
147278,fold_4,1,16,1,1.0,1.0,0,Sinh phẩm và vật tư tiêu hao trong xét nghiệm sàng lọc HIV tại cơ sở y tế sử dụng như thế nào để đảm bảo chất lượng xét nghiệm?
34060,fold_4,1,1,58,1.0,1.0,0,"Hình thức đấu giá, phương thức đấu giá như thế nào?"
57044,fold_1,1,2,6,1.0,1.0,0,"Thủ tục kiểm tra, thanh tra và xác nhận đã khắc phục xong hậu quả vi phạm hành chính đối với cá nhân, tổ chức bị tước quyền sử dụng giấy phép môi trường?"
110426,fold_1,1,>100,7,1.0,1.0,0,Nếu hết thời gian tạm ngừng phiên tòa mà lý do tạm ngừng phiên tòa vẫn còn thì có được tiếp tục gia hạn thời gian tạm ngừng phiên tòa không?
145086,fold_1,1,20,1,1.0,1.0,0,Trường hợp gây rối trật tự tại cảng hàng không sân bay thì người sử dụng thẻ sẽ bị thu hồi thẻ có đúng không?
3798,fold_4,1,2,2,1.0,1.0,0,Thẩm phán có phải từ chối tiến hành tố tụng hành chính khi có mối quan hệ thân thiết với đương sự trong vụ án hành chính không?
164650,fold_3,2,1,1,1.0,1.0,0,Ủy ban Olympic Việt Nam là gì?
28540,fold_0,1,16,8,1.0,1.0,0,Hồ sơ tách doanh nghiệp bao gồm những giấy tờ gì?
97458,fold_3,1,>100,1,1.0,1.0,0,Người chưa thành niên nơi cư trú được quy định thế nào?
87930,fold_2,1,6,15,1.0,1.0,0,"Quyền tác giả, quyền liên quan đến quyền tác giả là gì?"
143426,fold_4,1,1,5,1.0,1.0,0,Hồ sơ di chuyển đăng ký xe máy chuyên dùng gồm những gì?
98102,fold_2,1,1,1,1.0,1.0,0,Hiệp hội Câu cá thể thao Việt Nam là tổ chức gì?
133788,fold_4,1,1,1,1.0,1.0,0,Thời hạn của bảo hiểm bắt buộc trách nhiệm dân sự đối với xe mô tô 2 bánh là bao lâu?
154042,fold_2,1,1,4,1.0,1.0,0,"Cảnh sát giao thông có nhiệm vụ gì trong việc tuần tra, kiểm soát giao thông?"
9502,fold_0,2,2,1,1.0,1.0,0,Hướng dẫn viên du lịch quốc tế cần phải đảm bảo về điều kiện ngoại ngữ ra sao?
165720,fold_0,1,83,6,1.0,1.0,0,Sửa biển số xe ô tô thành biển lộc phát tài xế có thể bị xử phạt hành chính lên đến 10 triệu đồng đúng không?
33062,fold_4,1,5,7,1.0,1.0,0,Người bị kết án được hoãn thi hành án tử hình trong những trường hợp nào?
46870,fold_3,1,1,17,1.0,1.0,0,Người nước ngoài có được phép tham gia thi cấp chứng chỉ hành nghề môi giới bất động sản?
32152,fold_4,2,2,7,1.0,1.0,0,Trách nhiệm báo cáo thống kê về lồng ghép vấn đề bình đẳng giới trong xây dựng văn bản quy phạm pháp luật thế nào?
83278,fold_0,1,1,15,1.0,1.0,0,"Công tác thiết kế, xây dựng đường đô thị phải tuân thủ những yêu cầu nào?"
6748,fold_1,1,39,43,1.0,1.0,0,"Trách nhiệm của viên chức, đơn vị sử dụng viên chức trong việc cử viên chức đi đào tạo bồi dưỡng là gì?"
20360,fold_1,1,29,4,1.0,1.0,0,Trách nhiệm bồi thường tổn thất của dịch vụ logistic như thế nào?
2078,fold_3,1,13,1,1.0,1.0,0,Diện tích đất tối thiểu được phép tách thửa đối với đất nông nghiệp tách thửa để chuyển mục đích sang đất phi nông nghiệp không phải là đất ở tại địa bàn tỉnh Sơn La?
77368,fold_4,1,3,1,1.0,1.0,0,Người được đào tạo nghề Thừa phát lại ở nước ngoài có phải tập sự hành nghề thừa phát lại hay không?
95086,fold_0,1,>100,3,1.0,1.0,0,Việc công bố thủ tục hành chính mới ban hành có nhất thiết phải công bố công khai không?
2548,fold_4,1,1,39,1.0,1.0,0,Nguyên tắc hoạt động dịch vụ kiểm định xe cơ giới?
33514,fold_4,2,2,1,1.0,1.0,0,Có yêu cầu bắt buộc trình độ đại học đối với người hành nghề dịch vụ giám định công nghệ hạt nhân?
137460,fold_4,1,>100,1,1.0,1.0,0,Trường hợp vi phạm quy định về địa điểm tổ chức thi chứng chỉ ngoại ngữ nước ngoài thì việc liên kết tổ chức kỳ thi có bị chấm dứt hoạt động không?
42250,fold_0,1,9,1,1.0,1.0,0,Văn bản đến của Bộ Giáo dục và Đào tạo được đăng ký tại Văn thư cơ quan khi nào?
59432,fold_3,1,1,>100,1.0,1.0,0,Việc thay đổi tên trong Giấy khai sinh có làm ảnh hưởng đến các giấy tờ khác không?
32988,fold_2,1,21,98,1.0,1.0,0,Những trường hợp được coi là đình công bất hợp pháp
96716,fold_3,1,>100,>100,0.0,0.0,0,Kinh phí thực hiện đề án tuyên truyền nhằm hoàn thành các chỉ tiêu phát triển đối tượng tham gia BHXH như thế nào?
38256,fold_3,1,1,96,1.0,1.0,0,Kế toán trưởng là ai?
129648,fold_0,1,2,5,1.0,1.0,0,Che giấu tội phạm sẽ bị phạt tù bao nhiêu năm?
112388,fold_4,1,1,>100,1.0,1.0,0,Trường hợp người thuộc lực lượng Cảnh vệ đủ điều kiện hưởng ở nhiều mức hưởng phụ cấp đặc thù khác nhau thì giải quyết thế nào?
69352,fold_0,1,>100,2,1.0,1.0,0,Phó chỉ huy trưởng Ban chỉ huy quân sự xã có được miễn nhiệm khi thay đổi vị trí công tác hay không?
19688,fold_3,1,1,12,1.0,1.0,0,"Trường hợp trường học thuộc hệ thống giáo dục quốc dân vi phạm các quy định về bảo đảm an ninh chính trị, trật tự an toàn xã hội thì xử lý thế nào?"
65574,fold_2,1,7,1,1.0,1.0,0,Người mắc bệnh đậu mùa khỉ ở giai đoạn đầu có những triệu chứng lâm sàng nào để có thể nhận biết không?
15546,fold_1,1,1,4,1.0,1.0,0,Thành viên Ủy ban Quốc gia về người cao tuổi Việt Nam đi công tác thì có cần báo cáo Chủ tịch Ủy ban Quốc gia không?
126116,fold_3,1,4,3,1.0,1.0,0,Viên chức được điều động sang vùng có điều kiện kinh tế xã hội đặc biệt khó khăn có được hưởng phụ cấp thu hút không?
113344,fold_0,1,2,10,1.0,1.0,0,Phó hiệu trưởng trường trung cấp công lập có nhiệm kỳ bao nhiêu năm?
17144,fold_0,1,1,1,1.0,1.0,0,Nhân viên phục vụ riêng của viên chức lãnh sự sẽ được miễn mọi nghĩa vụ về giấy phép lao động theo quy định của Nước tiếp nhận trong trường hợp nào?
53636,fold_1,1,58,9,1.0,1.0,0,Tàu bay được phép nổ máy thử động cơ khi nào?
43208,fold_3,1,7,1,1.0,1.0,0,Thực hiện tương trợ tư pháp và hợp tác trong dẫn độ tội phạm rửa tiền như thế nào?
12572,fold_0,1,>100,5,1.0,1.0,0,Nhà thờ chung của cả dòng họ được pháp luật quy định như thế nào?
51426,fold_4,1,9,16,1.0,1.0,0,"Trình tự, thủ tục giải quyết tranh chấp hợp đồng thi công xây dựng?"
42568,fold_0,1,1,1,1.0,1.0,0,Tài khoản sử dụng Hệ thống thông tin quản lý phổ cập giáo dục xóa mù chữ của cấp tỉnh do cơ quan nào cấp?
108234,fold_2,1,5,7,1.0,1.0,0,Vận động viên thể thao thành tích cao có những quyền gì?
159094,fold_1,2,1,28,0.5,0.5,0,Đề xuất bổ sung quy định mới về gia hạn thời hạn bảo vệ bí mật nhà nước trong lĩnh vực kế hoạch đầu tư?
65296,fold_4,1,62,12,1.0,1.0,0,Quy định về kế hoạch bảo trì công trình xây dựng?
84776,fold_3,2,1,1,1.0,1.0,0,Giấy chứng nhận đăng ký doanh nghiệp có người đại diện theo pháp luật là người nước ngoài thì có thông tin nào?
136112,fold_4,2,3,1,1.0,1.0,0,Tổ chức tín dụng và khách hàng có quyền thỏa thuận về lãi suất?
35188,fold_2,1,2,13,1.0,1.0,0,Phòng đào tạo và quản lý sinh viên học giáo dục quốc phòng và an ninh sẽ có chức năng gì?
157088,fold_0,1,1,1,1.0,1.0,0,Hồ sơ đề nghị tặng thưởng Huân chương Hồ Chí Minh trong Quân đội nhân dân như thế nào?
161918,fold_1,1,32,2,1.0,1.0,0,Điều kiện tiến hành hoạt động cung cấp dịch vụ chứng thực hợp đồng điện tử là gì?
142740,fold_4,1,30,8,1.0,1.0,0,"Cán bộ, công chức nghỉ hưu thì có bị xử lý kỷ luật nữa hay không?"
162486,fold_4,1,8,>100,1.0,1.0,0,Khi tổ chức kỷ niệm ngày Truyền thống lực lượng Thanh niên xung phong cần đảm bảo những nguyên tắc gì?
27396,fold_2,1,1,12,1.0,1.0,0,"Nhiệm vụ phải thực hiện trong Đề án về những nhiệm vụ, giải pháp triển khai kết quả Hội nghị lần thứ 26 các bên tham gia Công ước khung?"
74338,fold_0,1,9,>100,1.0,1.0,0,Mẫu Đơn rút yêu cầu trợ giúp pháp lý mới nhất 2023 ra sao?
80844,fold_2,2,3,1,1.0,1.0,0,Cơ quan tiến hành tố tụng hình sự ra quyết định trưng cầu giám định bổ sung có phải nộp tiền tạm ứng và thanh toán chi phí giám định không?
122030,fold_4,1,2,1,1.0,1.0,0,"Việc tạm đình chỉ việc thực hiện nhiệm vụ, công vụ được giao của người có xung đột lợi ích trong cơ quan, tổ chức, đơn vị khu vực nhà nước được quy định như thế nào?"
156188,fold_0,1,7,4,1.0,1.0,0,Công dân có thể đến dự thính kỳ họp Quốc hội không?
76484,fold_3,1,2,17,1.0,1.0,0,Cách làm đơn đề nghị hưởng phụ cấp thâm niên trong lương hưu đối với nhà giáo đang hưởng lương hưu như thế nào?
73966,fold_2,1,1,81,1.0,1.0,0,Tư cách hợp lệ của nhà thầu được xác định dựa trên những tiêu chí nào?
54550,fold_0,1,10,2,1.0,1.0,0,Thủ tục điều chỉnh dự án đầu tư đã được cấp Giấy chứng nhận đăng ký đầu tư và không thuộc diện chấp thuận điều chỉnh chủ trương đầu tư được thực hiện như thế nào?
108172,fold_2,1,1,2,1.0,1.0,0,Quỹ Giải thưởng tài năng nữ Việt Nam có tư cách pháp nhân và có được mở tài khoản tại Ngân hàng không?
22660,fold_3,1,1,>100,1.0,1.0,0,Người có trách nhiệm nộp phí thi hành án dân sự trong thời hạn nào?
14890,fold_3,2,10,1,1.0,1.0,0,Bổ sung quy định về trả nợ gốc và lãi với khoản vay quá hạn?
516,fold_4,1,3,>100,1.0,1.0,0,Nguồn kinh phí để chi trả chế độ phụ cấp trách nhiệm theo nghề đối với Viện trưởng VKSNDTC như thế nào?
137714,fold_3,1,21,2,1.0,1.0,0,Ra đường không mang theo căn cước công dân thì bị tạm giữ có đúng không?
134070,fold_1,2,1,7,1.0,1.0,0,Để được thành lập đơn vị sự nghiệp công lập thuộc lĩnh vực văn hóa thì phải đáp ứng những điều kiện gì?
18206,fold_1,1,16,1,1.0,1.0,0,Tuyển dụng giáo viên có trình độ về chữ nổi Braille có phải là một trong những biện pháp giúp các quốc gia thực hiện quyền giáo dục của người khuyết tật không?
144314,fold_0,1,1,13,1.0,1.0,0,Thư ký Hội đồng trường trường trung cấp chuyên nghiệp thuộc Bộ Nông nghiệp và Phát triển nông thôn có nhiệm vụ như thế nào?
44994,fold_4,2,3,7,1.0,1.0,0,Người câm điếc bẩm sinh thì có được lái xe máy hạng A1 không?
159722,fold_2,1,5,1,1.0,1.0,0,Phẫu thuật kết hợp xương gãy cổ xương bả vai khi nào thì được chỉ định cho người bệnh?
132704,fold_2,1,3,>100,1.0,1.0,0,Việc sử dụng hộ chiếu ngoại giao được quy định như thế nào?
75378,fold_4,1,9,>100,1.0,1.0,0,Cơ sở vật chất để phục vụ cho hoạt động thể thao của đại học quốc gia gồm những gì?
16942,fold_4,1,>100,55,1.0,1.0,0,Người giám định là ai?
66398,fold_4,1,1,1,1.0,1.0,0,Hội Trí thức Khoa học và Công nghệ trẻ Việt Nam có những quyền hạn nào?
20054,fold_1,1,>100,2,1.0,1.0,0,Số liệu của mạng lưới trọng lực quốc gia được thiết lập lại trong trường hợp nào?
115668,fold_3,2,2,13,1.0,1.0,0,Nội dung chương trình môn học Giáo dục thể chất của các trường trung học phổ thông do ai ban hành?
59850,fold_0,1,2,14,1.0,1.0,0,"Mức xử phạt dành cho hành vi cản trở hoạt động quản lý nhà nước, thanh tra, kiểm tra, xử phạt vi phạm hành chính về bảo vệ môi trường?"
45870,fold_2,1,2,32,1.0,1.0,0,Hội đồng Chính sách khoa học và công nghệ quốc gia là gì?
5562,fold_4,2,1,16,1.0,1.0,0,Hồ sơ cho việc đăng ký thường trú bao gồm những giấy tờ nào?
151466,fold_3,1,2,1,1.0,1.0,0,"Trong thi đấu thể thao, người chơi chửi bới tiến tới đánh nhau gây chấn thương đối thủ thì bị phạt bao nhiêu tiền?"
92486,fold_2,1,1,4,1.0,1.0,0,Mức phí đăng ký thế chấp quyền sử dụng đất từ 01/6/2023 tại TPHCM là bao nhiêu?
117580,fold_1,2,1,6,1.0,1.0,0,Ai được phép thăm gặp người bị tạm giam theo quy định hiện nay?
111636,fold_0,1,1,22,1.0,1.0,0,Vụ Tài chính hành chính sự nghiệp thuộc Bộ Tài chính có nhiệm vụ gì trong việc lập dự toán ngân sách nhà nước?
28926,fold_4,1,4,10,1.0,1.0,0,Người không cung cấp thông tin an ninh hàng hải cho cơ quan có thẩm quyền bị xử phạt như thế nào?
80538,fold_2,1,5,36,1.0,1.0,0,Cơ quan thi hành án dân sự cấp quân khu có những nhiệm vụ và quyền hạn gì?
16508,fold_0,1,4,30,1.0,1.0,0,"Trong quá trình thực hiện kiểm toán, nếu có phát sinh cần thay đổi, bổ sung Kế hoạch kiểm toán chi tiết thực hiện như thế nào?"
142180,fold_3,1,1,5,1.0,1.0,0,Có những mẫu báo cáo sự cố y khoa nào?
90008,fold_3,1,15,12,1.0,1.0,0,"Hợp đồng mua bán công trình xây dựng có phải thực hiện công chứng, chứng thực hay không?"
32686,fold_0,1,1,17,1.0,1.0,0,Thi bằng lái xe hạng D hiện nay thì cần đảm bảo các điều kiện về sức khỏe như thế nào?
45972,fold_0,1,2,9,1.0,1.0,0,Mức đóng và phương thức đóng tham gia bảo hiểm xã hội tự nguyện đối với người lao động
82832,fold_0,1,1,>100,1.0,1.0,0,Nguyên tắc bảo vệ môi trường là gì?
76292,fold_2,1,7,5,1.0,1.0,0,Cổng thông tin đăng ký doanh nghiệp quốc gia có chức năng gì?
140748,fold_4,1,1,1,1.0,1.0,0,"Điểm kiểm tra, đánh giá chất lượng bệnh viện năm 2022-2023 được tính như thế nào?"
75512,fold_3,1,4,3,1.0,1.0,0,Tổ chức kinh tế được Nhà nước giao rừng phòng hộ có nghĩa vụ như thế nào?
133868,fold_3,1,11,1,1.0,1.0,0,Triển khai chiến dịch tiêm vắc xin phòng Covid-19 cho trẻ em từ 5 đến dưới 12 tuổi trên toàn quốc từ quí II/2022
1792,fold_4,1,>100,9,1.0,1.0,0,Giấy xác nhận của trưởng thôn từ năm 1988 có được làm căn cứ để xác định việc sử dụng ổn định thửa đất hay không?
11120,fold_4,2,4,1,1.0,1.0,0,Doanh nghiệp đã đóng góp vào Quỹ phát triển khoa học và công nghệ cấp tỉnh có được yêu cầu Quỹ hỗ trợ kinh phí thực hiện nhiệm vụ khoa học công nghệ?
130174,fold_1,1,3,11,1.0,1.0,0,Bảo vệ biên giới quốc gia bao gồm có những hình thức nào?
136450,fold_1,1,>100,3,1.0,1.0,0,Chất xếp hàng hóa xuống tàu bay trong ngành hàng không thì nhân viên phải đảm bảo khoảng cách như thế nào?
33154,fold_4,1,1,2,1.0,1.0,0,"Tài nguyên thông tin được hợp tác trong thu thập, bổ sung và sử dụng trong các thư viện có bao gồm tài liệu đặc biệt cho người khuyết tật không?"
120094,fold_4,1,1,2,1.0,1.0,0,Kiểm định chất lượng giáo dục nghề nghiệp đối với cơ sở đào tạo trình độ trung cấp thì có thể dùng những nguồn minh chứng nào đối với tiêu chuẩn 2 trong tiêu chí chương trình đào tạo?
43260,fold_2,1,4,>100,1.0,1.0,0,Những đối tượng nào được hưởng chế độ bồi dưỡng giám định tư pháp?
10784,fold_2,2,4,3,1.0,1.0,0,Người lao động có bị chấm dứt hưởng trợ cấp thất nghiệp khi có việc làm trong trường hợp đăng ký chủ hộ kinh doanh không?
51336,fold_0,1,2,78,1.0,1.0,0,Căn cứ để xác định tiền phí thẩm định dự án đầu tư xây dựng được quy định như thế nào?
47466,fold_1,1,6,12,1.0,1.0,0,Tự ý lặn kiểm tra chân vịt khi tàu neo đậu trong cảng biển bị xử phạt như thế nào?
18212,fold_3,1,2,4,1.0,1.0,0,"Giám định viên Hội đồng Giám định y khoa có nhiệm vụ, quyền hạn như thế nào?"
148396,fold_3,1,1,>100,1.0,1.0,0,Trường hợp pháp luật chuyên ngành có quy định về đặc thù của tài sản bảo đảm thì ưu tiên áp dụng luật nào để xử lý tài sản bảo đảm?
53086,fold_4,2,58,98,1.0,1.0,0,Điều kiện để được cấp Giấy chứng nhận đăng ký hộ kinh doanh theo quy định hiện nay là gì?
4928,fold_4,1,12,3,1.0,1.0,0,Hồ sơ nhập học lớp 10 năm học 2023-2024 tại Hà Nội gồm những gì?
75962,fold_1,1,50,65,1.0,1.0,0,Hủy tư cách công ty đại chúng được quy định như thế nào?
161466,fold_3,1,20,1,1.0,1.0,0,"Trưởng ban và các thành viên Ban kiểm tra, sát hạch có nhiệm vụ quyền hạn và trách nhiệm gì đối với kỳ tuyển dụng công chức?"
85144,fold_2,1,78,>100,1.0,1.0,0,Nhiệm vụ của công chức Tư pháp hộ tịch cấp xã là gì?
7586,fold_0,1,1,11,1.0,1.0,0,Hội đồng Thi đua Khen thưởng Trung ương thực hiện nhiệm vụ gì?
102068,fold_2,1,1,1,1.0,1.0,0,Nguyên tắc xuất khẩu sản phẩm thuốc lá nhằm mục đích thương mại là gì?
117466,fold_1,1,79,16,1.0,1.0,0,Hợp đồng thử việc bao gồm những nội dung chủ yếu nào?
38662,fold_4,1,1,10,1.0,1.0,0,"Nhiệm vụ của Hội đồng truyền máu của cơ sở khám bệnh, chữa bệnh là gì?"
37418,fold_4,1,1,>100,1.0,1.0,0,Công chức đi nước ngoài giải quyết việc riêng có được kéo dài thời gian ở lại nước ngoài quá số ngày đã phê duyệt hay không?
125206,fold_2,1,1,3,1.0,1.0,0,Người được xác định tình trạng nghiện ma túy có 02 tiêu chuẩn của tình trạng nghiện ma túy thì có được xem là đang nghiện ma túy hay không?
75122,fold_1,1,1,1,1.0,1.0,0,"Phiên họp xem xét, quyết định đưa vào cơ sở cai nghiện bắt buộc với người nghiện ma túy từ đủ 12 tuổi đến dưới 18 tuổi có bị hoãn nếu Kiểm sát viên vắng mặt không?"
16882,fold_2,1,1,1,1.0,1.0,0,Bị bệnh mù màu thì khi khám sức khỏe nghĩa vụ quân sự sẽ được xếp vào loại mấy?
155566,fold_1,1,2,31,1.0,1.0,0,"Hoạt động luân chuyển chứng từ kế toán khi nhập tiền, xuất tiền tiêu hủy từ ngày 15/02/2023 được thực hiện ra sao?"
17184,fold_0,1,>100,14,1.0,1.0,0,Hướng dẫn soạn thảo và ghi thông tin vào giấy ủy quyền nhận tiền?
60694,fold_4,1,1,1,1.0,1.0,0,Có thể yêu cầu công nhận sáng kiến đối với các giải pháp kỹ thuật nào?
83998,fold_1,1,1,>100,1.0,1.0,0,Những đối tượng nào được hưởng ưu đãi đầu tư?
32348,fold_4,1,13,2,1.0,1.0,0,Công chức không giữ chức vụ lãnh đạo xếp loại chất lượng ở mức hoàn thành nhiệm vụ thì cần đáp ứng tiêu chí gì?
29944,fold_3,2,2,13,1.0,1.0,0,Doanh nghiệp cần phải làm gì khi thay đổi kỳ kế toán?
136122,fold_2,1,1,1,1.0,1.0,0,Ban Kiểm tra Hiệp hội Những người lao động sáng tạo Việt Nam có những nhiệm vụ gì?
156640,fold_1,1,14,>100,1.0,1.0,0,Quyền thành lập hộ kinh doanh và nghĩa vụ đăng ký hộ kinh doanh quy định như thế nào?
73560,fold_1,1,3,>100,1.0,1.0,0,"Tổng Liên đoàn Lao động Việt Nam có trách nhiệm gì đối với công tác quản lý nhà nước, quản lý kinh tế - xã hội?"
99536,fold_3,1,2,1,1.0,1.0,0,Bổ sung kỹ thuật chuyên môn thì hồ sơ đề nghị cấp điều chỉnh chứng chỉ hành nghề khám chữa bệnh trong quân đội cần những giấy tờ gì?
115242,fold_2,1,2,12,1.0,1.0,0,"Chi phí tư vấn, dịch vụ khuyến nông do ai quyết định?"
21388,fold_2,1,1,1,1.0,1.0,0,Bổ sung bảng giá đất đoạn đường từ Trường Chinh đến đường Độc Lập trên địa bàn tỉnh Phú Yên vào giá đất ở tại đô thị 05 năm (2020-2024)?
24608,fold_2,1,2,33,1.0,1.0,0,Thuế tiêu thụ đặc biệt áp dụng với hàng hóa được tính theo công thức nào?
44078,fold_1,1,6,3,1.0,1.0,0,Kiểm toán nội bộ của tổ chức tín dụng thực hiện những hoạt động nào?
125938,fold_0,1,20,2,1.0,1.0,0,"Quy định về việc niêm yết bản kê khai tại cơ quan, tổ chức, đơn vị?"
21792,fold_2,1,36,1,1.0,1.0,0,Người điều khiển xe ô tô không dán tem kiểm định an toàn kỹ thuật có bị xử phạt?
164602,fold_1,1,1,1,1.0,1.0,0,"Người học ngành nguội sửa chữa máy công cụ trình độ trung cấp phải có khả năng học tập, nâng cao trình độ như thế nào?"
151884,fold_1,1,3,>100,1.0,1.0,0,Hồ sơ công chứng hợp đồng thuê đất bao gồm những giấy tờ gì?
15922,fold_2,1,30,8,1.0,1.0,0,Ai có thẩm quyền công bố mở cảng cá?
87682,fold_0,1,1,15,1.0,1.0,0,"Bố cục và cách ghi biên bản hội nghị cấp uỷ, tổ chức đảng được quy định như thế nào?"
138352,fold_0,1,1,21,1.0,1.0,0,Cơ quan nhà nước có tài khoản và con dấu riêng thực hiện chế độ tự chủ về sử dụng biên chế nhằm mục đích gì?
78928,fold_4,1,7,2,1.0,1.0,0,Có mấy cấp độ rủi ro thiên tai do động đất?
128880,fold_1,2,1,2,1.0,1.0,0,Trường hợp nào phải đưa người từ đủ 12 tuổi đến dưới 18 tuổi vào cơ sở cai nghiện ma túy bắt buộc?
155038,fold_0,1,7,3,1.0,1.0,0,"Dự thảo Quyết định ban hành kế hoạch kiểm tra, trình Lãnh đạo Bộ phụ trách Thanh tra duyệt ký, ban hành trong thời gian bao lâu?"
90354,fold_4,1,2,2,1.0,1.0,0,Doanh nghiệp có thể lựa chọn trích khấu hao tài sản cố định theo các phương pháp gì?
163314,fold_0,1,16,3,1.0,1.0,0,Có thể giám định lại sức khỏe do tai nạn lao động bất kỳ lúc nào mà không cần chờ 2 năm như trước đây?
11452,fold_0,1,9,98,1.0,1.0,0,Chế độ bồi dưỡng giờ giảng dành cho giáo viên môn giáo dục quốc phòng và an ninh được quy định như thế nào?
118864,fold_3,1,4,3,1.0,1.0,0,Mẫu công bố thay đổi nội dung đăng ký doanh nghiệp?
109110,fold_2,2,1,>100,1.0,1.0,0,Nghị định hướng dẫn Luật Giáo dục nghề nghiệp hiện hành sẽ có thêm 1 nhóm đối tượng bị điều chỉnh từ năm 2022?
8902,fold_2,1,3,1,1.0,1.0,0,Trường hợp người lao động không đồng ý tạm thời làm công việc khác so với hợp đồng lao động trong thời hạn quy định mà ngừng việc thì trả lương ra sao?
80450,fold_1,1,10,2,1.0,1.0,0,"Nghiêm cấm người sử dụng lao động thực hiện các hành vi nào liên quan đến việc thành lập, gia nhập và hoạt động của công đoàn cơ sở?"
124616,fold_3,1,1,2,1.0,1.0,0,"Chia sẻ, khai thác dữ liệu giám sát tài nguyên nước trên hệ thống giám sát khai thác, sử dụng tài nguyên nước được quy định ra sao?"
74316,fold_2,2,1,72,1.0,1.0,0,Phí bảo hiểm tiền gửi là gì?
168320,fold_2,1,1,3,1.0,1.0,0,Ai có thẩm quyền bổ nhiệm Cục trưởng Cục Đường sắt Việt Nam?
123656,fold_4,1,72,8,1.0,1.0,0,Phụ cấp thu hút được áp dụng đối với những đối tượng công chức cấp trung ương không?
138164,fold_3,1,5,78,1.0,1.0,0,"Một số lưu ý khi người sử dụng lao động tổ chức cho người làm thêm giờ trong bối cảnh phòng, chống dịch Covid-19 là gì?"
148670,fold_2,1,1,3,1.0,1.0,0,Mức chi từ tiền ký quỹ cho các hoạt động hỗ trợ người lao động làm việc tại Hàn Quốc được quy định ra sao?
127808,fold_2,1,1,1,1.0,1.0,0,Các điều kiện nào cần thiết để lái xe trên đường?
29706,fold_3,1,37,39,1.0,1.0,0,Số lượng mẫu tôm có triệu chứng nhiễm bệnh vi bào tử cần lấy để tiến hành chẩn đoán bằng phương pháp PCR là bao nhiêu?
142260,fold_2,1,1,1,1.0,1.0,0,Thiệt hại cháy nổ do sét gây ra công ty bảo hiểm có chịu trách nhiệm không?
150814,fold_2,1,4,36,1.0,1.0,0,Có được sửa đổi thông tin trên thẻ bảo hiểm y tế hay không?
13448,fold_1,1,>100,4,1.0,1.0,0,Kháng nghị theo thủ tục phúc thẩm đối với quyết định sơ thẩm vụ án hình sự chưa có hiệu lực pháp luật của Tòa án quân sự cấp quân khu khi có căn cứ nào?
116902,fold_4,1,23,1,1.0,1.0,0,"Các hạng mục công trình đầu tư xây dựng như khách sạn, nhà khách, nhà nghỉ và nhà trọ có bắt buộc phải trang bị hệ thống báo cháy tự động hay không?"
49866,fold_3,1,1,1,1.0,1.0,0,Nghĩa vụ của cá nhân được giao khu vực biển để nuôi trồng thủy sản là gì?
78302,fold_4,1,13,1,1.0,1.0,0,Tiến hành phẫu thuật vạt điều trị viêm quanh implant theo các bước như thế nào?
107260,fold_2,1,1,4,1.0,1.0,0,Nghị định 24/2023/NĐ-CP về tăng lương cơ sở 2023 khi nào có hiệu lực?
16526,fold_1,1,>100,14,1.0,1.0,0,Người lao động đang nghỉ chế độ thai sản thì có được gia hạn thẻ bảo hiểm y tế không?
50842,fold_3,1,10,1,1.0,1.0,0,Ngân sách nhà nước chi cho phát triển tiềm lực khoa học và công nghệ trong cơ sở giáo dục đại học công lập gồm các nội dung nào?
137264,fold_4,1,2,2,1.0,1.0,0,Thân nhân của người có công với cách mạng trước ngày 01 tháng 01 năm 1945 có được trợ cấp mai táng khi họ mất hay không?
78780,fold_1,1,6,13,1.0,1.0,0,Việc đăng ký đất đai có hiệu lực khi nào?
4292,fold_2,1,1,>100,1.0,1.0,0,Đầu tư kinh doanh là gì? Điều kiện đầu tư kinh doanh được định nghĩa thế nào?
157216,fold_4,1,1,25,1.0,1.0,0,Ủy ban Tiêu chuẩn Thực phẩm Việt Nam hoạt động theo nhiệm kỳ bao nhiêu năm?
108158,fold_1,1,1,2,1.0,1.0,0,Tổ chức tham gia đề án thuộc Chương trình phát triển công nghiệp hỗ trợ thì hồ sơ đề án gồm những gì?
147252,fold_0,1,5,3,1.0,1.0,0,Cấp giấy phép thành lập doanh nghiệp môi giới bảo hiểm cần chuẩn bị hồ sơ gồm những gì?
52082,fold_3,1,13,3,1.0,1.0,0,Sang tên xe qua nhiều đời chủ thì người đang sử dụng xe có được ủy quyền cho người khác thực hiện thay được không?
45932,fold_2,1,11,55,1.0,1.0,0,Khuyến mại là gì theo quy định pháp luật?
121848,fold_1,1,5,12,1.0,1.0,0,Mức xử phạt đối với hành vi tự ý cơi nới nhà chung cư năm 2023 là bao nhiêu?
121932,fold_0,1,3,1,1.0,1.0,0,Tài chính của trường phổ thông tư thục do cá nhân hiến tặng thì có được hoàn lại cho cá nhân hay không?
101376,fold_0,1,1,1,1.0,1.0,0,Ai là người có trách nhiệm đưa hoạt động thanh lọc tài nguyên thông tin của thư viện công lập vào kế hoạch công tác năm?
19608,fold_1,1,86,2,1.0,1.0,0,"Cơ quan nào có thẩm quyền cấp Giấy chứng nhận, tem kiểm định chất lượng, an toàn kỹ thuật và bảo vệ môi trường phương tiện giao thông đường sắt?"
161230,fold_0,1,4,65,1.0,1.0,0,"Trong hoạt động tư pháp, làm việc với người khiếu nại như thế nào để làm rõ nội dung khiếu nại?"
134768,fold_4,2,>100,6,0.5,0.5,0,"Cơ quan kiểm soát tài sản, thu nhập tiến hành xác minh tài sản, thu nhập khi có căn cứ gì?"
147156,fold_4,1,2,17,1.0,1.0,0,Thuế môn bài phải đóng là bao nhiêu?
167406,fold_4,1,>100,7,1.0,1.0,0,Việc kháng nghị quyết định hình sự sơ thẩm chưa có hiệu lực theo thủ tục phúc thẩm được thực hiện khi có những căn cứ nào?
107170,fold_3,1,>100,12,1.0,1.0,0,Mức xử phạt đối với doanh nghiệp không tổ chức đối thoại định kỳ tại nơi làm việc theo quy định mới nhất hiện nay?
24766,fold_4,1,1,>100,1.0,1.0,0,Chi tiết bảng lương công nhân quốc phòng mới nhất hiện nay?
78434,fold_4,1,1,1,1.0,1.0,0,Viện Khoa học kỹ thuật nông lâm nghiệp miền núi phía Bắc có bao nhiêu bộ môn nghiên cứu?
35194,fold_3,1,1,3,1.0,1.0,0,Cơ quan nào là cơ quan đại diện chủ sở hữu tại công ty trách nhiệm hữu hạn một thành viên Quản lý tài sản của các tổ chức tín dụng Việt Nam?
135892,fold_3,1,2,30,1.0,1.0,0,Người tham gia giám định pháp y tâm thần là những ai?
10330,fold_0,1,40,3,1.0,1.0,0,"Thủ tục xử lý hành vi gây rối trật tự tại trụ sở tiếp công dân, trụ sở ủy ban nhân dân như thế nào?"
85706,fold_3,1,8,44,1.0,1.0,0,Nhiệm vụ của người chỉ huy chữa cháy là gì?
94384,fold_0,1,21,2,1.0,1.0,0,Ngừng hoặc giảm mức cung cấp điện khẩn cấp thì bên bán điện phải thông báo ngay cho bên mua có đúng không?
56314,fold_2,1,1,6,1.0,1.0,0,"Ai là người chịu trách nhiệm cho công tác mua sắm tài sản, hàng hóa trong Công an nhân dân?"
105190,fold_2,1,3,1,1.0,1.0,0,Thẩm phán trong quá trình giải quyết phá sản bị thay đổi trong trường hợp nào?
51922,fold_0,1,1,12,1.0,1.0,0,Cá nhân phải có tác phẩm thủ công mỹ nghệ đạt những tiêu chí gì thì mới được xét tặng danh hiệu Nghệ nhân Ưu tú?
76846,fold_1,1,3,9,1.0,1.0,0,Người được bảo hiểm có bắt buộc đem theo Giấy chứng nhận bảo hiểm khi tham gia giao thông hay không?
79854,fold_0,2,1,1,1.0,1.0,0,Ai có trách nhiệm xử lý đối với số cổ phần không bán hết khi tái cơ cấu doanh nghiệp không đủ điều kiện cổ phần hóa?
144420,fold_3,1,2,99,1.0,1.0,0,Danh sách người giám định tư pháp theo vụ việc được công bố với những thông tin nào?
59820,fold_1,1,1,1,1.0,1.0,0,"Người được giáo dục tại xã, phường, thị trấn phải làm cam kết như thế nào?"
105648,fold_2,1,1,1,1.0,1.0,0,"Xử lý nhóm chỉ số về mức độ hài lòng trong thực hiện thủ tục hành chính, dịch vụ công theo thời gian thực trên môi trường điện tử?"
73270,fold_2,1,1,>100,1.0,1.0,0,Một UBND ở nông thôn thì có tối đa bao nhiêu Phó chủ tịch UBND?
85192,fold_0,1,4,2,1.0,1.0,0,Điều kiện tách thửa đất của tỉnh Hà Giang được quy định như thế nào?
51228,fold_1,1,1,6,1.0,1.0,0,Nhiệm vụ của Viện Cơ điện nông nghiệp và Công nghệ sau thu hoạch về nghiên cứu ứng dụng và triển khai là gì?
41074,fold_2,1,6,1,1.0,1.0,0,"Điều kiện để thiết bị phát, thu-phát sóng vô tuyến điện dùng trong các nghiệp vụ thông tin vô tuyến cố định hoặc di động mặt đất được công bố hợp quy theo quy định mới?"
83972,fold_3,1,2,1,1.0,1.0,0,Kiểm soát viên EVN có được kiêm nhiệm chức vụ Tổng giám đốc của doanh nghiệp khác không?
41534,fold_1,1,4,8,1.0,1.0,0,Phân loại kế hoạch đầu tư công
106038,fold_0,1,1,37,1.0,1.0,0,"Loại tài sản nào được dùng để giao cho cơ quan của Đảng quản lý, sử dụng?"
79922,fold_1,1,1,20,1.0,1.0,0,"Cách tính và nguồn kinh phí chi trả chế độ phụ cấp độc hại, nguy hiểm được quy định như thế nào?"
25232,fold_1,1,>100,79,1.0,1.0,0,Không thực hiện niêm yết giá thuốc sẽ bị xử phạt như thế nào theo quy định mới nhất hiện nay?
148984,fold_2,1,1,25,1.0,1.0,0,Trách nhiệm quản lý tài liệu lưu trữ điện tử của Bộ Nội vụ được quy định ra sao?
95300,fold_0,1,4,33,1.0,1.0,0,"Giám đốc Bảo hiểm xã hội Thành phố Hồ Chí Minh do ai bổ nhiệm, miễn nhiệm?"
109926,fold_3,1,1,5,1.0,1.0,0,Bộ Văn hóa Thể thao và Du lịch thực hiện giám sát hoạt động của Quỹ hỗ trợ phát triển du lịch như thế nào?
12150,fold_4,1,13,1,1.0,1.0,0,Những dấu hiệu nào không được bảo hộ nhãn hiệu?
126182,fold_1,2,1,1,1.0,1.0,0,Cách xác định chiến sỹ công an nhiễm với HIV do tai nạn rủi ro nghề nghiệp ra sao?
10516,fold_3,2,1,5,1.0,1.0,0,Kinh phí bảo đảm tuyển chọn đào tạo sĩ quan dự bị do ai chi trả?
41608,fold_1,1,2,10,1.0,1.0,0,Tiểu đội trưởng Dân quân cơ động được hưởng mức phụ cấp chức vụ chỉ huy Dân quân tự vệ là bao nhiêu?
163776,fold_0,1,59,6,1.0,1.0,0,Việc niêm yết công khai văn bản tố tụng sẽ do cơ quan nào thực hiện?
124386,fold_3,1,1,>100,1.0,1.0,0,Đối với doanh nghiệp bảo hiểm khi giải thể cần chuẩn bị hồ sơ như thế nào?
39138,fold_4,1,9,3,1.0,1.0,0,Có được đơn phương chấm dứt hợp đồng ủy quyền không?
92768,fold_4,1,2,3,1.0,1.0,0,Khoa Khám bệnh đa khoa và điều trị ngoại trú được bố trí như thế nào để đảm bảo tiêu chuẩn thiết kế mới bệnh viện đa khoa?
61034,fold_2,1,1,18,1.0,1.0,0,Ai là người chủ trì xây dựng Dự thảo kết luận thanh tra chuyên ngành ngân hàng?
3852,fold_4,1,36,2,1.0,1.0,0,Hội đồng xét xử phúc thẩm hủy bản án hình sự sơ thẩm để điều tra lại trong những trường hợp nào?
23936,fold_0,1,58,7,1.0,1.0,0,Phương thức chi trả học bổng chính sách và các khoản hỗ trợ khác được quy định như thế nào?
12236,fold_2,1,3,45,1.0,1.0,0,Điều kiện và hồ sơ dự tuyển vào trường phổ thông dân tộc nội trú là gì?
135976,fold_4,1,13,13,1.0,1.0,0,Chứng minh hải quan có hình dáng như thế nào?
166904,fold_0,1,2,12,1.0,1.0,0,Quyền của người Việt Nam định cư ở nước ngoài đối với nhà ở như thế nào?
62442,fold_3,1,1,8,1.0,1.0,0,Hành vi khai thác khoáng sản trong hành lang bảo vệ nguồn nước gây sạt lở bờ sông bị xử phạt vi phạm hành chính thế nào?
62648,fold_2,1,5,45,1.0,1.0,0,Hàng bán trả lại có xuất hóa đơn hay không?
15412,fold_2,1,69,1,1.0,1.0,0,"Hồ sơ sửa đổi, bổ sung Giấy chứng nhận đủ điều kiện hoạt động dịch vụ giám định/đánh giá công nghệ bao gồm những loại tài liệu nào?"
14782,fold_3,1,6,2,1.0,1.0,0,Phương pháp kế toán một số giao dịch kinh tế chủ yếu đối với tài khoản 515 doanh thu hoạt động tài chính như thế nào?
214,fold_3,1,1,98,1.0,1.0,0,Các khoản nợ công của chính quyền địa phương bao gồm những loại nào?
116646,fold_2,1,1,1,1.0,1.0,0,Công tác trợ giúp trẻ em bị ảnh hưởng bởi HIV (AIDS) được thực hiện theo những nguyên tắc nào?
54648,fold_2,2,1,>100,1.0,1.0,0,Nguyên tắc tuyển dụng công chức được quy định như thế nào?
24298,fold_1,1,>100,4,1.0,1.0,0,Trường hợp chuyển tiếp đăng ký thế chấp quyền tài sản phát sinh từ hợp đồng mua bán nhà ở thì hồ sơ yêu cầu gồm những gì?
4250,fold_2,1,5,25,1.0,1.0,0,Các tình tiết giảm nhẹ trách nhiệm hình sự là những tình tiết nào?
33668,fold_2,1,2,5,1.0,1.0,0,Bằng lái xe hạng D có thời hạn 5 năm đúng không?
123016,fold_3,1,1,5,1.0,1.0,0,Tôi đến phòng Cảnh sát giao thông Tỉnh để cấp biển số xe được không?
35660,fold_0,1,1,2,1.0,1.0,0,Việc đánh giá thường xuyên trong Chương trình xóa mù chữ được quy định như thế nào?
102718,fold_1,4,1,69,0.75,0.75,0,Những nội dung nào liên quan công tác hậu kiểm về an toàn thực phẩm năm 2023?
72190,fold_2,1,1,>100,1.0,1.0,0,Điều kiện tiêu chuẩn của kế toán trưởng được quy định như thế nào?
113552,fold_0,1,2,6,1.0,1.0,0,"Có những biện pháp phòng ngừa, ngăn chặn sự cố về an toàn thực phẩm nào?"
52044,fold_3,2,4,40,1.0,1.0,0,Mẫu Quyết định thu hồi tài sản của đối tượng thanh tra ra sao?
77164,fold_2,1,9,>100,1.0,1.0,0,Thủ tục hưởng chế độ tai nạn lao động được thực hiện như thế nào?
130316,fold_1,1,1,21,1.0,1.0,0,Người sử dụng lao động chuyển đổi chứng từ dạng giấy sang chứng từ điện tử trong hồ sơ cấp giấy phép lao động cho người lao động nước ngoài thì việc chuyển đổi phải đáp ứng các yêu cầu nào?
38288,fold_1,1,4,1,1.0,1.0,0,Trong trường hợp Bộ trưởng Bộ Xây dựng đi vắng thì Bộ trưởng có được ủy quyền cho Thứ trưởng Bộ Xây dựng không?
142130,fold_4,1,1,30,1.0,1.0,0,Cơ cấu tổ chức của Thanh tra Cục Hàng không Việt Nam được quy định thế nào?
110822,fold_1,1,1,11,1.0,1.0,0,Khi nào thì chấm dứt hợp đồng dầu khí?
157554,fold_2,1,5,5,1.0,1.0,0,Thời hiệu yêu cầu Tòa án giải quyết tranh chấp lao động do công ty không trả lương cho người lao động là bao lâu?
80740,fold_0,1,4,>100,1.0,1.0,0,Đảng viên vi phạm được hiểu như thế nào?
119914,fold_2,1,1,3,1.0,1.0,0,"Phiếu công bố mỹ phẩm có thời hạn bao lâu, khi hết hạn có phải công bố lại?"
159870,fold_4,1,8,2,1.0,1.0,0,Biên bản họp Hội đồng thành viên công ty trách nhiệm hữu hạn hai thành viên trở lên gồm có những nội dung gì?
97080,fold_4,1,7,14,1.0,1.0,0,Trường hợp các bên không có thỏa thuận lựa chọn một Tòa án cụ thể thì thẩm quyền của Tòa án được xác định như thế nào?
34972,fold_2,1,2,1,1.0,1.0,0,Chứng thư số do tổ chức cung cấp dịch vụ chứng thực chữ ký số chuyên dùng Chính phủ cấp có giá trị bao lâu?
141140,fold_2,1,10,5,1.0,1.0,0,Quy định về việc lấy mẫu và thử nghiệm thức ăn chăn nuôi?
137258,fold_4,1,1,18,1.0,1.0,0,Ai không có quyền đăng ký thành lập công ty?
163148,fold_3,1,4,10,1.0,1.0,0,"Công tác cứu nạn đường bộ trên quốc lộ phải được tiến hành khẩn trương, kịp thời theo phương châm thế nào?"
155620,fold_1,1,5,>100,1.0,1.0,0,Người được cấp chứng chỉ của hệ thống giáo dục quốc dân có nghĩa vụ như thế nào?
152296,fold_4,1,12,20,1.0,1.0,0,Vụ Cơ sở vật chất thuộc Bộ Giáo dục và Đào tạo là thành viên Ban chỉ đạo các Chương trình mục tiêu quốc gia của Bộ đúng không?
61758,fold_0,1,32,44,1.0,1.0,0,Không ghi nhãn phụ vào hàng hóa nhập khẩu phục vụ mùa tết thương nhân bị xử lý như thế nào?
35482,fold_3,1,1,1,1.0,1.0,0,Có được sử dụng khoản dự phòng rủi ro của Ngân hàng Nhà nước để xử lý tổn thất trong hoạt động đầu tư chứng khoán trên thị trường tài chính quốc tế hay không?
82698,fold_2,1,23,1,1.0,1.0,0,Huân chương “Chiến sỹ vẻ vang” được xét tặng 2 lần một năm có đúng không?
80028,fold_4,1,2,26,1.0,1.0,0,Giám đốc Trung tâm giáo dục thường xuyên là ai?
104132,fold_2,1,1,1,1.0,1.0,0,"Nhiệm vụ, quyền hạn của Giám đốc đơn vị sự nghiệp công lập thuộc lĩnh vực lưu trữ ra sao?"
30172,fold_0,1,1,1,1.0,1.0,0,Nội dung kênh chương trình nào trên dịch vụ phát thanh truyền hình cần chứng minh bản quyền hợp pháp?
141372,fold_4,1,5,>100,1.0,1.0,0,Kinh phí thực hiện mới sách giáo khoa giáo dục phổ thông được quy định như thế nào?
44630,fold_3,1,3,2,1.0,1.0,0,Cơ quan hành chính có trách nhiệm gì trong việc cấp thẻ bảo hiểm y tế cho trẻ sơ sinh?
152544,fold_3,1,1,12,1.0,1.0,0,Chánh án Tòa án nhân dân cấp huyện có thể áp dụng các hình thức kiểm tra nào đối với các đơn vị và cá nhân trong Tòa án?
144288,fold_4,2,1,7,1.0,1.0,0,Có cấp phép hoạt động cho trụ bơm xăng tự động không?
85674,fold_2,1,1,1,1.0,1.0,0,"Công tác phối hợp kiểm tra, xử lý vi phạm giữa cơ quan Quản lý thị trường và cơ quan Quản lý giá phải tuân thủ những yêu cầu nào?"
25306,fold_1,1,1,12,1.0,1.0,0,Quy trình thao tác trong hệ thống điện quốc gia được thực hiện trong giờ có nhu cầu sử dụng điện cao trong trường hợp nào?
74494,fold_3,1,1,1,1.0,1.0,0,Trình tự cấp Giấy phép thành lập và hoạt động của tổ chức tương hỗ cung cấp bảo hiểm vi mô ra sao?
84026,fold_3,1,1,1,1.0,1.0,0,"Hệ thống thông tin báo cáo của Bộ Văn Hoá, Thể thao và Du lịch được áp dụng theo nguyên tắc gì?"
142984,fold_4,1,1,1,1.0,1.0,0,Bước chuẩn bị trước khi phẫu thuật điều trị giả phồng động mạch do tiêm chích ma túy như thế nào?
147936,fold_3,1,>100,84,1.0,1.0,0,Hội đồng khoa học công nghệ cơ sở do ai thành lập?
116672,fold_0,1,1,34,1.0,1.0,0,Bề mặt trần cần đáp ứng những yêu cầu gì về hoàn thiện công trình khi thiết kế mới Bệnh viện đa khoa?
102396,fold_4,1,81,63,1.0,1.0,0,Đánh giá thử việc đạt mà lại không ký hợp đồng lao động sau khi kết thúc thử việc bị xử phạt thế nào?
166382,fold_3,1,>100,3,1.0,1.0,0,"Lập, phê duyệt, gửi báo cáo giám sát an toàn vi mô đột xuất phải dựa trên nguyên tắc nào?"
86032,fold_4,1,1,1,1.0,1.0,0,Di chúc miệng có phải là di chúc hợp pháp không?
137294,fold_2,1,1,43,1.0,1.0,0,Thành viên tổ hợp tác có thể đóng góp bằng những gì?
5028,fold_1,1,11,5,1.0,1.0,0,Quy trình giới thiệu sinh hoạt Đảng ra nước ngoài
37274,fold_2,1,3,1,1.0,1.0,0,Mua phụ tùng vật tư tàu bay do người mua cung cấp sẽ có quy trình về hồ sơ chào hàng ra sao?
154372,fold_3,1,11,42,1.0,1.0,0,Điều kiện chung để đảm bảo an toàn vệ sinh thực phẩm đối với nhà hàng lẩu nấm là gì?
167912,fold_2,1,1,1,1.0,1.0,0,"Cách thức, nguyên tắc thực hiện điều trị bệnh ấu trùng sán dây lợn?"
1680,fold_4,1,1,8,1.0,1.0,0,Báo cáo thẩm định trong quá trình tổ chức lựa chọn nhà thầu gồm những mẫu báo cáo nào?
118792,fold_3,1,60,3,1.0,1.0,0,Trình tự giải quyết văn bản đi của Viện kiểm sát nhân dân tối cao được thực hiện như thế nào?
134792,fold_4,1,6,15,1.0,1.0,0,Ủy thác điều tra vụ án hình sự được quy định thế nào?
42216,fold_2,1,12,1,1.0,1.0,0,Diện tích đất tối thiểu để được tách thửa đất đối với đất nông nghiệp ngoài khu dân cư tại địa bàn tỉnh Sơn La?
9830,fold_0,1,2,>100,1.0,1.0,0,Khái niệm về bảo hiểm xã hội
67952,fold_2,1,34,3,1.0,1.0,0,"Biểu mẫu về doanh thu, sản lượng dịch vụ bưu chính?"
61386,fold_4,2,1,>100,1.0,1.0,0,"Đề xuất sửa đổi, bổ sung quy định tổ chức đấu giá bằng hình thức trực tuyến cụ thể như thế nào?"
114984,fold_2,1,20,21,1.0,1.0,0,Điểm liệt thi tốt nghiệp THPT năm 2023 là bao nhiêu?
168480,fold_3,1,1,8,1.0,1.0,0,Ai là người điều hành hoạt động hàng ngày của Tập đoàn Hóa chất Việt Nam?
89402,fold_1,1,1,1,1.0,1.0,0,Quy định pháp luật về người được nhận làm con nuôi
27210,fold_0,1,5,5,1.0,1.0,0,Cơ quan nào có trách nhiệm trong việc bảo vệ môi trường làng nghề?
153224,fold_0,1,8,2,1.0,1.0,0,"Thủ tục kiểm tra nhà nước về đo lường đối với hoạt động thử nghiệm phương tiện đo, chuẩn đo lường gồm mấy bước?"
123558,fold_3,1,1,22,1.0,1.0,0,Bên bán khoản phải thu từ hợp đồng cho thuê tài chính là ai?
63196,fold_4,1,40,39,1.0,1.0,0,Trường đại học muốn thực hiện hoạt động đào tạo cần đáp ứng được các điều kiện gì?
167852,fold_4,1,1,1,1.0,1.0,0,Việc điều chuyển tài sản kết cấu hạ tầng hàng hải đối với tài sản bị thu hồi được thực hiện theo trình tự nào?
62558,fold_1,1,3,20,1.0,1.0,0,"Thẩm quyền, trình tự, thủ tục đăng ký hoạt động đối với tổ chức khoa học và công nghệ được quy định như thế nào?"
48498,fold_4,1,1,16,1.0,1.0,0,Hồ sơ đề nghị thanh toán tiền thưởng hợp đồng đối với gói thầu xây lắp thuộc các dự án giao thông gồm những tài liệu gì?
125618,fold_1,1,>100,17,1.0,1.0,0,Việc mở cửa xe ô tô được quy định như thế nào?
105518,fold_3,1,20,1,1.0,1.0,0,Điều khiển xe tải chở vật tư nông nghiệp hết hạn đăng kiểm 10 ngày thì tài xế bị xử phạt như thế nào?
120084,fold_4,1,7,41,1.0,1.0,0,Đăng ký và sử dụng thông tin hóa đơn điện tử như thế nào?
108186,fold_3,1,1,16,1.0,1.0,0,"Phí, lệ phí xác minh giấy tờ đi làm việc nước ngoài có thời hạn của các cơ quan, tổ chức được quản lý như thế nào?"
164392,fold_0,1,6,14,1.0,1.0,0,Thực hiện việc xây dựng nội dung chính sách thuộc phạm vi chức năng quản lý nhà nước của Bộ Xây dựng căn cứ vào đâu?
98344,fold_2,1,1,1,1.0,1.0,0,Công ty con phải lập báo cáo tài chính như thế nào nếu ngày kết thúc kỳ kế toán khác với ngày kết thúc kỳ kế toán của công ty mẹ?
12044,fold_0,1,1,5,1.0,1.0,0,Nhà đầu tư dự án PPP được đề nghị lựa chọn khi đáp ứng các điều kiện nào?
150450,fold_0,1,1,3,1.0,1.0,0,Sàn giao dịch công nghệ quốc gia là gì?
28756,fold_4,1,>100,26,1.0,1.0,0,"Sửa đổi quy định về khai, nộp bằng ngoại tệ đối với các khoản thu từ hoạt động tìm kiếm, thăm dò, khai thác dầu khí"
28298,fold_1,1,2,1,1.0,1.0,0,Sau khi Đơn vị quản lý vận hành hệ thống điện quốc gia sửa chữa xong các phần tử bị sự cố trên đường dây 500 kV thì cần làm gì?
90926,fold_2,2,2,4,0.5,0.5,0,Các trường hợp tinh giản biên chế cán bộ cấp huyện là các trường hợp nào?
73354,fold_3,1,>100,7,1.0,1.0,0,Đơn vị nơi công chức được cử đến biệt phái có tránh nhiệm gửi bản đánh giá phân loại công chức được biệt phái cho những cơ quan nào?
46654,fold_1,1,1,1,1.0,1.0,0,Ai chỉ đạo các Cơ quan đại diện Việt Nam ở nước ngoài tổ chức thực hiện hạch toán kế toán khoản thu phí lệ phí trong lĩnh vực ngoại giao?
154774,fold_3,1,2,40,1.0,1.0,0,Sang tên tàu cá dài 15 mét giữa 02 người cùng tỉnh không thực hiện việc đăng ký tàu cá sẽ bị xử phạt như thế nào?
159712,fold_0,1,5,1,1.0,1.0,0,"Thủ tục đăng ký sang tên giấy chứng nhận quyền sử dụng đất, quyền sở hữu nhà ở và tài sản khác gắn liền với đất ra sao?"
690,fold_1,1,28,4,1.0,1.0,0,Cơ quan thuế phản hồi về kết quả tiếp nhận và xử lý thông báo hóa đơn sai sót trong bao lâu?
37946,fold_2,1,21,18,1.0,1.0,0,Điểm liệt của kỳ thi tốt nghiệp THPT năm 2023 là bao nhiêu?
136386,fold_3,1,95,3,1.0,1.0,0,Có được ký phát séc để ra lệnh cho chính người ký phát thực hiện thanh toán séc hay không?
120526,fold_3,1,11,6,1.0,1.0,0,Xử lý sử dụng giấy phép của công ty khác để hoạt động dịch vụ đưa người lao động Việt Nam đi làm việc ở nước ngoài ra sao?
12984,fold_2,1,16,5,1.0,1.0,0,Hình phạt bổ sung đối với hành vi mua bán đồ chơi nguy hiểm cho trẻ em ra sao?
105976,fold_3,1,6,13,1.0,1.0,0,"Hạn mức công nhận đất ở đối với trường hợp thửa đất có vườn, ao được ở tỉnh Hòa Bình được quy định ra sao?"
26844,fold_4,1,1,1,1.0,1.0,0,Ai có quyền phê duyệt tỷ lệ chi cho hoạt động quản lý Quỹ Ngôi nhà từ thiện?
31884,fold_0,1,77,2,1.0,1.0,0,Quốc hội phê chuẩn đề nghị về việc cách chức Bộ trưởng Bộ Y tế Nguyễn Thanh Long?
47266,fold_2,1,4,80,1.0,1.0,0,Người lao động làm việc tại cở sản xuất hóa chất có cần thiết phải được huấn luyện an toàn hóa chất không?
72144,fold_3,1,2,1,1.0,1.0,0,Kiểm soát viên Tổng công ty Rau quả nông sản kiểm tra bằng những phương pháp gì?
157408,fold_0,1,1,3,1.0,1.0,0,Mục đích của Quản lý nhóm dự án theo quy định là gì?
112034,fold_1,1,2,4,1.0,1.0,0,Doanh nghiệp sản xuất nước đóng chai phải đáp ứng điều kiện nào?
59174,fold_3,1,5,7,1.0,1.0,0,Có thể đăng ký thường trú cho con được sinh ra và khai sinh ở quê vào sổ hộ khẩu của bố mẹ ở thành phố khi đáp ứng điều kiện gì?
16376,fold_4,1,35,>100,1.0,1.0,0,"Theo pháp luật Việt Nam hiện hành, quy trình bảo trì công trình xây dựng được quy định như thế nào?"
153998,fold_3,1,1,6,1.0,1.0,0,Thời hạn sử dụng của giấy phép lái xe quốc tế là bao lâu?
36374,fold_3,1,5,>100,1.0,1.0,0,Cung cấp thiết bị giám sát hành trình cho ngư dân không đảm bảo yêu cầu kỹ thuật bị xử phạt ra sao?
36586,fold_2,2,1,23,1.0,1.0,0,Trốn tránh nghĩa vụ quân sự bị xử phạt như thế nào?
78006,fold_4,1,7,4,1.0,1.0,0,Xe của công ty du lịch để đưa khách du lịch từ khách sạn ra bến xe thì có phải đổi từ biển số xe trắng sang biển số vàng không?
31748,fold_1,1,1,>100,1.0,1.0,0,"Tổ trưởng tổ hòa giải ở cơ sở có quyền, nghĩa vụ như thế nào?"
74744,fold_4,1,9,78,1.0,1.0,0,Đóng bảo hiểm bao lâu thì được rút BHXH 1 lần?
114182,fold_0,1,5,4,1.0,1.0,0,Hội đồng tư vấn cấp giấy đăng ký lưu hành thuốc do ai thành lập?
119944,fold_4,1,1,1,1.0,1.0,0,Để đăng ký công nhận túi ni lông thân thiện với môi trường thì hồ sơ đăng ký cần phải có những tài liệu nào?
141598,fold_1,1,1,1,1.0,1.0,0,Phụ lái tàu trực tiếp phục vụ chạy tàu cần đáp ứng những tiêu chuẩn gì?
126688,fold_2,1,9,2,1.0,1.0,0,Điều kiện vay vốn gián tiếp từ nguồn vốn của Quỹ phát triển doanh nghiệp nhỏ và vừa cụ thể trong từng trường hợp là gì?
69010,fold_3,1,1,1,1.0,1.0,0,Chánh Thanh tra Bộ Tài chính có quyền xử phạt người không quốc tịch cố tình mua vé xổ số để dự thưởng xổ số tại Việt Nam không?
167124,fold_2,1,8,6,1.0,1.0,0,Hồ sơ yêu cầu thành lập cơ sở cứu hộ loài hoang dã gồm những gì?
152860,fold_2,1,61,1,1.0,1.0,0,Việc theo dõi sau phẫu thuật cắt mống mắt ngoại vi được quy định như thế nào?
123582,fold_2,1,19,4,1.0,1.0,0,"Trình tự, thủ tục cấp lại Giấy chứng nhận đủ điều kiện hoạt động kiểm định xe cơ giới cấp địa phương được quy định như thế nào?"
66916,fold_0,1,3,2,1.0,1.0,0,Việc đánh giá về độ tin cậy của bằng chứng kiểm toán có thể dựa trên nguyên tắc nào?
58648,fold_1,1,1,1,1.0,1.0,0,Trường hợp phương tiện vận tải không xuất bến đúng thời gian quy định thì người kinh doanh vận tải trên đường thủy nội địa có trách nhiệm gì?
134924,fold_3,1,5,23,1.0,1.0,0,Xử lý kết quả kiểm tra hồ sơ thuế tại cơ quan thuế như thế nào?
108080,fold_0,1,2,2,1.0,1.0,0,Thực hiện tại Trụ sở Bộ Công Thương đối với việc tổ chức Phiên phân giao hạn ngạch thuế quan nhập khẩu đường theo phương thức đấu giá của Bộ Công Thương?
155402,fold_3,1,10,6,1.0,1.0,0,Khuyến nông viên muốn xét thăng hạng chức danh nghề nghiệp khuyến nông viên chính có cần chứng chỉ ngoại ngữ Bậc 3 hay không?
18266,fold_4,1,1,6,1.0,1.0,0,Thẩm quyền chấp thuận chủ trương đầu tư ra nước ngoài do cơ quan nào giải quyết?
167754,fold_0,1,45,5,1.0,1.0,0,Người quản lý di sản thừa kế là ai?
50486,fold_2,1,3,7,1.0,1.0,0,Giải thưởng chất lượng quốc gia được đánh giá dựa trên các tiêu chí nào?
16258,fold_0,1,5,7,1.0,1.0,0,Có phải trúng xổ số Vietlott đi lĩnh thưởng thì sẽ được phát tiền thưởng?
20182,fold_0,1,2,2,1.0,1.0,0,Trình tự cấp Giấy chứng nhận đăng ký hoạt động công nhận tổ chức đánh giá sự phù hợp được quy định thế nào?
74818,fold_4,1,2,1,1.0,1.0,0,"Cơ cấu tổ chức, quản lý của tổ chức tương hỗ cung cấp bảo hiểm vi mô có thành viên sáng lập là cá nhân ra sao?"
141012,fold_1,1,7,1,1.0,1.0,0,Chánh thanh tra Bộ Tài chính có quyền xử phạt kiểm toán viên ký báo cáo kiểm toán trước ngày ký báo cáo tài chính được kiểm toán không?
83892,fold_0,1,26,27,1.0,1.0,0,Công ty trách nhiệm hữu hạn từ hai thành viên trở lên có vốn góp chi phối của Nhà nước có phải là đối tượng đánh giá hiệu quả hoạt động của doanh nghiệp nhà nước không?
156958,fold_1,1,4,1,1.0,1.0,0,Lợi dụng việc chăm sóc người cao tuổi để trục lợi bị xử phạt như thế nào?
134684,fold_0,1,4,1,1.0,1.0,0,Hướng dẫn công tác y tế trường học năm học 2022-2023
75102,fold_2,1,1,1,1.0,1.0,0,Điểm mới trong sử dụng mã ID khoản phải nộp để tra cứu tình hình xử lý nghĩa vụ thuế tại Cổng TTĐT của Tổng cục Thuế là gì?
104986,fold_2,1,1,7,1.0,1.0,0,Cơ cấu tổ chức của Hội Phòng chống HIV/AIDS Việt Nam bao gồm những cơ quan nào?
105916,fold_3,1,2,3,1.0,1.0,0,Mẫu 01-KT danh mục đề xuất kế hoạch kiểm tra năm của Bộ giáo dục và đào tạo có dạng như thế nào?
115208,fold_4,1,3,>100,1.0,1.0,0,Mã số định danh cá nhân là gì?
124264,fold_3,1,1,20,1.0,1.0,0,Ai phải làm báo cáo hoạt động phòng chống HIV/AIDS tại cấp huyện?
56946,fold_2,1,1,82,1.0,1.0,0,"Căn cứ đánh giá công chức, viên chức Tòa án nhân dân như thế nào?"
158650,fold_3,1,2,35,1.0,1.0,0,Giấy tờ có giá dùng trong hoạt động chiết khấu giấy tờ có giá khác của chi nhánh ngân hàng nước ngoài phải đáp ứng được những điều kiện nào?
334,fold_1,1,1,1,1.0,1.0,0,Hội Khoa học kỹ thuật Đúc và Luyện kim Việt Nam có các nhiệm vụ như thế nào?
85288,fold_1,1,43,1,1.0,1.0,0,Sau điều trị cấy lại răng bị bật khỏi ổ răng có thể xảy ra biến chứng gì?
109720,fold_1,1,1,1,1.0,1.0,0,Mức độ nào là cơ sở phân cấp tài nguyên các mỏ đá sét được quy định như thế nào?
63596,fold_2,1,1,>100,1.0,1.0,0,Kế hoạch phát triển cấp nước được quy định như thế nào?
91826,fold_1,1,75,5,1.0,1.0,0,"Hồ sơ đăng ký tuyển chọn, giao trực tiếp thực hiện nhiệm vụ khoa học và công nghệ cấp quốc gia gồm những gì?"
71832,fold_4,1,1,1,1.0,1.0,0,Người thực hiện phát ngôn và cung cấp thông tin cho báo chí của Viện kiểm sát nhân dân cấp cao bao gồm những ai?
136708,fold_4,1,54,1,1.0,1.0,0,Hợp đồng cung ứng dịch vụ sản xuất phần mềm có được giảm thuế giá trị gia tăng không?
166602,fold_2,1,1,>100,1.0,1.0,0,Ngân sách nhà nước đầu tư cho giáo dục như thế nào?
27932,fold_4,1,1,19,1.0,1.0,0,Thời hạn của Giấy phép vận tải biển nội địa đối với tàu biển nước ngoài phục vụ 1 cơ sở sản xuất hàng hóa là bao nhiêu năm?
124898,fold_4,1,2,1,1.0,1.0,0,Cơ quan lãnh sự liên lạc với cơ quan đại diện ngoại giao của Nước mình thì được sử dụng những phương tiện nào?
149416,fold_4,2,19,2,1.0,1.0,0,Hồ sơ trình Chủ tịch nước quyết định cách chức Thẩm phán sơ cấp gồm những gì?
67932,fold_4,1,1,2,1.0,1.0,0,"Hạ sĩ quan, chiến sĩ phục vụ có thời hạn trong lực lượng vũ trang đang hưởng phụ cấp sinh hoạt phí có phải đóng góp vào quỹ phòng chống thiên tai hay không?"
151008,fold_1,3,2,2,1.0,1.0,0,Cơ sở in xuất bản phẩm trong Quân đội thì phải đáp ứng điều kiện nào mới được cấp phép hoạt động in?
131712,fold_2,1,1,1,1.0,1.0,0,Đơn đăng ký đăng ký cấp sổ đỏ lần đầu trực tiếp tại Văn phòng đăng ký quyền sử dụng đất cấp tỉnh được quy định như thế nào?
83480,fold_4,1,3,1,1.0,1.0,0,"Công tác tuyên truyền, phổ biến pháp luật và hỗ trợ pháp lý cho người khai hải được thực hiện theo nguyên tắc nào?"
25322,fold_2,1,1,24,1.0,1.0,0,"Vụ Thanh tra kiểm tra thuộc Tổng cục Hải quan chịu sự quản lý, chỉ đạo của cơ quan nào?"
18010,fold_2,1,2,2,1.0,1.0,0,"Thời hiệu xử lý kỷ luật khi Đảng viên vi phạm quy định khoa học công nghệ, chuyển giao công nghệ?"
17800,fold_3,1,1,1,1.0,1.0,0,Ai chịu trách nhiệm về việc quản lý tài chính của Quỹ Hỗ trợ vận động viên thể thao Việt Nam?
111368,fold_1,1,20,2,1.0,1.0,0,Việc thu hồi Giấy phép nhận chìm ở biển khi tổ chức được cấp Giấy phép bị phá sản được thực hiện thế nào?
79064,fold_1,1,1,1,1.0,1.0,0,Hiệp hội Thiết kế mẫu và sáng tạo mỹ thuật Việt Nam có phải lập và lưu giữ danh sách các chi hội mà mình thành lập không?
134090,fold_4,1,20,>100,1.0,1.0,0,Sẽ có khoảng 20% trường nghề bị xóa sổ trong thời gian tới đúng không?
82428,fold_1,1,2,1,1.0,1.0,0,Khai báo không đầy đủ thông tin của nguồn phóng xạ thì tổ chức bị xử phạt vi phạm hành chính thế nào?
41296,fold_2,1,>100,9,1.0,1.0,0,Hồ sơ thông báo thay đổi cổ đông là nhà đầu tư nước ngoài trong Công ty cổ phần chưa niêm yết bao gồm những gì?
129404,fold_3,1,5,2,1.0,1.0,0,Xe tải có hành vi chạy vào làn dành cho xe máy bị xử phạt bao nhiêu tiền?
32874,fold_4,1,15,3,1.0,1.0,0,Trường hợp nào cha mẹ không được nhận trợ cấp tử tuất hằng tháng của con mất có đóng bảo hiểm xã hội?
38856,fold_3,1,5,3,1.0,1.0,0,Hồ sơ tham gia sát hạch để cấp lại giấy phép lái xe trong trường hợp hết thời hạn sử dụng gồm những gì?
74244,fold_2,1,1,2,1.0,1.0,0,Trên Hệ thống dịch vụ công trực tuyến Bộ Tài nguyên và Môi trường thực hiện các giao dịch điện tử gì?
132040,fold_2,1,32,8,1.0,1.0,0,"Quy định về hỗ trợ khi Nhà nước thu hồi đất gồm những nguyên tắc, các khoản hỗ trợ như thế nào?"
20980,fold_0,1,1,43,1.0,1.0,0,Thủ tục quản lý hộ chiếu ngoại giao của cán bộ công chức Kiểm toán nhà nước được quy định ra sao?
110020,fold_0,1,8,8,1.0,1.0,0,Việc xây dựng Kế hoạch giải quyết tranh chấp về áp dụng biện pháp quản lý ngoại thương do cơ quan nào thực hiện?
124004,fold_4,1,1,1,1.0,1.0,0,Hạn tuổi cao nhất của sĩ quan phục vụ tại ngũ theo cấp bậc quân hàm cấp tướng là bao nhiêu?
42520,fold_4,1,3,83,1.0,1.0,0,Hậu quả pháp lý của việc đơn phương chấm dứt hợp đồng lao động trái pháp luật.
3080,fold_3,2,1,1,1.0,1.0,0,"Nội dung phát thanh, truyền hình phải bảo đảm có văn bản chứng minh bản quyền hợp pháp?"
6292,fold_1,2,29,1,1.0,1.0,0,"Phát hiện cơ sở vi phạm một trong các trường hợp bị thu hồi Giấy chứng nhận cơ sở đủ điều kiện sản xuất, ương dưỡng giống thủy sản cơ quan có thẩm quyền phải làm gì?"
35732,fold_4,1,1,16,1.0,1.0,0,Mẫu Phiếu đăng ký dự tuyển công chức Bộ Nội vụ năm 2023 là mẫu nào?
46304,fold_1,1,6,50,1.0,1.0,0,Trọng tải xe là gì? Trọng tải thiết kế và trọng tải được phép chở của xe ô tô là bao nhiêu?
13450,fold_1,1,3,15,1.0,1.0,0,Đơn vị đăng kiểm xe cơ giới có trách nhiệm như thế nào theo quy định hiện nay?
140660,fold_1,1,3,27,1.0,1.0,0,Sửa đổi một số quy định trong vi phạm quy chế khu vực biên giới đất liền?
19810,fold_2,1,1,71,1.0,1.0,0,Thân nhân của người có công với cách mạng được làm việc theo thời vụ tại Hàn Quốc khi đáp ứng điều kiện gì?
116384,fold_1,1,1,2,1.0,1.0,0,Có bao nhiêu Đội phó trong Đội ứng cứu sự cố an toàn thông tin mạng Bộ Tư pháp?
61340,fold_0,1,1,5,1.0,1.0,0,Đối tượng nào phải nộp thuế thu nhập cá nhân?
46688,fold_4,2,1,14,1.0,1.0,0,Quyền và nghĩa vụ của người tập sự hành nghề Thừa phát lại theo quy định mới nhất hiện nay bao gồm những gì?
68482,fold_1,1,30,6,1.0,1.0,0,Có được nhận tài sản thừa kế từ cha mẹ chồng cũ khi đã ly hôn không?
92820,fold_1,1,1,5,1.0,1.0,0,Đã có tài liệu hướng dẫn chẩn đoán và điều trị bệnh phổi tắc nghẽn mạn tính do Bộ Y tế ban hành?
61094,fold_4,1,1,6,1.0,1.0,0,Xác thực tài khoản định danh điện tử có mấy mức độ và đó là những mức nào?
111336,fold_0,1,44,5,1.0,1.0,0,"Căn cứ ban hành quyết định cưỡng chế bằng biện pháp trích tiền từ tài khoản, phong tỏa tài khoản của người nộp thuế bị cưỡng chế thi hành quyết định hành chính về quản lý thuế là gì?"
152408,fold_3,1,>100,24,1.0,1.0,0,Chuyển xếp lương đối với chức danh Dân số viên hạng IV?
2722,fold_2,1,3,10,1.0,1.0,0,Hồ sơ xét giảm thời hạn chấp hành án phạt tù phải được gửi cho Tòa án trong thời hạn bao nhiêu ngày sau khi được lập?
56832,fold_3,1,>100,90,1.0,1.0,0,Việc cấp giấy ra viện được pháp luật quy định như thế nào?
166386,fold_2,1,>100,>100,0.0,0.0,0,Cần chuẩn bị những giấy tờ gì để gia hạn thời gian lưu hành tại Việt Nam cho phương tiện vận tải đường bộ qua biên giới của các nước thực hiện các Hiệp định khung ASEAN?
112478,fold_2,1,1,6,1.0,1.0,0,Nội dung bồi dưỡng nghiệp vụ hướng dẫn du lịch nội địa gồm những gì?
147036,fold_1,1,3,>100,1.0,1.0,0,Ủy ban nhân dân được quy định thế nào?
54244,fold_2,1,1,2,1.0,1.0,0,Giới hạn phạm vi hoạt động của Hội Phòng chống HIV/AIDS Việt Nam?
159010,fold_2,1,2,11,1.0,1.0,0,Luật Thực hiện dân chủ ở cơ sở quy định thông tin phải được Ủy ban nhân dân cấp xã niêm yết trong bao lâu?
11098,fold_2,1,1,44,1.0,1.0,0,Đối với các khoản nợ công Chủ tịch nước có quyền hạn gì?
99780,fold_0,1,1,49,1.0,1.0,0,Không ký hợp đồng tham gia Bảo hiểm xã hội được không?
2108,fold_2,2,1,3,0.5,0.5,0,"Hạn chót nộp Báo cáo sơ kết công tác thi đua, khen thưởng 6 tháng đầu năm 2023 trong TAND là khi nào?"
57528,fold_4,1,>100,16,1.0,1.0,0,Bảng tra cứu tuổi nhận lương hưu trong trường hợp về hưu sớm như thế nào?
41554,fold_3,1,3,24,1.0,1.0,0,Cơ quan nào tổ chức công tác trả nợ đối với nợ Chính phủ?
149312,fold_3,1,1,28,1.0,1.0,0,Quyền nghỉ ngơi của viên chức được pháp luật quy định như thế nào?
65378,fold_3,3,>100,37,0.3333333333333333,0.3333333333333333,0,"Trường hợp chủ đầu tư, đơn vị thiết kế đề xuất áp dụng một số quy định mới có yêu cầu thấp hơn so với quy chuẩn, tiêu chuẩn cũ trước đây thì xử lý thế nào?"
60318,fold_0,1,>100,13,1.0,1.0,0,Có các biện pháp khẩn cấp tạm thời nào?
87240,fold_2,1,1,3,1.0,1.0,0,"Quảng cáo rượu bia có độ cồn dưới 5,5 độ trên các nền tảng điện tử phải đáp ứng yêu cầu gì?"
126252,fold_0,1,9,17,1.0,1.0,0,Trình tự thủ tục cấp Giấy phép nhập khẩu thuốc bảo vệ thực vật được thực hiện như thế nào?
24534,fold_1,1,95,8,1.0,1.0,0,Hồ sơ hưởng chế độ thai sản khi phá thai bệnh lý bao gồm những giấy tờ nào?
150806,fold_4,1,1,1,1.0,1.0,0,Cục Cảnh sát quản lý hành chính về trật tự xã hội phải công khai những nội dung nào?
136042,fold_2,1,15,2,1.0,1.0,0,Mở rộng cửa hàng miễn thuế mà không xin phép có bị xử phạt vi phạm hành chính hay không?
117288,fold_3,1,15,23,1.0,1.0,0,"Cấp phù hiệu ""XE ĐẦU KÉO"" cho xe ô tô đầu kéo kéo rơ moóc mất bao lâu?"
46064,fold_0,1,1,6,1.0,1.0,0,Người học ngành truyền thông đa phương tiện trình độ trung cấp phải có độ tự chủ và trách nhiệm như thế nào?
143474,fold_4,2,1,2,1.0,1.0,0,Thực hiện phân công cán bộ kiểm tra về phòng cháy chữa cháy và cứu nạn cứu hộ như thế nào?
153134,fold_1,1,3,>100,1.0,1.0,0,Chứng từ kế toán có hệ thống biểu mẫu được quy định như thế nào?
156124,fold_3,1,1,6,1.0,1.0,0,"Người khuyết tật có khả năng cấp, sở hữu và sử dụng giấy tờ quốc tịch của họ ở mức độ nào?"
29870,fold_1,1,2,1,1.0,1.0,0,"Đối với công trình đang sử dụng, khai thác nào trong lĩnh vực đường bộ phải đảm bảo tuân thủ về phòng ngừa thiên tai?"
126162,fold_3,1,6,2,1.0,1.0,0,Phẫu thuật tổn thương gân cơ mác bên sẽ có bước chuẩn bị và tiến hành như thế nào?
79744,fold_4,1,1,1,1.0,1.0,0,Pháp luật quy định kết luận phúc tra tuyển sinh trình độ trung cấp như thế nào?
154844,fold_3,1,1,9,1.0,1.0,0,Ứng dụng khoa học và công nghệ vào việc thực hiện quy hoạch kết cấu hạ tầng đường thủy nội địa thời kỳ 2021 - 2030 như thế nào?
112704,fold_2,1,3,1,1.0,1.0,0,Đèn hình mũi tên trong hệ thống đèn tín hiệu giao thông đường bộ có ý nghĩa gì?
154214,fold_4,1,1,1,1.0,1.0,0,Đơn vị tổ chức kỳ thi sát hạch cấp chứng chỉ hành nghề môi giới bất động sản có nhiệm vụ và quyền hạn như thế nào?
16726,fold_1,2,1,2,1.0,1.0,0,Phiên họp xét miễn chấp hành án phạt cải tạo không giam giữ do ai tổ chức và được tổ chức khi nào?
134964,fold_3,1,2,1,1.0,1.0,0,Công dân nam bấm lỗ tai không được tham gia nghĩa vụ công an có đúng với quy định của pháp luật không?
59228,fold_4,2,2,37,1.0,1.0,0,Bác sĩ từ chối khám chữa bệnh cho bệnh nhân có được không?
160196,fold_0,1,1,15,1.0,1.0,0,Quyền hạn của Hội người cao tuổi Việt Nam được pháp luật quy định ra sao?
104072,fold_0,1,1,1,1.0,1.0,0,"Xử lý kết quả đánh giá, phân loại, xác định người nộp thuế có dấu hiệu rủi ro trong quản lý và sử dụng hóa đơn như thế nào?"
79254,fold_2,2,6,>100,1.0,1.0,0,Tra cứu thông tin đăng ký hộ kinh doanh online như thế nào?
115568,fold_2,1,1,3,1.0,1.0,0,Ban Quản lý các dự án khí tượng thủy văn là đơn vị dự toán cấp mấy?
104980,fold_4,1,4,40,1.0,1.0,0,Số lượng người ký kết hợp đồng lao động với đơn vị sự nghiệp công lập được quy định như thế nào?
163572,fold_2,1,1,3,1.0,1.0,0,Thời hiệu xử phạt vi phạm hành chính đối với tổ chức không đăng ký kinh doanh đại lý lữ hành tại cơ quan nhà nước có thẩm quyền là bao lâu?
160782,fold_0,1,1,1,1.0,1.0,0,Người bị tạm giam là người nước ngoài thì định mức ăn có giống như tạm giam người Việt Nam hay không?
151010,fold_1,2,4,14,1.0,1.0,0,Những đối tượng nào thuộc trường hợp tinh giản biên chế do sức khỏe không đảm bảo?
160706,fold_4,1,16,22,1.0,1.0,0,"Người điều khiển xe máy kéo, xe máy chuyên dụng uống bia rượu khi tham gia giao thông bị xử phạt như thế nào?"
77430,fold_0,1,3,1,1.0,1.0,0,Chủ dự án được tiếp nhận vốn vay ODA tạm ứng để thực hiện dự án khi nào?
156102,fold_0,1,1,9,1.0,1.0,0,Bảo hiểm nông nghiệp đối với doanh nghiệp bảo hiểm phi nhân thọ được thực hiện theo nguyên tắc nào?
162892,fold_2,1,74,5,1.0,1.0,0,Cơ quan nào có thẩm quyền thu hồi chứng chỉ hành nghề xây dựng?
98042,fold_0,1,37,2,1.0,1.0,0,Có được bổ nhiệm giữ chức danh thành viên Hội đồng thành viên đối với doanh nghiệp mà Nhà nước nắm giữ 100% vốn điều lệ khi đang trong thời gian thi hành kỷ luật hay không?
15158,fold_4,1,1,>100,1.0,1.0,0,Giảm thuế giá trị gia tăng đối với sản phẩm hóa chất như thế nào?
49962,fold_0,1,1,1,1.0,1.0,0,Trong chương trình hành động quốc gia chống sa mạc hóa tại các vùng Châu Phi thì việc cải thiện môi trường kinh tế để góp phần giảm nghèo sẽ có những biện pháp nào?
134152,fold_3,1,5,1,1.0,1.0,0,Thời hạn bổ nhiệm phụ trách kế toán của các đơn vị kế toán ngân sách và tài chính xã là trong bao lâu?
145180,fold_4,1,2,1,1.0,1.0,0,"Tiêu chuẩn về năng lực chuyên môn, nghiệp vụ đối với chức danh nghề nghiệp kỹ thuật dựng phim hạng II?"
141958,fold_1,1,3,38,1.0,1.0,0,Hồ sơ đăng ký doanh nghiệp đối với công ty trách nhiệm hữu hạn một thành viên được quy định như thế nào?
20010,fold_3,1,3,1,1.0,1.0,0,Có được thực hiện hành vi đốt cây khai hoang trong vành đai biên giới không?
4126,fold_4,1,>100,>100,0.0,0.0,0,Cơ quan Bộ bao gồm những tổ chức nào? Tài khoản thông tin tại Cơ quan Bộ Tài chính bao gồm các loại nào?
34666,fold_0,1,7,15,1.0,1.0,0,"Sử dụng hóa đơn, chứng từ khống có phải là sử dụng không hợp pháp hóa đơn, chứng từ?"
101118,fold_2,1,1,9,1.0,1.0,0,Báo cáo tình hình hoạt động kiểm định chất lượng giáo dục trong năm và phương hướng hoạt động năm tiếp theo được gửi theo phương thức nào?
38406,fold_3,1,1,4,1.0,1.0,0,Xuất nhập khẩu qua cửa khẩu biên giới thì phải đảm bảo nguyên tắc nào?
9232,fold_4,1,1,>100,1.0,1.0,0,Trưởng ban Cải cách hiện đại hóa hải quan có thẩm quyền thành lập các Tổ nghiệp vụ không?
84510,fold_1,1,1,>100,1.0,1.0,0,"Tiêu chuẩn, điều kiện, trách nhiệm và quyền của kế toán trưởng như thế nào?"
132452,fold_1,2,1,1,1.0,1.0,0,Người đại diện phần vốn góp của Công ty mẹ Tập đoàn Viễn thông Quân đội được các doanh nghiệp khác trả thù lao thì có phải nộp lại cho Công ty hay không?
60266,fold_0,1,>100,8,1.0,1.0,0,Cơ quan nào có thẩm quyền tiếp nhận hồ sơ đề nghị cấp bổ sung Giấy chứng nhận đăng ký hoạt động chứng nhận hệ thống quản lý?
50356,fold_3,1,1,13,1.0,1.0,0,Khám sức khỏe nghĩa vụ quân sự là gì?
40038,fold_2,1,1,4,1.0,1.0,0,Doanh nghiệp tư nhân cần chuẩn bị những giấy tờ gì khi xin cấp Giấy phép kinh doanh vận tải bằng xe ô tô?
112962,fold_2,1,3,14,1.0,1.0,0,"Hội đồng Tư vấn chính sách tài chính, tiền tệ quốc gia gồm có bao nhiêu Phó Chủ tịch? Đó là những ai?"
66266,fold_0,1,23,2,1.0,1.0,0,Chủ tịch Ủy ban nhân dân cấp tỉnh có quyền xử phạt vi phạm hành chính người tư vấn về y tế không đầy đủ nội dung cho người mang thai hộ không?
25366,fold_1,2,79,91,1.0,1.0,0,Chủ tịch Ủy ban nhân dân xã có quyền xử phạt vi phạm hành chính hộ gia đình trong trường hợp này không?
9806,fold_4,1,>100,3,1.0,1.0,0,Việc ký quỹ bảo vệ môi trường trong nhập khẩu phế liệu từ nước ngoài về Việt Nam làm nguyên liệu sản xuất nhằm mục đích gì?
44910,fold_0,1,1,36,1.0,1.0,0,Những cơ quan quản lý nhà nước nào có trách nhiệm đối với việc bảo đảm an toàn hệ thống thông tin?
69796,fold_0,1,1,>100,1.0,1.0,0,Tổ chức hành chính cấp tỉnh được tổ chức lại trong các trường hợp nào?
58562,fold_1,1,7,2,1.0,1.0,0,Hệ thống đường ống bằng kim loại dẫn môi chất được kiểm định kỹ thuật an toàn theo trình tự thế nào?
4502,fold_3,1,>100,1,1.0,1.0,0,Hợp đồng chìa khóa trao tay có hiệu lực pháp lý khi đáp ứng đủ các điều kiện nào?
150868,fold_1,1,1,1,1.0,1.0,0,Quy trình đăng ký tham gia BHXH tự nguyện trên Cổng Dịch vụ công đối với người tham gia thuộc hộ nghèo hoặc hộ cận nghèo như thế nào?
87308,fold_3,1,3,1,1.0,1.0,0,Hướng dẫn xác định giá tính thuế không xác định được giá bán đơn vị tài nguyên khai thác do có chứa nhiều chất khác nhau?
151454,fold_1,1,9,1,1.0,1.0,0,Nếu phạm nhân là người nước ngoài chết trong trại giam thì sao?
114390,fold_3,1,18,10,1.0,1.0,0,Đồ án quy hoạch dành cho phân khu sẽ có thời hạn là bao lâu?
17812,fold_1,1,12,1,1.0,1.0,0,Đu đủ quả tươi hạng đặc biệt trong mỗi bao gói có cần phải cùng kích cỡ và chất lượng không?
136854,fold_2,1,1,1,1.0,1.0,0,Hội đồng tư vấn xác định nhiệm vụ khoa học và công nghệ cấp Bộ của Bộ Văn hóa Thể thao và Du lịch do ai quyết định thành lập?
120064,fold_1,1,1,>100,1.0,1.0,0,Thời hạn của Giấy phép lao động theo quy định trong bao lâu?
68078,fold_4,1,28,4,1.0,1.0,0,Muốn được cấp hóa đơn điện tử có mã của cơ quan thuế theo từng lần phát thì cần làm gì?
118500,fold_1,1,85,11,1.0,1.0,0,Số tiền thu được từ việc thanh lý tài sản cố định được hạch toán vào đâu?
108266,fold_2,2,2,1,1.0,1.0,0,Nhà khoa học đầu ngành tiết lộ kết quả khoa học và công nghệ thuộc danh mục bí mật nhà nước sẽ không được hưởng các chính sách ưu đãi phải không?
44206,fold_3,1,1,6,1.0,1.0,0,Các thiết bị hàn sử dụng trong quá trình thực hiện công việc hàn điện phải tuân theo những quy định nào?
77256,fold_4,1,1,2,1.0,1.0,0,Ai có thẩm quyền cho phép đi nước ngoài giải quyết việc riêng đối với công chức cơ quan tham mưu giúp việc cho Bộ trưởng Bộ Giao thông vận tải?
75716,fold_4,1,6,2,1.0,1.0,0,Làm sao để xác định người chấp hành án phạt cải tạo không giam giữ đã hoàn thành xong thời gian cải tạo không giam giữ?
18300,fold_2,1,44,>100,1.0,1.0,0,Phương thức chi trả kinh phí cho việc điều chỉnh mức lương cơ sở cho quân nhân chuyên nghiệp được quy định ra sao?
69162,fold_0,1,1,1,1.0,1.0,0,Dự án đẩy mạnh hoạt động Sàn giao dịch công nghệ hỗ trợ chuyển giao công nghệ và đổi mới sáng tạo của Thành phố Hồ Chí Minh?
108472,fold_3,1,1,2,1.0,1.0,0,Tổ chức triển khai thực hiện hoạt động công bố cơ sở pha chế khí là trách nhiệm của ai?
94888,fold_2,1,3,11,1.0,1.0,0,Có thể làm thủ tục biên phòng điện tử không?
3986,fold_2,1,1,1,1.0,1.0,0,"Trách nhiệm của thuyền viên, người lái phương tiện thủy nội địa là gì?"
28178,fold_2,1,5,13,1.0,1.0,0,Ngoài nhân viên vận hành thì Đơn vị quản lý vận hành có thể bố trí thêm ai tham gia trực vận hành nhà máy điện không người trực?
116250,fold_2,2,1,1,1.0,1.0,0,Đề nghị xét tặng Giải thưởng Hồ Chí Minh về khoa học và công nghệ tại Hội đồng xét tặng giải thưởng chuyên ngành cấp nhà nước cần chuẩn bị những hồ sơ gì?
152276,fold_2,1,3,100,1.0,1.0,0,Thời gian làm việc trong một năm học của giáo viên trung học cơ sở được phân chia cụ thể thế nào?
128836,fold_0,2,1,2,1.0,1.0,0,"Chế độ đối với hộ gia đình, cá nhân chăm sóc, nuôi dưỡng đối tượng được quy định như thế nào?"
159002,fold_0,1,1,1,1.0,1.0,0,Các dấu hiệu để xác định trạng thái cai các chất kích thần bao gồm những dấu hiệu nào theo quy định hiện nay?
6472,fold_3,1,1,43,1.0,1.0,0,Quỹ tín dụng nhân dân được thành lập trên địa bàn có điều kiện kinh tế - xã hội khó khăn thì được ưu đãi về thuế như thế nào?
5800,fold_0,1,16,45,1.0,1.0,0,Tàu cá nước ngoài khi rời cảng cá không thông báo đầy đủ thông tin cho tổ chức quản lý cảng cá sẽ bị phạt bao nhiêu?
33414,fold_2,1,1,31,1.0,1.0,0,"Hoạt động văn hóa của học sinh, sinh viên được hiểu như thế nào?"
107266,fold_3,1,1,1,1.0,1.0,0,Phân công trách nhiệm tổ chức lấy ý kiến về dự thảo Luật Đất đai (sửa đổi) như thế nào?
117884,fold_4,1,2,11,1.0,1.0,0,Định hướng và phương án phát triển nguồn điện quốc gia trong giai đoạn Quy hoạch điện 8 như thế nào?
156810,fold_4,1,19,>100,1.0,1.0,0,Quyền và nghĩa vụ của bên cung cấp dịch vụ trong hợp đồng dịch vụ ra sao?
94214,fold_4,1,>100,>100,0.0,0.0,0,Hiện tại bị mất căn cước công dân (CCCD) có thể dùng sổ hộ khẩu để rút bảo hiểm xã hội một lần được không?
105730,fold_2,1,38,1,1.0,1.0,0,Việc theo dõi người bệnh phẫu thuật điều trị hở mi do sẹo gây lật mi thực hiện như thế nào?
60978,fold_3,1,1,2,1.0,1.0,0,"Các nghi lễ đón, tiếp Người đứng đầu Chính phủ thăm chính thức được tiến hành như thế nào?"
18192,fold_2,1,11,1,1.0,1.0,0,"Người học ngành vận hành cần, cầu trục trình độ cao đẳng phải có mức độ tự chủ và trách nhiệm như thế nào?"
98852,fold_2,1,>100,12,1.0,1.0,0,"Cải cách thủ tục hành chính theo hướng minh bạch, đơn giản, thống nhất"
92446,fold_1,1,1,2,1.0,1.0,0,Trình tự nhận nuôi con nuôi trong nước theo quy định pháp luật như thế nào?
91486,fold_0,1,8,9,1.0,1.0,0,Trường hợp nào thì phải thực hiện biệt phái công chức?
80752,fold_3,1,93,29,1.0,1.0,0,Hợp đồng đào tạo nghề bao gồm những nội dung nào?
21346,fold_2,1,18,8,1.0,1.0,0,Hoạt động nhập khẩu phim nhằm mục đích nghiên cứu đối với các tác phẩm có yếu tố bạo lực bị cấm nhập khẩu do cơ quan nào cấp phép?
150822,fold_3,2,1,3,1.0,1.0,0,Người phát ngôn và cung cấp thông tin cho báo chí của BVHTTDL có quyền từ chối cung cấp thông tin về vụ việc đang trong quá trình thanh tra hay không?
18422,fold_2,2,39,4,1.0,1.0,0,Còn dư 05 ngày nghỉ phép năm cũ thì có được quy thành tiền lương nghỉ phép năm cho người lao động không?
80368,fold_1,1,>100,11,1.0,1.0,0,Chuyển mục đích sử dụng đất từ đất trồng cây hàng năm sang đất xây dựng chuồng trại chăn nuôi thì có cần phải xin phép hay không?
114838,fold_1,1,2,7,1.0,1.0,0,Đối tượng nào được nhận hỗ trợ từ Quỹ Hỗ trợ và Phát triển sinh viên Việt Nam?
16440,fold_1,1,>100,16,1.0,1.0,0,"Cơ quan có thẩm quyền, tổ chức, cá nhân sản xuất, kinh doanh các hành vi bị nghiêm cấm gồm?"
156056,fold_4,1,2,33,1.0,1.0,0,Bộ máy kiểm toán nội bộ của doanh nghiệp Nhà nước được tổ chức gồm những ai và có số lượng kiểm toán viên nội bộ như thế nào?
54700,fold_1,1,2,>100,1.0,1.0,0,Trách nhiệm giám sát thực hiện cuộc bán đấu giá quyền sử dụng đất được quy định như thế nào?
107662,fold_2,1,3,4,1.0,1.0,0,Thời gian luân chuyển đối với người quản lý doanh nghiệp nhà nước là bao lâu?
55256,fold_2,1,1,21,1.0,1.0,0,Các hành vi bị nghiêm cấm đối với trẻ em được pháp luật quy định như thế nào?
113966,fold_1,1,1,1,1.0,1.0,0,Sau khi thôi thực hiện chức trách thì Chủ tịch Hội đồng thành viên Tổng công ty Viễn thông MobiFone có được được tiết lộ bí mật của MobiFone hay không?
10480,fold_3,1,1,3,1.0,1.0,0,Các nhiệm vụ được Quỹ Phát triển khoa học và công nghệ Bộ Quốc phòng có thực hiện đánh giá và nghiệm thu không?
153558,fold_1,1,1,1,1.0,1.0,0,Hội đồng kiểm tra kết quả tập sự hành nghề luật sư là gì?
71606,fold_0,1,1,1,1.0,1.0,0,Trường mầm non quy định thiết kế về cầu thang và hành lang như thế nào?
12108,fold_2,1,1,5,1.0,1.0,0,Doanh nghiệp kinh doanh dịch vụ du lịch lữ hành giao kết hợp đồng với khách du lịch nhưng không có điều khoản về bảo hiểm cho khách thì bị phạt bao nhiêu?
149938,fold_3,1,2,1,1.0,1.0,0,Việc thông qua văn bản của một điều ước quốc tế bắt buộc phải được thực hiện với sự đồng ý của tất cả các quốc gia tham gia soạn thảo điều ước quốc tế đó không?
133074,fold_3,1,7,6,1.0,1.0,0,Phó Thủ trưởng cơ quan thi hành án dân sự cấp tỉnh có nhiệm vụ và quyền hạn thế nào?
40392,fold_0,1,19,4,1.0,1.0,0,Tổ chức thực hiện trợ giúp pháp lý không đúng nội dung đăng ký thì bị xử phạt vi phạm hành chính thế nào?
86430,fold_2,1,8,52,1.0,1.0,0,Khi tiến hành xây dựng người sử dụng đất phải đảm bảo nghĩa vụ chung ra sao?
143596,fold_2,1,83,2,1.0,1.0,0,Thời gian làm việc để tính ngày nghỉ phép hằng năm được quy định như thế nào?
63218,fold_1,1,22,>100,1.0,1.0,0,Thiết bị kỹ thuật của dự án tài nguyên nước có cần phải có giáy chứng nhận kiểm định chất lượng không?
118562,fold_3,1,>100,57,1.0,1.0,0,In tờ rơi bột ngũ cốc mà không nếu rõ “Sản phẩm này là thức ăn bổ sung và được ăn thêm cùng với sữa mẹ dùng cho trẻ trên 06 tháng tuổi” sẽ bị xử phạt như thế nào?
88414,fold_0,1,2,>100,1.0,1.0,0,Trình tự thủ tục chuyển giao quyền đại diện chủ sở hữu vốn Nhà nước tại doanh nghiệp là như thế nào?
152420,fold_1,1,>100,42,1.0,1.0,0,Công chức không giữ chức vụ lãnh đạo bị bố trí vào vị trí việc làm có yêu cầu thấp hơn trong trường hợp nào?
16552,fold_4,1,2,>100,1.0,1.0,0,Đồng tiền thu nộp phí lệ phí bằng ngoại tệ được quy định thế nào?
92144,fold_1,1,10,4,1.0,1.0,0,Trách nhiệm của các cán bộ làm công tác thi hành án hình sự cấp huyện
89998,fold_1,1,3,9,1.0,1.0,0,Đồ án quy hoạch chuyên ngành giao thông đô thị bao gồm những nội dung nào?
98590,fold_2,1,1,>100,1.0,1.0,0,Người Việt Nam ở nước ngoài thuộc đối tượng được xét tặng Kỷ niệm chương Vì sự nghiệp Tòa án cần đáp ứng những yêu cầu gì?
45462,fold_4,1,5,1,1.0,1.0,0,Cơ quan thực hiện tuyển dụng công chức theo quy định pháp luật
113146,fold_2,1,>100,75,1.0,1.0,0,Đánh giá chất lượng tài liệu là gì?
106042,fold_0,1,5,>100,1.0,1.0,0,Hội đồng nhân dân bị mất con dấu thì hồ sơ để đăng ký lại mẫu con dấu gồm những thành phần nào?
31352,fold_1,1,20,46,1.0,1.0,0,Đại biểu Quốc hội được chất vấn ai?
14894,fold_3,1,1,15,1.0,1.0,0,Hợp đồng bảo hiểm hàng hải là gì?
167280,fold_2,1,35,1,1.0,1.0,0,Thời gian xác nhận đăng ký khoản vay nước ngoài được quy định như thế nào?
160986,fold_4,1,8,12,1.0,1.0,0,Chi ngân sách nhà nước qua Kho bạc nhà nước cần đáp ứng những điều kiện gì?
81946,fold_0,1,19,6,1.0,1.0,0,Hướng dẫn thủ tục hải quan đối với trường hợp công ty cho thuê tài chính mua tài sản trong nước rồi cho doanh nghiệp chế xuất khu phi thuế quan thuê?
23026,fold_1,1,>100,>100,0.0,0.0,0,Hồ sơ thương nhân khi đăng ký ngoài Giấy chứng nhận đăng ký doanh nghiệp thì còn cần tài liệu nào?
91024,fold_0,1,1,18,1.0,1.0,0,Phạm vi vùng bảo hộ vệ sinh khu vực lấy nước sinh hoạt của công trình khai thác nước mặt được xác định như thế nào?
104,fold_3,1,1,2,1.0,1.0,0,Nghiên cứu hồ sơ trưng cầu hoặc yêu cầu giám định pháp y tâm thần đối với hình thức giám định tại phòng khám được thực hiện như thế nào?
43614,fold_1,1,8,1,1.0,1.0,0,Trong các bước phẫu thuật xương bánh chè thì bác sĩ phải tiến hành khâu như thế nào?
4030,fold_4,1,1,7,1.0,1.0,0,Ai chịu trách nhiệm tổ chức thực hiện nhiệm vụ quyền hạn của Trung tâm Báo chí và Hợp tác truyền thông quốc tế?
72814,fold_0,1,6,2,1.0,1.0,0,Đối tượng nào sử dụng diện tích làm việc tại trụ sở cơ quan Bộ Giáo dục và Đào tạo?
146486,fold_0,1,12,1,1.0,1.0,0,"Người học ngành phòng cháy chữa cháy và cứu nạn cứu hộ trình độ cao đẳng phải có khả năng học tập, nâng cao trình độ như thế nào?"
54140,fold_4,1,>100,10,1.0,1.0,0,Tăng mức đóng bảo hiểm thất nghiệp cho người lao động
159208,fold_2,1,3,6,1.0,1.0,0,Công trình điện gió phải đảm bảo những điều kiện an toàn nào trong thi công xây dựng công trình?
142978,fold_3,1,1,1,1.0,1.0,0,Quản lý môn học và tổ chức dạy học môn học Giáo dục quốc phòng và an ninh trong chương trình đào tạo trình độ cao đẳng được quy định như thế nào?
109900,fold_2,1,5,1,1.0,1.0,0,Tài liệu thư viện Bộ Tài nguyên và Môi trường được xử lý như thế nào?
58282,fold_0,1,22,>100,1.0,1.0,0,"Mẫu quyết định thay đổi quyết định, lệnh của Điều tra viên mới nhất được quy định như thế nào?"
161900,fold_0,1,24,25,1.0,1.0,0,Khi nào thông báo trên phương tiện thông tin đại chúng về văn bản tố tụng?
98108,fold_2,1,6,44,1.0,1.0,0,Kiểm tra vấn đề pháp lý của dự án nhà ở hình thành trong tương lai như thế nào?
152104,fold_4,1,2,9,1.0,1.0,0,Phổ biến phim là gì?
796,fold_2,2,2,7,1.0,1.0,0,Thực hiện việc thu phí điện tử không dừng được quy định như thế nào? Mức phạt khi đi vào làn thu phí mà không đủ tiền trong tài khoản trả phí tự động?
126858,fold_4,1,10,3,1.0,1.0,0,Con của vợ trước có được quyền thừa kế di sản của cha hay không?
36360,fold_3,1,36,16,1.0,1.0,0,Bị đơn dân sự có quyền yêu cầu giám định hay không?
121252,fold_0,1,9,4,1.0,1.0,0,Hàng tháng người lao động thuộc công đoàn của doanh nghiệp phải đóng đoàn phí công đoàn là bao nhiêu?
71292,fold_2,1,1,2,1.0,1.0,0,"Tiệm thuốc tây ""thực hành tốt nhà thuốc"" thì người trực tiếp bán thuốc cho bệnh nhân phải có trình độ như thế nào?"
88890,fold_2,1,20,3,1.0,1.0,0,"Hồ sơ đề nghị điều chỉnh dự án đầu tư trong trường hợp hợp nhất, sáp nhập, chuyển đổi loại hình tổ chức kinh tế bao gồm những gì?"
34932,fold_1,1,1,1,1.0,1.0,0,Nhà đầu tư chiến lược nước ngoài có thể sở hữu 20% cổ phần trong tổ chức tín dụng được không?
32900,fold_2,1,1,1,1.0,1.0,0,Hình thức tổ chức hoạt động tư vấn cai nghiện thuốc lá
14598,fold_3,1,18,6,1.0,1.0,0,Doanh nghiệp chế xuất được phép mua bán phế liệu gỗ thì sẽ mở tờ khai hải quan theo loại hình nào?
57982,fold_1,1,3,35,1.0,1.0,0,Người lao động được xếp vào nhóm người lao động cao tuổi bắt đầu từ độ tuổi nào?
22830,fold_4,1,1,4,1.0,1.0,0,Liên hiệp hợp tác xã có được lập văn phòng đại diện không?
153004,fold_0,1,1,34,1.0,1.0,0,Người bị tạm giữ có được tiếp tục khiếu nại khi cơ quan có thẩm quyền đã ra quyết định giải quyết khiếu nại trước đó hay không?
88720,fold_0,1,1,1,1.0,1.0,0,"Theo khung nhuận bút, nhuận bút đối với tác phẩm múa ít người được trả cho những ai?"
111846,fold_4,1,29,2,1.0,1.0,0,Sinh viên đang mang thai có được tạm hoãn học môn Giáo dục Quốc phòng và an ninh trong chương trình đào tạo trình độ cao đẳng không?
42206,fold_2,1,2,2,1.0,1.0,0,Trách nhiệm của thương nhân cung cấp dịch vụ sàn giao dịch thương mại điện tử là gì?
104400,fold_4,1,27,1,1.0,1.0,0,"Nộp hồ sơ đề nghị chấp thuận việc sao chép tác phẩm để giảng dạy, nghiên cứu không nhằm mục đích thương mại ở đâu?"
58086,fold_4,1,88,4,1.0,1.0,0,Số ngày nghỉ dưỡng sức tối đa đối với lao động nữ sinh một lần từ hai con trở lên sau thai sản là bao nhiêu ngày?
65552,fold_1,1,22,22,1.0,1.0,0,Tiêu chuẩn và điều kiện dự thi nâng ngạch công chức là gì?
40336,fold_4,1,10,7,1.0,1.0,0,Điều kiện bảo đảm an toàn thực phẩm đối với cơ sở sản xuất kinh doanh thủy sản là gì?
89756,fold_3,1,11,3,1.0,1.0,0,Các trường hợp nào doanh nghiệp cho thuê lại lao động được cấp lại Giấy phép?
28548,fold_3,1,2,2,1.0,1.0,0,Tổ chức tự doanh là công ty tài chính tổng hợp phải đáp ứng những điều kiện nào để được cấp giấy chứng nhận đăng ký đầu tư gián tiếp ra nước ngoài?
22576,fold_2,1,1,2,1.0,1.0,0,Được giảm thời hạn chấp hành án phạt tù được bao nhiêu năm trong dịp lễ 30/4?
158522,fold_3,1,5,1,1.0,1.0,0,Người bệnh trước khi phẫu thuật điều trị hội chứng chèn ép thần kinh quay thì có được vệ sinh vùng cơ thể cần mổ hay không?
49546,fold_3,1,2,3,1.0,1.0,0,Người sử dụng lao động nước ngoài làm việc tại Việt Nam có được giao kết nhiều lần hợp đồng lao động hay không?
128020,fold_0,1,1,5,1.0,1.0,0,Tổ chức tương hỗ cung cấp bảo hiểm vi mô đánh giá lại và thực hiện trích lập dự phòng bảo đảm cân đối như thế nào?
26076,fold_3,1,1,1,1.0,1.0,0,Quy trình giám định tư pháp trong lĩnh vực giao thông vận tải được thực hiện ra sao?
13412,fold_3,1,17,13,1.0,1.0,0,Tặng cho đất nhưng không làm hợp đồng và sử dụng ổn định từ năm 1991 đến nay thì có thể được công nhận quyền sử dụng đất không?
167574,fold_2,1,3,8,1.0,1.0,0,"Cách ghi điều kiện về việc bảo quản thuốc, nguyên liệu làm thuốc, tiêu chuẩn chất lượng được pháp luật quy định như thế nào?"
167580,fold_1,1,1,1,1.0,1.0,0,Cán bộ sử dụng hộp thư điện tử trong Hệ thống thư điện tử của Ngân hàng Nhà nước Việt Nam phải bảo đảm an toàn như thế nào?
69064,fold_1,1,19,6,1.0,1.0,0,Lãnh đạo trung tâm đăng kiểm xe cơ giới cần có những tiêu chuẩn gì?
5386,fold_4,1,2,2,1.0,1.0,0,Mức tạm ứng chi phí hòa giải tranh chấp tại Tòa án là bao nhiêu?
88198,fold_0,1,3,3,1.0,1.0,0,Quy định về các trường hợp bổ nhiệm vào chức danh nghề nghiệp giáo viên mầm non
53876,fold_1,1,4,1,1.0,1.0,0,Việc nộp lưu chiểu sản phẩm báo chí được thực hiện trong thời gian nào?
106458,fold_0,1,1,11,1.0,1.0,0,Hội đồng trường của trường đại học công lập làm việc theo nguyên tắc nào?
166764,fold_4,1,1,>100,1.0,1.0,0,Trình tự thủ tục công nhận nhà khoa học trẻ tài năng được quy định như thế nào?
4792,fold_3,1,>100,1,1.0,1.0,0,Lao động nữ được nghỉ dưỡng sức và phục hồi sau khi sẩy thai cần đảm bảo quy định như thế nào?
121570,fold_4,1,3,1,1.0,1.0,0,Khung phí gia nhập Đoàn Luật sư toàn quốc của Liên đoàn Luật sư Việt Nam sẽ do chủ thể nào quy định?
56738,fold_4,1,30,66,1.0,1.0,0,Khi nào thì khởi tố vụ án hình sự về tội cố ý gây thương tích có tỷ lệ tổn thương cơ thể dưới 11% do sử dụng vật liệu nổ gây ra?
66638,fold_1,1,2,1,1.0,1.0,0,"Phát ngôn và cung cấp thông tin cho báo chí tại Viện kiểm sát nhân dân cấp huyện về tình hình tội phạm và thực hiện chức năng, nhiệm vụ, thông qua các hình thức nào?"
74216,fold_1,1,7,1,1.0,1.0,0,"Trong bài thi tuyển công chức Viện kiểm sát nhân dân vòng 2, người dự thi là người hoàn thành nghĩa vụ quân sự thì được cộng mấy điểm?"
126566,fold_3,1,1,1,1.0,1.0,0,Được tự do xuất khẩu tàu bay bị xóa đăng ký mang quốc tịch Việt Nam không?
116426,fold_1,1,4,1,1.0,1.0,0,"Phương pháp điều tra côn trùng rừng và sâu, bệnh hại rừng được quy định như thế nào?"
168034,fold_2,1,1,14,1.0,1.0,0,Thời hạn hoạt động của quỹ tín dụng nhân dân tối đa là bao lâu?
5758,fold_4,1,14,2,1.0,1.0,0,Kết quả lựa chọn nhà thầu sẽ được đăng tải trên Hệ thống mạng đấu thầu quốc gia trong thời gian bao lâu?
105416,fold_2,1,2,1,1.0,1.0,0,Người nào có quyền thực hiện phát ngôn và cung cấp thông tin cho báo chí của Bộ Tư pháp?
69160,fold_2,2,6,1,1.0,1.0,0,Tiền lương tính đóng BHXH bắt buộc gồm những khoản nào?
36366,fold_1,1,4,2,1.0,1.0,0,Cơ quan nào có thẩm quyền phê duyệt dự toán chi phí quy hoạch chi Tiết đô thị?
148552,fold_0,1,74,1,1.0,1.0,0,Thẩm phán chủ tọa phiên tòa có quyền xử phạt hành vi hút thuốc trong phòng xử án không?
161828,fold_0,1,1,37,1.0,1.0,0,Trưởng ban Ban Chỉ đạo thống kê hình sự liên ngành cấp cao là ai? Ban Chỉ đạo gồm những ai?
51774,fold_2,2,31,7,1.0,1.0,0,Việc bổ sung kháng nghị của Kiểm sát viên được thực hiện như thế nào?
148154,fold_0,1,1,78,1.0,1.0,0,Có bao nhiêu nhóm đất theo quy định của pháp luật hiện hành?
12816,fold_2,1,2,1,1.0,1.0,0,Mẫu quyết định thực hiện việc bắt giữ tàu bay hiện nay mà Cảng hàng không đang sử dụng là mẫu nào?
113826,fold_4,1,1,7,1.0,1.0,0,Phòng giáo dục và đào tạo có trách nhiệm gì trong việc sử dụng thư điện tử?
128484,fold_2,1,1,22,1.0,1.0,0,Nhà nước có chính sách gì trong hoạt động lâm nghiệp nói chung bảo vệ rừng nói riêng?
41806,fold_4,1,>100,9,1.0,1.0,0,Nội dung đồ án quy hoạch chung xây dựng khu công nghiệp gồm những gì?
130420,fold_3,1,26,2,1.0,1.0,0,Xe ô tô 16 chỗ chở vượt quá số lượng người thì chủ phương tiện có bị phạt hay không?
13466,fold_2,1,10,17,1.0,1.0,0,Người dân phải đến đâu để đổi thẻ Căn cước công dân?
66906,fold_2,1,59,>100,1.0,1.0,0,Cần phải chuẩn bị hồ sơ bao gồm giấy tờ gì để được cấp hộ chiếu phổ thông tại nơi tạm trú là thành phố Hồ Chí Minh?
114450,fold_1,1,>100,6,1.0,1.0,0,Thủ tục tiến hành phiên hòa giải như thế nào?
162444,fold_3,1,1,1,1.0,1.0,0,Sau khi tốt nghiệp ngành xếp dỡ cơ giới tổng hợp trình độ cao đẳng thì người học phải có được tối thiểu những kỹ năng nào?
8492,fold_2,1,>100,>100,0.0,0.0,0,Trình tự thực hiện đăng ký cấp sổ đỏ lần đầu cấp tỉnh tại Văn phòng đăng ký đất đai áp dụng từ tháng 5/2023 như thế nào?
16134,fold_3,1,1,3,1.0,1.0,0,Nhà ở bị cưỡng chế phá dỡ trong trường hợp nào?
50660,fold_1,1,>100,1,1.0,1.0,0,Trách nhiệm của lực lượng Hải quan trong việc kiểm soát hoạt động tạm nhập tái xuất tiền chất được quy định ra sao?
115034,fold_0,1,9,3,1.0,1.0,0,Viên chức có được làm Chủ tịch Hội đồng thành viên đối với doanh nghiệp Nhà nước nắm giữ 100% vốn điều lệ do Bộ Xây dựng đại diện chủ sở hữu hay không?
80618,fold_1,1,9,1,1.0,1.0,0,"Doanh nghiệp bị thu hồi hủy bỏ Quyết định điều chỉnh, áp dụng mức đóng bảo hiểm tai nạn lao động, bệnh nghề nghiệp thấp hơn mức đóng bình thường có trách nhiệm gì?"
47994,fold_1,2,1,4,1.0,1.0,0,Thủ tục gia hạn Giấy chứng nhận đủ điều kiện buôn bán thuốc thú y thực hiện như thế nào?
89234,fold_4,1,5,1,1.0,1.0,0,Đề nghị chấp thuận việc thành lập Cơ quan lãnh sự danh dự nước ngoài tại Việt Nam được thực hiện theo thủ tục như thế nào?
74594,fold_3,1,2,6,1.0,1.0,0,Thời hiệu xử phạt người gian lận hồ sơ tuyển sinh để được hưởng chính sách đối với người học trong giáo dục nghề nghiệp là bao lâu?
139762,fold_4,1,1,>100,1.0,1.0,0,Thời hiệu truy cứu trách nhiệm hình sự quy định thế nào?
18364,fold_3,1,1,2,1.0,1.0,0,Đội trưởng đội phòng cháy và chữa cháy cơ sở không chuyên trách khi tham gia huấn luyện được trợ cấp bao nhiêu?
74640,fold_2,1,4,42,1.0,1.0,0,Khi quyết định hình phạt đối với pháp nhân thương mại phạm tội thì Tòa án căn cứ vào điều gì?
8372,fold_1,1,1,1,1.0,1.0,0,Hiệp hội Doanh nghiệp dịch vụ Logistics Việt Nam có nhiệm vụ chính là gì?
125004,fold_0,1,>100,30,1.0,1.0,0,Hợp đồng thuê tài sản là gì?
95678,fold_1,1,>100,6,1.0,1.0,0,"Nhiệm vụ, quyền hạn của hiệu trưởng trường trung cấp, trường cao đẳng như thế nào?"
60986,fold_4,1,5,12,1.0,1.0,0,Tội khủng bố có bị tước một số quyền công dân không?
66038,fold_3,1,4,2,1.0,1.0,0,Bảo hiểm xã hội tự nguyện và bảo hiểm xã hội bắt buộc có khác nhau về chế độ được hưởng không?
166756,fold_0,1,>100,>100,0.0,0.0,0,Trang thông tin điện tử là gì?
64212,fold_4,1,5,>100,1.0,1.0,0,Ủy quyền là gì?
920,fold_2,1,1,1,1.0,1.0,0,Hội viên chính thức Hiệp hội Doanh nghiệp nhỏ và vừa ngành nghề nông thôn Việt Nam có những quyền hạn nào?
96588,fold_1,1,2,>100,1.0,1.0,0,Mức phụ cấp đặc thù áp dụng đối với Trợ lý thi hành án hình sự Tòa án quân sự khu vực là bao nhiêu?
29064,fold_0,1,>100,2,1.0,1.0,0,"Thẩm quyền quyết định việc thanh lý, nhượng bán tài sản cố định tại Cục Đăng kiểm được quy định ra sao?"
62974,fold_1,2,5,1,1.0,1.0,0,Những đối tượng nào được yêu cầu trợ giúp xã hội khẩn cấp về hỗ trợ chi phí mai táng?
10546,fold_4,1,58,1,1.0,1.0,0,Với những môn thi trắc nghiệm thí sinh phải tuân thủ những quy định nào trong phòng thi?
154404,fold_1,1,1,10,1.0,1.0,0,Số đăng ký phương tiện giao thông đường sắt bao gồm bao nhiêu nhóm số?
52608,fold_1,1,1,34,1.0,1.0,0,Xếp hạng Công ty TNHH MTV do Nhà nước nắm giữ 100% vốn điều lệ để xếp lương đối với người quản lý chuyên trách như thế nào?
33746,fold_2,1,1,29,1.0,1.0,0,Cách ghi mã số nhiệm vụ khoa học và công nghệ cấp Bộ Thông tin và Truyền thông được quy định thế nào?
154166,fold_1,1,2,8,1.0,1.0,0,Điều kiện công nhận kết quả hòa giải thành đối với tranh chấp dân sự tại Tòa án là gì?
47070,fold_2,1,9,29,1.0,1.0,0,Hỗ trợ tái định cư với nhà ở thuộc sở hữu nhà nước như thế nào?
88618,fold_2,1,4,4,1.0,1.0,0,Công tác bảo trì công trình đường sắt thực hiện những công việc gì?
123858,fold_4,1,1,3,1.0,1.0,0,"Xâm nhập mặn được phòng, chống như thế nào theo Luật Tài nguyên nước?"
121446,fold_3,2,4,9,1.0,1.0,0,"Thời hạn khai, nộp vào ngân sách nhà nước khoản thu từ chênh lệch vốn chủ sở hữu lớn hơn vốn điều lệ tại doanh nghiệp cấp 1 đang hoạt động quy định ra sao?"
145882,fold_4,3,46,20,1.0,1.0,0,Hướng dẫn thực hiện thanh toán lãi trái phiếu bằng tài sản khác như thế nào?
116696,fold_2,1,>100,2,1.0,1.0,0,Điều kiện về nhân viên chuyên môn
115924,fold_0,1,1,>100,1.0,1.0,0,Hoàn thuế bảo vệ môi trường được quy định như thế nào?
56420,fold_0,1,16,>100,1.0,1.0,0,Hiệu trưởng trường trung học cơ sở công lập có phải là viên chức quản lý không?
13772,fold_0,1,1,1,1.0,1.0,0,"Trách nhiệm của cơ sở đào tạo trong xác định chỉ tiêu tuyển sinh đại học, thạc sĩ, tiến sĩ và chỉ tiêu tuyển sinh cao đẳng ngành Giáo dục Mầm non ra sao?"
61826,fold_2,1,1,15,1.0,1.0,0,Tòa án phải gửi quyết định thi hành án phạt tù cho những ai?
74758,fold_3,1,5,1,1.0,1.0,0,Ai là người có thẩm quyền thăng quân hàm cấp tướng đối với sĩ quan tại ngũ?
35670,fold_3,1,>100,4,1.0,1.0,0,Đề xuất sửa đổi Luật Các tổ chức tín dụng có đúng không?
160518,fold_0,2,8,3,1.0,1.0,0,Xé giấy đăng ký kết hôn có vi phạm không?
65526,fold_1,3,61,2,0.6666666666666666,0.6666666666666666,0,Xây dựng Luật di sản văn hóa (sửa đổi) như thế nào?
55696,fold_1,1,1,12,1.0,1.0,0,Thời gian quyết định mở thủ tục phá sản được quy định như thế nào?
48190,fold_3,1,1,7,1.0,1.0,0,Ba mức độ khuyết tật được quy định tại Nghị định 28/2012/NĐ-CP là gì?
129360,fold_1,1,4,21,1.0,1.0,0,Công dân Việt Nam trao đổi học thuật tại nước ngoài phải đáp ứng những tiêu chuẩn nào?
105602,fold_2,1,6,1,1.0,1.0,0,"Bộ Thông tin và Truyền thông, Bộ Khoa học và Công nghệ có trách nhiệm gì trong việc phòng, chống tội phạm về đa dạng sinh học?"
77680,fold_0,1,1,8,1.0,1.0,0,Được giảm thuế thu nhập doanh nghiệp trong trường hợp sử dụng người lao động là người dân tộc thiểu số không?
148506,fold_1,1,>100,>100,0.0,0.0,0,"Bảo đảm thuốc, vật tư y tế và việc cán bộ y tế thôi việc, bỏ việc tại các cơ sở y tế công lập?"
61478,fold_0,1,11,5,1.0,1.0,0,Mức phạt cho người điều khiển xe máy dắt bộ xe máy sang đường khi đèn đỏ là bao nhiêu?
156666,fold_0,1,2,>100,1.0,1.0,0,"Việc đào tạo, tuyển chọn nguồn nhân lực Cảnh sát môi trường được quy định thế nào?"
43276,fold_4,1,21,2,1.0,1.0,0,Đăng kiểm viên bị khởi tố có được tự mình bào chữa trong vụ án hình sự hay không?
163230,fold_4,1,53,31,1.0,1.0,0,Du học sinh đủ điều kiện được cấp bằng cần làm hồ sơ gì để được tiếp nhận về nước?
19486,fold_4,1,2,1,1.0,1.0,0,Cơ sở in tem chống hàng giả phải đáp ứng được các điều kiện nào theo quy định pháp luật?
28534,fold_1,1,60,99,1.0,1.0,0,Cán bộ công chức viên chức của Thủ đô Hà Nội có trách nhiệm như thế nào?
22056,fold_0,1,3,2,1.0,1.0,0,"Việc kiểm tra công tác lập bản đồ tìm kiếm, quy tập hài cốt liệt sĩ thuộc trách nhiệm của cơ quan nhà nước nào?"
59472,fold_1,1,4,>100,1.0,1.0,0,Mức xử phạt đối với doanh nghiệp chuyển người lao động thuê lại cho doanh nghiệp khác theo quy định mới nhất hiện nay là bao nhiêu?
14276,fold_4,1,1,9,1.0,1.0,0,Khởi kiện tranh chấp đất đai thì phải nộp tạm ứng án phí bao nhiêu tiền?
141212,fold_0,1,30,3,1.0,1.0,0,Sửa đổi nội dung Giấy chứng nhận đăng ký cảng hàng không sân bay được thực hiện thế nào?
69154,fold_3,1,2,3,1.0,1.0,0,Trưởng đoàn thanh tra chuyên ngành của Bảo hiểm xã hội Việt Nam là ai?
153174,fold_1,1,22,1,1.0,1.0,0,Nguyên tắc thực hiện cấp Giấy phép thăm dò khoáng sản?
128442,fold_0,1,8,29,1.0,1.0,0,Viên chức Kỹ thuật y hạng 4 phải đáp ứng những tiêu chuẩn gì về năng lực chuyên môn nghiệp vụ?
53404,fold_4,2,>100,10,0.5,0.5,0,Giảng viên tham gia công tác đào tạo nghiệp vụ kiểm sát thực hiện những nhiệm vụ cụ thể nào trong việc nghiên cứu khoa học và công nghệ?
44846,fold_1,1,1,10,1.0,1.0,0,Nhiệm vụ và quyền hạn chính của Cục Quản lý xử lý vi phạm hành chính và theo dõi thi hành pháp luật là gì?
43092,fold_0,1,1,2,1.0,1.0,0,Nội dung kiểm tra trạm khí tượng trên cao và ra đa thời tiết bao gồm những gì?
1230,fold_4,1,1,3,1.0,1.0,0,Thời hạn thanh tra trong cuộc thanh tra của Thanh tra Chính phủ là bao lâu?
80610,fold_4,1,6,3,1.0,1.0,0,Các thông số kỹ thuật chính của đường cất hạ cánh bao gồm những thông số nào?
44162,fold_3,1,1,>100,1.0,1.0,0,"Chế độ, chính sách đối với viên chức nghỉ hưu ở tuổi cao hơn như thế nào?"
86122,fold_3,1,19,24,1.0,1.0,0,Cục Hợp tác quốc tế thuộc Bộ Giáo dục và Đào tạo có những nhiệm vụ và quyền hạn gì trong công tác giáo dục quốc tế?
167798,fold_4,1,26,2,1.0,1.0,0,Thiết kế phòng cháy chữa cháy đối với cơ sở kinh doanh khách sạn có cần phải thẩm duyệt hay không?
139046,fold_2,1,>100,35,1.0,1.0,0,"Tiền lương, tiền thưởng và điều kiện làm việc của Kiểm soát viên công ty trách nhiệm hữu hạn một thành viên do Nhà nước nắm giữ 100% vốn điều lệ do ai quyết định?"
97766,fold_3,2,1,1,1.0,1.0,0,"Công ty mẹ Tập đoàn Công nghiệp Viễn thông Quân đội chịu sự kiểm tra, giám sát của cơ quan nào?"
46942,fold_1,1,2,2,1.0,1.0,0,"Người tham gia bán hàng đa cấp phải xác nhận kiến thức pháp luật về bán hàng đa cấp, kiến thức cho đầu mối tại địa phương đúng không?"
72548,fold_0,1,13,4,1.0,1.0,0,Thực hiện kiểm sát việc tham đấu giá của người đấu giá như thế nào?
65488,fold_0,1,7,>100,1.0,1.0,0,Đề xuất quy định về điều kiện cung cấp dịch vụ hỗ trợ giao dịch điện tử?
162062,fold_4,1,1,1,1.0,1.0,0,Thành viên Hội đồng cấp Bộ Y tế xét tặng Giải thưởng Đặng Văn Ngữ trong lĩnh vực Y tế dự phòng gồm những ai?
136086,fold_0,1,1,>100,1.0,1.0,0,"Quản lý chất lượng thiết kế xây dựng kho bảo quản vũ khí, vật liệu nổ và công cụ hỗ trợ tiếp nhận thu gom phải đáp ứng yêu cầu thế nào?"
131064,fold_4,1,1,29,1.0,1.0,0,Công an địa phương phải gửi báo cáo công tác thi hành pháp luật về xử lý vi phạm hành chính trong Công an nhân dân vào những ngày nào?
17886,fold_1,1,2,1,1.0,1.0,0,Ai có quyền cấp giấy phép triển lãm mỹ thuật?
67138,fold_1,1,>100,3,1.0,1.0,0,Giao dịch chuyển tiền điện tử nào phải được báo cáo Ngân hàng Nhà nước Việt Nam?
134336,fold_4,1,1,4,1.0,1.0,0,"Hồ sơ liên quan đến việc kiểm tra, xử lý vi phạm về tổ chức cập nhật kiến thức hành nghề dịch vụ làm thủ tục về thuế được lưu trữ tại đâu?"
55646,fold_3,1,1,16,1.0,1.0,0,Kế hoạch thu chi của Quỹ Tích lũy trả nợ bao gồm những nội dung gì?
72710,fold_2,2,2,1,1.0,1.0,0,"Quy định về kết quả thương lượng giải quyết tranh chấp giữa người tiêu dùng và tổ chức, cá nhân kinh doanh như thế nào?"
55668,fold_0,1,1,10,1.0,1.0,0,Hộ gia đình thực hiện hoạt động chăn nuôi có những quyền và nghĩa vụ nào?
14900,fold_2,1,>100,>100,0.0,0.0,0,Cần thiết phải khai hải quan đối với trường hợp nhập khẩu trang thiết bị y tế nhằm mục đích viện trợ không?
8872,fold_0,1,2,1,1.0,1.0,0,Đẩy mạnh và nâng cao chất lượng công tác kết nạp đảng viên?
6320,fold_4,1,1,75,1.0,1.0,0,Triển khai ứng dụng công nghệ thông tin trong thực hiện chế độ báo cáo thuộc Bộ Thông tin và Truyền thông như thế nào?
109818,fold_3,1,7,22,1.0,1.0,0,Tổ chức hoạt động quan trắc môi trường lao động cần đáp ứng điều kiện gì?
164826,fold_2,1,3,28,1.0,1.0,0,"Nguyên tắc trả nhuận bút, thù lao như thế nào?"
76124,fold_3,1,5,1,1.0,1.0,0,Đánh giá hiệu quả và kết quả xếp loại doanh nghiệp nhà nước được thực hiện bằng những phương thức nào?
34596,fold_4,1,26,25,1.0,1.0,0,Doanh nghiệp sản xuất nước đóng chai có công suất khai thác từ 60.000m3/ngày đêm trở lên thì có phải xin giấy phép khai thác không?
112010,fold_1,1,31,4,1.0,1.0,0,Hạn mức sử dụng đất nông nghiệp cho cá nhân có do Phòng Tài nguyên và môi trường quy định không?
27266,fold_1,1,1,1,1.0,1.0,0,Bao bì của sầu riêng quả tươi hạng đặc biệt cần phải bảo đảm những gì?
37948,fold_1,1,1,12,1.0,1.0,0,Đảm bảo cung cấp thủ tục hành chính trên môi trường điện tử thuộc trách nhiệm của ai?
636,fold_0,1,1,2,1.0,1.0,0,Viện Hàn lâm Khoa học và Công nghệ Việt Nam là cơ quan thuộc cơ quan nào?
38574,fold_0,2,6,6,1.0,1.0,0,"Trình tự, thủ tục xử lý kỷ luật lao động theo quy định của pháp luật về lao động được quy định ra sao?"
109160,fold_2,1,1,16,1.0,1.0,0,Xác định thời điểm sử dụng thẻ bảo hiểm y tế như thế nào?
151864,fold_2,1,20,5,1.0,1.0,0,Không thu gom bao gói thuốc bảo vệ thực vật sau khi sử dụng thì có bị xử phạt vi phạm hành chính không?
152140,fold_4,1,1,5,1.0,1.0,0,Có thể bán tài sản kết cấu hạ tầng hàng hải bị thu hồi nhưng không còn nhu cầu sử dụng nữa hay không?
78222,fold_4,1,3,13,1.0,1.0,0,Phiếu biểu quyết của thành viên hợp tác xã khi tham dự đại hội thành viên có phụ thuộc vào vốn góp của mỗi người hay không?
148640,fold_2,1,4,1,1.0,1.0,0,Hồ sơ đề nghị cho phép sử dụng thẻ ABTC đối với doanh nhân đang làm việc tại các doanh nghiệp nhà nước gồm những tài liệu gì?
1264,fold_0,2,>100,7,0.5,0.5,0,Xác định hộ gia đình trực tiếp sản xuất nông nghiệp được thực hiện dựa vào những căn cứ nào?
69932,fold_0,1,7,8,1.0,1.0,0,Người phạm tội ra đầu thú có được giảm nhẹ trách nhiệm hình sự hay không?
137432,fold_3,1,16,7,1.0,1.0,0,Trường hợp người lao động vi phạm thỏa thuận bảo vệ bí mật kinh doanh thì xử lý thế nào?
59476,fold_1,1,1,35,1.0,1.0,0,Người tham gia lễ hội có trách nhiệm gì?
133782,fold_2,1,18,>100,1.0,1.0,0,"Trình tự, thủ tục và phương thức kiểm tra nhà nước đối với thực phẩm nhập khẩu như thế nào?"
56106,fold_2,1,1,4,1.0,1.0,0,Mẫu quyết định công nhận đối thoại thành tại Tòa án được quy định ra sao?
80172,fold_0,1,1,>100,1.0,1.0,0,Danh sách đăng ký nghĩa vụ quân sự lần đầu bị thiếu tên công dân là lỗi của ai?
103550,fold_1,1,35,1,1.0,1.0,0,"Chính phủ yêu cầu thực hiện nâng cao chất lượng đào tạo nhân lực tư pháp; rà soát, sắp xếp hợp lý các cơ sở đào tạo cử nhân luật?"
20864,fold_3,1,9,1,1.0,1.0,0,Nhà nước có chịu trách nhiệm trả nợ đối với các khoản nợ do tập đoàn công nghiệp than khoáng sản Việt Nam trực tiếp vay hay không?
44674,fold_2,1,41,2,1.0,1.0,0,Năng lực chịu trách nhiệm bồi thường thiệt hại của đồng phạm trong vụ án hình sự được xác định như thế nào?
130144,fold_4,1,>100,13,1.0,1.0,0,"Quy định về đối tượng, tiêu chuẩn xét tặng giải thưởng"
146956,fold_2,1,3,1,1.0,1.0,0,"Khung tiêu chí đánh giá, xếp loại chất lượng đảng viên 2022 thế nào?"
150876,fold_0,1,72,1,1.0,1.0,0,Người phát tán chương trình tin học gây hại cho hoạt động phương tiện điện tử gây thiệt hại 150.000.000 đồng có bị truy cứu trách nhiệm hình sự không?
57282,fold_3,1,4,2,1.0,1.0,0,Hạch toán giao nộp tiền bị phá hoại không xác định được mệnh giá được thực hiện như thế nào theo quy định mới?
22720,fold_3,1,1,63,1.0,1.0,0,"Trường hợp Ngân hàng bán đấu giá tài sản thế chấp để thu hồi nợ, thì bên thế chấp (chủ tài sản) có được đăng ký mua tài sản đó không?"
120926,fold_0,1,1,1,1.0,1.0,0,"Vật tư, thiết bị, dụng cụ bảo quản thóc, làm kín lô thóc và một số chỉ tiêu cơ bản đánh giá lô thóc bảo quản an toàn phải đáp ứng những gì mới đạt chuẩn?"
112268,fold_0,1,2,1,1.0,1.0,0,"Mẫu Giấy phép nhập khẩu pháo hoa nổ, thuốc pháo nổ và thiết bị phụ kiện bắn pháo hoa nổ được lập theo quy định nào?"
111406,fold_1,1,14,6,1.0,1.0,0,Mẫu phiếu công tác tạm thời ngoài nước dành cho Đảng viên mới nhất 2022?
25578,fold_3,1,5,12,1.0,1.0,0,Các mức xếp loại đảng viên cuối năm 2022 như thế nào?
158064,fold_2,1,3,1,1.0,1.0,0,Phụ cấp ưu đãi nghề Hải quan được áp dụng đối với các công chức được xếp lương theo các ngạch nào?
59864,fold_0,1,>100,>100,0.0,0.0,0,Thời gian thử việc được quy định như thế nào?
37342,fold_3,1,1,1,1.0,1.0,0,"Sách, báo, tài liệu pháp luật cho Tủ sách pháp luật tại xã đặc biệt khó khăn được bổ sung như thế nào?"
50204,fold_4,1,>100,3,1.0,1.0,0,Công chức nghỉ không phép thì có được trả lương không?
138892,fold_3,1,1,1,1.0,1.0,0,Để xây dựng nghĩa trang và cơ sở hỏa táng thì có thể sử dụng kinh phí từ những nguồn nào?
88180,fold_3,1,47,11,1.0,1.0,0,Công chức lãnh đạo bị kỷ luật bằng hình thức khiển trách thì có thể được bổ nhiệm lại vào vị trí lãnh đạo hay không?
38216,fold_2,1,32,14,1.0,1.0,0,Ai sẽ chịu trách nhiệm khi xảy ra tai nạn trong quá trình thi công công trình?
102004,fold_1,2,1,16,0.5,0.5,0,Mức thưởng cho Đảng viên được trao tặng huy hiệu Đảng hiện nay?
29692,fold_2,1,>100,15,1.0,1.0,0,"Việc sử dụng, định đoạt tài sản riêng được pháp luật quy định như thế nào"
140570,fold_2,1,1,6,1.0,1.0,0,Các loại hình doanh nghiệp nào được đăng ký kinh doanh dịch vụ kế toán?
24122,fold_1,1,2,1,1.0,1.0,0,Tem hiệu chuẩn phương tiện đo lường được sử dụng kết hợp với giấy chứng nhận hiệu chuẩn nhằm mục đích gì?
84094,fold_3,1,2,>100,1.0,1.0,0,"Công tác chỉ đạo, điều hành giá đảm bảo kiếm soát làm phát trong năm 2022?"
147652,fold_0,1,3,1,1.0,1.0,0,Người học ngành gia công và thiết kế sản phẩm mộc trình độ cao đẳng phải có mức độ tự chủ và trách nhiệm như thế nào?
116356,fold_0,1,2,20,1.0,1.0,0,Việc trưng dụng đất có dẫn đến việc mất quyền sử dụng đất không?
68862,fold_0,1,1,6,1.0,1.0,0,Hồ sơ thế chấp đối với tài sản thế chấp là dự án xây dựng nhà ở hình thành trong tương lai cần những giấy tờ gì?
168364,fold_3,1,17,3,1.0,1.0,0,Những trường hợp nào thì áp dụng hình thức xử lý kỷ luật sa thải đối với người lao động?
20456,fold_4,2,1,7,1.0,1.0,0,Người trong tình trạng say xỉn thì người tiếp công dân tại các đơn vị trong ngành Hải quan có được từ chối tiếp không?
8192,fold_4,1,2,4,1.0,1.0,0,Người học ngành điều hành tour du lịch trình độ trung cấp phải hoàn thành tối thiểu bao nhiêu tín chỉ mới có thể ra trường?
27616,fold_0,1,66,2,1.0,1.0,0,Ai có thẩm quyền quyết định danh sách thí sinh đủ điều kiện trúng tuyển và ra quyết định công nhận thí sinh trúng tuyển chương trình đào tạo sơ cấp lý luận chính trị?
100522,fold_1,2,1,3,1.0,1.0,0,Nhân viên chuyên môn kỹ thuật rà phá bom mìn phải đáp ứng đầy đủ các yêu cầu gì?
164024,fold_3,1,2,3,1.0,1.0,0,Có cấp thẻ bảo hiểm y tế miễn phí đối với trẻ dưới 6 tuổi hay không?
29938,fold_0,1,2,>100,1.0,1.0,0,Mẫu quyết định giải quyết bồi thường Nhà nước mới nhất?
129922,fold_1,1,4,30,1.0,1.0,0,Muốn xác định giá bán nhà ở xã hội cần dựa vào công thức nào để xác định?
117732,fold_0,1,2,56,1.0,1.0,0,Thủ tục bảo lãnh người nước ngoài nhập cảnh tại cơ quan quản lý xuất nhập cảnh được quy định như thế nào?
71894,fold_1,1,1,1,1.0,1.0,0,Việc điều tra thống kê tiền tệ và ngân hàng của Ngân hàng Nhà nước ngoài chương trình điều tra thống kê quốc gia được thực hiệm như thế nào?
106794,fold_4,1,2,>100,1.0,1.0,0,Tổ chức sự kiện giải trí là sự kiện triển lãm ảnh có phải xin phép hay không?
38106,fold_0,1,3,28,1.0,1.0,0,"Việc sử dụng phương tiện, thiết bị kỹ thuật, động vật nghiệp vụ, vũ khí, công cụ hỗ trợ của lực lượng cảnh sát cơ động được quy định như thế nào?"
150792,fold_4,1,7,1,1.0,1.0,0,Việc kiểm tra quá trình chế tạo của giàn cố định trên biển là định kỳ hay xuyên suốt?
145630,fold_3,1,>100,17,1.0,1.0,0,Trách nhiệm của Bộ Y tế theo quy định pháp luật?
37742,fold_3,1,8,3,1.0,1.0,0,Cổ đông sở hữu cổ phần ưu đãi cổ tức có các quyền gì?
86772,fold_1,1,20,15,1.0,1.0,0,Kíp mìn là gì?
43114,fold_1,2,2,4,1.0,1.0,0,Kỳ hạn trả lương do người sử dụng lao động hay người lao động quyết định?
40300,fold_2,1,11,1,1.0,1.0,0,Trang thiết bị được sản xuất trong nước trường hợp nào được cấp khẩn cấp số lưu hành?
94688,fold_0,1,4,>100,1.0,1.0,0,"Kế hoạch về việc tổ chức tập huấn, bồi dưỡng nghiệp vụ cho cán bộ và các đối tượng tham gia hoạt động thông tin đối ngoại bao gồm những nội dung gì?"
40404,fold_4,1,15,>100,1.0,1.0,0,Người bị đưa thông tin bôi nhọ người khác không đúng trên mạng xã hội có quyền yêu cầu gỡ bỏ thông tin trên mạng xã hội hay không?
22918,fold_1,1,1,>100,1.0,1.0,0,Tài sản chuyên dùng là gì?
145648,fold_4,1,27,5,1.0,1.0,0,Viên chức chuyên ngành quản học viên hạng 3 phải thực hiện những nhiệm vụ nào?
116308,fold_0,1,2,1,1.0,1.0,0,Hồ sơ đề nghị cấp Giấy phép tiến hành công việc bức xạ về việc vận chuyển vật liệu hạt nhân nguồn có những giấy tờ gì?
68466,fold_0,1,1,3,1.0,1.0,0,Hội đồng thi hoa tiêu hàng hải có trách nhiệm như thế nào?
151096,fold_4,1,33,8,1.0,1.0,0,Chủ tịch Ủy ban nhân dân huyện do Chủ tịch Ủy ban nhân dân tỉnh miễn nhiệm đúng không?
132116,fold_1,1,6,1,1.0,1.0,0,Trong quá trình xây dựng bến thủy nội địa trong vùng nước cảng biển thì cơ quan nào sẽ có trách nhiệm giám sát thi công?
140014,fold_2,1,2,1,1.0,1.0,0,Quỹ hỗ trợ phát triển hợp tác xã ghi nhận doanh thu từ hoạt động cho vay như thế nào?
93248,fold_2,1,1,59,1.0,1.0,0,Hoạt động thiết kế đô thị trong đồ án quy hoạch chung bao gồm những công việc nào?
112448,fold_2,1,73,8,1.0,1.0,0,"Phấn đấu đến năm 2023, GRDP bình quân đầu người đạt khoảng 14.500 USD?"
153562,fold_1,1,21,14,1.0,1.0,0,Lịch khám sức khỏe nghĩa vụ quân sự năm 2023 là khi nào?
77432,fold_1,1,14,2,1.0,1.0,0,Người lao động tự ý nghỉ việc trong thời gian thử việc có phải bồi thường không?
10948,fold_3,1,1,6,1.0,1.0,0,Tuổi nghỉ hưu của lao động nam vào năm 2023 là bao nhiêu?
34130,fold_0,1,>100,1,1.0,1.0,0,Để trở thành thành viên Hội đồng thành viên của VINATABA cần đáp ứng điều kiện tiêu chuẩn nào?
30916,fold_2,1,1,11,1.0,1.0,0,"Việc bố trí công tác đối với cán bộ tại TPHCM sau khi từ chức, miễn nhiệm được thực hiện ra sao?"
16022,fold_1,1,1,>100,1.0,1.0,0,Đăng ký tài khoản định danh cho người nước ngoài như thế nào?
132820,fold_2,1,1,1,1.0,1.0,0,"Hội viên Hội Hữu nghị Việt Nam, Uzbekistan bao gồm những thành phần nào?"
23402,fold_1,1,5,1,1.0,1.0,0,Trường hợp nào mà doanh nghiệp không cần phải bố trí kế toán trưởng?
111550,fold_0,1,1,2,1.0,1.0,0,Trung tâm Phần mềm nguồn mở và điện toán đám mây có chức năng gì?
9916,fold_0,1,2,57,1.0,1.0,0,"Ngoài chi phí cho nhân viên, khoản chi nào được xem là chi phí hoạt động của Quỹ đầu tư phát triển địa phương?"
85746,fold_1,1,1,11,1.0,1.0,0,Người thực hiện phát ngôn và cung cấp thông tin cho báo chí của Bộ Kế hoạch và Đầu tư bao gồm những ai?
88598,fold_0,1,1,5,1.0,1.0,0,"Đăng ký và cấp quyền khai thác, sử dụng thông tin, dữ liệu về nhà ở và thị trường bất động sản ra sao?"
18696,fold_1,1,1,1,1.0,1.0,0,Kích cỡ của dưa chuột tươi được quy định ra sao?
17474,fold_1,1,1,44,1.0,1.0,0,Điều kiện để giải thể đơn vị sự nghiệp công lập là gì?
127498,fold_1,1,1,>100,1.0,1.0,0,Sửa đổi quy định về vi phạm các quy định về thực hiện nghĩa vụ quân sự như thế nào?
118310,fold_1,2,1,6,1.0,1.0,0,Trước khi tiến hành giết mổ trâu phải đảm bảo tình trạng của trâu được mổ như thế nào?
5742,fold_2,1,23,>100,1.0,1.0,0,Thế nào là gian lận trong thi cử? Hành vi gian lận thi cử có bị cấm không?
164210,fold_4,1,11,1,1.0,1.0,0,Việc thử nghiệm khả năng chịu bức xạ nhiệt của mặt nạ trùm toàn bộ khuôn mặt thực hiện theo nguyên tắc gì?
142226,fold_0,1,5,3,1.0,1.0,0,Điều kiện quỹ tài chính nhà nước ngoài ngân sách được hỗ trợ từ ngân sách nhà nước là gì?
118078,fold_4,1,15,1,1.0,1.0,0,Nội dung chủ yếu của Giấy phép tiếp cận nguồn gen phải bao gồm những gì?
7050,fold_0,1,4,1,1.0,1.0,0,Trường hợp nào cơ quan nhà nước có thẩm quyền từ chối cấp phiếu lý lịch tư pháp số 1 cho cá nhân?
163372,fold_1,1,1,25,1.0,1.0,0,Ai có trách nhiệm trong việc tháo dỡ nhà ở?
13142,fold_0,1,>100,3,1.0,1.0,0,"Nhận được thông tin liên quan đến gửi hàng, người được bảo hiểm trong hợp đồng bảo hiểm bao phải thông báo ngay cho người bảo hiểm biết những gì?"
99438,fold_4,1,31,23,1.0,1.0,0,Người dân tộc thiểu số khi thi tuyển công chức cấp huyện được cộng bao nhiêu điểm?
155502,fold_1,1,4,>100,1.0,1.0,0,"Viện Quy hoạch và Thiết kế nông nghiệp bao gồm những tổ chức, đơn vị nào?"
114116,fold_3,1,1,>100,1.0,1.0,0,Hành vi nào bị nghiêm cấm trong việc xử lý dữ liệu cá nhân?
16414,fold_1,1,9,2,1.0,1.0,0,Việc tạm giam bị can trong khi điều tra vụ án có phải là biện pháp ngăn chặn hay không?
154220,fold_3,1,1,74,1.0,1.0,0,Ban Kiểm tra Hội Nhà văn Việt Nam có những quyền hạn gì?
155598,fold_1,1,1,>100,1.0,1.0,0,Tổ chức khoa học và công nghệ công lập thuộc Đại học Quốc gia có được phép thành lập Hội đồng quản lý hay không?
97228,fold_3,1,84,1,1.0,1.0,0,Cách xác định thời gian làm việc để tính các chế độ đối với lao động tuyển dụng trước 21/4/1998 bị dôi dư?
160012,fold_0,1,42,2,1.0,1.0,0,Thủ tục đề nghị thay đổi thẩm phán tiến hành tố tụng hành chính như thế nào?
72400,fold_1,1,3,3,1.0,1.0,0,Bùn thải từ hệ thống thoát nước được xử lý bởi những phương án nào?
83958,fold_4,1,>100,8,1.0,1.0,0,Mức phạt khi không đi khám nghĩa vụ quân sự theo lệnh gọi?
28664,fold_0,2,2,2,1.0,1.0,0,Cơ sở kinh doanh thực phẩm nhỏ lẻ gồm những đối tượng nào?
72496,fold_3,1,1,1,1.0,1.0,0,Quy định cung cấp dịch vụ kinh doanh bảo hiểm trên môi trường mạng?
153120,fold_4,1,26,1,1.0,1.0,0,Quy định việc ra quyết định công nhận sự thỏa thuận của các đương sự?
168278,fold_1,1,1,1,1.0,1.0,0,"Để được kiêm nhiệm chức vụ Giám đốc, Chủ tịch Công ty TNHH MTV Khai thác công trình Thủy lợi Bắc Hưng Hải phải đáp ứng những điều kiện nào?"
35634,fold_1,1,6,>100,1.0,1.0,0,Chứng thực chữ ký trên giấy mua bán xe là gì?
52936,fold_2,1,3,1,1.0,1.0,0,Giảng viên tham gia giảng dạy tại cơ sở kinh doanh đào tạo thẩm tra viên an toàn giao thông đường bộ phải đáp ứng các điều kiện nào?
58262,fold_1,1,3,1,1.0,1.0,0,Trong lúc dỡ hàng hóa trên đường thủy nội địa làm hư hỏng hàng hóa thì ai phải chịu trách nhiệm?
138418,fold_2,1,5,4,1.0,1.0,0,Mức cấp dưỡng nuôi con của người có nghĩa vụ cấp dưỡng sau ly hôn được quy định như thế nào?
92080,fold_3,2,1,1,1.0,1.0,0,Quy định về việc đăng ký nuôi con nuôi
17266,fold_3,1,1,51,1.0,1.0,0,Giá đất nông nghiệp trên địa bàn TP Hà Nội được xác định ra sao?
86500,fold_1,1,1,1,1.0,1.0,0,Chế độ báo cáo và thống kê về công tác bảo mật mang bí mật nhà nước trong ngành Y tế được quy định ra sao?
79590,fold_1,1,3,61,1.0,1.0,0,"Chánh Thanh tra Sở Tài nguyên và Môi trường được quyền xử phạt cơ sở sản xuất khai báo không trung thực để được hưởng chính sách ưu đãi đối với hoạt động sử dụng nước tiết kiệm, hiệu quả không?"
163674,fold_0,1,1,>100,1.0,1.0,0,Nguyên tắc nộp báo cáo tài chính đến Kiểm toán nhà nước đối với đơn vị được kiểm toán ra sao?
58206,fold_2,1,89,1,1.0,1.0,0,Người bị nhiễm chất độc hóa học thì được hưởng trợ cấp hằng tháng hay không?
17534,fold_0,5,19,1,1.0,1.0,0,Cục phòng chống HIV/AIDS thực hiện công tác kiểm soát thủ tục hành chính như thế nào?
54040,fold_4,1,4,24,1.0,1.0,0,Mẫu Giấy đề nghị cấp giấy phép bưu chính mới nhất hiện nay như thế nào?
30082,fold_1,1,4,6,1.0,1.0,0,Người được tha tù trước thời hạn có thể được rút ngắn thời gian thử thách khi đáp ứng những điều kiện nào?
24522,fold_4,1,5,8,1.0,1.0,0,"Tuyến, địa bàn tuần tra, kiểm soát của Công an tỉnh, thành phố trực thuộc Trung ương được quy định như thế nào?"
24648,fold_3,1,81,2,1.0,1.0,0,Viện kiểm sát cấp tỉnh báo cáo ban đầu với Viện kiểm sát nhân dân tối cao những vụ án đặc biệt nghiêm trọng về ma tuý trong thời gian bao lâu?
79256,fold_1,1,2,>100,1.0,1.0,0,Doanh nghiệp được quyền yêu cầu người lao động thực hiện hợp đồng lao động để trả nợ cho mình hay không?
75666,fold_3,1,1,>100,1.0,1.0,0,Trung tâm Thông tin có phải làm một đơn vị sự nghiệp công lập không?
12706,fold_3,1,1,17,1.0,1.0,0,Kỷ niệm chương Vì sự nghiệp Tư pháp được trao tặng với mục đích gì?
149080,fold_1,2,2,3,0.5,0.5,0,Logo của đơn vị sự nghiệp công lập được xem là tài sản cố định hữu hình hay tài sản cố định vô hình?
28934,fold_0,2,17,>100,1.0,1.0,0,Hợp đồng thời vụ nghĩa là gì?
29932,fold_0,1,31,26,1.0,1.0,0,Đất đai có thuộc quyền sở hữu toàn dân không?
14050,fold_3,1,25,2,1.0,1.0,0,"Quy trình cân kiểm tra tải trọng xe tại bộ phận cân thuộc tổ chức được giao khai thác, bảo trì kết cấu hạ tầng giao thông đường bộ được quy định như thế nào?"
71810,fold_4,1,2,27,1.0,1.0,0,Quy hoạch lâm nghiệp cấp quốc gia gồm những nội dung gì?
15648,fold_1,1,1,>100,1.0,1.0,0,Khu dân cư muốn được công nhận danh hiệu Khu dân cư sức khỏe thì phải đáp ứng những tiêu chuẩn nào?
73136,fold_3,1,1,3,1.0,1.0,0,Kinh phí phục vụ hoạt động đối ngoại của Tổng cục hải quan gồm những nguồn kinh phí nào?
71404,fold_0,1,2,11,1.0,1.0,0,Có bao nhiêu đơn vị chuyên môn giúp việc cho Chủ tịch Viện Hàn lâm Khoa học và Công nghệ Việt Nam?
119058,fold_4,1,1,7,1.0,1.0,0,Kinh doanh vận tải biển quốc tế là gì?
29814,fold_1,1,4,9,1.0,1.0,0,Rừng được định giá như thế nào?
4040,fold_2,1,69,>100,1.0,1.0,0,Trường hợp thực hiện hợp đồng trong đó có ghi giá hợp đồng và thanh toán bằng ngoại hối (USD) thì bị xử phạt như thế nào?
114688,fold_0,1,>100,>100,0.0,0.0,0,Thời điểm thực hiện ký quỹ là khi nào?
143786,fold_0,1,6,41,1.0,1.0,0,Thẩm định viên về giá cho người khác mượn Thẻ thẩm định viên bị phạt bao nhiêu?
66300,fold_1,1,37,11,1.0,1.0,0,Viên chức không giữ chức vụ quản lý có hành vi vi phạm trong quá trình thực thi nhiệm vụ thì xếp loại chất lượng ở mức nào?
62360,fold_4,1,2,17,1.0,1.0,0,Chuẩn mực kế toán và chuẩn mực đạo đức nghề nghiệp kế toán được quy định như thế nào?
123342,fold_1,1,10,2,1.0,1.0,0,Số lượng máy móc thiết bị văn phòng phổ biến trang bị cho các chức danh và phòng làm việc của các chức danh là bao nhiêu?
85474,fold_2,1,4,5,1.0,1.0,0,"Danh mục sản phẩm, hàng hóa nhóm 2 phải công bố hợp quy trong chuyên ngành CNTT và truyền thông từ 15/7/2023 ra sao?"
46008,fold_0,1,2,1,1.0,1.0,0,Tổng công ty lương thực miền Bắc có thể kinh doanh những ngành nghề phụ nào ngoài ngành nghề kinh doanh chính?
97340,fold_4,2,26,3,1.0,1.0,0,"Điều kiện để mở cơ sở chuyên bán thuốc dược liệu, thuốc cổ truyền theo quy định mới nhất hiện nay?"
35606,fold_3,1,1,1,1.0,1.0,0,Xác định hàm lượng selen trong thực phẩm bằng phương pháp quang phổ hấp thụ nguyên tử với kỹ thuật hydrua hóa thực hiện theo nguyên tắc gì?
62308,fold_1,1,1,47,1.0,1.0,0,Người lao động phải đóng bảo hiểm xã hội tự nguyện như thế nào khi chưa đủ số năm tham gia bảo hiểm xã hội?
104462,fold_2,1,>100,1,1.0,1.0,0,Những tài liệu nào được gửi đến thành viên Hội đồng tư vấn trước khi diễn ra phiên họp đánh giá Đề án khung chương trình PPP?
80120,fold_3,1,1,24,1.0,1.0,0,Kế hoạch phòng thủ dân sự gồm những nội dung chính nào?
58800,fold_4,1,3,47,1.0,1.0,0,Đề nghị xây dựng luật của đại biểu Quốc hội được lập dựa trên các căn cứ nào?
133922,fold_1,1,2,2,1.0,1.0,0,Thanh tra viên chuyên ngành hàng hải được quyền xử phạt người điều động tàu thuyền chạy quá tốc độ cho phép tại khu vực có quy định giới hạn tốc độ không?
26044,fold_1,1,9,2,1.0,1.0,0,Vướng mắc về chính sách thuế giá trị gia tăng theo Nghị định 15/2022/NĐ-CP
142552,fold_4,2,1,7,1.0,1.0,0,Khi nào người được trợ giúp pháp lý yêu cầu thay đổi người thực hiện trợ giúp pháp lý?
28118,fold_0,1,3,>100,1.0,1.0,0,Đăng ký tài khoản định danh mức độ 2 đối với người nước ngoài như thế nào?
34802,fold_0,1,66,12,1.0,1.0,0,Doanh nghiệp nhận tiền bồi thường do bên đối tác vi phạm hợp đồng có phải lập hóa đơn giá trị gia tăng không?
28174,fold_4,1,4,2,1.0,1.0,0,Tác giả phim truyền hình muốn tham gia làm hội viên Hội Điện ảnh Việt Nam thì phải đáp ứng những điều kiện nào?
147950,fold_3,1,1,1,1.0,1.0,0,Thời hạn giải quyết của thủ tục hoàn trả các khoản thu ngân sách nhà nước qua Kho bạc Nhà nước là bao lâu?
146316,fold_0,1,12,2,1.0,1.0,0,"Viên chức được bổ nhiệm chức danh kiểm nghiệm viên thuốc thú y hạng 2 cần đáp ứng các tiêu chuẩn gì về trình độ đào tạo, bồi dưỡng?"
80878,fold_2,1,4,4,1.0,1.0,0,Nguyên tắc ghi nhận doanh thu của tổ chức tài chính vi mô được quy định như thế nào?
156178,fold_4,2,1,89,1.0,1.0,0,"Phụ cấp ưu đãi nghề y tế của công chức, viên chức y tế dự phòng được tính như thế nào?"
97960,fold_0,1,4,50,1.0,1.0,0,Sản xuất các thiết bị giám sát hàng không phải thực hiện như thế nào?
57272,fold_0,1,30,10,1.0,1.0,0,Cách tính trợ cấp một lần khi nghỉ hưu đối với người lao động nữ và người lao động nam được pháp luật quy định như thế nào?
158028,fold_3,1,4,18,1.0,1.0,0,Lĩnh vực nào được khuyến khích cá nhân nước ngoài đầu tư cho hoạt động phòng cháy và chữa cháy?
95618,fold_1,1,1,1,1.0,1.0,0,Hồ sơ đề nghị xét tặng Cờ thi đua của Bộ Công an đối với đơn vị Công an cấp tỉnh gồm có những gì?
64622,fold_1,1,2,1,1.0,1.0,0,"Giám đốc Quỹ Nghĩa tình đồng đội Công an nhân dân thực hiện nhiệm vụ, quyền hạn nào?"
67190,fold_4,1,4,38,1.0,1.0,0,"Các hoạt động bảo vệ môi trường nào sẽ được hưởng ưu đãi, hỗ trợ từ nhà nước?"
50942,fold_1,1,1,1,1.0,1.0,0,Phương pháp parafin được tiến hành theo các bước như thế nào để có thể chẩn đoán bệnh Marek ở gà?
153176,fold_4,1,9,1,1.0,1.0,0,"Trình Thủ tướng Chính phủ xem xét, phê duyệt kết quả chỉ định thầu dự án tìm kiếm thăm dò và khai thác dầu khí thông qua Hội đồng thẩm định được thực hiện như thế nào?"
141264,fold_0,1,7,41,1.0,1.0,0,Người cố ý gây thương tích cho người khác trong trạng thái tinh thần kích động mạnh chưa đến mức truy cứu trách nhiệm hình sự bị xử phạt vi phạm hành chính như thế nào?
57510,fold_4,1,77,>100,1.0,1.0,0,Việc khen thưởng đảng viên cần đáp ứng những yêu cầu gì?
44318,fold_2,2,2,46,1.0,1.0,0,Công tác đánh giá an toàn công trình hàng hải được thực hiện theo trình tự thủ tục như thế nào? Dựa trên những nội dung gì?
27696,fold_3,1,5,52,1.0,1.0,0,Quyền tự do kinh doanh xuất nhập khẩu của thương nhân Việt Nam được quy định như thế nào?
107052,fold_1,1,1,2,1.0,1.0,0,Cơ quan thường trực của Tổ chức phối hợp liên ngành do Phó Thủ tướng Chính phủ đứng đầu có nhiệm vụ gì?
84676,fold_2,1,3,1,1.0,1.0,0,Cơ cấu tổ chức của Hội Kiến trúc sư Việt Nam gồm những cơ quan nào?
22118,fold_2,1,3,6,1.0,1.0,0,Đạo đức nghề nghiệp của Đo đạc bản đồ viên hạng 4 chuyên ngành đo đạc bản đồ được thể hiện trên những phương diện nào?
125538,fold_0,1,53,1,1.0,1.0,0,Bước chuẩn bị trước khi phẫu thuật làm đối chiếu ngón 1 (thiểu dưỡng ô mô cái) ra sao?
162060,fold_2,1,8,3,1.0,1.0,0,Quy định về vận chuyển mẫu bệnh phẩm thủy sản theo Thông tư 26/2016/TT-BNNPTNT?
97292,fold_0,1,1,3,1.0,1.0,0,Tổ chức cung cấp dịch vụ chứng thực chữ ký số chuyên dùng Chính phủ có các trách nhiệm gì?
57236,fold_1,1,1,9,1.0,1.0,0,Nghĩa vụ của quỹ tín dụng nhân dân là gì?
49858,fold_4,1,2,1,1.0,1.0,0,Doanh nghiệp bảo hiểm xe máy có được yêu cầu Quỹ bảo hiểm hoàn trả số tiền đã tạm ứng bồi thường không?
35454,fold_1,2,8,4,1.0,1.0,0,Trình bày trang bìa quy chuẩn kỹ thuật phải bảo đảm các yếu tố gì?
13226,fold_3,1,5,2,1.0,1.0,0,"Hóa đơn điện tử về việc mua bán xe có thể chuyển đổi sang hóa đơn giấy được không? Nếu có, điều kiện chuyển đổi là gì?"
120208,fold_4,1,28,3,1.0,1.0,0,Người có hành vi hủy hoại danh lam thắng cảnh cấp quốc gia là lao động duy nhất trong gia đình thì có được hoãn chấp hành hình phạt không?
114788,fold_0,1,>100,3,1.0,1.0,0,Hồ sơ đề nghị cấp Giấy chứng nhận đủ điều kiện sản xuất tiền chất thuốc nổ bao gồm những gì?
29622,fold_3,1,1,1,1.0,1.0,0,Văn phòng Thừa phát lại bị tạm ngừng hoạt động trong những trường hợp nào?
155872,fold_4,1,6,31,1.0,1.0,0,Viện trưởng Viện kiểm sát nhân dân tối cao thành lập tổ Kiểm sát viên VKSND tối cao khi nào?
74872,fold_2,1,8,>100,1.0,1.0,0,Nhà biệt thự từ 03 tầng trở lên thì phải đảm bảo đạt cấp công trình từ cấp bao nhiêu trở lên?
152976,fold_2,2,1,1,1.0,1.0,0,Người nước ngoài đang thường trú tại Việt Nam nhận con nuôi ở Việt Nam có được xác định là nuôi con nuôi có yếu tố nước ngoài?
160920,fold_2,1,1,20,1.0,1.0,0,Xác minh thiệt hại đối với người thi hành công vụ được giải quyết như thế nào?
142898,fold_3,1,12,22,1.0,1.0,0,Để được công nhận người hoạt động kháng chiến bị nhiễm chất độc hóa học cần điều kiện gì?
69084,fold_4,1,7,1,1.0,1.0,0,Hình thức xử phạt bổ sung và khắc phục hậu quả đối với hành vi giả mạo Giấy phép hoạt động dịch vụ việc làm?
74942,fold_4,1,35,88,1.0,1.0,0,"Thẩm tra viên cao cấp tại TAND cấp cao có nhiệm vụ, quyền hạn gì?"
61562,fold_4,2,1,5,1.0,1.0,0,Gói thầu mua sắm thường xuyên dưới 100 triệu đồng ngoài hình thức chỉ định thầu còn áp dụng được hình thức đấu thầu nào khác không?
79562,fold_0,1,2,70,1.0,1.0,0,Giáo trình đại học được phê duyệt thế nào?
86140,fold_1,1,5,4,1.0,1.0,0,Số lưu hành của trang thiết bị y tế loại A có giới hạn về thời gian có hiệu lực hay không?
81752,fold_0,1,7,8,1.0,1.0,0,Được Nhà nước giao đất mà không sử dụng thì có bị thu hồi đất không?
37908,fold_0,1,2,2,1.0,1.0,0,Trách nhiệm của Thanh tra Sở Lao động - Thương binh và Xã hội trong việc tự kiểm tra việc thực hiện pháp luật của doanh nghiệp là gì?
19738,fold_4,1,1,1,1.0,1.0,0,Nếu không tham dự phiên họp Hội đồng thẩm định loài động vật hoang dã thuộc Danh mục loài nguy cấp thì Ủy viên thư ký báo cáo cho ai?
74766,fold_4,1,17,1,1.0,1.0,0,"Thời gian huấn luyện, bồi dưỡng nghiệp vụ về phòng cháy và chữa cháy đối với người điều khiển phương tiện giao thông cơ giới là bao lâu?"
156432,fold_4,1,33,3,1.0,1.0,0,Pháp luật quy định về thông báo tuyển sinh như thế nào?
156930,fold_2,1,12,1,1.0,1.0,0,"Thuế giá trị gia tăng đầu vào của các trường hợp không phải kê khai, tính nộp thuế giá trị gia tăng có được khấu trừ không?"
20024,fold_2,1,8,2,1.0,1.0,0,Mức tiền thưởng danh hiệu “Chiến sĩ thi đua cơ sở”?
74074,fold_2,1,1,5,1.0,1.0,0,Ủy ban Tiêu chuẩn Thực phẩm Việt Nam có hệ thống tổ chức như thế nào?
84166,fold_4,1,1,1,1.0,1.0,0,Thành phần Đội danh dự trong các nghi lễ đón tiếp của Công an nhân dân bao gồm những ai?
47080,fold_2,1,1,17,1.0,1.0,0,Đối tượng nào trực phòng chống thiên tai trong lĩnh vực đường bộ? Và thời gian trực được quy định thế nào?
49076,fold_4,1,1,4,1.0,1.0,0,Chưa đăng ký kết hôn mà có con có thể làm thủ tục đăng ký khai sinh cho con được không?
154004,fold_1,1,8,3,1.0,1.0,0,"Ai là người có thẩm quyền xóa nợ tiền thuế, tiền chậm nộp, tiền phạt?"
134558,fold_4,1,37,>100,1.0,1.0,0,Lãi suất cho vay của ngân hàng được quy định như thế nào? Ngân hàng có bị khống chế mức lãi suất cho vay hay không?
55372,fold_3,1,1,3,1.0,1.0,0,Thành phần dinh dưỡng trong sữa bột dùng cho trẻ dưới 12 tháng tuổi phải đảm bảo hàm lượng như thế nào?
71590,fold_2,1,3,3,1.0,1.0,0,Giấy chứng nhận đăng ký sân bay chuyên dùng trên mặt nước do ai cấp?
92900,fold_2,1,11,1,1.0,1.0,0,Người lao động nước ngoài tại Việt Nam được cấp thẻ tạm trú theo ký hiệu thị thực có đúng không?
157436,fold_2,1,8,3,1.0,1.0,0,Tụ tập xe ở hầm Thủ Thiêm bị xử phạt bao nhiêu tiền?
77470,fold_2,1,2,50,1.0,1.0,0,Ghi sai trình độ học vấn có bị thu hồi thẻ Căn cước công dân không?
91774,fold_2,2,5,5,1.0,1.0,0,Giấy xác nhận tình trạng hôn nhân có phải luôn có giá trị trong vòng 6 tháng kể từ ngày cấp không?
6360,fold_4,1,2,>100,1.0,1.0,0,"Trình tự, thủ tục điều chuyển tài sản công được quy định như thế nào?"
61672,fold_1,1,2,2,1.0,1.0,0,"Hồ sơ đăng ký kiểm dịch nhập khẩu động vật, sản phẩm động vật thủy sản tiêu thụ trong nước tại Thông tư 26/2016/TT-BNNPTNT?"
95442,fold_0,1,>100,85,1.0,1.0,0,"Người bị nhiễm HIV, AIDS có được tham gia nghĩa vụ quân sự hay không?"
154530,fold_4,1,4,2,1.0,1.0,0,Trong công trình thủy lợi thì công tác chuẩn bị cho việc phân tích mẫu trong phòng thí nghiệm được quy định như thế nào?
112134,fold_0,1,1,2,1.0,1.0,0,Viên chức đang công tác tại Viện kiểm sát nhân dân đang điều trị bệnh hiểm nghèo thì có được chuyển đổi vị trí công tác không?
138640,fold_1,1,1,12,1.0,1.0,0,Hành vi nào là hành vi bị nghiêm cấm trong hoạt động thanh tra của Đoàn thanh tra Kiểm toán nhà nước?
60438,fold_2,1,1,1,1.0,1.0,0,Người phát ngôn của BHXH Việt Nam có trách nhiệm gì khi phát ngôn và cung cấp thông tin cho báo chí trong các trường hợp đột xuất?
162148,fold_1,1,1,>100,1.0,1.0,0,Hội Y học lao động Việt Nam đặt trụ sở ở đâu?
6300,fold_3,1,1,>100,1.0,1.0,0,Trưng dụng tài sản được áp dụng đối với những tài sản nào?
82862,fold_3,1,2,3,1.0,1.0,0,Thời gian tính hưởng phụ cấp thâm niên của giáo viên được bắt đầu từ khi nào?
164280,fold_1,1,>100,>100,0.0,0.0,0,Điều khiển xe ô tô chạy quá tốc độ bị phạt nguội thì có thể nộp phạt qua đường bưu điện được không?
147194,fold_1,1,58,2,1.0,1.0,0,Kiểm ngư viên trung cấp là gì? Nhiệm vụ của Kiểm ngư viên trung cấp được quy định thế nào?
10852,fold_2,1,7,>100,1.0,1.0,0,Sẽ có giải pháp hỗ trợ các doanh nghiệp đăng ký bảo hộ thương hiệu nông sản trong nước và trên thị trường quốc tế đúng không?
43762,fold_2,2,2,13,1.0,1.0,0,Việc chẩn đoán bệnh viêm phổi ở trẻ em có dựa trên kết quả kiểm tra cận lâm sàng không?
140612,fold_1,1,1,69,1.0,1.0,0,Tiến hành đánh giá thẩm định hồ sơ chuyển nhượng dự án bất động sản trong thời gian bao nhiêu ngày?
142434,fold_3,1,>100,12,1.0,1.0,0,Khoản chi tiền thưởng có được đưa vào chi phí hợp lý không?
39314,fold_2,1,3,12,1.0,1.0,0,Trung tâm thương mại có được phép kinh doanh bình gas mini không?
120150,fold_2,1,2,9,1.0,1.0,0,Nội dung hỗ trợ việc làm bền vững thuộc Chương trình mục tiêu quốc gia giảm nghèo bền vững giai đoạn 2021-2025?
11746,fold_0,1,1,1,1.0,1.0,0,Cơ quan nào có quyền thu hồi Giấy phép FLEGT?
153062,fold_4,1,1,13,1.0,1.0,0,Mẫu quy chế hoạt động của ban kiểm soát công ty đại chúng năm 2022?
70788,fold_0,1,8,1,1.0,1.0,0,Hành vi đi vào đường có biển cấm xe ô tô tải thì bị xử phạt hành chính như thế nào?
66862,fold_1,1,32,44,1.0,1.0,0,Điều tra viên có những nhiệm vụ và quyền hạn như thế nào?
156932,fold_1,1,1,1,1.0,1.0,0,Hoạt động kiểm toán nội bộ trong hệ thống Bảo hiểm xã hội Việt Nam phải đảm bảo các nguyên tắc cơ bản nào?
98118,fold_1,1,1,13,1.0,1.0,0,Khi phân công nhiệm vụ đối với chấp hành viên cơ quan Thi hành án dân sự cần đảm bảo các nguyên tắc gì?
125564,fold_4,1,>100,>100,0.0,0.0,0,Xác định lại giới tính sau khi phẫu thuật chuyển đổi giới tính thì có được đổi tên hay không?
13342,fold_0,1,1,7,1.0,1.0,0,Thời hạn thực hiện nghĩa vụ tham gia dân quân tự vệ thường trực trong thời bình là bao lâu?
11238,fold_1,1,1,6,1.0,1.0,0,"Nhiệm vụ của Bộ Công Thương, Bộ Tài nguyên và Môi trường và các Bộ, cơ quan có liên quan trong việc điều tra cơ bản về dầu khí là gì?"
131802,fold_4,1,>100,2,1.0,1.0,0,"Các quy định về chính sách thuế, phí, lệ phí được ban hành năm 2022?"
53416,fold_2,1,1,10,1.0,1.0,0,Việc đánh giá công chức thuộc Bộ Tài nguyên và Môi trường được thực hiện định kỳ vào thời điểm nào?
164558,fold_2,1,8,2,1.0,1.0,0,Có được đóng thêm tiền bảo hiểm xã hội cho những năm còn thiếu để được hưởng lương hưu?
162264,fold_0,1,3,1,1.0,1.0,0,Thời hạn gửi kết quả thực hiện tinh giản biên chế cán bộ cấp huyện là khi nào?
14174,fold_4,1,9,>100,1.0,1.0,0,Theo quy định pháp luật ai có thẩm quyền cấp giấy xác nhận độc thân?
124826,fold_4,1,1,64,1.0,1.0,0,Vốn hoạt động của công ty Mua bán nợ Việt Nam bao gồm những nguồn vốn nào?
145608,fold_0,1,61,7,1.0,1.0,0,Điều kiện để kinh doanh vận tải bằng xe ô tô là gì?
125110,fold_0,1,2,1,1.0,1.0,0,Việc nhập khẩu trang thiết bị y tế được Nhà nước quản lý dựa trên nguyên tắc nào?
81176,fold_0,1,8,22,1.0,1.0,0,"Kế hoạch xử lý bom mìn, vật nổ sau chiến tranh bao gồm các nội dung gì?"
13834,fold_0,1,2,2,1.0,1.0,0,Quốc hội chấp thuận chủ trương đầu tư ra nước ngoài đối với các dự án nào?
155450,fold_4,1,1,1,1.0,1.0,0,Cơ quan lãnh đạo là cơ quan cao nhất của Hội Dinh dưỡng Việt Nam?
168154,fold_4,1,3,1,1.0,1.0,0,"Trách nhiệm kiểm định an toàn đập, hồ chứa thủy lợi được quy định ra sao?"
73194,fold_4,1,15,21,1.0,1.0,0,Đề xuất người chưa đủ tuổi nghỉ hưu chỉ được rút 50% BHXH một lần?
56744,fold_4,1,3,15,1.0,1.0,0,Thành viên góp vốn có phải là thành viên của công ty hợp danh hay không?
87986,fold_3,1,2,>100,1.0,1.0,0,Sổ chứng thực dùng để làm gì?
10868,fold_0,1,39,67,1.0,1.0,0,Công ty tạm đình chỉ công việc quá thời hạn đối với người lao động có bị xử phạt gì không?
124180,fold_4,1,1,>100,1.0,1.0,0,Chế độ làm việc của Hội đồng phối hợp phổ biến giáo dục pháp luật Tòa án nhân dân được quy định thế nào?
50808,fold_1,1,12,32,1.0,1.0,0,Thời điểm để tính thời hiệu xử phạt vi phạm hành chính ra sao?
149436,fold_2,1,60,1,1.0,1.0,0,Trường đại học chỉ đạo công tác tuyển sinh theo phương thức nào?
106092,fold_4,1,1,1,1.0,1.0,0,Chi nhánh công ty chứng khoán nước ngoài cần đảm bảo những gì khi ký kết hợp đồng tư vấn chứng khoán với khách hàng?
55588,fold_0,1,1,12,1.0,1.0,0,Yêu cầu phản tố của bị đơn được chấp nhận khi nào?
132612,fold_4,1,1,68,1.0,1.0,0,Công an xã chính quy sẽ có trụ sở làm việc ở đâu?
36766,fold_3,1,1,17,1.0,1.0,0,"Những người nào được sử dụng trang phục y tế? Có được sử dụng trang phục y tế ở ngoài cơ sở khám bệnh, chữa bệnh không?"
167558,fold_2,1,>100,25,1.0,1.0,0,Chi nhánh không mang tên của hợp tác xã sẽ bị xử phạt như thế nào?
165546,fold_0,1,>100,>100,0.0,0.0,0,Chi phí được trừ khi xác định thu nhập chịu thuế thu nhập doanh nghiệp
89764,fold_2,1,1,8,1.0,1.0,0,Kinh phí làm thẻ công chức thanh tra chuyên ngành tài nguyên và môi trường được lấy từ đâu?
162092,fold_2,1,1,80,1.0,1.0,0,Để được cấp Giấy phép xây dựng ở tỉnh Hà Giang thì tốn phí bao nhiêu?
41690,fold_4,2,46,>100,1.0,1.0,0,Vi phạm quy định về đối tượng tuyển sinh bị xử phạt như thế nào?
97540,fold_3,1,2,1,1.0,1.0,0,"Trách nhiệm của chủ đầu tư xây dựng đập, hồ chứa nước trong quá trình thi công?"
69610,fold_0,1,2,1,1.0,1.0,0,Mua bán xe ô tô cũ nhưng không có giấy đăng ký xe thì có sang tên được không?
19874,fold_2,1,1,16,1.0,1.0,0,"Nhiệm vụ của Cảnh sát giao thông trong tuần tra, kiểm soát được quy định như thế nào?"
106088,fold_3,1,1,1,1.0,1.0,0,"Đối tượng cần phải nộp lệ phí cấp giấy chứng nhận quyền sử dụng đất, quyền sở hữu nhà, tài sản gắn liền với đất trên địa bàn tỉnh Quảng Ngãi?"
78496,fold_0,1,1,99,1.0,1.0,0,Tổ chức tôn giáo là gì?
38190,fold_0,1,1,1,1.0,1.0,0,"Việc thu thập thông tin, tài liệu, nắm tình hình đối tượng thanh tra chuyên ngành hải quan được thực hiện bởi ai?"
159026,fold_4,1,1,1,1.0,1.0,0,Việc đánh giá định kỳ thực hành tốt cơ sở bán lẻ thuốc thực hiện bao lâu một lần?
129148,fold_3,1,34,6,1.0,1.0,0,Phí bảo trì phần sở hữu chung của nhà chung cư phải được bàn giao theo hình thức nào?
58804,fold_3,1,9,8,1.0,1.0,0,Người lao động được nghỉ thai sản bao lâu?
60750,fold_2,1,14,3,1.0,1.0,0,Lao động nữ mang thai có được hưởng chế độ thai sản không?
131894,fold_1,1,>100,4,1.0,1.0,0,Ai là người có quyền đề nghị thay đổi Thư ký Tòa án?
61830,fold_2,1,16,4,1.0,1.0,0,Bên nhận ủy quyền có những nghĩa vụ nào cần phải thực hiện khi ký kết hợp đồng ủy quyền?
79078,fold_3,2,1,27,1.0,1.0,0,"Nhiệm vụ, quyền hạn của cơ quan thi hành án hình sự cấp quân khu là gì?"
130640,fold_1,1,1,20,1.0,1.0,0,"Trợ cấp cho Dân quân tự vệ không tham gia BHXH bị tai nạn được thực hiện theo trình tự, thủ tục nào?"
157722,fold_3,1,1,7,1.0,1.0,0,"Thời gian nghỉ hằng năm của nhà giáo dạy trình độ cao đẳng, trung cấp tại cơ sở hoạt động giáo dục nghề nghiệp như thế nào?"
159032,fold_1,1,13,>100,1.0,1.0,0,Khách hàng trả sản phẩm này để mua sản phẩm khác thì giá xuất hóa đơn như thế nào?
149958,fold_3,1,1,2,1.0,1.0,0,Hiệp hội Trang trại và Doanh nghiệp nông nghiệp Việt Nam có những nhiệm vụ nào?
114908,fold_3,1,4,1,1.0,1.0,0,Cơ quan nào có thẩm quyền gia hạn thời gian lưu hành tại Việt Nam cho phương tiện của các nước thực hiện Hiệp định GMS?
128698,fold_3,1,1,1,1.0,1.0,0,Trong kinh doanh vận tải hành khách bằng xe ô tô thì ai có trách nhiệm ghi thông tin trên Lệnh vận chuyển?
115468,fold_0,2,6,2,1.0,1.0,0,Đơn vị thuộc Ủy ban Dân tộc đề nghị xây dựng nghị định để quy định vấn đề cần thiết thuộc thẩm quyền của Quốc hội cần chuẩn bị hồ sơ đề nghị gồm những gì?
6678,fold_0,1,5,8,1.0,1.0,0,Gói thầu tư vấn thiết kế có thể áp dụng hình thức chỉ định thầu hay không?
33126,fold_4,1,1,5,1.0,1.0,0,Phải có bao nhiêu sáng lập viên đối với quỹ từ thiện để đủ điều kiện cấp giấy phép?
18016,fold_1,1,1,1,1.0,1.0,0,Thành viên Tổ chuyên môn Hội đồng tư vấn về phân loại hàng hóa nhập khẩu thuộc Tổng cục Hải quan có quyền hạn và trách nhiệm như thế nào?
45804,fold_1,1,1,82,1.0,1.0,0,Những hành vi nào bị nghiêm cấm về bảo hiểm y tế?
7058,fold_4,1,20,46,1.0,1.0,0,Trường hợp nào được miễn đi nghĩa vụ quân sự?
60390,fold_3,1,3,33,1.0,1.0,0,Đổi từ biển số xe máy 4 số sang 5 số thì tốn bao nhiêu tiền?
136920,fold_1,1,2,1,1.0,1.0,0,"Những yêu cầu chung đối với cơ sở sản xuất kinh doanh thủy sản trong việc đảm bảo an toàn vệ sinh khi sơ chế, chế biến thuỷ sản?"
124084,fold_0,1,18,7,1.0,1.0,0,Trong khu công nghiệp có thể có các phân khu công nghiệp dành cho các doanh nghiệp chế xuất không?
92740,fold_1,1,1,>100,1.0,1.0,0,Báo cáo tài chính nhà nước sẽ được công khai với những nội dung nào? Hình thức và thời gian công khai được quy định ra sao?
145112,fold_3,2,1,>100,1.0,1.0,0,"Trình tự, thủ tục hiến tạng sau khi chết được thực hiện như thế nào? Hồ sơ đăng ký hiến tạng sau khi chết cần giấy tờ gì ?"
82286,fold_2,1,1,6,1.0,1.0,0,Cụm thi đua ngành Tư pháp có cơ cấu tổ chức như thế nào?
20964,fold_3,1,1,1,1.0,1.0,0,Trang phục của Quân đội nhân dân Việt Nam bao gồm những loại trang phục nào?
94374,fold_2,1,1,35,1.0,1.0,0,Đơn tố cáo được thụ lý sau bao nhiêu ngày kể từ ngày tiếp nhận đơn tố cáo?
49070,fold_1,1,1,18,1.0,1.0,0,Diện tích của căn hộ lưu trú theo quy chuẩn là bao nhiêu m2?
89276,fold_1,1,3,>100,1.0,1.0,0,Đăng ký hành nghề dịch vụ kế toán được quy định như thế nào?
28876,fold_1,1,4,32,1.0,1.0,0,Theo quy định mới thì doanh nghiệp bảo hiểm được đầu tư vốn vào những nguồn nào?
117172,fold_2,1,1,1,1.0,1.0,0,Cơ cấu tổ chức quản lý của Tập đoàn Điện lực Việt Nam được quy định thế nào?
82724,fold_0,1,1,10,1.0,1.0,0,Chữ ký số được xem là an toàn khi đáp ứng các điều kiện nào?
26450,fold_4,1,1,>100,1.0,1.0,0,Cục Công nghiệp địa phương của Bộ Công Thương có tư cách pháp nhân không?
48966,fold_2,1,>100,3,1.0,1.0,0,Chiến sĩ tham gia chiến đấu có thể dùng tài liệu gì để xác nhận thời gian hoạt động bị nhiễm chất độc hóa học?
66700,fold_0,2,5,1,1.0,1.0,0,Viên chức thuộc Bộ Giáo dục và Đào tạo có được biệt phái trong trường hợp có nhiệm vụ đột xuất không?
93976,fold_4,1,2,1,1.0,1.0,0,"Cơ sở vật chất, thiết bị dạy học môn học Giáo dục Quốc phòng và an ninh trong chương trình đào tạo trình độ trung cấp được quy định ra sao?"
74358,fold_2,1,1,1,1.0,1.0,0,Kinh phí tổ chức Hội thi giảng viên giỏi nghiệp vụ sư phạm toàn quốc được quy định như thế nào?
57958,fold_3,1,>100,6,1.0,1.0,0,Thừa phát lại không tham gia hoặc tham gia không đầy đủ bồi dưỡng nghiệp vụ hàng năm thì có bị xử phạt hay không?
109244,fold_2,1,4,14,1.0,1.0,0,Thời hạn yêu cầu và thanh toán bồi thường bảo hiểm bắt buộc là bao lâu?
36444,fold_3,1,1,1,1.0,1.0,0,"Hồ sơ bồi thường đối với bảo hiểm trách nhiệm dân sự đối với tổ chức, cá nhân tiến hành công việc bức xạ bao gồm những tài liệu gì?"
50158,fold_4,1,2,8,1.0,1.0,0,Hướng dẫn kê khai mẫu biểu hồ sơ đề nghị hoàn thuế giá trị gia tăng?
117554,fold_2,1,1,1,1.0,1.0,0,"Danh mục các biểu mẫu giấy chứng nhận, sổ an toàn kỹ thuật và bảo vệ môi trường cấp cho phương tiện thủy nội địa?"
72310,fold_2,1,1,1,1.0,1.0,0,Bị viêm khớp sẽ bị xếp vào loại mấy khi đi khám sức khỏe nghĩa vụ quân sự?
964,fold_3,1,1,24,1.0,1.0,0,Thẻ Hòa giải viên là gì? Thẻ Hòa giải viên được sử dụng vào những mục đích gì?
134612,fold_4,1,1,3,1.0,1.0,0,Tiêu chuẩn xét tặng Kỷ niệm chương Vì sự nghiệp Tòa án là gì?
167672,fold_4,1,2,1,1.0,1.0,0,"Nguyên tắc đẩy mạnh phân cấp, phân quyền trong quản lý nhà nước lĩnh vực tài nguyên môi trường?"
7244,fold_1,1,15,4,1.0,1.0,0,Những trường hợp nào phải lập biên bản xử phạt vi phạm hành chính?
117606,fold_4,1,2,2,1.0,1.0,0,Thủ tục thu hồi Chứng chỉ hành nghề dịch vụ đại diện quyền đối với giống cây trồng được quy định ra sao?
133436,fold_0,1,1,3,1.0,1.0,0,Thực hiện khuyến mại có bắt buộc phải đăng ký thông báo không?
37222,fold_4,1,52,6,1.0,1.0,0,Hằng tháng được nhận mức trợ cấp tuất là bao nhiêu?
4312,fold_1,1,3,2,1.0,1.0,0,"Thí sinh cần lưu ý điều gì về việc nhập học sau khi biết điểm thi, điểm chuẩn vào lớp 10 THPT tại TP. Hồ Chí Minh?"
129622,fold_3,1,1,19,1.0,1.0,0,Thời gian làm việc của giáo viên mầm non được tính như thế nào?
40766,fold_1,1,25,>100,1.0,1.0,0,"Tổ chức khai thuế thay, nộp thuế thay cho cá nhân trong khi hợp tác kinh doanh cần chuẩn bị hồ sơ khai thuế như thế nào?"
87730,fold_0,1,2,26,1.0,1.0,0,Trong quản lý nhà nước đối với liên hiệp hợp tác xã thì trách nhiệm của Ủy ban nhân dân các cấp được quy định thế nào?
19724,fold_0,1,14,5,1.0,1.0,0,"Các tiêu chuẩn mà tập thể, cá nhân cần đáp ứng để được Chủ tịch Uỷ ban nhân dân cấp huyện tặng giấy khen là gì?"
8728,fold_3,1,1,1,1.0,1.0,0,Quy định về nghĩa vụ của cơ sở điện ảnh sản xuất phim?
166852,fold_0,1,27,1,1.0,1.0,0,Cải tạo nhà chung cư để bảo đảm điều kiện tiếp cận đối với người khuyết tật được thực hiện theo lộ trình như thế nào?
86362,fold_0,1,2,2,1.0,1.0,0,Người khuyết tật nặng mất khả năng nhận thức thì có thuộc đối tượng hưởng trợ cấp xã hội hàng tháng không?
28262,fold_4,1,33,13,1.0,1.0,0,Nghi thức công bố quyết định khen thưởng Huân chương Bảo vệ Tổ quốc được pháp luật quy định như thế nào?
146344,fold_1,1,13,8,1.0,1.0,0,Trung tâm quản lý luồng không lưu có trách nhiệm gì đối với các bên liên quan?
87408,fold_0,1,2,1,1.0,1.0,0,"Công ty mẹ Tập đoàn Dầu khí Việt Nam có được thanh lý, nhượng bán tài sản cố định hay không?"
37792,fold_4,1,1,6,1.0,1.0,0,Hội đồng tư vấn cải cách thủ tục hành chính của Thủ tướng Chính phủ thực hiện nhiệm vụ gì?
5502,fold_4,1,6,>100,1.0,1.0,0,Hồ sơ thanh lý hợp đồng và hoàn trả tiền ký quỹ gồm những gì?
131798,fold_1,1,11,>100,1.0,1.0,0,Khám sức khỏe định kỳ cho nhân viên tiếp xúc trực tiếp với thực phẩm được pháp luật quy định như thế nào?
84522,fold_4,1,>100,10,1.0,1.0,0,Hối phiếu đòi nợ phải bao gồm những nội dung nào?
70114,fold_1,1,65,1,1.0,1.0,0,"Trình tự, thủ tục chấp thuận thay đổi, bổ sung trực tiếp nhận và chi trả ngoại tệ của tổ chức kinh tế được hướng dẫn như thế nào?"
113250,fold_4,1,1,95,1.0,1.0,0,Thời kỳ quy hoạch được xác định như thế nào?
112686,fold_3,1,2,48,1.0,1.0,0,Cha mẹ đương nhiên có quyền nhận con theo quy định pháp luật hiện hành đúng không?
60936,fold_1,1,5,8,1.0,1.0,0,Muốn kinh doanh đại lý tàu biển cần phải đáp ứng những điều kiện gì?
20020,fold_1,1,7,2,1.0,1.0,0,Đối tượng báo cáo trong phòng chống rửa tiền phải áp dụng ngay biện pháp trì hoãn giao dịch trong trường hợp nào?
73736,fold_3,1,2,30,1.0,1.0,0,Phiếu sử dụng trong bỏ phiếu tín nhiệm được xem là hợp lệ khi nào?
25724,fold_3,1,>100,1,1.0,1.0,0,Mục đích cung cấp thông tin trong quá trình thực hiện hoạt động phải đảm bảo những gì?
6376,fold_2,1,1,38,1.0,1.0,0,Người sử dụng lao động có thể giao kết hợp đồng không xác định thời hạn bằng lời nói với người lao động không?
44916,fold_4,1,3,10,1.0,1.0,0,Nghĩa vụ của Lãnh sự danh dự được quy định như thế nào?
80776,fold_0,1,4,4,1.0,1.0,0,Cá nhân sinh sống và làm việc tại Việt Nam có được miễn thuế thu nhập cá nhân đối với tiền lương hưu do nước ngoài trả hay không?
44152,fold_2,1,1,2,1.0,1.0,0,Trung tâm giới thiệu sản phẩm Việt Nam tại nước ngoài hỗ trợ các doanh nghiệp Việt Nam làm các công việc cụ thể gì?
101700,fold_2,1,1,23,1.0,1.0,0,"Buôn bán thực phẩm chế biến từ động vật chết do bệnh, dịch bệnh bị xử phạt hành chính như thế nào?"
139798,fold_2,1,>100,24,1.0,1.0,0,Người lao động bị mất việc thì sẽ nhận được bao nhiêu tiền trợ cấp mất việc làm?
48006,fold_0,1,>100,>100,0.0,0.0,0,Có được đồng thời làm giám đốc dự án và làm giám sát công trình không?
33662,fold_2,1,1,4,1.0,1.0,0,Hồ sơ đăng ký dự thi chứng chỉ hành nghề môi giới bất động sản 2023 gồm những gì?
15076,fold_3,1,1,12,1.0,1.0,0,Viên chức thăng hạng từ giáo viên dự bị đại học hạng II lên giáo viên dự bị đại học hạng I cần phải có điều kiện gì?
18504,fold_0,1,1,1,1.0,1.0,0,Quỹ Từ thiện Ngã Ba Đồng Lộc có chức năng là gì?
131414,fold_3,1,13,14,1.0,1.0,0,Thuyền trưởng tàu cá được quy định như thế nào?
104566,fold_0,2,14,65,1.0,1.0,0,Những mốc tuổi trong tham gia giao thông được quy định như thế nào?
168610,fold_1,1,3,5,1.0,1.0,0,Sĩ quan Quân đội nhân dân Việt Nam muốn đạt được danh hiệu Chiến sĩ thi đua toàn quốc thì cần phải đáp ứng những điều kiện gì?
962,fold_0,1,15,1,1.0,1.0,0,"Danh mục ngành, nghề ưu tiên thu hút đầu tư vào Khu kinh tế Vân Phong?"
12690,fold_2,1,31,1,1.0,1.0,0,Thuế suất thuế GTGT đối với hoạt động ủy thác xuất khẩu là bao nhiêu?
40802,fold_3,1,2,5,1.0,1.0,0,"Cán bộ, chiến sĩ Cảnh sát môi trường có được nhận, xử lý và giải quyết đơn tại nhà riêng của mình hay không?"
105248,fold_4,1,>100,>100,0.0,0.0,0,Ngôn ngữ sử dụng trong hợp đồng theo mẫu được quy định như thế nào?
35462,fold_1,1,>100,>100,0.0,0.0,0,Điện sinh hoạt có được giảm thuế GTGT không? Nếu được thì giảm thuế GTGT trong bao lâu và giảm bao nhiêu?
52724,fold_0,1,8,>100,1.0,1.0,0,"Ngoài xăng đổ cho xe máy, xe ô tô thì xăng dầu còn gồm những loại nào?"
81064,fold_0,1,3,>100,1.0,1.0,0,Công ty cho thuê lại tòa nhà có được xem là hành vi vi phạm pháp luật hay không?
137912,fold_2,1,1,19,1.0,1.0,0,Những hành vi nào bị cấm trong hoạt động biểu diễn nghệ thuật theo quy định của pháp luật hiện hành?
155824,fold_3,1,1,1,1.0,1.0,0,Văn phòng Tòa án nhân dân các cấp ký hợp đồng mua xăng dầu cho xe ô tô trong cơ quan với hình thức gì?
73818,fold_4,1,1,26,1.0,1.0,0,Tài nguyên năng lượng tái tạo và không tái tạo là gì?
69950,fold_2,1,1,66,1.0,1.0,0,Hiệu trưởng trường phổ thông dân tộc bán trú thực hiện những nhiệm vụ gì theo quy định?
148124,fold_0,1,33,1,1.0,1.0,0,Quy định về quyền và nghĩa vụ của chủ đầu tư trong việc giám sát thi công xây dựng công trình
99838,fold_3,1,1,75,1.0,1.0,0,Thủ tục bổ nhiệm Thừa phát lại được quy định như thế nào?
85726,fold_1,1,1,9,1.0,1.0,0,Giải quyết tranh chấp đất đai bằng hình thức khởi kiện tại Tòa án nhân dân
37436,fold_1,1,10,2,1.0,1.0,0,"Việc kiểm soát an ninh trật tự đối với người vào, ra, hoạt động tại khu vực cách ly xuất nhập cảnh thực hiện như thế nào?"
28956,fold_0,1,57,7,1.0,1.0,0,Các trường hợp tạm hoãn thực hiện nghĩa vụ quân sự?
72810,fold_1,1,49,2,1.0,1.0,0,Thủ tục điện tử đối với phương tiện thủy nội địa Campuchia xuất cảnh rời cảng thủy nội địa Việt Nam
157936,fold_1,2,1,1,1.0,1.0,0,Công ty mẹ Tập đoàn Công nghiệp Viễn thông Quân đội chịu trách nhiệm trước chủ sở hữu về những hoạt động gì?
46368,fold_4,1,1,1,1.0,1.0,0,"Cơ quan nào có trách nhiệm đăng ký mẫu con dấu đối với con dấu của cơ quan, tổ chức, chức danh nhà nước?"
18880,fold_2,1,1,9,1.0,1.0,0,Việc thực hiện bảo đảm dự thầu có được áp dụng đối với nhà thầu liên danh tham dự thầu hay không?
158696,fold_2,1,5,5,1.0,1.0,0,Trường hợp nào phải sử dụng phiếu an toàn hóa chất?
127216,fold_4,1,6,79,1.0,1.0,0,Xử lý vi phạm trong giám sát và đánh giá đầu tư thực hiện như thế nào?
2138,fold_3,2,16,2,1.0,1.0,0,Thực hiện thủ tục bổ sung thông tin Giấy xác nhận đủ điều kiện làm tổng đại lý kinh doanh xăng dầu tại Sở Công thương cần chuẩn bị những giấy tờ gì?
15884,fold_1,1,5,97,1.0,1.0,0,Mẫu quyết định phân công bổ sung Điều tra viên tiến hành điều tra vụ án hình sự mới nhất?
162984,fold_3,1,2,60,1.0,1.0,0,Liên hiệp hợp tác xã muốn thay đổi người đại diện theo pháp luật thì cần thực hiện như thế nào?
4952,fold_1,1,19,5,1.0,1.0,0,Con của Công an nhân dân có được cấp thẻ bảo hiểm y tế miễn phí không?
143104,fold_2,1,3,53,1.0,1.0,0,Thế nào là đơn phương chấm dứt hợp đồng lao động trái pháp luật?
13186,fold_4,1,9,84,1.0,1.0,0,Chế độ đối với nhân viên lái xe về chế độ công tác phí quy định ra sao?
146994,fold_3,1,1,2,1.0,1.0,0,Cơ sở y tế có sinh viên thực tập chăm sóc người bệnh được điều trị bằng nguồn phóng xạ có trách nhiệm gì?
116782,fold_3,1,5,6,1.0,1.0,0,"Quy định về thực hiện quyền sở hữu trí tuệ liên quan đến Quốc kỳ, Quốc huy, Quốc ca từ năm 2023 ra sao?"
59938,fold_0,1,8,38,1.0,1.0,0,Người có hành vi cố ý gây thương tích của người khác nhưng không bị truy cứu trách nhiệm hình sự bị xử phạt vi phạm hành chính như thế nào?
46136,fold_3,1,1,1,1.0,1.0,0,"Cán bộ, chiến sĩ Công an nhân dân Phòng Cảnh sát quản lý hành chính về trật tự xã hội cấp tỉnh phải áp dụng các hình thức công khai nào để thực hiện dân chủ trong công tác?"
48284,fold_1,1,1,1,1.0,1.0,0,"Đăng ký xe cơ giới, xe máy chuyên dùng trong Bộ Quốc phòng thông qua hình thức nào?"
38888,fold_0,2,>100,1,1.0,1.0,0,"Thời gian nghỉ dưỡng sức, phục hồi sức khỏe sau ốm đau sẽ do ai quyết định? Nghỉ tối đa là bao nhiêu ngày?"
32488,fold_0,1,6,2,1.0,1.0,0,Tiêu chuẩn về năng lực chuyên môn nghiệp vụ đối với nhân viên công tác xã hội chuyên ngành công tác xã hội như thế nào?
6596,fold_2,1,14,13,1.0,1.0,0,Việc xác định họ tên cho trẻ được đăng ký khai sinh lưu động thực hiện như thế nào?
149362,fold_0,1,1,8,1.0,1.0,0,"Doanh nghiệp kinh doanh cảng, kho, bãi không cập nhật thông tin thay đổi nguyên trạng hàng hóa và gửi đến Hệ thống sẽ bị xử phạt bao nhiêu tiền?"
122296,fold_4,1,16,9,1.0,1.0,0,"Quy định khối lượng kiến thức tối thiểu, yêu cầu về năng lực mà người học đạt được sau khi tốt nghiệp trình độ trung cấp, trình độ cao đẳng theo từng ngành, nghề đào tạo như thế nào?"
16228,fold_4,1,3,5,1.0,1.0,0,"Có những phương thức tống đạt, thông báo văn bản tố tụng nào hiện nay?"
196,fold_4,1,4,2,1.0,1.0,0,Thẩm định hồ sơ đề nghị đặc xá như thế nào?
93138,fold_3,1,>100,>100,0.0,0.0,0,Doanh nghiệp thông báo phụ lục hợp đồng gia công lại không đúng thời hạn thì bị xử phạt bao nhiêu tiền?
27278,fold_1,2,1,>100,1.0,1.0,0,Cách chi trả phụ cấp trách nhiệm công việc giám định tư pháp đối với giám định viên kỹ thuật hình sự thế nào?
146740,fold_0,1,11,29,1.0,1.0,0,Tiêu chuẩn phân loại và cách tính điểm phân loại đơn vị hành chính xã như thế nào?
37330,fold_1,1,49,5,1.0,1.0,0,Hiệu trưởng trường trung học cơ sở có được giảm định mức kiêm nhiệm không?
114604,fold_1,1,4,3,1.0,1.0,0,Người hưởng thừa kế có nghĩa vụ về tài sản như thế nào?
17440,fold_0,1,2,>100,1.0,1.0,0,Giám đốc Trường Bồi dưỡng cán bộ tài chính có được quyền bổ nhiệm có thời hạn chức danh Phó Giám đốc Trường hay không?
129464,fold_1,1,3,10,1.0,1.0,0,Trường hợp nào chấm dứt hợp đồng lao động?
146180,fold_4,1,3,5,1.0,1.0,0,Thông tin về giá cả trên website thương mại điện tử có bắt buộc để tiền VNĐ hay không?
69444,fold_4,1,85,>100,1.0,1.0,0,Phó Chủ tịch Hội đồng nhân dân xã có những nhiệm vụ chính nào?
45326,fold_2,1,14,2,1.0,1.0,0,Hồ sơ mời thầu giai đoạn một theo phương thức hai giai đoạn một túi hồ sơ bao gồm những nội dung gì?
103008,fold_0,1,23,>100,1.0,1.0,0,Có bị xử lí hình sự hay không theo quy định pháp luật về ghi âm cuộc gọi?
105706,fold_3,1,11,1,1.0,1.0,0,Tiền công cứu hộ hàng hải phải bảo đảm những nguyên tắc nào?
64620,fold_0,1,31,>100,1.0,1.0,0,"Thông tin khách hàng liên quan đến giao dịch nộp tiền, chuyển tiền có bị cung cấp hay không?"
126668,fold_3,1,2,3,1.0,1.0,0,Chữ ký trên chứng từ kế toán của Quỹ Tích lũy trả nợ có được ký bằng bút mực đỏ?
160936,fold_3,2,8,>100,0.5,0.5,0,Ngày lễ 2/9/2022 là thứ mấy?
9324,fold_3,1,1,16,1.0,1.0,0,Yêu cầu đối với ca phẫu thuật chuyên khoa nội loại II được quy định như thế nào?
18150,fold_0,1,9,1,1.0,1.0,0,Người học ngành thiết kế thời trang trình độ cao đẳng sau khi tốt nghiệp phải đạt được những kỹ năng gì?
67394,fold_0,1,2,7,1.0,1.0,0,Trong hoạt động giao thông vận tải việc sử dụng năng lượng tiết kiệm được quy định biện pháp cụ thể như thế nào?
148524,fold_0,1,60,40,1.0,1.0,0,"Được xây dựng những công trình nào trên đất thương mại, dịch vụ?"
163212,fold_4,1,>100,>100,0.0,0.0,0,Thủ tục tiến hành đình công hợp pháp được quy định thế nào?
153330,fold_2,1,1,31,1.0,1.0,0,"Có phải tất cả hợp đồng về nhà ở đều phải được công chứng, chứng thực theo quy định của pháp luật?"
4108,fold_3,1,11,2,1.0,1.0,0,Tiêm phòng vắc xin Covid-19 cho trẻ em là rất cần thiết để chủ động phòng bệnh
15734,fold_2,1,1,1,1.0,1.0,0,Bơ quả tươi bị chín non có đủ điều kiện để thu hoạch hay không?
18574,fold_2,1,2,1,1.0,1.0,0,Mục tiêu tổng quát đối với hoạt động thanh toán không dùng tiền mặt trong nền kinh tế?
86970,fold_3,1,>100,>100,0.0,0.0,0,Ai được xem là người phụ thuộc theo quy định của pháp luật?
2292,fold_0,1,13,>100,1.0,1.0,0,Tổ chức tài chính vi mô là gì?
127170,fold_1,1,1,>100,1.0,1.0,0,"Đảng bộ trong các học viện, trường Công an nhân dân có nhiệm vụ như thế nào trong công tác xây dựng tổ chức Đảng?"
21124,fold_1,1,1,1,1.0,1.0,0,"Báo cáo sơ kết công tác thi đua, khen thưởng 6 tháng đầu năm 2023 tại Tòa án nhân dân có những nội dung gì?"
38618,fold_0,2,33,2,1.0,1.0,0,"Pháp luật quy định về phối hợp hoạt động tím kiếm, cứu nạn tàu bay như thế nào?"
79676,fold_1,2,4,1,1.0,1.0,0,Thí sinh dự thi vào lớp 10 tại TPHCM sẽ bị trừ bao nhiêu điểm đối với một lần cảnh cáo trong bài thi?
72096,fold_2,1,1,6,1.0,1.0,0,Có mấy bước trong quá trình Thủ trưởng các đơn vị tổ chức xây dựng dự kiến kế hoạch kiểm toán năm?
141800,fold_1,1,2,4,1.0,1.0,0,Nhóm do ngân sách nhà nước đóng bảo hiểm y tế
123882,fold_4,1,3,1,1.0,1.0,0,Nhập khẩu tạp chí in có nội dung xâm phạm an toàn thư tín của cá nhân thì tổ chức sẽ bị xử phạt thế nào?
159408,fold_2,1,1,>100,1.0,1.0,0,Nhà xuất bản Bản đồ trực thuộc cơ quan nào?
47228,fold_1,1,1,5,1.0,1.0,0,Điều kiện dự thi của chứng chỉ lái đò ngang ra sao?
22860,fold_2,1,1,1,1.0,1.0,0,Phát ngôn và cung cấp thông tin cho báo chí của BHXH Việt Nam trong trường hợp đột xuất theo hình thức nào?
74580,fold_2,1,1,>100,1.0,1.0,0,Thông tin về hoạt động của Ngân hàng Phát triển Việt Nam được phân loại như thế nào?
43070,fold_2,1,70,5,1.0,1.0,0,Người có thẩm quyền kháng nghị theo thủ tục giám đốc thẩm?
155320,fold_4,1,21,9,1.0,1.0,0,"Thủ tục cấp Giấy phép nhân viên điều khiển, vận hành thiết bị, phương tiện tại khu vực hạn chế của cảng hàng không, sân bay ra sao?"
8624,fold_2,1,25,30,1.0,1.0,0,Ký hiệu mẫu số hóa đơn điện tử gồm những gì?
159012,fold_2,1,3,48,1.0,1.0,0,Nguyên liệu sử dụng trong quá trình sản xuất hàng hóa đối với Hiệp định Đối tác Toàn diện và Tiến bộ xuyên Thái Bình Dương được quy định như thế nào?
77280,fold_0,1,1,27,1.0,1.0,0,Nguyên tắc tổ chức và hoạt động của Cảng vụ hàng hải
80918,fold_2,1,46,9,1.0,1.0,0,"Giáo viên hướng dẫn của trường thực hành sư phạm có nhiệm vụ, quyền hạn thế nào?"
82614,fold_4,1,1,63,1.0,1.0,0,Khi chỉ định thuốc phải có những nội dung gì? Việc ghi chỉ định thuốc theo trình tự như thế nào?
83890,fold_0,2,2,7,1.0,1.0,0,"Công nhân đang làm việc tại khu công nghiệp cần chuẩn bị hồ sơ, giấy tờ như thế nào để mua nhà ở xã hội?"
90080,fold_0,1,1,1,1.0,1.0,0,Các hành vi nào bị nghiêm cấm trong việc tham gia giao thông đường bộ?
122430,fold_1,1,2,>100,1.0,1.0,0,Công ty tài chính phải có mức vốn pháp định là bao nhiêu mới phù hợp với quy định pháp luật hiện nay?
138312,fold_1,1,3,1,1.0,1.0,0,Điều kiện để doanh nghiệp bảo hiểm được chính thức hoạt động?
84168,fold_2,1,91,1,1.0,1.0,0,Ban giám khảo chấm dự án dự thi Cuộc thi khoa học kỹ thuật cấp quốc gia có những quyền hạn theo quy định?
75726,fold_3,1,4,5,1.0,1.0,0,"Tổ chức rút kinh nghiệm về thực hành quyền công tố, kiểm sát xét xử sau phiên tòa hình sự do ai đề xuất?"
68746,fold_2,1,24,26,1.0,1.0,0,Thời gian đăng tải thông báo mời thầu được quy định như thế nào?
141420,fold_2,1,1,4,1.0,1.0,0,Mẫu giấy Giấy chứng nhận đăng ký tạm thời xe máy chuyên dùng hiện nay đang sử dụng theo mẫu nào?
50248,fold_2,4,9,1,1.0,1.0,0,Thuế giá trị gia tăng sản phẩm lưỡng tính vừa là sản phẩm trồng trọt vừa là nguyên liệu thức ăn truyền thống được quy định như thế nào?
133520,fold_3,1,1,4,1.0,1.0,0,Người khởi kiện có quyền được lựa chọn Hòa giải viên trong trường hợp nào?
162428,fold_1,1,2,3,1.0,1.0,0,Chương trình buổi lễ phát động phong trào thi đua trong Quân đội nhân dân được tổ chức có những hoạt động gì?
65910,fold_1,1,20,39,1.0,1.0,0,Công ty đại chúng là gì?
34836,fold_2,1,1,2,1.0,1.0,0,"Khi tổ chức tài liệu trong Trung tâm tư liệu Thư viện Tòa án nhân dân tối cao, tài liệu được xếp lên giá theo nguyên tắc gì?"
33558,fold_2,1,1,1,1.0,1.0,0,Tài chính của Hội Cứu trợ trẻ em tàn tật Việt Nam dùng để chi những khoản nào?
82074,fold_0,1,8,5,1.0,1.0,0,Có quyền yêu cầu bồi thường thiệt hại khi bị người khác hủy hoại tài sản trên đất của mình?
8346,fold_3,1,1,1,1.0,1.0,0,Trưởng Đoàn thanh tra chuyên ngành Bộ Văn hóa Thể thao và Du lịch có quyền phạt tổ chức kinh doanh bãi cắm trại du lịch không có nhân viên bảo vệ trực khi có khách không?
165340,fold_0,1,1,1,1.0,1.0,0,Cán bộ chuyên môn của tổ chức tham gia thực hiện dự án điều tra cơ bản tài nguyên nước phải có ít nhất bao nhiêu năm kinh nghiệm?
78438,fold_2,1,1,5,1.0,1.0,0,Quyền của thành viên công ty trách nhiệm hữu hạn hai thành viên trở lên?
3926,fold_4,1,26,>100,1.0,1.0,0,Nguyên tắc xác định độ pH và độ axit tự do của mật ong được quy định như thế nào?
133550,fold_2,2,1,3,1.0,1.0,0,Các trường hợp không được hưởng bảo hiểm y tế theo quy định pháp luật
95406,fold_2,1,1,2,1.0,1.0,0,"Kết quả đánh giá khả năng tiếp nhận nước thải, sức chịu tải tại mỗi đoạn sông phải bảo đảm những yêu cầu gì?"
150338,fold_3,1,1,88,1.0,1.0,0,Hồ sơ cấp thẻ bảo hiểm y tế miễn phí bao gồm những loại giấy tờ nào?
23790,fold_2,1,53,2,1.0,1.0,0,Thông báo về hoạt động tư vấn cai nghiện bao gồm những nội dung gì?
68424,fold_1,1,2,1,1.0,1.0,0,"Ban Chỉ đạo phòng chống tham nhũng, tiêu cực cấp tỉnh làm việc theo nguyên tắc gì?"
72630,fold_0,1,5,2,1.0,1.0,0,Người đứng đầu Viện Kiểm sát có cần thảo luận tập thể Lãnh đạo Viện trước khi quyết định vấn đề về công tác tổ chức bộ máy và nhân sự của Viện không?
63072,fold_1,1,4,>100,1.0,1.0,0,Thủ tục đăng ký người làm trụ trì chùa được thực hiện như thế nào?
125014,fold_1,1,1,1,1.0,1.0,0,Việc ghi nhãn của chôm chôm quả tươi hạng I được quy định ra sao?
108182,fold_1,1,68,3,1.0,1.0,0,Xử phạt đối với hành vi không thông báo lưu trú cho khách?
123938,fold_4,1,>100,>100,0.0,0.0,0,Giãn thời gian thực hiện đối với quy định yêu cầu xếp hạng tín nhiệm bắt buộc?
70140,fold_3,1,2,10,1.0,1.0,0,Thẩm quyền đăng ký việc nuôi con nuôi được quy định ra sao?
90518,fold_0,2,1,53,1.0,1.0,0,Người đại diện theo pháp luật của công ty TNHH một thành viên do tổ chức làm chủ là ai?
160620,fold_4,1,2,5,1.0,1.0,0,Quyết định đưa vụ việc dân sự ra xét xử theo thủ tục rút gọn gồm có những nội dung gì?
158208,fold_0,1,2,4,1.0,1.0,0,"Chế độ ưu đãi đối với ""Bà mẹ Việt Nam anh hùng"" như thế nào?"
67504,fold_2,2,19,3,1.0,1.0,0,Hành vi tự ý cắt nắp thùng phía trên của xe để chở hàng bị xử phạt vi phạm hành chính như thế nào?
148528,fold_0,1,9,>100,1.0,1.0,0,Việc đăng ký hộ kinh doanh được quy định như thế nào?
150296,fold_3,1,9,66,1.0,1.0,0,Tên quốc tế của nước không thể phiên âm được ra tiếng Việt thì việc ghi nhãn được giải quyết như thế nào?
15700,fold_0,1,7,>100,1.0,1.0,0,Giáo viên chủ nhiệm có các nhiệm vụ gì?
166684,fold_2,1,1,54,1.0,1.0,0,Đối với doanh nghiệp nhà nước được đưa vào diện giám sát tài chính đặc biệt thì được xử lý như thế nào?
117856,fold_1,1,1,2,1.0,1.0,0,Mẫu bệnh phẩm ở lợn dùng để chẩn đoán bệnh dịch tả lợn cần được bảo quản ở nhiệt độ bao nhiêu trước khi tiến hành thí nghiệm?
55636,fold_1,1,1,1,1.0,1.0,0,Các điều kiện đối với sản phẩm dự thi trong cuộc thi xây dựng thiết bị dạy học số?
154728,fold_0,1,5,1,1.0,1.0,0,Cà chua quả tròn phải đáp ứng những yêu cầu tối thiểu nào về chất lượng?
35410,fold_0,1,5,2,1.0,1.0,0,Người đứng đầu Văn phòng con nuôi nước ngoài tại Việt Nam có thể là người lao động nước ngoài hay không?
24254,fold_1,1,2,2,1.0,1.0,0,Cơ quan nào có thẩm quyền đăng ký thay đổi họ cho người đủ điều kiện thay đổi?
127596,fold_2,1,20,1,1.0,1.0,0,Tiêu chuẩn diện tích trong nhà ăn tập thể của doanh trại trong Công an nhân dân được quy định thế nào?
83094,fold_4,1,2,20,1.0,1.0,0,Thời gian thông báo kết quả xét nghiệm HIV dương tính là bao lâu?
16504,fold_1,1,46,2,1.0,1.0,0,Trụ sở làm việc của cơ quan nhà nước được đầu tư xây dựng trong những trường hợp nào?
141224,fold_0,1,4,1,1.0,1.0,0,"Mẫu đơn đề nghị cấp lại, cấp đổi thẻ hướng dẫn viên du lịch được quy định thế nào?"
294,fold_2,1,4,1,1.0,1.0,0,Thủ tục tạm dừng làm thủ tục hải quan được thực hiện thế nào?
57162,fold_3,1,1,1,1.0,1.0,0,"Kinh phí thực hiện của đề án ""Rà soát đánh giá hiệu quả của các Hiệp định tránh đánh thuế hai lần, tác động đối với không gian chính sách thuế của Việt Nam và định hướng điều chỉnh"""
167222,fold_0,1,51,5,1.0,1.0,0,"Thế nào là dấu hiệu chỉ nguồn gốc địa lý, dấu hiệu trùng hoặc tương tự đến mức gây nhầm lẫn?"
662,fold_3,1,1,1,1.0,1.0,0,Dự án thành lập khu bảo tồn đất ngập nước quốc gia gồm có các nội dung gì?
163768,fold_1,1,14,14,1.0,1.0,0,Các đối tượng nào đủ điều kiện dự thi tốt nghiệp THPT 2022?
46406,fold_1,1,23,8,1.0,1.0,0,"Trình tự, thủ tục thu hồi Giấy chứng nhận đăng ký doanh nghiệp trong trường hợp doanh nghiệp ngừng hoạt động kinh doanh 01 năm mà không thông báo với Cơ quan đăng ký kinh doanh và cơ quan thuế thực hiện như thế nào?"
121826,fold_1,1,3,1,1.0,1.0,0,"Ngành, nghề kinh doanh của Tập đoàn PVN là gì?"
4062,fold_3,2,1,>100,1.0,1.0,0,Nhà đầu tư nước ngoài phải làm gì để được góp vốn vào doanh nghiệp Việt Nam theo đúng quy định của Luật đầu tư?
156010,fold_3,1,60,>100,1.0,1.0,0,Nguyên tắc thực hiện các thủ tục hành chính trong các lĩnh vực xây dựng được quy định thế nào?
65400,fold_0,1,1,5,1.0,1.0,0,"Hồ sơ đề nghị cấp Giấy chứng nhận cơ sở bảo hành, bảo dưỡng ô tô gồm gì?"
4300,fold_0,1,14,1,1.0,1.0,0,Ngày rút vốn của khoản vay nước ngoài dưới hình thức trả chậm được xác định như thế nào?
46354,fold_1,1,1,1,1.0,1.0,0,Ai có quyền cấp lại Chứng chỉ giáo dục quốc phòng và an ninh cho sinh viên trường cao đẳng?
139162,fold_4,1,>100,1,1.0,1.0,0,Ban chỉ huy phòng chống thiên tai và tìm kiếm cứu nạn cấp huyện có nhiệm vụ tập huấn cho lực lượng tham gia hoạt động phòng chống thiên tai không?
121070,fold_2,1,89,1,1.0,1.0,0,Thủ tục thay đổi chủ văn bằng bảo hộ
166434,fold_1,1,3,62,1.0,1.0,0,"Trong quá trình thực hiện nhiệm vụ khoa học và công nghệ, sử dụng kinh phí thế nào?"
167426,fold_0,1,1,22,1.0,1.0,0,Nếu thực hiện nhiều hành vi vi phạm thì xử phạt vi phạm hành chính như thế nào?
49570,fold_1,1,30,3,1.0,1.0,0,Trách nhiệm của người bán hàng khi thực hiện hóa đơn điện tử khởi tạo từ máy tính tiền?
42286,fold_0,2,3,9,1.0,1.0,0,Nguồn kinh phí bảo đảm hoạt động của cơ quan thi hành án dân sự được lấy từ đâu?
55918,fold_2,1,53,2,1.0,1.0,0,Người lao động xin cấp 2 giấy chứng nhận nghỉ việc hưởng bảo hiểm xã hội trong một lần đi khám được không?
4604,fold_4,1,1,10,1.0,1.0,0,Nguyên tắc phân định thẩm quyền của chính quyền địa phương thực hiện trên cơ sở nào?
62920,fold_0,1,3,5,1.0,1.0,0,Viện kiểm sát có quyền trả tự do cho cho người đang chấp hành án phạt tù không có căn cứ và trái pháp luật?
153812,fold_2,1,1,7,1.0,1.0,0,"Phương thức Nhà nước cho vay vốn để học sinh, sinh viên có thể mua máy tính, thiết bị phục vụ học tập trực tuyến"
77672,fold_1,1,2,1,1.0,1.0,0,Tổ chức mà Nhà nước sở hữu 100% vốn điều lệ do Chính phủ thành lập để xử lý nợ xấu của tổ chức tín dụng trong hoạt động đấu giá tài sản có các quyền và nghĩa vụ như thế nào?
85512,fold_0,1,1,51,1.0,1.0,0,Cơ cấu tổ chức của Trung tâm Quản lý vận hành hệ thống công nghệ thông tin hải quan bao gồm những đơn vị nào?
104114,fold_2,1,7,31,1.0,1.0,0,Hàng hóa gửi tại kho ngoại quan như thế nào?
125318,fold_1,1,12,6,1.0,1.0,0,Đối với Ủy ban kiểm tra Đoàn Thanh niên Cộng sản Hồ Chí Minh cấp trên có các quyền hạn gì?
73692,fold_0,1,4,81,1.0,1.0,0,Các nhiệm vụ cần thực hiện đối với chức danh nghề nghiệp giáo viên trung học cơ sở hạng III gồm những gì?
60442,fold_1,1,5,11,1.0,1.0,0,Vừa được bằng khen của Ủy ban nhân dân tỉnh vừa được danh hiệu thi đua thì được nhận tiền thưởng như thế nào?
63794,fold_3,1,2,2,1.0,1.0,0,Ai có quyền quyết định thành lập Đoàn kiểm toán nhà nước theo đề nghị của Thủ trưởng đơn vị chủ trì cuộc kiểm toán?
135920,fold_3,1,1,1,1.0,1.0,0,"Có những tiêu chí nào để đánh giá chất lượng dịch vụ sự nghiệp công về điều tra, thu thập thông tin xây dựng, điều chỉnh khung giá các loại đất?"
16486,fold_3,1,26,14,1.0,1.0,0,Hồ sơ hưởng bảo hiểm xã hội một lần gồm những gì?
27302,fold_0,1,3,>100,1.0,1.0,0,Mẫu Báo cáo quá trình thực hiện toàn bộ dự án bất động sản hiện nay được thực hiện theo quy định nào?
117916,fold_2,1,5,1,1.0,1.0,0,Thời điểm tính niên hạn sử dụng của nhà hàng nổi là khi nào?
5612,fold_4,1,3,>100,1.0,1.0,0,Hệ thống thông tin môi trường bao gồm những chức năng cơ bản nào?
157974,fold_4,1,1,4,1.0,1.0,0,"Người học ngành điều khiển tàu biển trình độ trung cấp phải có khả năng học tập, nâng cao trình độ như thế nào?"
84268,fold_3,1,2,5,1.0,1.0,0,"Trình tự thẩm định, phê duyệt chương trình khuyến nông địa phương được quy định thế nào?"
145322,fold_4,1,4,4,1.0,1.0,0,"Khi xác minh điều kiện thi hành án, Chấp hành viên có trách nhiệm như thế nào?"
57826,fold_1,1,3,2,1.0,1.0,0,Người chơi tại Điểm kinh doanh casino không tuân thủ Thể lệ trò chơi sẽ bị xử phạt vi phạm hành chính thế nào?
134092,fold_4,1,1,>100,1.0,1.0,0,Hợp tác xã nông nghiệp có những xếp loại nào?
16438,fold_3,1,9,77,1.0,1.0,0,Có những hình thức xử lý kỷ luật lao động nào theo quy định mới nhất hiện nay?
157182,fold_3,1,2,1,1.0,1.0,0,Thuốc y học cổ truyền sản xuất tại cơ sở không đăng ký lưu hành thì phải ghi nhãn như thế nào?
88246,fold_1,1,78,1,1.0,1.0,0,Đơn vị kế toán tại Kho bạc Nhà nước sử dụng sổ kế toán dưới dạng dữ liệu có được phép in sổ ra giấy để sử dụng không?
82012,fold_4,1,3,2,1.0,1.0,0,Xác định những loại rủi ro được bảo hiểm đối với cây cà phê được hỗ trợ phí bảo hiểm nông nghiệp?
145216,fold_3,1,2,26,1.0,1.0,0,Thành phần hồ sơ tạm ứng chi phí cưỡng chế đối với pháp nhân thương mại bao gồm những gì?
84238,fold_1,1,23,83,1.0,1.0,0,Thời gian giải quyết hồ sơ hưởng BHXH 1 lần trường hợp đóng BHXH dưới 1 năm là bao lâu?
15244,fold_1,1,1,35,1.0,1.0,0,Giải thưởng Doanh nghiệp tiêu biểu vì người lao động được áp dụng với những đối tượng nào?
2162,fold_3,1,1,1,1.0,1.0,0,Tổ chức hiệp đồng tuyển quân nghĩa vụ quân sự được quy định như thế nào?
50704,fold_0,1,3,1,1.0,1.0,0,Bên mua bảo hiểm nhân thọ có quyền yêu cầu doanh nghiệp bồi thường theo hợp đồng bảo hiểm khi nào?
82284,fold_0,1,1,1,1.0,1.0,0,Câu lạc bộ Hàng không Việt Nam phải đảm bảo có những trang thiết bị nào?
23932,fold_1,1,2,2,1.0,1.0,0,Bố trí thí nghiệm khảo nghiệm tính đồng nhất giống lúa như thế nào?
3554,fold_2,1,1,40,1.0,1.0,0,Ngân hàng thương mại có được miễn thực hiện dự trữ bắt buộc ngay tại tháng bị áp dụng kiểm soát đặc biệt hay không?
76572,fold_2,1,28,67,1.0,1.0,0,"Thủ tục chứng thực văn bản thỏa thuận phân chia di sản mà di sản là quyền sử dụng đất, nhà ở tại Ủy ban nhân dân cấp xã theo quy định mới nhất hiện như thế nào?"
165172,fold_4,1,6,4,1.0,1.0,0,Ai có quyền công bố dịch bệnh truyền nhiễm thuộc nhóm C?
71638,fold_4,1,1,2,1.0,1.0,0,Người được đánh giá đạt yêu cầu được cấp thẻ kiểm định viên chất lượng giáo dục nghề nghiệp khi nào?
680,fold_1,1,3,1,1.0,1.0,0,"Nghị Quyết 87/NQ-CP năm 2023 di dời các trường đại học, cơ sở công nghiệp ra khỏi khu vực nội thành?"
162158,fold_4,2,3,2,0.5,0.5,0,"Khi đi đăng ký, bấm biển số xe máy chủ xe là người Việt Nam định cư ở nước ngoài về làm việc tại Việt Nam cần xuất trình giấy tờ gì?"
38414,fold_3,1,1,1,1.0,1.0,0,"Tủ sách pháp luật tại cơ quan, đơn vị của lực lượng vũ trang nhân dân được đặt tại đâu?"
142718,fold_4,1,10,>100,1.0,1.0,0,Thành phần hồ sơ cấp Giấy phép phân loại phim bao gồm những giấy tờ gì?
52728,fold_0,1,3,>100,1.0,1.0,0,Trẻ em mới sinh ra có quyền khai sinh hay không?
70604,fold_4,1,1,93,1.0,1.0,0,Doanh nghiệp đấu giá tài sản không được phép thực hiện những hành vi gì?
168286,fold_1,1,>100,49,1.0,1.0,0,Nghị quyết của Quốc hội có hiệu lực thi hành từ khi nào?
155072,fold_4,1,5,>100,1.0,1.0,0,Mức thu phí thẩm định hồ sơ cấp giấy chứng nhận quyền sử dụng đất tại Ninh Bình hiện nay như thế nào?
57102,fold_2,1,1,1,1.0,1.0,0,Ban Quản lý quy hoạch lưu vực sông là đơn vị sự nghiệp thuộc cơ quan nào?
141918,fold_0,1,3,68,1.0,1.0,0,Quy định về nâng bậc lương dành cho cán bộ cấp xã ra sao?
154900,fold_4,1,1,6,1.0,1.0,0,"Trước ngày 30/4/2022, xử lý dứt điểm các phản ánh của người dân về Cổng thông tin tiêm chủng COVID-19 và ký số toàn bộ đối tượng tiêm chủng"
133598,fold_1,1,1,9,1.0,1.0,0,Việc tổ chức tham vấn trực tiếp trong hoạt động giải quyết khiếu nại tại cơ quan thuế được xem xét thực hiện dựa trên những cơ sở nào?
11180,fold_1,1,2,1,1.0,1.0,0,Theo quy định pháp luật đối tượng nào bắt buộc tham gia bảo hiểm thất nghiệp?
123240,fold_2,1,1,71,1.0,1.0,0,"Tôn chỉ, mục đích của Hội nhà báo Việt Nam là gì?"
126650,fold_1,3,6,4,1.0,1.0,0,Thủ tục hòa giải tranh chấp đất đai được quy định cụ thể như thế nào?
102546,fold_3,1,34,34,1.0,1.0,0,Hậu quả của việc kháng cáo là gì?
126598,fold_2,1,1,>100,1.0,1.0,0,Vi phạm hành chính là gì?
160182,fold_3,1,1,2,1.0,1.0,0,Viên chức giữ chức danh quan trắc viên tài nguyên môi trường hạng 3 được áp dụng hệ số lương như thế nào?
103086,fold_0,1,1,>100,1.0,1.0,0,Học viện Hành chính Quốc gia có bao nhiêu phân viện?
113570,fold_3,1,1,>100,1.0,1.0,0,Cảnh sát môi trường có những nhiệm vụ và quyền hạn gì?
48962,fold_2,1,2,>100,1.0,1.0,0,"Thực hiện mua bán nhà, công trình xây dựng phải dựa trên nguyên tắc gì?"
111818,fold_0,1,90,37,1.0,1.0,0,Xe gắn máy 50 phân khối có được đi vào đường cao tốc hay không?
53190,fold_4,1,1,3,1.0,1.0,0,Trường hợp nào không được làm người đại diện trong tố tụng dân sự theo quy định của pháp luật?
39148,fold_1,1,1,1,1.0,1.0,0,Quỹ Nghĩa tình đồng đội Công an nhân dân vận động quyên góp đối với các đối tượng nào?
39982,fold_4,1,1,>100,1.0,1.0,0,Ban quản lý các dự án nông nghiệp có cơ cấu tổ chức như thế nào?
34756,fold_1,1,2,1,1.0,1.0,0,Trưởng đoàn thanh tra của Cục Xuất bản được quyền xử phạt nhà xuất bản tái bản xuất bản phẩm nhưng không có văn bản chấp thuận của tác giả không?
11526,fold_0,1,3,66,1.0,1.0,0,"Chức vụ, chức danh của cán bộ công chức cấp xã được quy định như thế nào?"
1206,fold_4,1,6,25,1.0,1.0,0,Dùng biển số giả để trốn phạt nguội thì bị xử lý như thế nào?
75092,fold_4,1,2,>100,1.0,1.0,0,Bản sao bằng tốt nghiệp cấp 3 có giá trị như bản chính không?
118822,fold_4,1,1,78,1.0,1.0,0,Người nào có thẩm quyền xây dựng mức chi phí sử dụng của phòng thí nghiệm trọng điểm?
164622,fold_3,1,1,2,1.0,1.0,0,Quy tắc ứng xử khi tham gia các hoạt động xã hội khác của giới văn nghệ sĩ như thế nào?
102892,fold_2,1,57,8,1.0,1.0,0,"Chế độ gặp, liên lạc điện thoại với thân nhân đối với phạm nhân dưới 18 tuổi"
121438,fold_2,1,1,3,1.0,1.0,0,Đảng viên bị kỷ luật về Đảng có thể thay thế cho các kỷ luật hành chính hoặc các hình thức xử lý khác của pháp luật hay không?
47808,fold_4,1,12,6,1.0,1.0,0,Mẫu phiếu đăng ký dự tuyển viên chức mới nhất hiện nay là mẫu nào?
9360,fold_3,1,1,>100,1.0,1.0,0,Chấm dứt hợp đồng lao động thì Giấy phép lao động có bị thu hồi không?
21748,fold_2,1,6,69,1.0,1.0,0,Quản lý công chức trong các đơn vị sự nghiệp của Bộ Tư pháp có những nội dung nào?
74886,fold_4,1,1,1,1.0,1.0,0,Doanh nghiệp có thể thuê quyền khai thác tài sản kết cấu hạ tầng hàng hải hay không?
90660,fold_0,1,>100,1,1.0,1.0,0,"Chị gái đang làm y tá trong quân đội, em trai có được tạm hoãn nghĩa vụ quân sự không?"
40372,fold_0,1,4,1,1.0,1.0,0,Ban Thường trực Ủy ban Mặt trận Tổ quốc Việt Nam cấp tỉnh họp thường kỳ mỗi tháng bao nhiêu lần?
34978,fold_4,1,15,5,1.0,1.0,0,Giấy chứng nhận xuất xứ hàng hóa giáp lưng được chấp nhận trong trường hợp nào?
11002,fold_0,1,2,41,1.0,1.0,0,Kiến trúc trong nhà chung cư phải đáp ứng những yêu cầu gì?
109604,fold_2,1,52,5,1.0,1.0,0,Người đi xe máy 50 phân khối có bắt buộc có bằng lái không?
30454,fold_0,1,2,1,1.0,1.0,0,"Các văn kiện phê chuẩn, chấp thuận, phê duyệt hoặc gia nhập một điều ước quốc tế xác định sự đồng ý của một quốc gia chịu sự ràng buộc của một điều ước vào thời điểm nào?"
132024,fold_0,1,12,2,1.0,1.0,0,"Tiêu chuẩn về năng lực chuyên môn, nghiệp vụ đối với viên chức giữ chức danh kiểm nghiệm viên thuốc thú y hạng 2?"
75692,fold_1,1,1,3,1.0,1.0,0,Những cơ quan nào thực hiện quản lý nhà nước về mỹ thuật?
672,fold_4,1,>100,1,1.0,1.0,0,Trường hợp thay đổi chủ hộ kinh doanh thì hộ kinh doanh gửi hồ sơ thông báo thay đổi nội dung đăng ký hộ kinh doanh đến cơ quan nào?
29594,fold_4,1,1,1,1.0,1.0,0,Biểu mẫu và ban hành biểu mẫu trong xử lý vi phạm hành chính thuộc phạm vi quản lý của Bộ Quốc phòng như thế nào?
85266,fold_1,1,38,2,1.0,1.0,0,Phục hồi thân răng vĩnh viễn trẻ em bằng chụp thép chế sẵn được chỉ định khi nào và do ai thực hiện?
42054,fold_0,1,10,1,1.0,1.0,0,Trách nhiệm của Nhà thầu đối với lỗi thiết kế được quy định như thế nào?
71020,fold_1,1,2,49,1.0,1.0,0,Ai sẽ tổ chức thực hiện chương trình giám sát của Hội đồng nhân dân?
111190,fold_1,1,1,>100,1.0,1.0,0,"Nguyên tắc thực hiện kế toán đối với hoạt động xã hội, từ thiện là gì?"
142536,fold_4,1,12,78,1.0,1.0,0,Hồ sơ giải thể công ty hợp danh gồm những gì?
40736,fold_4,1,1,2,1.0,1.0,0,"Mẫu chứng chỉ đào tạo, bồi dưỡng, tập huấn trong nhà trường quân đội được quy định như thế nào?"
165538,fold_3,1,64,>100,1.0,1.0,0,Cơ quan nào có thẩm quyền quyết định giá đất cụ thể?
79882,fold_0,2,12,11,1.0,1.0,0,Quan hệ cùng huyết thống có phạm tội loạn luân không?
15112,fold_4,1,1,1,1.0,1.0,0,Thiết bị giám sát hàng không dân dụng sẽ có các thông số kỹ thuật như thế nào?
66564,fold_2,1,5,>100,1.0,1.0,0,Thủ tục giải quyết thôi việc đối với Phó Chủ tịch Ủy ban nhân dân huyện được thực hiện thế nào?
167508,fold_2,1,3,>100,1.0,1.0,0,Phòng Tổ chức Hành chính Trường Nghiệp vụ Thuế thực hiện những nhiệm vụ nào?
40112,fold_2,2,1,6,1.0,1.0,0,Điều chỉnh và công bố quy trình vận hành công trình thủy lợi?
155616,fold_3,2,2,1,1.0,1.0,0,Nếu tài sản bảo đảm là quyền sử dụng đất và người nhận bảo đảm đang giữ Giấy chứng nhận quyền sử dụng đất thì bên nhận bảo đảm có nghĩa vụ giao Giấy chứng nhận cho chủ thể khác không?
150938,fold_2,1,19,47,1.0,1.0,0,Nước sạch dùng trong sinh hoạt đạt chuẩn thì hàm lượng chì và thủy ngân phải dưới ngưỡng bao nhiêu?
163798,fold_0,1,1,65,1.0,1.0,0,Hồ sơ đề nghị xác nhận là người gốc Việt Nam gồm những tài liệu gì?
48998,fold_3,1,17,75,1.0,1.0,0,Công ty không cho người lao động xin nghỉ không hưởng lương thì có bị phạt không?
115558,fold_1,1,18,2,1.0,1.0,0,Bệnh dại là gì?
161498,fold_1,1,1,6,1.0,1.0,0,"Quyết định truy nã phải ghi những nội dung gì trong trường hợp bị can, bị cáo phạm nhiều tội?"
126636,fold_0,1,>100,1,1.0,1.0,0,Các bước tiến hành phẫu thuật điều trị lõm mắt bằng kỹ thuật ghép mỡ và vá sàn hốc mắt thực hiện như thế nào?
68000,fold_1,1,8,4,1.0,1.0,0,Thân nhân của thương binh có được hưởng những chế độ ưu đãi gì không khi trực tiếp chăm sóc cho thương binh?
33868,fold_2,1,92,8,1.0,1.0,0,"Thành viên của ban giám khảo Cuộc thi khoa học kỹ thuật cấp quốc gia cần đáp ứng những tiêu chuẩn, điều kiện gì?"
135768,fold_3,3,8,86,0.6666666666666666,0.6666666666666666,0,10 khoản thu nhập chịu thuế TNCN năm 2023 là gì?
160004,fold_0,1,2,11,1.0,1.0,0,Quỹ đầu tư chứng khoán có thể được sáp nhập với một quỹ khác để tiến hành hoạt động được hay không?
120474,fold_4,1,1,1,1.0,1.0,0,Phương pháp xác định tỷ lệ phần trăm tổn thương cơ thể?
65972,fold_3,1,1,3,1.0,1.0,0,Cơ quan nào chi trả tiền bồi dưỡng cho công chức làm công tác tiếp công dân tại Trụ sở tiếp công dân cấp Thành phố?
38824,fold_2,1,2,1,1.0,1.0,0,"Thành viên Hội đồng khen thưởng, kỷ luật của Đoàn Luật sư Việt Nam phải có tiêu chuẩn gì?"
167916,fold_4,1,>100,25,1.0,1.0,0,"Không kiểm định định kỳ trong quá trình sử dụng các loại máy móc có yêu cầu nghiêm ngặt về an toàn, vệ sinh lao động bị xử phạt như thế nào?"
3662,fold_3,1,7,>100,1.0,1.0,0,Tiến hành chiết khấu thương mại thì có phải đăng ký không?
17910,fold_3,1,3,5,1.0,1.0,0,Doanh nghiệp mua tem thuốc lá nhưng không dùng hết thì có được bán lại không?
132508,fold_0,1,>100,87,1.0,1.0,0,"Thủ tục giải thể trường trung cấp công lập trực thuộc bộ, cơ quan ngang bộ, cơ quan thuộc Chính phủ thế nào?"
51028,fold_2,3,49,3,0.3333333333333333,0.3333333333333333,0,Mức lương của sĩ quan nghiệp vụ được bổ nhiệm vào ngạch Thanh tra viên cao cấp Công an nhân dân là bao nhiêu?
164996,fold_1,1,1,>100,1.0,1.0,0,Quản tài viên có những hình thực hành nghề và có thể đăng ký được bao hình thức hành nghề cùng lúc?
136816,fold_3,2,3,1,1.0,1.0,0,Người thôi giữ chức vụ lãnh đạo hoặc được bổ nhiệm vào chức vụ khác mà phụ cấp thấp hơn do tinh giản biên chế thì được hưởng chính sách gì?
25504,fold_2,1,17,23,1.0,1.0,0,Ngày môi trường thế giới là ngày mấy?
154576,fold_0,1,>100,13,1.0,1.0,0,"Hồ sơ thanh toán vốn đầu tư công chi trả bồi thường chấm dứt hợp đồng trước thời hạn cho nhà đầu tư, doanh nghiệp dự án?"
78874,fold_2,1,17,>100,1.0,1.0,0,Có thể gửi hồ sơ đề nghị cấp Giấy chứng nhận cơ sở đủ điều kiện an toàn thực phẩm online được không?
22762,fold_0,1,22,>100,1.0,1.0,0,Một vi bằng được xem là hợp pháp khi đảm bảo các điều kiện về nội dung và hình thức như thế nào?
43498,fold_4,1,7,18,1.0,1.0,0,Mức hưởng bảo hiểm xã hội 1 lần là bao nhiêu?
70548,fold_2,1,>100,>100,0.0,0.0,0,Người sắp ra nước ngoài dự thi người đẹp nhưng nhận quyết định thi hành án phạt tù thì có được tạm hoãn ngồi tù để đi thi không?
78318,fold_3,1,2,>100,1.0,1.0,0,"Hành vi sử dụng hóa đơn, chứng từ không hợp pháp là những hành vi nào?"
113228,fold_1,1,1,18,1.0,1.0,0,Việc đánh giá chất lượng đập và những công trình liên quan thuộc công trình thủy lợi sẽ có những mức độ nào?
152656,fold_1,1,14,1,1.0,1.0,0,Trong trường hợp chứng cứ và giải trình của đối tượng thanh tra chưa rõ không thể đưa ra được kết luận thì Trưởng đoàn thanh tra phải giải quyết như thế nào?
151396,fold_1,1,16,16,1.0,1.0,0,Giảng viên của Đại học quốc gia có những quyền lợi và nghĩa vụ gì theo quy định pháp luật hiện hành?
39992,fold_0,1,70,1,1.0,1.0,0,Công ty đại chúng có phải mở tài khoản phong tỏa khi chào bán cổ phiếu ra công chúng không?
20674,fold_1,1,1,1,1.0,1.0,0,Lưới khống chế độ cao trong công trình đê điều được quy định như thế nào?
76684,fold_1,1,1,>100,1.0,1.0,0,Có được phép ký nhiều lần hợp đồng lao động xác định thời hạn với cùng một người lao động không?
160024,fold_2,1,2,>100,1.0,1.0,0,"Bộ Nội vụ có trách nhiệm như thế nào trong việc thực hiện Dự án hoàn thiện, hiện đại hóa hồ sơ, bản đồ địa giới hành chính?"
79816,fold_3,1,2,6,1.0,1.0,0,Việc công bố thông tin bán đấu giá cổ phần được quy định như thế nào?
23922,fold_4,1,6,7,1.0,1.0,0,Người nhận cổ phần chuyển nhượng được xem là thành viên công ty cổ phần từ thời điểm nào?
74448,fold_1,1,8,6,1.0,1.0,0,Công ty xổ số kiến thiết sử dụng lồng cầu quay số không bảo đảm yêu cầu quản lý sẽ bị xử phạt vi phạm hành chính thế nào?
752,fold_1,2,19,38,0.5,0.5,0,Trường hợp thành lập nhà trẻ tư thục khi chưa được cho phép thì bị xử phạt hành chính không? Mức xử phạt bao nhiêu?
116806,fold_1,1,22,2,1.0,1.0,0,"Sửa đổi, bổ sung đối với xử phạt bảo vệ môi trường biển do tàu thuyền gây ra?"
8976,fold_4,1,3,1,1.0,1.0,0,Người nhập khẩu vật nuôi sống làm thực phẩm nhưng lại nuôi làm giống thì có bị xử phạt hành chính không?
141804,fold_3,1,1,47,1.0,1.0,0,Tư vấn nghề nghiệp tại các cơ sở giáo dục nghề nghiệp được quy định như thế nào?
35814,fold_2,1,1,5,1.0,1.0,0,Chiếu xạ công chúng là gì?
105408,fold_3,1,1,1,1.0,1.0,0,Cơ quan nào có trách nhiệm xây dựng tiêu chuẩn kỹ thuật in đúc tiền Việt Nam?
30034,fold_2,1,10,3,1.0,1.0,0,Không mang theo Giấy chứng nhận kiểm định khi điều khiển xe cơ giới tham gia giao thông thì bị xử phạt vi phạm hành chính như thế nào?
137448,fold_0,1,12,1,1.0,1.0,0,Người khuyết tật được tiếp cận với các chương trình phim ảnh như thế nào?
156304,fold_4,1,>100,5,1.0,1.0,0,"Căn cứ, nguyên tắc tổ chức thi hoặc xét thăng hạng chức danh nghề nghiệp ra sao?"
11602,fold_0,1,2,58,1.0,1.0,0,Nội dung phương án phát triển cụm công nghiệp có bao gồm nội dung về giải pháp xử lý hiện trạng môi trường hay không?
25564,fold_3,1,1,14,1.0,1.0,0,Thẩm quyền xếp loại chất lượng công chức cấp trung ương thuộc về cơ quan nào?
93622,fold_3,1,34,76,1.0,1.0,0,Ai có quyền bổ nhiệm Kiểm tra viên cao cấp của VKSND cấp cao?
81058,fold_1,1,60,>100,1.0,1.0,0,Hướng dẫn thời gian xét danh hiệu Lao động tiên tiến 2023 như thế nào?
147452,fold_2,1,1,35,1.0,1.0,0,Thủ tục bổ nhiệm giám đốc bệnh viện công như thế nào?
19170,fold_0,1,4,1,1.0,1.0,0,Thực hiện lập danh sách chi trả trợ cấp thất nghiệp của phòng Chế độ BHXH ra sao?
87440,fold_1,1,1,41,1.0,1.0,0,Viên chức đã nghỉ việc thì có thể làm Thừa phát lại hay không?
123418,fold_4,1,2,5,1.0,1.0,0,Việc cấp phép tài nguyên nước phải trên cơ sở các căn cứ nào?
82254,fold_3,1,5,49,1.0,1.0,0,Công nghệ chế tạo máy trình độ cao đẳng là ngành nghề như thế nào?
167472,fold_0,1,1,10,1.0,1.0,0,Có được giả mạo giấy tờ để làm sai lệch kết quả trưng cầu ý dân không?
132026,fold_1,1,1,1,1.0,1.0,0,Yêu cầu về kênh giao tiếp đối với hệ thống công nghệ áp dụng vào việc hoàn thuế GTGT cho người nước ngoài tại Việt Nam?
92480,fold_3,1,5,1,1.0,1.0,0,Hội đồng đánh giá hàng nông lâm sản Việt Nam chất lượng cao và uy tín thương mại cấp Bộ làm việc theo nguyên tắc nào?
122214,fold_4,1,4,18,1.0,1.0,0,Văn phòng đăng ký đất đai là gì?
114306,fold_1,1,3,55,1.0,1.0,0,Những thông tin nào thuộc danh mục bí mật nhà nước?
94658,fold_1,1,1,>100,1.0,1.0,0,Ngoài cơ chế hoạt động thì Quy chế hoạt động của Hội đồng quản lý đơn vị sự nghiệp công lập trong lĩnh vực thông tin truyền thông còn có những nội dung gì?
92564,fold_4,1,1,11,1.0,1.0,0,Thế nào là tội bạo loạn?
37570,fold_2,1,1,9,1.0,1.0,0,Phần sở hữu chung trong nhà chung cư khi mua chung cư mini là gì?
158722,fold_0,1,14,5,1.0,1.0,0,Thực hiện thủ tục công nhận hạng cơ sở lưu trú du lịch là khách sạn có cần phải đóng phí thẩm định hay không?
31922,fold_3,1,38,11,1.0,1.0,0,Điều kiện để được hưởng chế độ thai sản như thế nào?
167424,fold_4,1,10,92,1.0,1.0,0,Thực hiện báo cáo kiểm toán về báo cáo tài chính là nhằm mục đích gì?
90050,fold_1,1,>100,3,1.0,1.0,0,Liệt sĩ mất sớm mà không có vợ con thì ai sẽ là người có trách nhiệm thờ cúng?
150572,fold_2,1,1,1,1.0,1.0,0,Thành viên Ban kiểm soát Tổng công ty Xi măng Việt Nam có những quyền hạn gì?
28952,fold_4,1,5,77,1.0,1.0,0,Khi đơn phương chấm dứt hợp đồng lao động trái luật công ty có nghĩa vụ gì?
142282,fold_1,1,2,3,1.0,1.0,0,"Nghĩa vụ chịu chi phí xem xét, thẩm định tại chỗ tố tụng dân sự?"
126786,fold_4,1,1,35,1.0,1.0,0,Phải đáp ứng những tiêu chí nào để được công nhận nghề truyền thống?
9170,fold_1,1,2,1,1.0,1.0,0,"Để trở thành thành viên Hội đồng thành viên VINATEX cần đáp ứng điều kiện, tiêu chuẩn gì?"
115746,fold_0,1,1,1,1.0,1.0,0,Ban Chấp hành Liên hiệp các tổ chức hữu nghị địa phương thuộc Liên hiệp các tổ chức hữu nghị Việt Nam do ai bầu?
83400,fold_0,1,40,>100,1.0,1.0,0,Việc cấp chứng chỉ hành nghề xây dựng hiện nay được quy định thế nào?
94438,fold_3,1,1,>100,1.0,1.0,0,Pháp luật quy định về trách nhiệm của đối tác liên kết trong việc liên kết xuất bản như thế nào?
100160,fold_2,1,3,2,1.0,1.0,0,Gia đình người khuyết tật được hưởng học bổng phải chuẩn bị những hồ sơ gì khi theo học tại cơ sở giáo dục công lập?
11486,fold_3,1,16,6,1.0,1.0,0,Hồ sơ xin cấp lại giấy chứng nhận đủ điều kiện đảm bảo an toàn cho chữ ký số chuyên dùng khi giấy chứng nhận hết hạn cần những giấy tờ gì?
124538,fold_3,1,1,3,1.0,1.0,0,"Tổ chức, doanh nghiệp được quyền sửa chữa vũ khí có trách nhiệm gì?"
123532,fold_3,1,32,1,1.0,1.0,0,Trường hợp nào thì quá cảnh hàng hóa đối với hàng hóa cấm nhập khẩu không cần xin giấy phép quá cảnh hàng hóa?
129686,fold_4,1,1,3,1.0,1.0,0,Phóng viên nước ngoài thường trú tại Việt Nam có yêu cầu hoạt động báo chí tại cơ quan thuộc Bộ Quốc phòng cần gửi hồ sơ đề nghị như thế nào?
3558,fold_2,1,97,9,1.0,1.0,0,Ký hợp đồng dịch vụ với tổ chức không cư trú có được thanh toán bằng ngoại tệ
25182,fold_3,1,2,1,1.0,1.0,0,Đối với nho quả tươi hạng I thì chùm quả có được thay đổi về kích cỡ không?
156482,fold_1,1,1,5,1.0,1.0,0,Đối tượng được sử dụng ngoại hối trên lãnh thổ Việt Nam là ai?
9654,fold_1,1,6,26,1.0,1.0,0,Mức hưởng chế độ tai nạn lao động từ bảo hiểm xã hội được tính như thế nào?
18456,fold_4,1,1,1,1.0,1.0,0,Hội đồng thành viên VINALINES là gì?
135284,fold_3,1,1,19,1.0,1.0,0,Cơ quan nào có thẩm quyền cấp Giấy chứng nhận đăng ký quyền sở hữu tàu bay?
21842,fold_0,1,7,>100,1.0,1.0,0,Thời hạn giữ chức vụ lãnh đạo trong tổ chức Công đoàn theo quy định là bao lâu?
60944,fold_1,1,7,3,1.0,1.0,0,"Hết thời hạn giải quyết tố giác tội phạm, Cơ quan điều tra tạm đình chỉ giải quyết tố giác tội phạm khi thuộc trường hợp nào?"
65244,fold_3,1,1,>100,1.0,1.0,0,Nội dung Phiếu lý lịch tư pháp số 1 bao gồm những gì?
14844,fold_2,1,1,1,1.0,1.0,0,"Xác định chủ sở hữu của tài sản bị chôn, giấu, bị vùi lấp, chìm đắm được tìm thấy như thế nào?"
145468,fold_2,1,1,2,1.0,1.0,0,Thuốc thử dùng chẩn đoán bệnh Perkinsus Marinus ở nhuyễn thể hai mảnh nhỏ có những loại nào cần được điều chế?
22848,fold_0,1,3,9,1.0,1.0,0,Các trường hợp người lao động được đơn phương chấm dứt hợp đồng lao động
82006,fold_1,1,1,>100,1.0,1.0,0,Xây dựng kế hoạch thanh tra của Thanh tra Chính phủ theo trình tự ra sao? Hồ sơ gồm những gì?
41828,fold_1,2,1,15,1.0,1.0,0,Pháp luật quy định như thế nào về người khuyết tật?
138482,fold_2,1,20,1,1.0,1.0,0,Có cần gây mê trong quá trình phẫu thuật kết hợp xương gãy xương mác đơn thuần không?
35224,fold_3,1,1,11,1.0,1.0,0,Đăng ký công nhận tiến bộ kỹ thuật công nghệ sinh học tạo ra ở Việt Nam cần chuẩn bị giấy tờ gì?
154376,fold_0,2,14,9,1.0,1.0,0,"Giảm thuế giá trị gia tăng đối với hoạt động cung cấp hàng hóa, dịch vụ có thời điểm lập hóa đơn đặc thù?"
6200,fold_1,1,1,1,1.0,1.0,0,Tàu quân sự nước ngoài đến Việt Nam để sửa chữa chỉ được neo đậu sửa chữa tại đâu?
123518,fold_4,1,1,1,1.0,1.0,0,Thẻ kiểm ngư của công chức kiểm ngư mặt trước có nền màu gì?
64120,fold_2,1,48,62,1.0,1.0,0,Trường hợp công chức vắng mặt tại Hội nghị bổ nhiệm công chức thì có được ủy quyền cho người khác dự thay không?
93936,fold_4,1,1,26,1.0,1.0,0,Ai có quyền ký Quyết định cấp Chứng chỉ Kiểm toán viên nhà nước?
32580,fold_2,1,1,4,1.0,1.0,0,"Quy định về số lượng Phó Chủ tịch UBND khi chia, nhập các đơn vị hành chính cùng cấp ra sao?"
120268,fold_3,1,13,4,1.0,1.0,0,Vi phạm nồng độ cồn khi điều khiển xe máy bị xử phạt mức nào là cao nhất?
71222,fold_2,1,2,11,1.0,1.0,0,Người hi sinh khi tham gia hoạt động cách mạng có được xem là liệt sĩ hay không?
154552,fold_4,1,1,30,1.0,1.0,0,Khi sử dụng Cơ sở dữ liệu quốc gia về pháp luật có các hành vi nào sẽ bị cấm?
103486,fold_1,1,1,68,1.0,1.0,0,Chủ đầu tư cần chuẩn bị hồ sơ thế chấp nhà ở hình thành trong tương lai tại tổ chức tín dụng gồm những gì?
95486,fold_4,1,4,52,1.0,1.0,0,Tiêu chuẩn chung về đạo đức nghề nghiệp của viên chức chuyên ngành văn hóa cơ sở?
98548,fold_0,1,1,49,1.0,1.0,0,Tổ chức tài chính quy mô nhỏ tại Việt Nam có phải là một hình thức của ngân hàng hay không?
139882,fold_0,1,1,2,1.0,1.0,0,Tàu bay thực hiện chuyến bay chuyên cơ của Việt Nam phải có ít nhất bao nhiêu chỗ nằm nghỉ cho khách chuyên cơ?
123122,fold_0,1,3,13,1.0,1.0,0,Lập biện pháp an toàn điện trong phương án thi công thực hiện được pháp luật quy định như thế nào?
79226,fold_1,1,10,9,1.0,1.0,0,Xả nước thải chưa xử lý ra môi trường có phải hành vi bị cấm không?
108936,fold_1,1,1,>100,1.0,1.0,0,Bộ luật Hình sự mới nhất 2023 là Bộ luật nào?
97468,fold_0,1,1,43,1.0,1.0,0,Hoạt động đầu tư xây dựng phải đảm bảo nguyên tắc gì?
102028,fold_0,1,1,4,1.0,1.0,0,Ngoài nhóm phân bón hữu cơ thì còn những nhóm phân bón nào được pháp luật quy định?
105044,fold_1,1,1,5,1.0,1.0,0,Thực phẩm nhập khẩu thì hồ sơ đăng ký bản công bố sản phẩm bao gồm những gì?
84560,fold_0,1,5,26,1.0,1.0,0,"Khái niệm về xử lý đơn trong việc tiếp nhận, phân loại, xử lý đơn khiếu nại, đơn kiến nghị, phản ánh?"
101670,fold_2,1,19,13,1.0,1.0,0,"Kinh phí thực hiện yêu cầu về bảo đảm an toàn, an ninh thông tin theo cấp độ được bố trí từ đâu?"
1486,fold_1,2,19,69,0.5,0.5,0,Hộ kê khai sử dụng hoá đơn điện tử được quy định như thế nào?
29954,fold_1,1,21,12,1.0,1.0,0,Thủ tướng Chính phủ có thẩm quyền giao quản lý bến cảng cho đối tượng quản lý hay không?
57284,fold_3,1,1,1,1.0,1.0,0,Trình tự xử lý kỷ luật đối với Chính trị viên Ban chỉ huy quân sự cấp xã bị kỷ luật tước danh hiệu Dân quân tự vệ thực hiện thế nào??
20302,fold_4,1,1,1,1.0,1.0,0,Chủ hàng hóa quá cảnh của Campuchia trên lãnh thổ Việt Nam muốn được tiêu thụ hàng hóa quá cảnh thì hồ sơ đề nghị gồm những gì?
112924,fold_0,1,3,3,1.0,1.0,0,Đánh giá điều kiện sản xuất thức ăn chăn nuôi như thế nào?
10550,fold_3,1,1,5,1.0,1.0,0,Người được mời làm hội viên danh dự của Hội kế toán và Kiểm toán Việt Nam có phải đóng Hội phí không?
156680,fold_0,1,7,3,1.0,1.0,0,Các phương tiện giao thông nào thuộc phương tiện được ưu tiên khi tham gia giao thông ngoài xe cấp cứu và xe cứu hỏa?
142876,fold_1,1,4,5,1.0,1.0,0,Thực hiện tăng vốn điều lệ thì công ty đầu tư chứng khoán phải điều chỉnh Giấy phép thành lập và hoạt động kể từ thời điểm nào?
60828,fold_2,1,1,43,1.0,1.0,0,"Các cơ quan, tổ chức nào có trách nhiệm trong việc xác định chi phí tiền lương, chi phí nhân công trong giá, đơn giá sản phẩm, dịch vụ công sử dụng kinh phí ngân sách nhà nước?"
6802,fold_3,1,24,99,1.0,1.0,0,Viên chức có được thay đổi chức danh nghề nghiệp hay không?
77434,fold_1,1,1,13,1.0,1.0,0,Những trường hợp nào được xem xét không xử lý vi phạm điều lệnh Công an nhân dân?
104474,fold_2,1,3,>100,1.0,1.0,0,Thế nào là tranh chấp lao động?
90678,fold_1,1,2,1,1.0,1.0,0,Kiến trúc Chính phủ điện tử ngành tài nguyên và môi trường được hiểu như thế nào?
168554,fold_0,1,15,>100,1.0,1.0,0,Trình tự thực hiện đăng ký giám hộ online được thực hiện như thế nào?
13986,fold_0,1,8,2,1.0,1.0,0,Phạm vi nghĩa vụ được bảo đảm như thế nào?
670,fold_1,1,2,>100,1.0,1.0,0,Sau khi tốt nghiệp ngành chế tạo thiết bị cơ khí trình độ trung cấp thì người học có thể làm những công việc nào?
52792,fold_0,1,>100,1,1.0,1.0,0,Việc xử lý kết quả đánh giá đáp ứng GACP được quy định như thế nào?
50752,fold_2,1,3,51,1.0,1.0,0,Chủ sở hữu trong hoạt động giám sát doanh nghiệp nhà nước có quyền và nhiệm vụ như thế nào?
91686,fold_2,1,>100,4,1.0,1.0,0,Dược sĩ chính có nhiệm vụ gì? Có bắt buộc phải có bằng thạc sĩ dược học mới được làm dược sĩ chính không?
71998,fold_2,1,5,9,1.0,1.0,0,Việc thanh toán hợp đồng lựa chọn nhà thầu được quy định như thế nào?
68802,fold_1,1,7,6,1.0,1.0,0,Xe ô tô khi phục nhu cầu công tác phải có đủ các loại giấy tờ hợp lệ nào?
154154,fold_3,1,6,25,1.0,1.0,0,Chương trình bồi dưỡng thường xuyên dành cho giáo viên mầm non do cơ quan có thẩm quyền nào ban hành?
16998,fold_0,1,2,5,1.0,1.0,0,Chủ tịch Ủy ban nhân dân các cấp có thẩm quyền xử phạt đối với hành vi người dân tự làm rào chắn cản trở giao thông qua lại hay không?
97872,fold_0,1,18,1,1.0,1.0,0,Người trực tiếp điều khiển phương tiện giao thông đường sắt phục vụ dây chuyền công nghệ của doanh nghiệp dừng phương tiện giao thông đường sắt khẩn cấp khi nào?
88178,fold_3,1,2,55,1.0,1.0,0,Tìm được việc làm mới còn được hưởng trợ cấp thất nghiệp không?
90300,fold_2,2,24,2,1.0,1.0,0,Chồng cho người khác vay tiền thì vợ có quyền yêu cầu tuyên bố giao dịch vô hiệu không?
139282,fold_2,1,1,1,1.0,1.0,0,Người đăng ký dự thi lấy chứng chỉ kiểm toán viên có được phép nhờ người khác thi hộ không?
13194,fold_1,1,8,3,1.0,1.0,0,"Các loại thuế khai theo tháng, khai theo quý, khai theo năm, khai theo từng lần phát sinh nghĩa vụ thuế và khai quyết toán thuế?"
150580,fold_3,1,6,3,1.0,1.0,0,Trong phòng bệnh truyền nhiễm người tử vong phải được tổ chức mai táng trong bao lâu?
117574,fold_4,1,3,1,1.0,1.0,0,"Việc theo dõi, giáo dục, giúp đỡ trại viên đã chấp hành xong quyết định áp dụng biện pháp đưa vào cơ sở giáo dục bắt buộc gồm những nội dung nào?"
99134,fold_0,2,9,6,0.5,0.5,0,Cần chuẩn bị những giấy tờ gì để thực hiện cấp lại giấy chứng nhận đăng ký tàu công vụ thủy sản do bị mất?
74584,fold_0,1,2,1,1.0,1.0,0,Quy định về thực hiện thu phí điện tử không dừng?
108700,fold_1,1,1,3,1.0,1.0,0,Ai phải nộp lệ phí trước bạ?
110216,fold_1,2,16,1,1.0,1.0,0,Có thể xác định ngày tháng sinh dựa vào ngày đăng ký kết hôn không?
145744,fold_2,1,29,9,1.0,1.0,0,Thực hiện thủ tục cấp giấy chứng nhận kiểm dịch thực vật xuất khẩu bằng cách nào?
103494,fold_3,1,1,1,1.0,1.0,0,Quy định về cách xếp lương chức danh nghề nghiệp đối với viên chức chuyên ngành thư viện?
21860,fold_4,1,1,2,1.0,1.0,0,Điều kiện để doanh nghiệp được kinh doanh dịch vụ bảo đảm hoạt động bay là gì?
167658,fold_0,1,1,1,1.0,1.0,0,Nghĩa vụ của Quỹ Trái tim vàng Việt Nam được quy định thế nào?
119368,fold_4,1,14,3,1.0,1.0,0,Mẫu bảng thanh toán tiền lương dành cho doanh nghiệp nhỏ và vừa theo Thông tư 133?
121632,fold_3,1,3,13,1.0,1.0,0,Những trường hợp nào không xử phạt vi phạm hành chính?
128162,fold_3,1,4,31,1.0,1.0,0,"Kế hoạch vay, trả nợ công 05 năm gồm có những nội dung gì?"
4826,fold_3,1,13,2,1.0,1.0,0,Sau khi tốt nghiệp ngành chế biến và bảo quản thủy sản trình độ trung cấp thì người học phải có tối thiểu những kiến thức nào?
21508,fold_4,2,6,70,1.0,1.0,0,Thủ tục xác nhận thông tin hộ tịch 2023 tại cơ quan quản lý CSDL hộ tịch điện tử sau khi bỏ sổ hộ khẩu ra sao?
16272,fold_4,1,1,5,1.0,1.0,0,Nguyên tắc ghi nhận chi phí của tổ chức tài chính vi mô được quy định thế nào?
137006,fold_0,2,51,49,1.0,1.0,0,Thay đổi nơi khám chữa bệnh ban đầu thì có thể làm luôn trong tháng 06 này được không?
86656,fold_1,1,1,>100,1.0,1.0,0,Kê khai thuế thực hiện theo nguyên tắc như thế nào?
127234,fold_1,1,18,1,1.0,1.0,0,"Lắp đặt, quản lý, khai thác thông tin từ thiết bị giám sát hành trình của xe"
65214,fold_2,1,1,>100,1.0,1.0,0,Nghĩa vụ của hội viên Hội Nhà báo Việt Nam là gì?
74242,fold_1,1,1,1,1.0,1.0,0,"Chương trình khoa học và công nghệ thực hiện thí điểm theo cơ chế đối tác công tư, đồng tài trợ là gì?"
119072,fold_0,1,3,63,1.0,1.0,0,Chi nhánh của doanh nghiệp có thể mở văn phòng đại diện hay không?
22674,fold_4,1,2,5,1.0,1.0,0,Vi phạm quy định về quảng cáo bằng loa phóng thanh và hình thức tương tự bị xử phạt như thế nào?
23646,fold_3,1,13,5,1.0,1.0,0,Thu hẹp cửa hàng miễn thuế mà không xin phép bị xử phạt vi phạm hành chính bao nhiêu tiền?
69586,fold_2,1,8,>100,1.0,1.0,0,"Nhiệm vụ, quyền hạn của Chủ tịch UBND cấp xã là gì?"
66688,fold_1,2,6,4,1.0,1.0,0,Khi công ty muốn tăng vốn điều lệ thì các thành viên góp vốn trước khi làm thủ tục tăng có trái quy định không?
144122,fold_0,1,1,4,1.0,1.0,0,Cử tri có quyền tham dự các cuộc tiếp xúc với đại biểu Quốc hội không?
139142,fold_2,1,3,1,1.0,1.0,0,Cai nghiện ma túy tự nguyện mà tái nghiện thì bị đưa đi cai nghiện ma túy bắt buộc hay không?
6778,fold_0,1,2,1,1.0,1.0,0,Mức phạt cho hành vi nhập khẩu giống vật nuôi trái phép?
103884,fold_0,1,1,1,1.0,1.0,0,Thu hoạch bơ quả tươi có cần yêu cầu tiêu chí về màu sắc độ chín hay không?
126910,fold_0,1,1,4,1.0,1.0,0,Đại hội nhiệm kỳ của Hiệp hội Sáng tạo và Bản quyền tác giả Việt Nam được tổ chức dưới hình thức nào?
97598,fold_4,1,47,24,1.0,1.0,0,Công chứng viên thôi việc có thể áp dụng thủ tục giải quyết thôi việc của viên chức được không?
121864,fold_3,1,1,>100,1.0,1.0,0,Thủ tục giải quyết thôi việc bao gồm những bước nào?
80948,fold_2,1,3,2,1.0,1.0,0,Miễn trừ áp dụng biện pháp phòng vệ thương mại có thể được thực hiện trong thời hạn bao lâu?
65456,fold_2,1,2,3,1.0,1.0,0,Tổng hợp điểm mới Nghị định 29/2023/NĐ-CP tinh giản biên chế từ 20/7/2023
101594,fold_4,1,5,>100,1.0,1.0,0,Ban Tiếp công dân cấp huyện có các nhiệm vụ và quyền hạn gì?
8034,fold_2,1,12,1,1.0,1.0,0,Công ty mẹ có quyền chi phối các chính sách tài chính như thế nào?
88934,fold_4,1,1,10,1.0,1.0,0,Nguyên tắc khen thưởng về các danh hiệu thi đua trong ngành ngân hàng như thế nào?
882,fold_4,1,3,21,1.0,1.0,0,Mẹ có đương nhiên được giao quyền trực tiếp nuôi con dưới 36 tháng tuổi không?
33500,fold_1,1,1,1,1.0,1.0,0,"Bù trừ, thanh toán giao dịch chứng khoán phái sinh là gì?"
97482,fold_2,1,41,>100,1.0,1.0,0,Thời hiệu xử phạt vi phạm hành chính đối với cơ sở giáo dục thông báo tuyển sinh không đủ thời gian theo quy định là bao lâu?
121318,fold_4,1,1,1,1.0,1.0,0,Phạm vi hoạt động của Hiệp hội Thể thao dưới nước Việt Nam được quy định thế nào?
122650,fold_3,1,45,5,1.0,1.0,0,Trường hợp thực hiện bù chéo dịch vụ viễn thông khi xác định giá thành thì doanh nghiệp viễn thông sẽ bị xử phạt từ bao nhiêu tiền?
14380,fold_1,1,1,1,1.0,1.0,0,Hiệp hội Thép Việt Nam có những nhiệm vụ quyền hạn gì?
83328,fold_1,1,1,26,1.0,1.0,0,Tạp chí Tổ chức nhà nước có chức năng gì?
85510,fold_0,1,1,1,1.0,1.0,0,Hội đồng xét tặng Danh hiệu Nghệ nhân nhân dân trong lĩnh vực di sản văn hóa phi vật thể được thành lập theo bao nhiêu cấp?
117838,fold_2,1,1,1,1.0,1.0,0,Vai trò của nền kinh tế tập thể trong nền kinh tế nhà nước?
139074,fold_3,1,2,3,1.0,1.0,0,Kinh doanh rượu có chịu thuế tiêu thụ đặc biệt hay không?
144300,fold_3,1,22,6,1.0,1.0,0,Mức chi hỗ trợ tiền ăn cho cán bộ công chức khi đào tạo bồi dưỡng là bao nhiêu?
144186,fold_2,1,1,3,1.0,1.0,0,Điều kiện để doanh nghiệp sản xuất kinh doanh rượu là gì?
82936,fold_4,1,1,1,1.0,1.0,0,"Quỹ Phòng chống thiên tai, đền ơn đáp nghĩa, xóa đói giảm nghèo trong lực lượng Công an nhân dân có tư cách pháp nhân không?"
65014,fold_4,1,74,>100,1.0,1.0,0,Thành phần hồ sơ thực hiện thủ tục cấp lại thẻ giám định viên tư pháp tại Bộ Nông nghiệp và Phát triển nông thôn gồm những gì?
103458,fold_1,1,2,59,1.0,1.0,0,"Nhà ở, công trình xây dựng hình thành trong tương lai được hiểu như thế nào?"
35910,fold_1,1,12,>100,1.0,1.0,0,Người nước ngoài làm việc ở Việt Nam có cần xin cấp giấy phép lao động không?
19070,fold_2,1,39,1,1.0,1.0,0,Trình tự thủ tục cấp thẻ hướng dẫn viên du lịch nội địa được thực hiện như thế nào?
133888,fold_4,1,13,19,1.0,1.0,0,"Sau khi dự án đầu tư chấm dứt hoạt động, việc thanh lý dự án đầu tư thực hiện như thế nào?"
95734,fold_0,1,4,>100,1.0,1.0,0,Bộ Kế hoạch và Đầu tư có những nhiệm vụ và quyền hạn gì trong công tác quản lý các khu kinh tế?
154604,fold_4,1,15,1,1.0,1.0,0,Mức xử phạt đối với lỗi điều khiển xe ô tô không đáp ứng đúng tiêu chuẩn về hệ thống hãm của xe như thế nào?
81290,fold_0,1,11,>100,1.0,1.0,0,Người làm chứng được pháp luật quy định như thế nào?
78440,fold_2,1,2,6,1.0,1.0,0,Công tác lấy ý kiến đánh giá của người dân về việc giải quyết thủ tục hành chính tại Bộ phận Một cửa được thực hiện bao lâu một lần?
156454,fold_0,1,8,7,1.0,1.0,0,Quy trình ra đề thi tốt nghiệp THPT thế nào?
100512,fold_2,1,4,1,1.0,1.0,0,"Du học sinh có được chuyển ngành, nghề học, chuyển trường, chuyển nước đến học hay không?"
94150,fold_3,1,12,1,1.0,1.0,0,Diện tích tối thiểu để được tách thửa đối với đất ở tỉnh Bắc Ninh là bao nhiêu?
155202,fold_3,1,1,1,1.0,1.0,0,"Các biện pháp phòng, chống thuốc lá giả theo quy định của pháp luật hiện hành"
134934,fold_1,1,1,5,1.0,1.0,0,Người nước ngoài khi nhập cảnh vào Việt Nam có quyền được đưa vợ con đi cùng hay không?
86244,fold_3,1,3,2,1.0,1.0,0,Có 02 bản di chúc thì bản di chúc nào mới mới có hiệu lực?
153996,fold_1,1,1,1,1.0,1.0,0,Quỹ xã hội từ thiện Tấm lòng vàng được sử dụng thế nào?
25566,fold_2,1,53,31,1.0,1.0,0,Nghỉ hưởng chế độ thai lưu có được coi thời gian làm việc để tính số ngày nghỉ hằng năm của người lao động không?
158260,fold_2,1,4,>100,1.0,1.0,0,Lệ phí thi là bao nhiêu?
95582,fold_3,1,>100,>100,0.0,0.0,0,Khi nghỉ hưu không làm Chủ tịch Hội cựu chiến binh xã nữa thì có được hưởng chính sách hỗ trợ gì không?
161412,fold_0,1,1,2,1.0,1.0,0,Thủ tục cấp giấy phép đào tạo đối với cơ sở đào tạo lái xe ô tô là gì?
32848,fold_3,1,13,16,1.0,1.0,0,Tiêu chuẩn chung về đạo đức nghề nghiệp của viên chức thư viện?
91624,fold_3,1,>100,3,1.0,1.0,0,Tài sản được định là di sản thừa kế có chuyển nhượng được không?
91446,fold_0,1,2,24,1.0,1.0,0,Hoạt động lễ tân trong đối ngoại biên phòng của Bộ đội Biên phòng bao gồm những nội dung gì?
137696,fold_2,1,>100,15,1.0,1.0,0,Mục đích của việc thi công trám lấp giếng không sử dụng là gì?
73426,fold_2,1,1,1,1.0,1.0,0,Hợp tác quốc tế trong quản lý và bảo vệ di sản văn hóa dưới nước gồm những nội dung nào?
146482,fold_0,1,3,>100,1.0,1.0,0,Điều kiện về cơ sở vật chất để tổ chức giáo dục định hướng cho người lao động của công ty môi giới cho người lao động Việt Nam làm việc tại nước ngoài được quy định như thế nào?
99704,fold_2,1,1,1,1.0,1.0,0,Có được bán tài sản kết cấu hạ tầng giao thông đường thủy nội địa không còn sử dụng hay không?
143552,fold_2,1,1,2,1.0,1.0,0,Biểu thuế nhập khẩu ưu đãi đặc biệt của Việt Nam để thực hiện Hiệp định Thương mại Tự do Việt Nam - Hàn Quốc giai đoạn 2022 - 2027 như thế nào?
58454,fold_0,1,1,1,1.0,1.0,0,"Kiểm tra chất lượng xe đạp điện trong quá trình sản xuất, lắp ráp, nhập khẩu như thế nào?"
6728,fold_2,1,1,9,1.0,1.0,0,Đang bị tạm giam có về nhà chịu tang khi người thân mất được không?
102204,fold_0,1,13,12,1.0,1.0,0,Kế hoạch công tác năm của Viện kiểm sát nhân dân cấp cao được xây dựng căn cứ vào đâu?
13886,fold_2,1,>100,6,1.0,1.0,0,Biện pháp khắc phục hậu quả đối với hành vi Văn phòng công chứng thu phí cao hơn so với mức thỏa thuận là gì?
102928,fold_4,2,1,2,0.5,0.5,0,Chính sách hỗ trợ đào tạo nghề nghiệp đối với người chấp hành án phạt tù là gì?
23706,fold_1,1,23,2,1.0,1.0,0,Cơ quan thanh toán trực tiếp chi phí khám chữa bệnh bảo hiểm y tế theo quy định của pháp luật
120318,fold_0,1,2,4,1.0,1.0,0,"Người ăn trộm cây cảnh, hoa ngày tết để bán kiếm tiền là người có hoàn cảnh khó khăn thì có được giảm nhẹ trách nhiệm hình sự không?"
4882,fold_0,1,7,14,1.0,1.0,0,Thuế thu nhập cá nhân từ chuyển nhượng phần mềm được tính như thế nào?
67012,fold_1,1,24,9,1.0,1.0,0,Chuyển nhượng vốn góp trong Công ty trách nhiệm hữu hạn hai thành viên trở lên được thực hiện như thế nào?
124366,fold_3,1,>100,29,1.0,1.0,0,"Việc hoàn trả, điều chỉnh, chấm dứt nghĩa vụ bảo đảm thực hiện dự án thực hiện như thế nào?"
164660,fold_4,1,1,>100,1.0,1.0,0,Đơn vị hành chính được phân loại như thế nào?
148430,fold_0,1,4,>100,1.0,1.0,0,Kinh doanh nhà nghỉ du lịch cần đáp ứng những điều kiện chung gì?
78958,fold_2,1,16,2,1.0,1.0,0,Căn cứ xác định khu vực ô nhiễm bom mìn vật nổ theo các tiêu chí nào?
154690,fold_0,1,8,4,1.0,1.0,0,Các mức độ hành vi vi phạm để xác định xử lý kỷ luật ra sao?
131618,fold_3,1,1,4,1.0,1.0,0,Sổ đỏ bố mẹ tặng cho con gái đã có chồng là tài sản riêng hay là tài sản chung?
84998,fold_2,1,1,>100,1.0,1.0,0,Hội đồng Giáo dục quốc phòng cấp huyện gồm những thành phần nào theo quy định hiện nay?
157848,fold_0,2,3,6,1.0,1.0,0,Hạ tầng bảo vệ môi trường của làng nghề bao gồm những gì?
83806,fold_2,1,17,4,1.0,1.0,0,"Thời hạn luân chuyển, biệt phái công chức hiện nay là bao lâu?"
159938,fold_2,1,1,1,1.0,1.0,0,Thông tin cần có để áp dụng phương pháp chi phí tái tạo xác định giá trị của một tài sản vô hình là những thông tin gì?
32968,fold_0,1,1,1,1.0,1.0,0,Việc quản lý và bảo vệ hành lang an toàn kỹ thuật của hệ thống anten quân sự được thực hiện dựa trên những nguyên tắc nào?
168446,fold_0,1,1,1,1.0,1.0,0,"Phấn đấu đến năm 2025 quy mô vốn hóa thị trường cổ phiếu đạt 100% GDP, dư nợ thị trường trái phiếu đạt tối thiểu 47% GDP?"
131746,fold_2,1,>100,>100,0.0,0.0,0,Trường hợp nộp hồ sơ trực tiếp tại cơ quan tiếp nhận thì cần lưu ý gì về hồ sơ?
4876,fold_3,1,1,5,1.0,1.0,0,Nguyên tắc bảo vệ bí mật nhà nước được quy định ra sao?
119158,fold_3,2,1,1,1.0,1.0,0,Thủ tục đề nghị miễn chấp hành án phạt cải tạo không giam giữ đối với người bị kết án lập công như thế nào?
76016,fold_4,1,1,41,1.0,1.0,0,Điểm du lịch cộng đồng cần tuân thủ những quy định gì để đảm bảo vệ sinh môi trường và an ninh an toàn?
29852,fold_0,1,1,1,1.0,1.0,0,Văn bản đề nghị đăng ký hoạt động dịch vụ đưa người lao động Việt Nam đi làm việc tại Đài Loan là mẫu nào?
129452,fold_2,1,92,>100,1.0,1.0,0,Có sử dụng hóa đơn thương mại cho việc xuất nhập khẩu hay không?
158858,fold_2,1,1,65,1.0,1.0,0,Ủy viên thường trực Ban Chỉ đạo quốc gia về xây dựng các đơn vị hành chính kinh tế đặc biệt là Bộ trưởng Bộ Nội vụ thì có nhiệm vụ gì?
68598,fold_2,1,1,1,1.0,1.0,0,Thủ tục xét tặng Giải thưởng Hồ Chí Minh về khoa học và công nghệ tại Hội đồng xét tặng giải thưởng chuyên ngành cấp nhà nước?
113644,fold_4,1,1,14,1.0,1.0,0,Trường Cao đẳng nghề Thương mại và Công nghiệp có những quyền hạn gì?
99850,fold_0,2,4,>100,1.0,1.0,0,"Tình hình thực hiện công tác xây dựng thể chế, pháp luật năm 2022 được đánh giá như thế nào?"
71226,fold_0,1,3,57,1.0,1.0,0,"Quy định về chế độ thu, nộp quỹ phòng chống thiên tai hiện nay ra sao?"
106846,fold_4,1,1,1,1.0,1.0,0,Quyền hạn của Quỹ Ngôi nhà cộng đồng được quy định thế nào?
30404,fold_3,1,1,2,1.0,1.0,0,Di chúc là gì? Có mấy loại di chúc?
73098,fold_4,1,18,2,1.0,1.0,0,Các hình thức thông qua nghị quyết Đại hội đồng cổ đông trong Công ty Cổ phần?
120062,fold_2,1,8,10,1.0,1.0,0,Mã số chức danh nghề nghiệp của cảng vụ viên hàng hải hạng 1 là gì?
65272,fold_0,1,2,4,1.0,1.0,0,Bằng khen của Bộ trưởng Bộ Quốc phòng được trao tặng khi nào?
154486,fold_4,1,2,11,1.0,1.0,0,Thực hiện phản ánh kiến nghị trên Cổng thông tin điện tử Bộ Nội vụ bằng cách nào?
119600,fold_2,1,1,>100,1.0,1.0,0,Trách nhiệm của các cơ quan quản lý nhà nước đối với việc thực hiện các biện pháp lâm sinh được quy định như thế nào?
55022,fold_0,1,3,21,1.0,1.0,0,Cảnh sát viên cao cấp của Cảnh sát biển Việt Nam có nhiệm kỳ bao nhiêu năm?
86350,fold_0,1,1,1,1.0,1.0,0,Cách thức định danh đơn nhất đơn vị logistic và thông tin về cơ sở trồng trọt phải đáp ứng những yêu cầu chung gì?
80480,fold_2,1,1,2,1.0,1.0,0,Các trường hợp nào thì không được hưởng bảo hiểm y tế?
77918,fold_3,1,10,2,1.0,1.0,0,Thay đổi người trực tiếp nuôi con sau khi ly hôn
53584,fold_4,1,3,7,1.0,1.0,0,Kinh phí hoạt động của Cổng thông tin điện tử Bộ Nông nghiệp và Phát triển nông thôn từ đâu?
122320,fold_3,1,1,1,1.0,1.0,0,Chất lượng của táo tây quả tươi hạng II phải đáp ứng những yêu cầu tối thiểu nào?
147546,fold_2,1,1,12,1.0,1.0,0,Thủ trưởng cơ quan quản lý nhà nước có trách nhiệm xử lý các sai phạm về hành chính trong thời hạn bao lâu kể từ khi nhận được kết luận thanh tra?
51972,fold_0,1,18,12,1.0,1.0,0,Thời giờ làm việc bình thường của lao động nữ được quy định như thế nào?
107590,fold_2,1,27,7,1.0,1.0,0,Hồ sơ đăng ký dự tuyển và hồ sơ nhập học vào lớp 10 THPT năm học 2023-2024 bao gồm những gì?
126358,fold_0,1,1,9,1.0,1.0,0,Lễ 30/4 nhà nước có tiến hành việc xét giảm thời hạn chấp hành án phạt tù cho phạm nhân không?
117514,fold_4,1,3,2,1.0,1.0,0,"Cơ quan nhà nước tổ chức ngoài trời lễ 30/4 kỷ niệm ngày Giải phóng miền Nam, thống nhất đất nước được trang trí như thế nào?"
107566,fold_0,1,22,4,1.0,1.0,0,"Số lượng, thành phần đoàn đánh giá tổ chức kiểm định chất lượng giáo dục của Bộ Giáo dục và Đào tạo ra sao?"
143096,fold_4,1,8,1,1.0,1.0,0,Dịch vụ giao dịch chứng khoán trực tuyến là gì?
15858,fold_0,2,7,1,1.0,1.0,0,Mua vé số mà trúng thưởng thì giải thưởng bao nhiêu người mua sẽ phải nộp thuế thu nhập cá nhân?
69366,fold_2,1,1,2,1.0,1.0,0,Điều kiện đối với người học lái xe quân sự là gì?
98570,fold_3,1,>100,>100,0.0,0.0,0,Thực hiện nhiệm vụ được cơ quan quản lý nhà nước giao như thế nào?
146300,fold_0,1,1,>100,1.0,1.0,0,Dự án đầu tư là gì?
105124,fold_4,1,>100,9,1.0,1.0,0,Quỹ bình ổn giá xăng dầu được thực hiện như thế nào?
148548,fold_2,1,3,>100,1.0,1.0,0,"Để trở thành Cộng tác viên thanh tra ngành Xây dựng thì công chức, viên chức phải đáp ứng những điều kiện nào?"
97374,fold_3,1,1,16,1.0,1.0,0,Đơn đề nghị miễn tạm ứng án phí phải bao gồm những nội dung gì?
53652,fold_3,1,1,2,1.0,1.0,0,Hội Hữu nghị Việt Nam và Tây Ban Nha có tư cách pháp nhân không?
40420,fold_3,2,1,5,1.0,1.0,0,Có phải loại chứng khoán nào muốn đưa vào hoạt động cũng phải tiến hành đăng ký tại Tổng công ty lưu ký và bù trừ chứng khoán Việt Nam không?
88386,fold_4,1,10,32,1.0,1.0,0,Người bị down đang nằm viện có được hưởng trợ cấp hàng tháng không?
139348,fold_4,1,1,60,1.0,1.0,0,Công an xã lợi dụng quyền hạn để gây phiền hà cho người dân có phải là hành vi vi phạm pháp luật hay không?
82688,fold_0,1,1,1,1.0,1.0,0,Trách nhiệm của tổ chức kiểm định chất lượng giáo dục trong việc quản lý và đánh giá kiểm định viên giáo dục đại học và cao đẳng sư phạm là gì?
81134,fold_2,1,1,27,1.0,1.0,0,Hệ thống thông tin và cơ sở dữ liệu quốc gia về quy hoạch được xây dựng nhằm mục đích gì?
73710,fold_4,1,>100,1,1.0,1.0,0,Hối phiếu đòi nợ đến hạn thanh toán thì người thụ hưởng có được xuất trình hối phiếu đòi nợ tại địa điểm thanh toán hay không?
100302,fold_3,1,2,>100,1.0,1.0,0,Việc trả lương cho người lao động cần đảm bảo nguyên tắc gì?
71490,fold_1,1,>100,10,1.0,1.0,0,Thủ tục hồ sơ giảm thuế đối với trường hợp người nộp thuế mắc bệnh hiểm nghèo?
119502,fold_2,1,>100,>100,0.0,0.0,0,Tôm sú giống mắc bệnh đầu vàng ở tôm thì sẽ có những triệu chứng lâm sàng như thế nào?
24070,fold_3,1,1,>100,1.0,1.0,0,Ai có quyền quyết định thu hồi thẻ nhà báo với người bị cơ quan tiến hành tố tụng quyết định khởi tố?
77320,fold_1,1,31,45,1.0,1.0,0,"Doanh nghiệp quản lý, thanh lý tài sản cho tổ chức khác mượn giấy chứng nhận đăng ký doanh nghiệp của mình để hành nghề thì bị xử phạt thế nào?"
35942,fold_1,1,2,2,1.0,1.0,0,Khoảng thời gian nào không được tính phụ cấp thâm niên cho quân nhân chuyên nghiệp?
111552,fold_4,1,22,1,1.0,1.0,0,Người học ngành chế biến và bảo quản thủy sản trình độ trung cấp sau khi tốt nghiệp có thể làm những công việc nào?
55166,fold_1,2,16,>100,1.0,1.0,0,Biểu mức tiền bản quyền do ai xây dựng?
72430,fold_4,1,50,4,1.0,1.0,0,Cơ quan nào có thẩm quyền kiểm tra nghiệm thu công trình xây dựng?
4446,fold_2,1,2,1,1.0,1.0,0,Vụ Kiểm toán nội bộ Ngân hàng nhà nước có trách nhiệm và quyền hạn gì trong hoạt động kiểm toán nội bộ Ngân hàng Nhà nước?
113902,fold_4,1,>100,9,1.0,1.0,0,Giám đốc thẩm có xem xét lại bản án chưa có hiệu lực hay không?
31052,fold_3,2,2,3,1.0,1.0,0,Những người nào thuộc đối tượng tham gia bảo hiểm y tế hộ gia đình?
139226,fold_4,1,1,>100,1.0,1.0,0,Hành vi nào bị cấm trong lĩnh vực bảo hiểm y tế?
89038,fold_0,1,5,44,1.0,1.0,0,Có bắt buộc phải đội mũ bảo hiểm khi đi trên đường?
150396,fold_2,2,23,1,1.0,1.0,0,Hồ sơ đề nghị bổ sung Giấy phép nhận chìm ở biển được thẩm định theo những nội dung nào?
63562,fold_3,1,9,>100,1.0,1.0,0,TPHCM đề xuất tăng gấp đôi mức phạt tiền trong Nghị định 100/2019/NĐ-CP đối với các hành vi vi phạm giao thông đường bộ?
62298,fold_4,1,46,>100,1.0,1.0,0,Nếu không trả trợ cấp thôi việc cho người lao động thì có bị gì không?
109394,fold_1,1,1,14,1.0,1.0,0,Bộ Tư pháp sẽ xem xét cấp ý kiến pháp lý đối với các văn bản nào?
84872,fold_1,1,1,1,1.0,1.0,0,"Điểm tối đa mà Viên chức Viện kiểm sát nhân dân có thể đạt được khi thực hiện đánh giá, xếp loại viên chức được quy định ra sao?"
23754,fold_4,1,1,27,1.0,1.0,0,"Thời điểm đánh giá, xếp loại chất lượng hằng năm đối với viên chức ra sao?"
121418,fold_2,1,7,9,1.0,1.0,0,"Nhiệm vụ, quyền hạn của Thư ký Tòa án nhân dân tối cao được quy định thế nào?"
161148,fold_0,1,6,>100,1.0,1.0,0,"Trách nhiệm của chủ phương tiện và tổ chức, cá nhân thuê phương tiện thủy nội địa được sửa đổi như thế nào?"
162990,fold_1,1,25,>100,1.0,1.0,0,"Cung cấp, cập nhật thông tin, dữ liệu cho cơ sở dữ liệu môi trường"
31778,fold_3,2,2,12,1.0,1.0,0,Việc đăng ký lại kết hôn được tiến hành theo thủ tục như thế nào? Quan hệ hôn nhân khi đăng ký lại kết hôn được tính từ ngày nào?
73294,fold_1,1,10,4,1.0,1.0,0,Tên do ba mẹ đặt gây nhầm lẫn thì cá nhân có được quyền thay đổi tên hay không?
161852,fold_0,1,1,6,1.0,1.0,0,"Trình tự, thủ tục tuyển dụng quân nhân chuyên nghiệp quy định như thế nào?"
122184,fold_0,1,10,15,1.0,1.0,0,"Hồ sơ thực hiện thủ tục đóng tạm thời cảng hàng không, sân bay khi gặp tình huống bất thường khác uy hiếp đến an toàn hàng không, an ninh hàng ra sao?"
159704,fold_2,1,1,1,1.0,1.0,0,Cơ sở văn hóa nước ngoài tại Việt Nam đề nghị cấp Giấy chứng nhận nộp hồ sơ đến cơ quan nào?
127740,fold_0,1,3,2,1.0,1.0,0,Trong quá trình giám sát phát hiện có dấu hiệu tham nhũng tài sản nhà nước thì Ban thanh tra nhân dân ở phường xử lý như thế nào?
89788,fold_3,1,10,22,1.0,1.0,0,"Quyền kiến nghị của nhà thầu, nhà đầu tư được quy định như thế nào?"
69700,fold_2,1,9,1,1.0,1.0,0,Cơ quan nào chịu trách nhiệm kiểm tra lưu hành đối với xe chở hàng bốn bánh có gắn động cơ?
149852,fold_0,1,9,3,1.0,1.0,0,"Khi có đề nghị của Văn phòng BHXH Việt Nam thì đơn vị nào có trách nhiệm công khai kết quả trả lời phản ánh, kiến nghị về quy định hành chính?"
712,fold_4,1,4,2,1.0,1.0,0,Lô hàng trước khi lấy mẫu thức ăn chăn nuôi cần phải được kiểm tra theo quy trình nào?
16400,fold_2,1,71,3,1.0,1.0,0,Đối tượng nào được hưởng chế độ thai sản khi tránh thai?
63280,fold_3,1,3,8,1.0,1.0,0,"Các phương thức thanh toán chi phí khám bệnh, chữa bệnh khi dùng bảo hiểm y tế?"
92192,fold_2,1,9,16,1.0,1.0,0,Gia công trong thương mại được pháp luật quy định như thế nào?
117808,fold_3,1,1,32,1.0,1.0,0,Cơ sở tiếp nhận đơn yêu cầu công nhận sáng kiến có trách nhiệm bảo quản và lưu trữ thế nào?
148394,fold_0,1,12,69,1.0,1.0,0,Uống rượu bia rồi điều khiển xe máy tham gia giao thông bị phạt bao nhiêu?
119086,fold_2,1,4,>100,1.0,1.0,0,Hồ sơ nghiệp vụ kiểm sát có bao gồm hồ sơ thanh quyết toán không?
67508,fold_0,2,1,1,1.0,1.0,0,Cơ sở kinh doanh casino có thể dùng ngoại tệ để trao đổi với người chơi hay không?
98936,fold_0,1,1,1,1.0,1.0,0,Phát triển khoa học và công nghệ để phát huy tiềm năng và nguồn lực ứng phó hiệu quả với biến đổi khí hậu?
87732,fold_3,1,29,3,1.0,1.0,0,Người phạm tội xâm phạm quyền tố cáo có đương nhiên được xóa án tích khi đã chấp hành xong hình phạt không?
123650,fold_3,1,55,12,1.0,1.0,0,Quyết định công nhận thuận tình ly hôn của hai bên có hiệu lực khi nào?
30232,fold_4,1,7,51,1.0,1.0,0,Người phạm tội tự thú sẽ bị tạm giữ là bao nhiêu ngày?
157464,fold_4,1,1,51,1.0,1.0,0,Đơn vị sự nghiệp công lập tự chủ hoàn toàn căn cứ vào đâu để tuyển dụng viên chức?
101150,fold_1,1,>100,1,1.0,1.0,0,Đo nồng độ cồn 0.45mg/lít khí thở có bị hốt xe máy hay tước bằng lái xe không?
166546,fold_0,2,1,1,1.0,1.0,0,"Thời hạn gửi báo cáo kết quả thực hành tiết kiệm, chống lãng phí là khi nào?"
146468,fold_3,1,1,1,1.0,1.0,0,Mục đích hoạt động của Hội Quy hoạch phát triển đô thị Việt Nam là gì?
161142,fold_0,1,15,15,1.0,1.0,0,Việc hủy bỏ hủy bỏ hiệu lực Giấy chứng nhận hoạt động của tổ chức khoa học công nghệ có cần phải công bố công khai không?
65176,fold_0,1,8,1,1.0,1.0,0,Ban Biên tập Cổng Thông tin điện tử Bảo hiểm xã hội Việt Nam có chế độ họp và báo cáo như thế nào?
140352,fold_4,1,1,52,1.0,1.0,0,Trách nhiệm của chủ xe được miễn kiểm định lần đầu như thế nào?
133468,fold_0,1,11,2,1.0,1.0,0,"Sau khi biết điểm thi tốt nghiệp THPT, thí sinh muốn phúc khảo bài thi cần lưu ý điều gì?"
107066,fold_2,1,1,1,1.0,1.0,0,Mẫu giấy phép lái tàu trên đường sắt đô thị mới nhất hiện nay?
143576,fold_2,1,2,5,1.0,1.0,0,Các trường hợp nào chưa xem xét tinh giản biên chế?
3848,fold_1,1,2,1,1.0,1.0,0,Thời hạn giải quyết yêu cầu cấp phép hoạt động cung cấp dịch vụ chứng thực chữ ký số công cộng là bao lâu?
164428,fold_4,1,1,1,1.0,1.0,0,08 nhóm giải pháp được đề ra trong Kế hoạch phòng chống dịch bệnh truyền nhiễm năm 2023 là gì?
135566,fold_0,1,58,6,1.0,1.0,0,Nội dung kiểm tra chất lượng thức ăn chăn nuôi nhập khẩu bao gồm những nội dung nào?
138284,fold_0,1,10,11,1.0,1.0,0,Tại nơi đường sắt giao cắt đường bộ thì quyền ưu tiên sẽ thuộc về phương tiện giao thông nào?
83994,fold_0,1,1,1,1.0,1.0,0,Đại hội toàn quốc của Hội Đá quý Việt Nam có nhiệm vụ như thế nào?
119894,fold_3,1,1,10,1.0,1.0,0,Việc xử lý hồ sơ đề nghị nâng bậc lương trước thời hạn đối với công chức đã có thông báo nghỉ hưu tại Thành phố Hồ Chí Minh gồm bao nhiêu bước thực hiện?
25186,fold_4,1,2,1,1.0,1.0,0,Giám đốc Trung tâm dịch vụ đấu giá tài sản có bắt buộc phải là đấu giá viên không?
161244,fold_4,1,1,1,1.0,1.0,0,"Bảo vệ địa điểm khảo cổ sau thăm dò, khai quật khảo cổ bao gồm những nội dung gì?"
92848,fold_3,1,1,2,1.0,1.0,0,Tự bảo vệ dữ liệu cá nhân là quyền hay nghĩa vụ của chủ thể dữ liệu?
13456,fold_4,1,21,50,1.0,1.0,0,Không quyết toán thuế thu nhập cá nhân bị xử phạt như thế nào theo quy định của pháp luật hiện hành?
5954,fold_3,1,6,1,1.0,1.0,0,"Sẽ rà soát, xây dựng hệ thống tiêu chuẩn, quy chuẩn kỹ thuật về đo đạc và bản đồ tiếp cận với các tiêu chuẩn quốc tế?"
39186,fold_1,1,4,>100,1.0,1.0,0,Quyền và nghĩa vụ học tập của công dân được quy định như thế nào?
51602,fold_1,1,>100,19,1.0,1.0,0,Nếu hợp tác xã tiếp tục hoạt động trong thời gian đã thông báo tạm ngừng hoạt động thì có bị xử phạt hay không?
138736,fold_2,1,2,1,1.0,1.0,0,Hội Khoa học kỹ thuật Nhiệt Việt Nam có tư cách pháp nhân hay không?
6222,fold_1,1,>100,>100,0.0,0.0,0,Cách đăng ký người phụ thuộc để giảm trừ gia cảnh năm 2022?
13196,fold_4,1,3,3,1.0,1.0,0,Tổ chức chủ trì dự án điều tra cơ bản của Ủy ban Dân tộc muốn đánh giá dự án thì trong hồ sơ đánh giá dự án gồm những gì?
154514,fold_4,1,1,2,1.0,1.0,0,Giấy phép phân phối sản phẩm thuốc lá được cấp khi đáp ứng những điều kiện nào?
127634,fold_4,2,14,87,1.0,1.0,0,Trách nhiệm đóng bảo hiểm xã hội của người lao động ra sao?
4758,fold_0,1,10,4,1.0,1.0,0,"Thực hiện các dự án, nhiệm vụ thường xuyên theo chức năng dự toán ngân sách nhà nước từ nguồn kinh phí sự nghiệp bảo vệ môi trường?"
165644,fold_4,1,1,1,1.0,1.0,0,Hoạt động khí tượng thủy văn dựa trên nguyên tắc nào theo Luật Khí tượng thủy văn?
149138,fold_2,2,9,1,1.0,1.0,0,"Nộp đơn yêu cầu xử lý hành vi xâm phạm quyền tác giả, quyền liên quan tại cơ quan nào?"
161744,fold_4,1,1,3,1.0,1.0,0,Đăng ký hộ tịch trực tuyến thì có được nhận kết quả bản giấy không?
82982,fold_1,1,14,3,1.0,1.0,0,Người lợi dụng chức vụ quyền hạn phạm tội đánh tháo người bị tạm giữ thì bị phạt bao nhiêu năm tù?
128754,fold_4,1,1,3,1.0,1.0,0,Yêu cầu đối với nội dung về cạn kiệt nguồn nước trong báo cáo tài nguyên nước quốc gia được quy định thế nào?
67456,fold_2,1,1,>100,1.0,1.0,0,Thế nào là tiền giả? Trách nhiệm thu giữ tiền giả được quy định thế nào?
146546,fold_3,1,>100,19,1.0,1.0,0,Nếu khai hải quan điện tử thì người khai phải nộp chứng từ có liên quan thuộc hồ sơ hải quan khi nào?
8758,fold_3,1,1,63,1.0,1.0,0,Trường hợp bên cung cấp dịch vụ không giải quyết khiếu nại trong thời hạn giải quyết khiếu nại thì xử lý thế nào?
50608,fold_2,1,16,>100,1.0,1.0,0,Quyền và nghĩa vụ của Chủ tịch Hội đồng quản lý đơn vị sự nghiệp công lập quy định ra sao?
163072,fold_3,1,27,5,1.0,1.0,0,Quyền hạn của ban quản lý rừng đặc dụng là gì?
129094,fold_4,1,1,23,1.0,1.0,0,"Có thể sao, chụp tài liệu bí mật nhà nước bằng hình thức sao y bản chính hay không?"
151696,fold_4,1,16,12,1.0,1.0,0,"Xây dựng, thẩm định, ban hành quy chuẩn kỹ thuật môi trường?"
816,fold_4,1,>100,4,1.0,1.0,0,Đối với hành vi mua bán trái phép 100g chất ma túy thì mức xử phạt ra sao?
153070,fold_1,1,44,5,1.0,1.0,0,Nghỉ việc trước khi sinh con có được hưởng chế độ thai sản?
106966,fold_1,1,5,>100,1.0,1.0,0,Chủ đầu tư muốn được bảo lãnh tín dụng đầu tư trong hệ thống Ngân hàng Phát triển Việt Nam cần đáp ứng điều kiện gì?
48408,fold_4,1,21,87,1.0,1.0,0,Xe máy chuyên dùng là gì?
57612,fold_3,1,23,>100,1.0,1.0,0,Phó Chánh án Tòa án nhân dân quận có trách nhiệm như thế nào?
50552,fold_4,2,14,2,1.0,1.0,0,Khai thác đất để san lấp trên chính diện tích đó có được miễn thuế tài nguyên và phí bảo vệ môi trường không?
101456,fold_4,1,2,2,1.0,1.0,0,"Chủ tịch Ủy ban nhân dân cấp tỉnh có quyền xử phạt doanh nghiệp kinh doanh casino không cấp thẻ điện tử để kiểm soát các đối tượng được ra, vào Điểm kinh doanh không?"
80016,fold_3,1,7,3,1.0,1.0,0,Những người nào sẽ không được công chứng di chúc?
86018,fold_4,1,27,8,1.0,1.0,0,Hồ sơ của người được đề nghị tiếp nhận không qua thi tuyển và xét tuyển vào công chức cấp xã
126634,fold_3,1,4,10,1.0,1.0,0,Nguồn điện cung cấp cho thiết bị giám sát hàng không như thế nào?
14974,fold_1,1,1,1,1.0,1.0,0,Đối tượng xét tặng Kỷ niệm chương về các lĩnh vực thuộc thẩm quyền quản lý của Bộ Nội vụ là những ai?
25076,fold_2,1,3,63,1.0,1.0,0,Hồ sơ đề nghị cho người nước ngoài thường trú tại Việt Nam gồm những gì?
109216,fold_2,1,1,9,1.0,1.0,0,Chánh Văn phòng Hội đồng nhân dân tỉnh có phải là công chức cấp tỉnh không?
67292,fold_2,1,6,2,1.0,1.0,0,Có được luân chuyển công chức đối với những trường hợp có uy tín giảm sút hay không?
143168,fold_4,1,4,28,1.0,1.0,0,Trách nhiệm của giáo viên khi dạy thêm là gì?
20390,fold_0,1,1,1,1.0,1.0,0,"Nguyên giá, giá trị còn lại của tài sản kết cấu hạ tầng giao thông đường thủy nội địa được xác định theo nguyên tắc nào?"
27796,fold_4,1,1,31,1.0,1.0,0,Sáng kiến cấp Văn phòng Quốc hội phải đạt bao nhiêu điểm thì mới được công nhận?
155492,fold_0,1,3,3,1.0,1.0,0,Nội dung hoạt động của Phòng thí nghiệm nghiên cứu về sinh vật biến đổi gen được quy định thế nào?
59654,fold_1,1,14,28,1.0,1.0,0,"Trình tự, thủ tục thành lập Hội đồng định giá, định giá tài sản trong vụ án dân sự được quy định như thế nào?"
34040,fold_2,1,1,>100,1.0,1.0,0,"Xác định tiêu chuẩn, định mức sử dụng trang thiết bị y tế chuyên dùng thế nào?"
167846,fold_0,1,18,43,1.0,1.0,0,Trình tự thực hiện đăng ký mở thêm chi nhánh của công ty hợp danh như nào?
9638,fold_3,1,34,28,1.0,1.0,0,"Hồ sơ chứng minh đối tượng, điều kiện để được hưởng chính sách hỗ trợ về nhà ở xã hội bao gồm những giấy tờ gì?"
64712,fold_2,1,3,1,1.0,1.0,0,Quy định về chủ cảng thủy nội địa theo quy định pháp luật
71920,fold_1,1,2,1,1.0,1.0,0,Nếu quá thời hạn thuê tàu định hạn thì người thuê tàu có quyền tiếp tục sử dụng tàu đã thuê hay không?
49554,fold_1,1,2,>100,1.0,1.0,0,"Bảo hiểm Việt Nam có vị trí, chức năng như thế nào?"
161032,fold_1,2,>100,>100,0.0,0.0,0,Viên chức được bổ nhiệm chức danh nghiên cứu viên cao cấp có mức lương cụ thể là bao nhiêu?
111474,fold_2,1,1,6,1.0,1.0,0,Trong Hội đồng Thuốc và điều trị trong bệnh viện ai là người chịu trách nhiệm tổng hợp tài liệu liên quan về thuốc cho các buổi họp?
69884,fold_0,1,1,>100,1.0,1.0,0,Cán bộ trong việc công nhận khả năng kiểm định phương tiện đo phải có trách nhiệm trong công việc như thế nào?
129892,fold_0,1,2,>100,1.0,1.0,0,Hộ kinh doanh có được đăng ký ngành nghề sản xuất điện mặt trời không hay không?
42428,fold_0,1,1,>100,1.0,1.0,0,Muốn thành lập Ban dân tộc của Hội đồng nhân dân huyện cần đảm bảo điều kiện gì?
111790,fold_1,1,5,19,1.0,1.0,0,Khi mua đất có cần đăng ký biến động đất đai không?
139902,fold_2,1,1,28,1.0,1.0,0,Trình tự đăng ký hoạt động của chi nhánh tổ chức hành nghề luật sư được quy định như thế nào?
67148,fold_4,2,7,14,0.5,0.5,0,Việc triển khai thư điện tử và cổng thông tin điện tử của Trung tâm giáo dục thường xuyên phải đáp ứng những yêu cầu gì?
11076,fold_0,1,1,15,1.0,1.0,0,Nguyên tắc thiết kế cấu trúc dữ liệu thông tin đầu vào cơ sở dữ liệu tài liệu lưu trữ của cơ quan nhà nước được quy định ra sao?
79240,fold_0,1,>100,16,1.0,1.0,0,Trường hợp cá nhân thực hiện thăm dò khoáng sản mà không có giấy phép làm chết người thì sẽ bị xử phạt ra sao?
25216,fold_4,1,1,1,1.0,1.0,0,Tổ sát hạch cấp giấy phép lái tàu do ai thành lập? Tổ sát hạch có ít nhất bao nhiêu thành viên?
160846,fold_1,1,1,>100,1.0,1.0,0,Cửa hàng hàng hóa của Lào tại Việt Nam thì được phép bán những hàng hóa nào?
96706,fold_2,1,95,3,1.0,1.0,0,Người phạm tội chiếm đoạt tài liệu bí mật công tác bị bệnh hiểm nghèo có được giảm thời hạn chấp hành hình phạt không?
91114,fold_0,1,4,34,1.0,1.0,0,Tiêu chuẩn thẩm định giá Việt Nam được quy định ra sao?
149338,fold_0,1,1,82,1.0,1.0,0,Tham nhũng là gì?
140064,fold_1,2,15,2,1.0,1.0,0,"Việc bổ nhiệm, thay đổi chức danh nghề nghiệp được thực hiện theo những nguyên tắc nào?"
82798,fold_3,1,1,>100,1.0,1.0,0,Thanh tra viên chính Công an nhân dân cần đáp ứng đủ các tiêu chuẩn về trình độ thế nào?
149898,fold_0,1,>100,5,1.0,1.0,0,Hủy bỏ quyết định áp dụng thủ tục rút gọn trong trường hợp nào?
119584,fold_0,1,>100,33,1.0,1.0,0,Thời hạn quy hoạch đối với quy hoạch phân khu xây dựng khu du lịch được xác định trên cơ sở nào?
120298,fold_2,1,13,7,1.0,1.0,0,Hồ sơ hưởng chế độ hỗ trợ chi phí học tập thì có cần giấy khai sinh và sổ hộ khẩu thường trú không?
8704,fold_0,1,6,7,1.0,1.0,0,"Giấy chứng nhận quyền sử dụng đất, quyền sở hữu nhà ở và tài sản khác gắn liền với đất theo quy định của pháp luật"
67806,fold_1,1,1,1,1.0,1.0,0,"Tiểu đội trưởng Ban chỉ huy quân sự cấp xã dùng lời nói xúc phạm nhân phẩm, danh dự của đồng đội thì sẽ bị xử lý bằng hình thức gì?"
22298,fold_3,2,1,8,1.0,1.0,0,Việc quản lý vận hành nhà chung cư do ai thực hiện?
112124,fold_0,1,1,1,1.0,1.0,0,"Việc áp dụng biện pháp ngăn chặn, phòng ngừa đối với vi phạm pháp luật trong hoạt động công vụ của công chức quản lý thị trường ra sao?"
9374,fold_3,1,2,31,1.0,1.0,0,Thời hạn ra quyết định thi hành án theo yêu cầu là bao lâu?
130744,fold_1,1,1,44,1.0,1.0,0,Công chức tài nguyên và môi trường có trách nhiệm với bản thân thế nào theo chuẩn mực đạo đức nghề nghiệp?
65042,fold_0,1,1,5,1.0,1.0,0,Nhiệm vụ của Hội Hỗ trợ phát triển kinh tế miền núi là gì?
59052,fold_3,1,6,1,1.0,1.0,0,Khi người lao động hưởng trợ cấp thất nghiệp thì có được đóng bảo hiểm xã hội tự nguyện hay không?
84276,fold_1,1,1,1,1.0,1.0,0,Quyền của hội viên chính thức Hội Nuôi dưỡng đường tĩnh mạch và đường tiêu hóa Việt Nam là gì?
66926,fold_3,1,1,>100,1.0,1.0,0,"Quyền của cơ quan, tổ chức, cá nhân chịu sự giám sát được quy định cụ thể như thế nào?"
97270,fold_0,1,18,15,1.0,1.0,0,Không nộp xuất bản phẩm cho Thư viện quốc gia Việt Nam thì nhà xuất bản bị xử phạt vi phạm hành chính thế nào?
139924,fold_2,1,10,>100,1.0,1.0,0,"Phương thức thực hiện xây dựng, sửa chữa nhà ở được quy định như thế nào?"
119666,fold_3,1,4,7,1.0,1.0,0,Trong các hoạt động xúc tiến du lịch thì việc cơ quan du lịch nước ngoài muốn thành lập văn phòng đại diện tại Việt Nam thì sẽ cần hồ sơ và trình tự thực hiện như thế nào?
67126,fold_0,1,51,4,1.0,1.0,0,Công chức cấp xã có năm bị kỷ luật thì phụ cấp thâm niên vượt khung được tính như thế nào?
130352,fold_4,1,13,4,1.0,1.0,0,"Phó Trưởng Ban Chỉ đạo chống buôn lậu, gian lận thương mại và hàng giả có trách nhiệm như thế nào?"
45638,fold_0,1,6,25,1.0,1.0,0,Tiêu chuẩn và điều kiện của phụ trách kế toán được quy định như thế nào?
121426,fold_1,1,11,5,1.0,1.0,0,Các điều kiện mà điểm cung cấp dịch vụ viễn thông đã thực hiện giao kết hợp đồng theo mẫu phải tuân thủ là gì?
104134,fold_3,1,1,1,1.0,1.0,0,Giờ dạy của giáo viên mầm non được quy định ra sao?
76638,fold_4,2,>100,4,0.5,0.5,0,"Trách nhiệm của Bộ Y tế trong việc hoàn thiện dự thảo Báo cáo tổng kết, đánh giá việc thực hiện quy định tại Nghị quyết 30/2021/QH15?"
41600,fold_0,1,28,1,1.0,1.0,0,Người lợi dụng quyền quản trị mạng viễn thông để gây rối loạn hoạt động của mạng viễn thông là phụ nữ có thai thì có được giảm nhẹ trách nhiệm hình sự không?
75362,fold_4,1,6,1,1.0,1.0,0,Hồ sơ đề nghị chủ đầu tư xác nhận vào văn bản chuyển nhượng hợp đồng mua bán nhà ở thương mại gồm những giấy tờ gì?
90992,fold_3,1,2,4,1.0,1.0,0,Người lao động đơn phương chấm dứt hợp đồng lao động trái pháp luật thì có được hưởng trợ cấp thất nghiệp hay không?
46330,fold_0,1,1,>100,1.0,1.0,0,Đào tạo sĩ quan dự bị thì tuyển chọn những đối tượng như thế nào?
93130,fold_0,1,69,89,1.0,1.0,0,Tiêu chuẩn của Chủ tịch nước là gì?
50688,fold_4,1,29,6,1.0,1.0,0,Mẫu đơn đề nghị giải quyết chuyển quyền sử dụng đất liền kề với nhà ở cũ thuộc sở hữu nhà nước được quy định thế nào?
24502,fold_1,1,1,14,1.0,1.0,0,Nguồn kinh phí thực hiện chính sách nội trú dành cho người dân tộc Kinh thuộc hộ nghèo tại vùng biên giới học trường trung cấp nghề được lấy từ đâu?
31562,fold_0,1,40,1,1.0,1.0,0,Hoạt động quá cảnh lãnh thổ Việt Nam nguyên liệu làm thuốc là dược chất gây nghiện phải được sự cho phép của cơ quan nào?
163880,fold_0,1,1,1,1.0,1.0,0,Ban Chỉ đạo về xây dựng và thực hiện Quy chế dân chủ ở cơ sở Bộ Giao thông vận tải có chức năng gì?
112142,fold_2,1,1,3,1.0,1.0,0,Người có uy tín trong đồng bào dân tộc thiểu số thuộc đối tượng được hưởng nhiều chính sách hỗ trợ thì giải quyết thế nào?
55940,fold_4,1,1,1,1.0,1.0,0,Mức hỗ trợ và thời gian hỗ trợ học phí cho sinh viên trúng tuyển ngành sư phạm?
123982,fold_4,1,2,59,1.0,1.0,0,Hồ sơ đề nghị chấp thuận Lãnh sự danh dự bao gồm những gì?
145162,fold_2,1,5,>100,1.0,1.0,0,Viên chức đăng kiểm hạng 1 thực hiện những nhiệm vụ như thế nào?
25452,fold_1,1,1,1,1.0,1.0,0,Thủ trưởng đơn vị sử dụng Hệ thống thư điện tử Tổng cục Thống kê có trách nhiệm như thế nào?
94236,fold_3,1,1,1,1.0,1.0,0,Trách nhiệm của Ban kiểm soát đối với hệ thống kiểm soát nội bộ của tổ chức tín dụng được quy định thế nào?
141618,fold_2,1,1,2,1.0,1.0,0,Hành khách có hành lý ký gửi trên đường thủy nội địa khi nhận lại hành lý đã ký gửi cần xuất trình những giấy tờ gì?
81434,fold_0,1,7,37,1.0,1.0,0,Điều kiện chung về bảo đảm an toàn đối với thịt đông lạnh cần đáp ứng những gì?
119472,fold_1,2,1,1,1.0,1.0,0,Thủ tục đề nghị miễn chấp hành thời hạn cấm cư trú còn lại thực hiện như thế nào?
37938,fold_1,1,5,2,1.0,1.0,0,Người đại diện phần vốn của VIETTEL tại doanh nghiệp khác có phải báo cáo kịp thời về việc doanh nghiệp hoạt động thua lỗ không?
151542,fold_3,1,1,2,1.0,1.0,0,Thời gian nộp hồ sơ đề nghị hưởng trợ cấp thất nghiệp là khi nào?
144946,fold_3,2,19,29,1.0,1.0,0,Thủ tục khai thuế đối với cá nhân kinh doanh thuốc bảo vệ thực vật nộp thuế thu nhập cá nhân theo phương pháp kê khai như thế nào?
60206,fold_3,2,>100,69,0.5,0.5,0,Các hình thức xử phạt nào mà người cho vay nặng lãi có thể sẽ nhận khi tiến hành cho vay?
62870,fold_0,1,13,96,1.0,1.0,0,Các tiêu chuẩn chung mà Thanh tra viên cần phải có là gì?
120828,fold_0,1,1,2,1.0,1.0,0,Hồ sơ thanh lý đề tài nghiên cứu khoa học cấp ngành thuế gồm những gì?
37104,fold_2,1,10,1,1.0,1.0,0,"Nguyên tắc lựa chọn danh mục dự án, dự kiến mức vốn bố trí cho từng dự án trong kế hoạch đầu tư công trung hạn vốn ngân sách nhà nước là gì?"
149950,fold_1,1,1,2,1.0,1.0,0,Ban Chỉ đạo quốc gia Hội nhập quốc tế về giáo dục và khoa học công nghệ làm việc theo chế độ nào?
163378,fold_2,1,2,20,1.0,1.0,0,Nội dung chi của Hội đồng đấu giá tài sản cho hoạt động đấu giá tài sản bao gồm những chi phí nào?
168066,fold_2,1,27,1,1.0,1.0,0,Doanh nghiệp kiểm toán có bị xử phạt khi không thông báo Bộ Tài chính về việc mất Giấy chứng nhận đủ điều kiện kinh doanh dịch vụ kiểm toán?
134198,fold_1,1,2,40,1.0,1.0,0,Đơn vị nào có trách nhiệm hướng dẫn thực hiện chế độ quản lý tài chính đối với Quỹ Bảo vệ môi trường Việt Nam?
55800,fold_2,1,1,6,1.0,1.0,0,Gạo nếp trắng cần tuân thủ theo những yêu cầu gì về cảm quan và các chỉ tiêu chất lượng?
34416,fold_3,1,1,1,1.0,1.0,0,Cấp Giấy chứng nhận khả năng chuyên môn hoa tiêu hàng hải hạng Nhì đối với hoa tiêu hàng hải đã có GCNKNCMHTHH hạng Ba phải đáp ứng các điều kiện nào?
7456,fold_4,1,1,4,1.0,1.0,0,Trường hợp tham gia tập huấn phòng cháy chữa cháy mà bị thương thì có được hưởng chế độ hay không?
6046,fold_4,1,8,11,1.0,1.0,0,Cha mẹ có con là trẻ em khuyết tật thì sẽ có những nghĩa vụ và quyền hạn như thế nào?
14624,fold_2,1,10,46,1.0,1.0,0,Kỷ luật lao động đối với người lao động trong trường hợp nào?
64110,fold_1,1,1,32,1.0,1.0,0,Các môn thi trong kỳ tuyển dụng công chức của Bộ Tư pháp năm 2022 là gì?
65798,fold_1,1,1,3,1.0,1.0,0,Trình tự thủ tục hỗ trợ liên kết gắn sản xuất với tiêu thụ sản phẩm nông nghiệp thực hiện như thế nào?
9304,fold_3,1,27,35,1.0,1.0,0,Quyền khai thác thông tin của công chức Kiểm toán nhà nước và thành viên đoàn kiểm toán được quy định thế nào?
18836,fold_2,1,64,1,1.0,1.0,0,Hộ kê khai có phải thực hiện tiêu hủy hóa đơn đã mua còn tồn chưa sử dụng trong trường hợp chuyển đổi sang hóa đơn điện tử hay không?
164926,fold_2,1,29,3,1.0,1.0,0,Bị cáo có quyền kháng cáo bản án sơ thẩm không?
40284,fold_1,2,1,22,1.0,1.0,0,Cục Chế biến và Phát triển thị trường Nông sản có nhiệm vụ trình Bộ trưởng Bộ Nông nghiệp và Phát triển nông thôn những vấn đề gì?
39796,fold_0,1,>100,1,1.0,1.0,0,"Giám đốc Ban quản lý dự án chương trình, dự án sử dụng vốn ODA, vốn vay ưu đãi chịu trách nhiệm trước ai?"
136698,fold_1,1,7,3,1.0,1.0,0,Những người nào không được chia di sản thừa kế?
40434,fold_2,1,>100,1,1.0,1.0,0,Bưởi quả tươi hạng I sau khi sơ chế và đóng gói phải có chất lượng như thế nào?
83724,fold_3,1,2,10,1.0,1.0,0,"Các biện pháp khắc phục hậu quả đối với hoạt động bảo vệ môi trường tại cơ sở, khu sản xuất, kinh doanh, dịch vụ tập trung, cụm công nghiệp, làng nghề?"
124938,fold_3,2,2,69,1.0,1.0,0,Đảng đoàn Quốc hội có những quyền hạn gì?
55498,fold_4,1,1,1,1.0,1.0,0,Người học ngành kỹ thuật khai thác mỏ hầm lò trình độ trung cấp muốn tốt nghiệp phải hoàn thành tối thiểu bao nhiêu tín chỉ?
84096,fold_3,1,8,1,1.0,1.0,0,Có áp dụng hình thức kỷ luật giáng chức đối với công chức cấp huyện giữ chức vụ quản lý khi vi phạm quy định về trật tự an ninh xã hội gây hậu quả nghiêm trọng không?
12808,fold_4,2,14,2,1.0,1.0,0,"Xử lý như thế nào đối với phương tiện, công cụ phạm tội là tài sản được hình thành từ nguồn vốn tài sản chung của vợ chồng?"
102338,fold_2,1,1,4,1.0,1.0,0,Quy trình thực hiện kết nối với hệ thống thông tin quốc gia quản lý kê đơn thuốc và bán thuốc theo đơn đối với người dân
131864,fold_4,1,25,2,1.0,1.0,0,Các trường hợp nào quân nhân thôi phục vụ tại ngũ? Quân nhân thôi phục vụ tại ngũ theo những hình thức nào?
53068,fold_2,1,1,2,1.0,1.0,0,Thời gian phải nộp thuế sử dụng đất nông nghiệp là bao lâu?
75866,fold_4,1,1,1,1.0,1.0,0,Người được bổ nhiệm làm Tổng giám đốc Tổng công ty Viễn thông MobiFone phải đáp ứng các tiêu chuẩn và điều kiện gì?
153658,fold_4,1,3,>100,1.0,1.0,0,"Hộ chiếu ngoại giao, hộ chiếu công vụ được quản lý như thế nào?"
125232,fold_3,1,12,26,1.0,1.0,0,"Thủ tục, thẩm quyền giảm thuế được quy định như thế nào?"
67462,fold_0,1,1,11,1.0,1.0,0,Khi tham gia nghĩa vụ quân sự được hưởng những chế độ và chính sách nào?
24832,fold_0,1,2,1,1.0,1.0,0,Hồ sơ đề nghị áp dụng biện pháp đưa vào cơ sở giáo dục bắt buộc đối với người bỏ trốn đã truy tìm được gồm những tài liệu gì?
110772,fold_1,1,2,1,1.0,1.0,0,Có phải xin cấp đổi thẻ quân nhân chuyên nghiệp dự bị đối với trường hợp thay đổi nơi đăng ký thường trú không?
45648,fold_0,1,1,14,1.0,1.0,0,Ai có thẩm quyền quyết định tạm hoãn nghĩa vụ quân sự?
115252,fold_0,1,2,1,1.0,1.0,0,Quyền và nghĩa vụ của cá nhân kinh doanh vận tải khách du lịch được quy định ra sao?
4070,fold_1,1,4,>100,1.0,1.0,0,Đặc điểm chung của Doanh nghiệp tư nhân?
53028,fold_4,1,1,1,1.0,1.0,0,Nghị quyết của Hội nghị thành lập tổ chức tương hỗ cung cấp bảo hiểm vi mô được thông qua khi nào?
165938,fold_0,1,2,2,1.0,1.0,0,Đơn vị sử dụng tài liệu lưu trữ của Bộ Tài chính phải tuân thủ nội quy nào?
119132,fold_0,1,29,2,1.0,1.0,0,Việc đăng tải các câu hỏi về Bảo hiểm y tế lên Trang thông tin điện tử Bảo hiểm xã hội tỉnh được thực hiện theo trình tự nào?
104092,fold_3,1,1,28,1.0,1.0,0,Liên hiệp hợp tác xã là gì?
159092,fold_2,1,2,2,1.0,1.0,0,Nhân viên bay kiểm tra lắp đặt ăng ten trên tàu bay kiểm tra như thế nào?
9432,fold_1,1,88,>100,1.0,1.0,0,Đã bị áp dụng kỷ luật tạm đình chỉ công việc đang đảm nhận thì có bị áp dụng các hình thức xử lý kỷ luật lao động theo quy định của Bộ luật Lao động?
83752,fold_0,1,1,2,1.0,1.0,0,Nghĩa vụ của người hành nghề dược được quy định ra sao?
131938,fold_1,1,2,>100,1.0,1.0,0,Người lao động có những quyền gì theo quy định mới nhất hiện nay?
104936,fold_2,1,1,8,1.0,1.0,0,Vợ của người được ủy quyền tham gia đấu giá có thể đăng ký tham gia đấu giá hay không?
111066,fold_1,1,5,3,1.0,1.0,0,Đang hưởng trợ cấp thất nghiệp mà phải thực hiện nghĩa vụ quân sự thì trong thời hạn bao nhiêu ngày phải thông báo với trung tâm dịch vụ việc làm?
117714,fold_3,1,1,5,1.0,1.0,0,Trước khi tiến hành kiểm tra đột xuất hoạt động đấu thầu Đoàn kiểm tra có cần tiến hành khảo sát trước không?
93096,fold_0,1,3,>100,1.0,1.0,0,Việc thanh toán các khoản nợ có tài sản bảo đảm khi hợp tác xã phá sản được thực hiện như thế nào?
74686,fold_4,1,1,2,1.0,1.0,0,"Thu thập, tổng hợp thông tin và báo cáo ở cấp xã để đánh giá Chương trình phát triển kinh tế xã hội vùng đồng bào dân tộc thiểu số và miền núi?"
42032,fold_0,1,2,2,1.0,1.0,0,Phương pháp khảo nghiệm có kiểm soát đánh giá phản ứng của giống lúa với bệnh bạc lá cần đáp ứng những yêu cầu chung như thế nào?
21870,fold_1,1,5,1,1.0,1.0,0,Quy định về bảo vệ môi trường trong hoạt động y tế và kiểm soát tác động của ô nhiễm môi trường đến sức khỏe con người?
54088,fold_3,1,1,81,1.0,1.0,0,Việc giám sát các hệ thống thanh toán quan trọng nhằm đảm bảo các mục tiêu gì?
139732,fold_3,1,2,60,1.0,1.0,0,Nguyên tắc lập danh sách cử tri để phát phiếu lấy ý kiến được quy định như thế nào?
107564,fold_4,1,43,89,1.0,1.0,0,Nhà nước có cấm người dân chăn nuôi gia súc sử dụng các sản phẩm xử lý môi trường nông nghiệp hay không?
1990,fold_2,1,4,75,1.0,1.0,0,Có hai quốc tịch có thể trở thành đại biểu Quốc hội không?
11654,fold_4,1,2,10,1.0,1.0,0,Lao động nam đóng bảo hiểm xã hội 24 năm thì sang năm 2023 nghỉ việc có được hưởng lương hưu hay không?
3220,fold_2,1,2,1,1.0,1.0,0,Tên gói thầu thuốc tại các cơ sở y tế công lập được ghi như thế nào trong kế hoạch lựa chọn nhà thầu?
127766,fold_1,1,2,27,1.0,1.0,0,Thẩm quyền xử lý kỷ luật đối với viên chức thuộc về ai?
163900,fold_2,1,1,68,1.0,1.0,0,Báo cáo của đối tượng thanh tra về việc thực hiện kết luận thanh tra gồm những nội dung gì?
109600,fold_4,1,>100,2,1.0,1.0,0,Ai có thẩm quyền ra quyết định thôi công tác Hội đối với Chủ tịch Hội Cựu chiến binh cấp xã?
38132,fold_1,1,>100,4,1.0,1.0,0,Ngày nằm viện rơi vào ngày 02/09 hoặc ngày Tết thì có được hưởng chế độ bảo hiểm xã hội (BHXH) không?
44204,fold_3,1,1,2,1.0,1.0,0,Giấy phép thành lập văn phòng đại diện của cơ sở giáo dục nghề nghiệp nước ngoài tại Việt Nam hết hạn thì có được gia hạn lại hay không?
146530,fold_2,1,7,8,1.0,1.0,0,Bảo lãnh phát hành trái phiếu Chính phủ là gì?
37574,fold_2,1,3,>100,1.0,1.0,0,Giám định tư pháp xây dựng bao gồm những nội dung gì?
111990,fold_1,1,>100,>100,0.0,0.0,0,Thời hiệu xử phạt vi phạm hành chính đối với cơ sở tiêm chủng khám sàng lọc không đầy đủ cho đối tượng được tiêm chủng là bao lâu?
9486,fold_2,1,2,2,1.0,1.0,0,Thanh tra viên chuyên ngành hàng hải được quyền xử phạt chủ tàu biển tiến hành công việc có phát ra tia lửa ở trên boong tàu khi chưa được phép của Cảng vụ hàng hải không?
140214,fold_3,1,>100,1,1.0,1.0,0,"Cơ quan nào có trách nhiệm kiểm nghiệm mẫu vắc xin là huyết thanh chứa kháng thể, dẫn xuất của máu và huyết tương người?"
87002,fold_4,2,4,53,1.0,1.0,0,Thủ tục cấp lại Chứng chỉ hành nghề đấu giá được thực hiện như thế nào?
10098,fold_4,1,8,>100,1.0,1.0,0,Bảo hiểm sức khỏe là gì?
3744,fold_2,1,3,33,1.0,1.0,0,Người lao động đơn phương chấm dứt hợp đồng lao động trái pháp luật có nghĩa vụ gì?
65824,fold_3,2,1,1,1.0,1.0,0,Đang trong độ tuổi thực hiện nghĩa vụ quân sự đi khỏi nơi cư trú bao lâu thì phải khai báo tạm vắng?
151858,fold_2,1,1,10,1.0,1.0,0,Ca thủ thuật chuyên khoa nội được phân thành mấy loại theo quy định?
11594,fold_2,3,12,24,1.0,1.0,0,Mức lương Chủ tịch nước năm 2023 là bao nhiêu?
134498,fold_3,1,1,7,1.0,1.0,0,Cục Hàng không Việt Nam có trách nhiệm gì trong công tác bảo trì công trình hàng không?
127820,fold_4,1,1,1,1.0,1.0,0,Việc thực hiện nghiệp vụ chiết khấu giấy tờ có giá của Ngân hàng Nhà nước đối với các tổ chức tín dụng theo phương thức gián tiếp được quy định thế nào?
66472,fold_3,1,1,7,1.0,1.0,0,Trách nhiệm của Bộ y tế về phòng chống dịch bệnh Covid-19 trong mùa lễ hội năm 2023 như thế nào?
92636,fold_3,1,11,4,1.0,1.0,0,"Hồ sơ cấp Bằng ""Tổ quốc ghi công"" cho liệt sĩ là người đã hi sinh khi tham gia hoạt động cách mạng là gì?"
117200,fold_4,1,2,1,1.0,1.0,0,Sự liêm chính theo chuẩn mực đạo đức của Thẩm phán Tòa án nhân dân các cấp thể hiện như thế nào?
131838,fold_3,1,15,1,1.0,1.0,0,"Lập Phiếu theo dõi, trừ lùi Giấy chứng nhận xuất xứ hàng hóa được thực hiện như thế nào?"
137308,fold_2,1,1,>100,1.0,1.0,0,Quá cảnh của người nước ngoài tại Việt Nam bằng đường biển phải đảm bảo các nguyên tắc nào?
139112,fold_2,1,2,42,1.0,1.0,0,Các trường hợp nào Nhà đầu tư không phải ký quỹ bảo đảm thực hiện dự án đầu tư?
19468,fold_3,1,5,>100,1.0,1.0,0,Danh mục thông tin phải được công khai có những nội dung gì?
98762,fold_4,1,4,1,1.0,1.0,0,Quy định về Quyết định ấn định thuế đối với người nộp thuế trong trường hợp vi phạm như thế nào?
74984,fold_1,1,13,49,1.0,1.0,0,Cổ phiếu đầu tư công là gì? Các nhóm cổ phiếu đầu tư công tiềm năng hiện nay ra sao?
4888,fold_2,1,4,10,1.0,1.0,0,Mẫu báo cáo tình hình hoạt động của chương trình dự án tài chính vi mô gồm các nội dung gì?
152556,fold_2,1,24,14,1.0,1.0,0,Phụ lục bảng kê phí lệ phí và các khoản thu khác theo Thông tư 80/2021/TT-BTC?
46178,fold_3,1,4,26,1.0,1.0,0,Lập hồ sơ dự án đầu tư không chính xác để được cấp giấy chứng nhận đầu tư bị xử phạt như thế nào?
87144,fold_0,1,4,1,1.0,1.0,0,Tổ chức có được trả lại một phần diện tích khu vực khai thác khoáng sản đã được cấp phép không?
166180,fold_3,1,1,10,1.0,1.0,0,"Chương trình huấn luyện thường xuyên nghiệp vụ chữa cháy và cứu nạn, cứu hộ trong Công an nhân dân được quy định như thế nào?"
88554,fold_2,1,1,>100,1.0,1.0,0,Đến năm 2025 Chương trình phát triển công tác xã hội hướng đến những mục tiêu cụ thể nào?
157410,fold_0,1,3,60,1.0,1.0,0,Hồ sơ đề nghị thẩm định kế hoạch quản lý di sản thế giới gồm những giấy tờ gì?
61196,fold_4,1,8,1,1.0,1.0,0,Phẫu thuật cố định ngoại vi trong điều trị gãy hở chi dưới có cần thiết phải gây mê hay không?
46380,fold_4,1,2,1,1.0,1.0,0,Thủ tục đổi từ biển số xe máy 4 số sang 5 số được thực hiện như thế nào?
14514,fold_4,1,9,10,1.0,1.0,0,"Hồ sơ, thủ tục thực hiện phê duyệt phương án chữa cháy đối với nhà máy điện như thế nào?"
47346,fold_3,1,8,3,1.0,1.0,0,Hồ sơ để trình Quốc hội phê chuẩn đề nghị cách chức Thẩm phán Tòa án nhân dân tối cao cần những giấy tờ gì?
83174,fold_1,1,1,2,1.0,1.0,0,Cục Đường thuỷ nội địa Việt Nam là tổ chức thực hiện chức năng gì?
55722,fold_1,1,2,1,1.0,1.0,0,"Quy trình, thủ tục chuyển người bệnh từ cơ sở cấp phát thuốc Methadone về cơ sở điều trị Methadone quy định như thế nào?"
72508,fold_3,1,2,91,1.0,1.0,0,Nhiệm vụ và quyền hạn của Sở Tư pháp trong việc quản lý nhà nước về luật sư và hành nghề luật sư được quy định như thế nào?
148360,fold_1,1,1,>100,1.0,1.0,0,Công trình xây dựng là gì?
87810,fold_4,1,2,5,1.0,1.0,0,"Thành lập Đoàn Thanh niên Cộng sản Hồ Chí Minh tại các trường là thành viên đại học quốc gia, đại học khu vực như thế nào?"
6,fold_1,1,6,2,1.0,1.0,0,Hội đồng đạo đức trong nghiên cứu y sinh học cấp cơ sở thẩm định định kỳ các nghiên cứu đang triển khai trong khoảng thời gian nào?
103050,fold_3,1,28,>100,1.0,1.0,0,Thủ tục cải chính Giấy khai sinh để làm Căn cước công dân gắp chip cần tiến hành thực hiện như thế nào?
112860,fold_3,1,28,2,1.0,1.0,0,Sau khi tốt nghiệp ngành kiểm nghiệm chất lượng lương thực thực phẩm trình độ cao đẳng thì người học phải đạt được tối thiểu những kiến thức nào?
89230,fold_1,1,1,26,1.0,1.0,0,Hội Vật liệu xây dựng Việt Nam được tổ chức theo nguyên tắc nào?
125058,fold_0,1,1,19,1.0,1.0,0,Bộ hồ sơ báo cáo tài chính năm đối với doanh nghiệp nhỏ và vừa bao gồm những gì?
139594,fold_1,1,3,1,1.0,1.0,0,Giấy phép cung cấp dịch vụ chứng thực chữ ký số công cộng bị tạm đình chỉ trong trường hợp nào?
143132,fold_3,1,44,1,1.0,1.0,0,"Thẩm tra viên chính tại Tòa án quân sự quân khu và tương đương có nhiệm vụ, quyền hạn nào?"
126336,fold_3,1,20,>100,1.0,1.0,0,Công ty chốt sổ bảo hiểm xã hội muộn thì người lao động có được nhận bảo hiểm thất nghiệp hay không?
152538,fold_3,1,1,4,1.0,1.0,0,Liên hiệp các Hội Khoa học và Kỹ thuật địa phương có các nghĩa vụ ra sao?
12608,fold_2,1,11,1,1.0,1.0,0,Lệ phí khi thực hiện thủ tục thành lập doanh nghiệp do Nhà nước nắm giữ 100% vốn điều lệ do cơ quan đại diện chủ sở hữu (Ủy ban nhân dân cấp tỉnh) quyết định thành lập?
32080,fold_4,1,1,7,1.0,1.0,0,Hành vi xâm phạm quyền sở hữu trí tuệ bị xử lý như thế nào?
145062,fold_4,1,1,23,1.0,1.0,0,Có phải tạm đình chỉ công tác của viên chức trong thời gian xem xét xử lý kỷ luật hay không?
32224,fold_3,1,1,1,1.0,1.0,0,Có được sử dụng tài sản tại cơ quan của Đảng vào mục đích cá nhân không?
72200,fold_4,1,3,1,1.0,1.0,0,Thủ tục kéo dài thời gian giữ chức vụ công chức lãnh đạo cấp vụ của Kiểm toán Nhà nước bao gồm những bước nào?
141896,fold_4,1,9,3,1.0,1.0,0,"Gửi hồ sơ đề nghị miễn, giảm thuế điện tử theo cơ chế một cửa liên thông ở đâu?"
17166,fold_3,1,5,8,1.0,1.0,0,Bộ Nội vụ có nhiệm vụ và quyền hạn gì đối với các tổ chức phi chính phủ ở trong nước?
71814,fold_2,1,1,9,1.0,1.0,0,Đối tượng nào tuyển sinh vào học chứng chỉ tiếng dân tộc thiểu số?
116662,fold_1,1,1,1,1.0,1.0,0,Có những hình thức tổ chức thi đua nào trong ngành Kế hoạch và Đầu tư?
26824,fold_2,1,1,2,1.0,1.0,0,Theo quy chuẩn Việt Nam thì yêu cầu kỹ thuật đối với giống ốc hương bố mẹ như thế nào?
57010,fold_4,1,1,10,1.0,1.0,0,Có mấy hình thức chuyển dữ liệu cá nhân ra nước ngoài?
166732,fold_0,1,1,6,1.0,1.0,0,Việc quản lý thuế đối với doanh nghiệp có giao dịch liên kết được áp dụng theo những nguyên tắc nào?
54354,fold_3,1,9,>100,1.0,1.0,0,Nguyên tắc giải quyết bồi thường nhà nước ra sao?
107964,fold_3,1,12,42,1.0,1.0,0,Đăng ký kết hôn cần những giấy tờ gì mới nhất năm 2023?
57670,fold_2,1,1,1,1.0,1.0,0,"Hậu quả do đang viên vi phạm, tổ chức đảng vi phạm gây ra?"
155010,fold_4,1,1,1,1.0,1.0,0,Thủ tục thu hồi chứng chỉ hành nghề khám chữa bệnh được quy định thế nào?
163566,fold_0,1,4,26,1.0,1.0,0,"Bên bán nhà, công trình xây dựng có quyền lợi gì?"
150072,fold_0,2,13,3,1.0,1.0,0,Cấp Giấy chứng nhận hoàn thành chương trình giáo dục phổ thông
22906,fold_1,1,1,1,1.0,1.0,0,"Người bị tạm giữ, người bị tạm giam vi phạm nội quy của cơ sở giam giữ, chế độ quản lý giam giữ bị kỷ luật như thế nào?"
113912,fold_3,1,5,17,1.0,1.0,0,Có phải xác nhận số lượng sao chụp tài liệu bí mật nhà nước và văn bản ghi nhận việc sao chụp tài liệu hay không?
112496,fold_1,1,12,1,1.0,1.0,0,Phẫu thuật sửa trục điều trị lệch trục sau gãy đầu dưới xương quay thì người bệnh phải nằm theo tư thế nào?
34910,fold_4,1,40,7,1.0,1.0,0,Hành vi vi phạm hành chính đã kết thúc hoặc đang thực hiện trong lĩnh vực hàng hải là gì?
15942,fold_2,1,4,10,1.0,1.0,0,Thiết kế đường ô tô trên tuyến đường quốc lộ thì phải dựa vào những yêu cầu và nguyên tắc nào để đảm bảo đúng tiêu chuẩn
80498,fold_4,1,1,>100,1.0,1.0,0,Việc tổ chức thực hiện Kế hoạch chuyển đổi số của Cục Lâm nghiệp được quy định như thế nào?
70584,fold_0,1,35,7,1.0,1.0,0,Công chức đang giữ ngạch kiểm ngư viên muốn dự thi nâng ngạch lên ngạch kiểm ngư viên chính cần đáp ứng những điều kiện nào?
113026,fold_0,1,2,18,1.0,1.0,0,Các tài liệu phục vụ vận hành khai thác công trình đường bộ bao gồm những tài liệu gì?
86134,fold_4,1,2,1,1.0,1.0,0,"Trong khám bệnh, chữa bệnh tổ chức, cá nhân có kỹ thuật mới, phương pháp mới có trách nhiệm như thế nào?"
122974,fold_3,1,10,1,1.0,1.0,0,"Bố trí người làm công tác an toàn vệ sinh lao động trong cơ sở sản xuất, kinh doanh ra sao?"
114674,fold_2,1,1,1,1.0,1.0,0,Quy định về giải quyết vụ tai nạn giao thông theo thủ tục hành chính ra sao?
139254,fold_4,1,2,1,1.0,1.0,0,"Trong công tác lập bản đồ tìm kiếm, quy tập hài cốt liệt sĩ thì cơ quan quân sự tại địa phương có trách nhiệm gì?"
159840,fold_4,1,12,9,1.0,1.0,0,Nhiệm vụ khoa học và công nghệ liên kết có phải cần đáp ứng đủ hết các điều kiện để được nhận hỗ trợ hay không?
21766,fold_1,1,1,30,1.0,1.0,0,Hồ sơ hành nghề thăm dò khoáng sản bao gồm những gì?
13140,fold_1,1,2,8,1.0,1.0,0,Mức phạt khi người chơi sử dụng chất kích thích trong thi đấu thể thao là gì?
70448,fold_2,1,1,17,1.0,1.0,0,"Trình tự các bước lập, thẩm định, xét duyệt và phát hành Báo cáo kiểm toán theo quy định mới nhất như thế nào?"
79950,fold_0,1,1,39,1.0,1.0,0,"Cá nhân, tổ chức là chủ sở hữu di sản văn hóa có các quyền và nghĩa vụ như thế nào?"
65368,fold_4,1,1,1,1.0,1.0,0,Thương nhân kinh doanh dịch vụ xăng dầu có quyền và nghĩa vụ thế nào?
120824,fold_4,1,>100,23,1.0,1.0,0,Khi tổ chức định giá tài sản thì Quản tài viên cần báo cáo với chấp hành viên trong những trường hợp nào?
39452,fold_0,1,15,2,1.0,1.0,0,Các bước tiến hành phẫu thuật thay khớp thái dương hàm nhân tạo 2 bên như thế nào?
106870,fold_3,1,1,1,1.0,1.0,0,"Quy hoạch hệ thống cảng hàng không, sân bay tầm nhìn đến năm 2050 như thế nào?"
37446,fold_1,1,9,1,1.0,1.0,0,Người hai quốc tịch phạm tội tại Việt Nam có bị dẫn độ về nước có quốc tịch còn lại không?
89396,fold_4,1,6,1,1.0,1.0,0,Cơ quan nhà nước cần đăng tải những thông tin gì về dự án PPP lên Hệ thống mạng đấu thầu quốc gia?
131558,fold_4,1,8,2,1.0,1.0,0,Việc xác định người được hưởng di sản thừa kế như thế nào?
98242,fold_3,1,9,3,1.0,1.0,0,Công chức cấp tỉnh được cử đi đào tạo tự ý bỏ học phải nộp trả đầy đủ chi phí đền bù khi nào?
46252,fold_1,1,>100,62,1.0,1.0,0,Hồ sơ xin bảo lĩnh cần chuẩn bị những gì?
35072,fold_3,1,1,1,1.0,1.0,0,Đối tượng của biện pháp khoanh nuôi xúc tiến tái sinh tự nhiên là gì?
20802,fold_4,1,4,1,1.0,1.0,0,Người nổ súng tấn công vào trụ sở công an xã sau đó đầu thú thì có được giảm nhẹ trách nhiệm hình sự không?
43556,fold_4,1,3,4,1.0,1.0,0,Giấy phép sử dụng tần số vô tuyến điện có thời hạn bao lâu?
123222,fold_1,1,7,24,1.0,1.0,0,Khi nào được phép niêm yết công khai văn bản thông báo trong thi hành dân sự?
107428,fold_1,1,29,11,1.0,1.0,0,"Xử phạt trong trường hợp dán decal mà làm thay đổi nhãn hiệu, màu sơn của xe không đúng với Giấy đăng ký xe?"
24044,fold_3,1,22,>100,1.0,1.0,0,Xuất khẩu hàng hóa từ Việt Nam sang Hàn Quốc khi nào được hưởng ưu đãi thuế quan?
123316,fold_4,1,73,2,1.0,1.0,0,Xác định vốn tự có riêng lẻ của khách hàng như thế nào?
96904,fold_3,1,1,1,1.0,1.0,0,Người lập di chúc có thể đưa thêm những điều kiện để hưởng quyền thừa kế vào trong di chúc thừa kế hay không?
163352,fold_0,1,1,1,1.0,1.0,0,Nguồn tài chính của Hiệp hội Thiết kế mẫu và sáng tạo mỹ thuật Việt Nam có được dùng cho các hoạt động ngoài Hiệp hội không?
69364,fold_3,1,1,>100,1.0,1.0,0,Chi cục Kiểm ngư Vùng 1 có nhiệm vụ tổ chức đào tạo bồi dưỡng chuyên môn nghiệp vụ cho những đối tượng nào?
52126,fold_0,1,>100,4,1.0,1.0,0,Nâng cấp trạm dừng nghỉ thì có làm thay đổi nguyên giá trạm dừng nghỉ không?
149562,fold_3,1,11,6,1.0,1.0,0,Đối tượng nào phải chịu thuế giá trị gia tăng?
163008,fold_3,1,21,4,1.0,1.0,0,Đầu tư xây dựng chợ được thực hiện như thế nào?
90682,fold_0,1,1,10,1.0,1.0,0,Giải pháp bố cục mặt bằng Bệnh viện đa khoa phải đảm bảo những yêu cầu gì về quy hoạch tổng mặt bằng?
70532,fold_2,1,12,19,1.0,1.0,0,Để trở thành chuyên viên chính về tiêu chuẩn đủ điều kiện bay của tàu bay phải có yêu cầu về khung năng lực như thế nào?
126806,fold_2,1,11,52,1.0,1.0,0,Mức xử phạt vi phạm hành chính đối với công ty khi vi phạm quy định về ngày nghỉ hằng năm của người lao động được quy định như thế nào?
36830,fold_3,1,3,84,1.0,1.0,0,Công chức Bộ Tư pháp được cử đi đào tạo nước ngoài cần chuẩn bị những giấy tờ gì cho hồ sơ xin gia hạn thời gian học tập?
156266,fold_0,1,2,2,1.0,1.0,0,Kinh phí của Ban Chỉ đạo Quốc gia khắc phục hậu quả bom mìn và chất độc hóa học sau chiến tranh ở Việt Nam được sử dụng để chi cho những hoạt động nào?
89088,fold_3,1,3,>100,1.0,1.0,0,Khiếu nại về lao động được hiểu thế nào?
121174,fold_3,1,1,>100,1.0,1.0,0,Viện Kinh tế Nông nghiệp có những nhiệm vụ chính nào?
58858,fold_0,1,30,4,1.0,1.0,0,VKSNDTC hướng dẫn cách xác định thời hiệu khởi kiện trong trường hợp hợp đồng cho vay hết hạn mà bên vay chưa trả được nợ?
74884,fold_3,4,>100,>100,0.0,0.0,0,Đối tượng được tăng lương cơ sở từ ngày 01/7/2023?
37430,fold_1,1,1,25,1.0,1.0,0,Người mắc bệnh truyền nhiễm là những người nào?
141484,fold_4,1,1,52,1.0,1.0,0,Cơ quan nào chịu trách nhiệm thẩm định hồ sơ công nhận ngày truyền thống đối với cơ quan nhà nước cấp bộ?
126272,fold_2,1,3,1,1.0,1.0,0,Quy trình thay đổi thông tin hộp thư điện tử thuộc Hệ thống thư điện tử công vụ của Bộ Thông tin và Truyền thông cấp cho cá nhân như thế nào?
47450,fold_2,1,2,37,1.0,1.0,0,Cơ quan nào giúp Chính phủ tổng hợp các báo cáo phòng chống tham nhũng?
115562,fold_2,1,1,>100,1.0,1.0,0,Công tác phòng không nhân dân là gì?
55056,fold_0,1,35,2,1.0,1.0,0,Phụ cấp trách nhiệm có đóng thuế thu nhập cá nhân hay không?
49670,fold_0,1,26,6,1.0,1.0,0,Người cai nghiện được gặp người thân bao nhiêu lần trong một tuần theo quy định mới nhất hiện nay?
132136,fold_3,1,50,25,1.0,1.0,0,Không làm thủ tục đăng ký sang tên xe máy khi mua lại xe cũ thì bị phạt bao nhiêu tiền?
128402,fold_4,1,1,20,1.0,1.0,0,Nhà ở liên kế mặt phố là gì?
90114,fold_2,1,1,31,1.0,1.0,0,"Doanh nghiệp quốc phòng, an ninh là gì?"
40562,fold_2,1,29,4,1.0,1.0,0,Thời hiệu xử phạt vi phạm hành chính đối với chủ hụi không lập sổ hụi là bao lâu?
41196,fold_2,1,3,2,1.0,1.0,0,"Để đủ điều kiện được cấp mới hộp thư cá nhân của Bộ Thông tin và Truyền thông, công chức phải ký hợp đồng thời hạn tối thiểu bao nhiêu năm?"
96678,fold_3,1,3,1,1.0,1.0,0,"Thành phần hồ sơ thực hiện thủ tục hành chính về hợp nhất, sáp nhập doanh nghiệp do Nhà nước nắm giữ 100% vốn điều lệ?"
130328,fold_3,1,>100,1,1.0,1.0,0,Những hành vi nào bị coi là xâm phạm quyền của chủ sở hữu thiết kế bố trí?
92718,fold_3,1,1,1,1.0,1.0,0,Nhà nước có những chính sách nào để bảo tồn đa dạng sinh học?
61138,fold_1,1,40,19,1.0,1.0,0,Cơ quan nào có thẩm quyền cấp giấy phép xây dựng nhà ở?
20446,fold_2,1,>100,41,1.0,1.0,0,Chi ngân sách cho khu bảo tồn biển nhà nước vào những hoạt động nào?
39890,fold_3,1,2,>100,1.0,1.0,0,Lấy số điện thoại của người khác để tham chiếu hợp đồng vay của công ty tài chính thì công ty tài chính có được đòi nợ chủ số điện thoại không vay tiền không?
129930,fold_1,1,1,47,1.0,1.0,0,Tài sản công tại đơn vị sự nghiệp công lập được hình thành từ đâu?
69632,fold_1,1,5,2,1.0,1.0,0,Công chức có thể xin nghỉ việc không hưởng lương để tham gia khóa đào tạo nghiệp vụ kiểm toán dài hạn ở nước ngoài không?
154018,fold_1,1,2,40,1.0,1.0,0,Hợp tác quốc tế về thư viện được thực hiện như thế nào?
84454,fold_3,1,2,>100,1.0,1.0,0,Tải trọng của đường bộ là gì?
101880,fold_2,1,4,>100,1.0,1.0,0,Giới hạn mua trái phiếu doanh nghiệp được pháp luật quy định như thế nào?
13530,fold_0,1,5,4,1.0,1.0,0,Trách nhiệm của doanh nghiệp thực hiện dự án đầu tư được cấp bảo lãnh Chính phủ cho khoản vay trong nước là gì?
153678,fold_0,1,1,1,1.0,1.0,0,"Các tài liệu, dữ liệu gì cần thu thập để xây dựng cơ sở dữ liệu về thống kê, kiểm kê đất đai?"
144046,fold_3,1,1,19,1.0,1.0,0,"Xây dựng kế hoạch giáo dục, quản lý người được giáo dục tại xã, phường, thị trấn là trách nhiệm của ai?"
73304,fold_0,1,28,43,1.0,1.0,0,Kỳ hạn trả lương cho công nhân được quy định ra sao?
68836,fold_3,1,4,2,1.0,1.0,0,Sở giao dịch chứng khoán thực hiện so khớp lệnh mua chứng khoán và lệnh bán chứng khoán theo thứ tự ưu tiên nào?
29038,fold_2,1,1,>100,1.0,1.0,0,Thẻ Kiểm toán viên nhà nước có giá trị trong bao nhiêu năm?
133682,fold_3,1,1,56,1.0,1.0,0,Quy trình điều tra bệnh nghề nghiệp thực hiện thế nào?
60672,fold_2,1,1,2,1.0,1.0,0,Nếu chưa thực hiện phân định ranh giới rừng trên thực địa tiến hành phân định ranh giới rừng theo trình tự như thế nào?
7642,fold_2,1,2,8,1.0,1.0,0,Trong ngành hàng không thì việc giám sát an toàn hoạt động bay của nhà chức trách như thế nào?
141262,fold_4,1,1,42,1.0,1.0,0,Nhiệm kỳ của Chánh án tòa án nhân dân tối cao là bao lâu?
9476,fold_0,1,65,>100,1.0,1.0,0,Điều kiện chung để được cấp chứng chỉ hành nghề hoạt động xây dựng được quy định như thế nào?
89164,fold_2,1,5,1,1.0,1.0,0,"Giá Huân chương, Huy chương trong Lễ tang của cán bộ Quân đội là nhà hoạt động xã hội tiêu biểu được quy định như thế nào?"
84600,fold_1,1,5,3,1.0,1.0,0,Chủ tịch công đoàn cơ sở được bầu khi nào?
29184,fold_4,1,6,6,1.0,1.0,0,Thuốc được quảng cáo phải đáp ứng điều kiện gì?
63854,fold_1,1,12,1,1.0,1.0,0,Người mua bán tiền chất dùng vào việc sản xuất trái phép chất ma túy sau đó tự thú thì được giảm nhẹ trách nhiệm hình sự không?
94930,fold_1,2,1,9,1.0,1.0,0,Để thành lập tổ chức thanh niên xung phong phải đảm bảo các nguyên tắc gì?
22372,fold_4,1,65,>100,1.0,1.0,0,"Mức phạt khi công ty không trả lương ngày lễ, tết cho nhân viên được pháp luật quy định như thế nào?"
113730,fold_1,1,3,7,1.0,1.0,0,"Khi nào cán bộ, công chức, viên chức được cấp Giấy chứng nhận hoàn thành khóa học?"
21692,fold_2,1,1,>100,1.0,1.0,0,Thanh tra viên Công an nhân dân là ai?
131360,fold_4,1,10,2,1.0,1.0,0,Những tố cáo nào mà Kiểm toán Nhà nước không thụ lý giải quyết?
116226,fold_0,1,24,>100,1.0,1.0,0,Nguyên tắc và chế độ làm việc của Hội đồng tư vấn thuế được quy định như thế nào?
116788,fold_2,1,3,5,1.0,1.0,0,"Khi nhận mệnh lệnh của người chỉ huy, nếu có căn cứ cho là mệnh lệnh đó trái pháp luật thì chiến sĩ Công an nhân dân có trách nhiệm gì?"
94936,fold_1,1,54,>100,1.0,1.0,0,Nội dung Kế hoạch kiểm toán an ninh quốc phòng gồm những gì?
140998,fold_0,1,10,11,1.0,1.0,0,Nội dung đào tạo đối với người được cử đi đào tạo để trở thành Điều độ viên quốc gia gồm những gì?
11720,fold_1,1,1,>100,1.0,1.0,0,Nhà đầu tư nước ngoài muốn quảng cáo trong thang máy tại khu chung cư thì có bị hạn chế gì không?
137874,fold_1,1,1,1,1.0,1.0,0,Phải nộp hồ sơ đề nghị xét tặng danh hiệu Cờ thi đua của Chính phủ cho doanh nghiệp thuộc Bộ Thông tin và Truyền thông khi nào?
116750,fold_3,1,1,39,1.0,1.0,0,"Mang tiền mặt đồng Việt Nam bao nhiêu thì phải khai báo Hải quan cửa khẩu khi xuất cảnh, nhập cảnh?"
111232,fold_0,2,1,1,1.0,1.0,0,Kinh doanh dịch vụ môi giới bất động sản có được đồng thời là một bên của một giao dịch kinh doanh bất động sản không?
98268,fold_4,1,5,42,1.0,1.0,0,Những người có họ trong phạm vi ba đời là gì?
163610,fold_0,1,1,80,1.0,1.0,0,Thông tin chính thức về Việt Nam là những thông tin nào?
64164,fold_4,1,>100,17,1.0,1.0,0,Có thể đánh giá cán bộ cấp huyện dựa trên nội dung chấp hành đường lối của Đảng hay không?
27810,fold_1,1,>100,>100,0.0,0.0,0,Quy định về túi sơ cứu được đặt ở đâu?
95556,fold_2,1,>100,>100,0.0,0.0,0,Tên hàng là gì?
83574,fold_1,1,1,34,1.0,1.0,0,Quyền và nghĩa vụ của người lao động thuê lại được quy định ra sao?
9974,fold_2,1,64,>100,1.0,1.0,0,Thủ tục chứng thực bản sao Lý lịch Đảng viên cần đáp ứng những yêu cầu gì?
72178,fold_2,1,9,42,1.0,1.0,0,"Về năng lực chuyên môn, nghiệp vụ, dự báo viên khí tượng thủy văn hạng 2 cần đáp ứng những tiêu chuẩn gì?"
37594,fold_1,1,1,>100,1.0,1.0,0,Người được trợ giúp pháp lý có nghĩa vụ như thế nào theo quy định hiện nay?
63462,fold_2,1,1,1,1.0,1.0,0,Cơ quan nào là cơ quan lãnh đạo cao nhất của Hội Marketing Việt Nam?
53516,fold_4,1,16,34,1.0,1.0,0,Thuế TNDN đối với tổ chức nhận tái bảo hiểm nước ngoài là loại thuế khai theo quý có phải không?
52520,fold_4,1,33,20,1.0,1.0,0,"Chỉ huy các cơ quan, đơn vị trực thuộc Bộ Quốc phòng có trách nhiệm như thế nào trong việc tiếp công dân?"
99990,fold_3,1,>100,12,1.0,1.0,0,"Thời hạn giải quyết cấp mới Giấy chứng nhận đủ điều kiện về an ninh, trật tự là bao nhiêu ngày?"
132692,fold_2,3,4,7,0.6666666666666666,0.6666666666666666,0,"Vi phạm quy định về cấp, quản lý, sử dụng Giấy chứng minh nhân dân, Chứng minh nhân dân hoặc thẻ Căn cước công dân"
121086,fold_4,1,3,1,1.0,1.0,0,Dùng chân điều khiển vô lăng ô tô khi xe đang chạy trên đường gây tai nạn giao thông chưa đến mức bị truy cứu trách nhiệm hình sự thì sẽ bị phạt bao nhiêu tiền?
64240,fold_3,1,>100,28,1.0,1.0,0,Học ngành Kỹ thuật trắc địa - Bản đồ có được xin cấp chứng chỉ hành nghề khảo sát xây dựng không?
152980,fold_4,1,10,3,1.0,1.0,0,Sau khi tốt nghiệp ngành công nghệ kỹ thuật môi trường trình độ cao đẳng thì người học phải có được tối thiểu những kiến thức nào?
11570,fold_0,1,1,>100,1.0,1.0,0,Trung tâm Quy hoạch và Điều tra tài nguyên nước quốc gia được phép thực hiện các hoạt động dịch vụ trong lĩnh vực tài nguyên và môi trường nào?
11298,fold_3,1,2,1,1.0,1.0,0,Tổng Kiểm toán nhà nước có quyền sử dụng thông tin phần mềm Quản lý cán bộ của Kiểm toán Nhà nước như thế nào?
28630,fold_2,1,4,2,1.0,1.0,0,Lễ trình Quốc thư của Đại sứ nước ngoài diễn ra như thế nào?
16988,fold_0,1,1,5,1.0,1.0,0,Ban Nữ công Tổng Liên đoàn lao động Việt Nam có trách nhiệm như thế nào?
52546,fold_2,1,3,1,1.0,1.0,0,Giấy mời họp Hội nghị giao ban quý của Tổng cục Quản lý đất đai phải ghi rõ những nội dung gì? Được gửi trước ngày tổ chức ít nhất bao nhiêu ngày?
61054,fold_2,1,3,5,1.0,1.0,0,Tàu cá có chiều dài 15m có phải xin cấp Giấy chứng nhận an toàn kỹ thuật không?
136918,fold_2,1,12,2,1.0,1.0,0,Hồ sơ hoàn thuế đối với hàng hóa xuất khẩu phải tái nhập được quy định như thế nào?
70376,fold_2,1,1,2,1.0,1.0,0,Nguyên tắc tổ chức và hoạt động của Hiệp hội Thiết bị giáo dục Việt Nam là gì?
46538,fold_4,1,3,1,1.0,1.0,0,Tổ chức cho thuê có bị tước quyền sử dụng Giấy chứng nhận đăng ký hoạt động khoa học và công nghệ hay không?
22818,fold_4,1,2,7,1.0,1.0,0,Nội dung kiểm tra nghiệp vụ hướng dẫn viên du lịch tại điểm được quy định như thế nào?
151554,fold_1,1,54,7,1.0,1.0,0,Nguyên tắc bồi thường thiệt hại quy định như thế nào?
152146,fold_2,1,1,1,1.0,1.0,0,Hồ sơ thẩm định chương trình quản lý tổng hợp tài nguyên vùng bờ gồm những tài liệu nào?
93406,fold_3,1,2,1,1.0,1.0,0,Đánh giá kết quả rèn luyện và học tập môn học của học viên khuyết tật tại trung tâm giáo dục thường xuyên học tập theo phương thức giáo dục hòa nhập như thế nào?
6116,fold_4,1,18,20,1.0,1.0,0,"Tổ chức, cá nhân nhập khẩu hàng hóa để gia công, sản xuất hàng hóa xuất khẩu sẽ có trách nhiệm gì?"
83342,fold_4,1,1,4,1.0,1.0,0,Giảng viên giảng dạy Chương trình đào tạo luật sư phục vụ hội nhập quốc tế gồm những ai?
49704,fold_0,1,19,1,1.0,1.0,0,Người vi phạm quy định về quản lý việc bảo quản vật liệu nổ dẫn đến chết 01 người thì bị phạt bao nhiêu năm tù?
16008,fold_1,1,2,1,1.0,1.0,0,Thanh tra viên chuyên ngành hàng hải được quyền xử phạt hoa tiêu hàng hải dẫn tàu di chuyển trong vùng nước cảng khi chưa có lệnh điều động của Cảng vụ hàng hải không?
92286,fold_3,1,1,61,1.0,1.0,0,"Người vay vốn tại Ngân hàng Chính sách xã hội trong chính sách tín dụng ưu đãi đối với học sinh, sinh viên gồm những ai?"
28850,fold_1,2,2,5,1.0,1.0,0,Doanh nghiệp cần thực hiện quảng cáo mỹ phẩm thì phải thực hiện những gì?
121366,fold_0,1,1,2,1.0,1.0,0,Lập danh mục dự án chuyên ngành hàng không dựa trên những căn cứ nào? Hồ sơ trình danh mục dự án gồm những giấy tờ gì?
164956,fold_3,1,9,1,1.0,1.0,0,Thành viên Hội đồng thành viên VNPost có được đồng thời làm cán bộ trong bộ máy quản lý nhà nước không?
79334,fold_3,1,9,50,1.0,1.0,0,Cố ý cản trở người khác đăng ký nghĩa vụ quân sự do suy nghĩ lạc hậu có được xem xét giảm nhẹ trách nhiệm hình sự?
7020,fold_3,1,4,8,1.0,1.0,0,"Hướng dẫn soạn thảo đối với phạm vi gói thầu, nguồn vốn hồ sơ mời thầu xây lắp áp dụng phương thức một giai đoạn một túi hồ sơ?"
112042,fold_2,1,>100,6,1.0,1.0,0,"Thời hạn cập nhật tình hình xử lý vào Hệ thống thông tin tiếp nhận, trả lời phản ánh, kiến nghị là bao nhiêu ngày?"
167854,fold_0,1,3,1,1.0,1.0,0,Doanh nghiệp kinh doanh vận tải hành khách bằng xe ô tô theo tuyến cố định có quyền từ chối vận chuyển hành khách khi nào?
168346,fold_1,1,1,20,1.0,1.0,0,Điều kiện của người buôn bán thuốc bảo vệ thực vật được quy định như thế nào?
55308,fold_0,1,4,93,1.0,1.0,0,Tổ chức tư vấn lập quy hoạch lâm nghiệp cấp quốc gia có buộc phải có tư cách pháp nhân không?
163276,fold_0,1,6,5,1.0,1.0,0,Ai có quyền xây dựng đề án phát hành trái phiếu Chính phủ trên thị trường vốn quốc tế?
35786,fold_3,1,>100,11,1.0,1.0,0,Hội đồng xét xử phúc thẩm có quyền sửa nội dung gì trong bản án sơ thẩm?
135930,fold_1,1,1,2,1.0,1.0,0,Đón đoàn nước ngoài vào công tác của Tổng Cục Dự trữ Nhà nước tổ chức theo nguyên tắc nào?
42346,fold_4,1,6,1,1.0,1.0,0,Đề xuất điều chỉnh lộ trình học phí 2023-2024 chậm lại 1 năm so với lộ trình Nghị định 81/2021/NĐ-CP?
46474,fold_3,1,19,6,1.0,1.0,0,Du học sinh đã hoàn thành chương trình học tập và trở về nước gồm những trường hợp nào?
140390,fold_1,1,5,4,1.0,1.0,0,"Miễn thuế đối với hàng hóa xuất khẩu để gia công, sản phẩm gia công nhập khẩu như thế nào?"
164048,fold_1,1,1,3,1.0,1.0,0,Hồ sơ cấp lại Giấy phép thành lập và hoạt động của cơ sở văn hóa nước ngoài tại Việt Nam khi bổ sung nội dung hoạt động ghi trong Giấy phép gồm có giấy tờ gì?
28872,fold_1,1,2,1,1.0,1.0,0,"Quảng cáo thực phẩm, phụ gia thực phẩm ra sao?"
67660,fold_3,1,3,9,1.0,1.0,0,"Cơ sở đăng ký thuốc phải báo cáo, theo dõi và đánh giá an toàn, hiệu quả của thuốc?"
1912,fold_3,1,17,39,1.0,1.0,0,Thẩm quyền giải quyết khiếu nại trong thi hành án hình sự của Viện kiểm sát quy định như thế nào?
155136,fold_2,1,19,8,1.0,1.0,0,"Thành phần hồ sơ thực hiện tiếp nhận người có công vào cơ sở nuôi dưỡng, điều dưỡng người có công do tỉnh quản lý hoặc đưa về gia đình nuôi dưỡng gồm những gì?"
11834,fold_2,1,2,1,1.0,1.0,0,Quỹ Phát triển khoa học và công nghệ Quốc gia hỗ trợ các nhà khoa học thực hiện nghiên cứu sau tiến sĩ khi có đủ điều kiện nào?
39278,fold_4,1,1,>100,1.0,1.0,0,Hồ sơ đăng ký tập sự tại văn phòng công chứng tư nhân như thế nào?
149002,fold_1,1,43,65,1.0,1.0,0,Chế độ liên lạc của phạm nhân
16858,fold_0,2,47,7,1.0,1.0,0,Cơ quan nào có nhiệm vụ xây dựng đề án phát hành trái phiếu quốc tế?
102810,fold_3,1,2,1,1.0,1.0,0,Hệ thống thư điện tử của cơ sở giáo dục đại học được thiết lập theo phương thức nào?
91076,fold_4,1,3,1,1.0,1.0,0,Mục đích hoạt động của Hội Kiến trúc sư Việt Nam được quy định thế nào?
22086,fold_0,1,22,1,1.0,1.0,0,Muốn lấy giấy phép lái xe hạng D thì thi sát hạch ở đâu?
130796,fold_2,1,12,>100,1.0,1.0,0,Hồ sơ nhập học lớp 10 gồm có những giấy tờ gì?
49548,fold_4,1,3,4,1.0,1.0,0,Công an giao thông phạt xe du lịch do lỗi chưa gắn phù hiệu thì có bị giam xe không?
111980,fold_3,1,1,>100,1.0,1.0,0,Trong cơ sở dữ liệu lý lịch tư pháp bao gồm những thông tin nào?
60678,fold_4,1,1,1,1.0,1.0,0,"Thời hiệu kỷ luật tổ chức Đảng khi bị kỷ luật cảnh cáo về thiếu trách nhiệm trong trong lãnh đạo, chỉ đạo xử lý tệ nạn xã hội?"
31570,fold_0,1,1,2,1.0,1.0,0,Tổng giám đốc Ngân hàng phát triển Việt Nam thực hiện nhiệm vụ gì?
36162,fold_3,2,1,7,1.0,1.0,0,Các hoạt động của đơn vị chiếu phim lưu động?
123522,fold_1,2,74,2,1.0,1.0,0,Có sai sót về giá ghi trên hóa đơn điện tử trong trường hợp có chiết khấu thương mại dành cho khách hàng thì phải điều chỉnh như thế nào?
44000,fold_1,1,58,1,1.0,1.0,0,"Hồ sơ đăng ký chào mua công khai cổ phiếu, chứng chỉ quỹ đóng trường hợp thanh toán bằng tiền gồm những tài liệu gì?"
6216,fold_2,1,7,89,1.0,1.0,0,Ngày ký và ngày lập hóa đơn điện tử có giống nhau không?
110502,fold_1,1,23,14,1.0,1.0,0,Thời hạn áp dụng biện pháp điều tra tố tụng đặc biệt là bao lâu?
98186,fold_4,1,1,15,1.0,1.0,0,Danh mục thuốc hóa dược và sinh phẩm thuộc phạm vi được bảo hiểm y tế chi trả?
105506,fold_1,1,1,15,1.0,1.0,0,Cơ quan điều tra có phải cơ quan tiếp nhận văn bản kiến nghị khi phát hiện dấu hiệu tội phạm trong quá trình thanh tra không?
71192,fold_1,1,1,1,1.0,1.0,0,"Nội dung, nhiệm vụ thực hiện đánh giá, xác định Chỉ số Parindex của Bộ Nông nghiệp và Phát triển nông thôn năm 2023 như thế nào?"
7066,fold_0,1,1,1,1.0,1.0,0,"Cơ sở Đo lường Chất lượng thực hiện kiểm định chuẩn đo lường thuộc lĩnh vực quân sự, quốc phòng có những nghĩa vụ gì?"
98470,fold_4,1,1,1,1.0,1.0,0,Thông tin liên lạc viễn thông của biệt thự nghỉ dưỡng phải đảm bảo các yêu cầu gì?
104568,fold_0,1,1,29,1.0,1.0,0,Có những phương thức mua hàng dự trữ quốc gia nào?
76022,fold_3,2,13,5,1.0,1.0,0,"Hành vi đăng tải thông tin hình ảnh người khác nhằm xúc phạm danh dự nhân phẩm, bị xử phạt hành chính hay bị truy cứu trách nhiệm hình sự?"
10346,fold_1,1,1,25,1.0,1.0,0,Thanh tra có thẩm quyền xử phạt vi phạm hành chính về an toàn thực phẩm ra sao?
168410,fold_2,1,2,8,1.0,1.0,0,Nhận được thông tin tố cáo hành vi vi phạm của chiến sĩ Công an trong việc thực hiện nhiệm vụ thuộc thẩm quyền giải quyết thì xử lý ban đầu thông tin tố cáo như thế nào?
76724,fold_0,1,2,1,1.0,1.0,0,Thủ tục chấp thuận người được đề cử làm Lãnh sự danh dự nước ngoài tại Việt Nam được thực hiện như thế nào?
139922,fold_2,1,1,1,1.0,1.0,0,"Cơ quan nào là cơ quan thường trực của Ban An toàn giao thông tỉnh, thành phố trực thuộc Trung ương?"
135994,fold_2,1,1,20,1.0,1.0,0,Trong hoạt động mua bán người thì các hành vi nào bị nghiêm cấm?
132164,fold_3,1,5,7,1.0,1.0,0,Công nghệ kỹ thuật cơ điện tử trình độ cao đẳng là ngành nghề như thế nào?
166812,fold_3,1,1,8,1.0,1.0,0,Mục đích kiểm tra đối với lĩnh vực công tác của các đơn vị và cá nhân trong Tòa án nhân dân là gì?
31670,fold_1,1,11,21,1.0,1.0,0,Nội dụng của thỏa thuận bảo đảm thực hiện dự án đầu tư của nhà đầu tư gồm những gì?
61782,fold_4,1,2,1,1.0,1.0,0,Bộ Thông tin và Truyền thông có phải kiểm soát tần số vô tuyến điện không?
2046,fold_4,2,1,1,1.0,1.0,0,Kinh phí chi trả trợ cấp thường xuyên khi thực hiện Pháp lệnh ưu đãi người có công với cách mạng năm 2023
98106,fold_1,1,1,>100,1.0,1.0,0,Hưởng bảo hiểm y tế khi đi khám bệnh ở nơi không có hợp đồng ra sao?
136572,fold_0,1,2,19,1.0,1.0,0,Mẫu giấy chứng nhận đạt tiêu chuẩn kiểm định chất lượng chương trình đào tạo giáo dục nghề nghiệp có dạng như thế nào?
89132,fold_4,1,1,3,1.0,1.0,0,Chỉ thị của Chính phủ về nhiệm vụ sau kỳ nghỉ Tết Âm lịch 2023 có nội dung gì?
140346,fold_1,1,1,20,1.0,1.0,0,"Cục Quản lý giám sát kế toán, kiểm toán có chức năng là gì?"
85070,fold_1,1,16,1,1.0,1.0,0,Mức phạt nào dành cho hành vi vi phạm quy định về quản lý sử dụng nhà chung cư đối với người sử dụng nhà chung cư?
32668,fold_2,1,2,1,1.0,1.0,0,"Quy định về mức trích kinh phí bảo đảm cho việc tổ chức thực hiện bồi thường, hỗ trợ, tái định cư và cưỡng chế kiểm đếm, cưỡng chế thu hồi đất như thế nào?"
43344,fold_3,1,3,1,1.0,1.0,0,Thương nhân kinh doanh Siêu thị chuyên doanh có thể tự tiến hành phân hạng Siêu thị của mình không?
85002,fold_1,1,3,38,1.0,1.0,0,Hiệu lệnh của người điều khiển giao thông bao gồm những gì?
53290,fold_1,1,16,34,1.0,1.0,0,Có được xét danh hiệu thi đua khen thưởng của Bộ Khoa học và công nghệ khi người lao động đang thực hiện hợp đồng lao động hay không?
158596,fold_3,1,2,31,1.0,1.0,0,Điều kiện để giải thể doanh nghiệp?
61650,fold_3,1,4,1,1.0,1.0,0,Người đề nghị cấp CFS cho đồ chơi trẻ em xuất khẩu làm mất bản chính CFS thì có được cấp lại bản sao CFS không?
38144,fold_1,1,18,65,1.0,1.0,0,Học sinh trung học thường xuyên nghỉ học trên 45 ngày thì có ở lại lớp hay không?
95696,fold_3,1,47,42,1.0,1.0,0,"Có thể được tuyển chọn, bổ nhiệm làm Thẩm phán trung cấp khi đáp ứng những tiêu chuẩn và điều kiện gì?"
168038,fold_1,1,2,1,1.0,1.0,0,"Tác nhân, nguồn bệnh về phương thức lây truyền bệnh ấu trùng giun đũa chó/mèo?"
19348,fold_0,1,1,3,1.0,1.0,0,Giấy chứng nhận năng lực cá nhân có các thông tin gì?
56622,fold_3,1,8,1,1.0,1.0,0,Người học ngành kỹ thuật thiết bị hình ảnh y tế trình độ cao đẳng phải có mức độ tự chủ và trách nhiệm như thế nào?
61264,fold_4,2,1,>100,1.0,1.0,0,"Thực hiện điều tra, khảo sát tình hình thi hành pháp luật trong hệ thống cơ quan hành chính nhà nước như thế nào?"
24054,fold_2,2,2,50,1.0,1.0,0,Công ty TNHH một thành viên do Nhà nước nắm giữ 100% vốn điều lệ xây dựng quỹ tiền thưởng và phân phối tiền thưởng cho người lao động thế nào?
62528,fold_3,1,1,1,1.0,1.0,0,Báo cáo công tác xử lý kỷ luật đối với công chức tại các đơn vị thuộc Bộ Tài chính được gửi thông qua hình thức nào?
75796,fold_1,1,1,1,1.0,1.0,0,Chất lượng của vải quả tươi hạng đặc biệt có được có các khuyết tật trên quả không?
131676,fold_3,1,3,29,1.0,1.0,0,"Trường hợp đi nghĩa vụ quân sự, bị gọi nhập ngũ nhưng lại trốn nghĩa vụ thì sẽ bị xử phạt như thế nào?"
53084,fold_1,1,1,61,1.0,1.0,0,Hồ sơ cấp tiền hỗ trợ sau đầu tư gửi đến Ngân hàng Phát triển Việt Nam bao gồm những tài liệu gì?
876,fold_3,1,5,8,1.0,1.0,0,Thời hạn để thành viên công ty trách nhiệm hữu hạn hai thành viên thực hiện góp vốn là bao lâu?
58808,fold_2,1,5,1,1.0,1.0,0,"Trường hợp có nhiều người thụ hưởng bảo hiểm nhân thọ, bảo hiểm sức khỏe thì xử lý như thế nào?"
82264,fold_1,2,18,4,1.0,1.0,0,Thời gian nào tính vào thời gian tập sự của giáo viên?
94490,fold_4,1,>100,49,1.0,1.0,0,Chức trách của Kiểm dịch viên động vật là gì?
11600,fold_4,1,1,1,1.0,1.0,0,Hồ sơ đề nghị thu hồi tài sản trong trường hợp tự nguyện trả lại tài sản kết cấu hạ tầng hàng hải cần những giấy tờ nào?
151098,fold_2,1,5,3,1.0,1.0,0,Hồ sơ đề nghị cấp giấy chứng nhận lưu hành tự do cho trang thiết bị y tế xuất khẩu được quy định như thế nào?
85654,fold_2,2,1,>100,1.0,1.0,0,Thể thức của một văn bản do cơ quan nhà nước ban hành phải đáp ứng những tiêu chí nào?
145442,fold_1,1,22,7,1.0,1.0,0,Trong thời gian tập sự công chức thì người tập sự có người hướng dẫn làm việc không?
3402,fold_1,1,10,1,1.0,1.0,0,Chủ tịch Hội đồng quản trị Sở Giao dịch Chứng khoán thành phố Hồ Chí Minh do ai bổ nhiệm?
103692,fold_3,1,5,>100,1.0,1.0,0,Xét nâng ngạch Giảng viên chính cần chứng chỉ gì?
73440,fold_2,1,13,1,1.0,1.0,0,Diện tích đất tối thiểu được phép tách thửa đối với thửa đất trước đây cấp Giấy chứng nhận là đất lâm nghiệp tại địa bàn tỉnh Sơn La?
41616,fold_1,3,1,1,1.0,1.0,0,"Nhóm nợ được khoanh trong việc quản lý nợ thuế và khoản thu khác đối với hàng hóa xuất khẩu, nhập khẩu là gì?"
56854,fold_2,1,1,3,1.0,1.0,0,Thủ tục đề nghị chấm dứt hoạt động đối với cơ sở hỗ trợ nạn nhân mua bán người thực hiện ra sao?
16424,fold_0,2,1,2,1.0,1.0,0,Trình tự tuyển chọn công dân tham gia nghĩa vụ Công an nhân dân như thế nào?
79400,fold_0,1,4,1,1.0,1.0,0,Trách nhiệm và quyền hạn của các thành viên Hội đồng thẩm định cấp cơ sở đối với dự án PPP là gì?
108584,fold_1,2,12,19,1.0,1.0,0,Có được nuôi chó trong chung cư hay không?
91244,fold_3,1,2,6,1.0,1.0,0,Để được tạm hoãn kiểm tra trình độ kỹ năng nghề thì công nhân quốc phòng cần có những điều kiện gì?
94852,fold_0,2,1,1,1.0,1.0,0,Sĩ quan Công an nhân dân được nghỉ hưu khi nào?
47340,fold_1,1,4,1,1.0,1.0,0,Đối với nhân sự của cơ sở cai nghiện ma túy được quy định như thế nào?
75524,fold_4,1,1,2,1.0,1.0,0,Ban Biên tập Cổng thông tin điện tử Bộ Văn hóa Thể thao và Du lịch gồm những ai?
155988,fold_1,1,13,1,1.0,1.0,0,"Thuyền phó nhất tàu điều tra, đánh giá nguồn lợi thủy sản thực hiện những nhiệm vụ gì?"
162712,fold_1,1,1,1,1.0,1.0,0,Chủ dây chơi hụi không có lãi có được quyền thu phần họ của các thành viên hay không?
141320,fold_1,1,1,1,1.0,1.0,0,"Nguyên tắc tài chính cho hoạt động tư vấn, phản biện và giám định xã hội của Liên hiệp các Hội Khoa học và Kỹ thuật Việt Nam là gì?"
36994,fold_4,1,2,1,1.0,1.0,0,Chánh Thanh tra Sở Giao thông vận tải được quyền xử phạt hoa tiêu đường thủy nội địa từ chối dẫn phương tiện không?
35690,fold_0,1,2,5,1.0,1.0,0,Mức phạt cho hành vi cung cấp thông tin về tỷ lệ cược khi chưa được đồng ý là bao nhiêu?
9138,fold_3,1,3,6,1.0,1.0,0,Có được đóng bảo hiểm xã hội tự nguyện không?
118656,fold_1,1,2,2,1.0,1.0,0,"Tổ chức, cá nhân khai thác và sử dụng thông tin, dữ liệu tài nguyên và môi trường có trách nhiệm và quyền hạn gì?"
163714,fold_4,1,4,4,1.0,1.0,0,Giáo viên không được dạy thêm trong trường hợp nào?
71634,fold_2,1,1,19,1.0,1.0,0,"Thời hạn bảo quản hồ sơ, tài liệu chuyên môn nghiệp vụ của ngành Giáo dục tính từ năm nào?"
144996,fold_2,1,1,84,1.0,1.0,0,Cơ cấu tổ chức của đại học bao gồm những gì?
92466,fold_2,1,5,15,1.0,1.0,0,Việc tạm giữ người trong tố tụng hình sự được thực hiện thế nào?
33928,fold_2,1,1,>100,1.0,1.0,0,Hiệu lực của Bộ luật hình sự về thời gian được quy định như thế nào?
75404,fold_1,1,>100,11,1.0,1.0,0,Do biến động bất thường của tình hình kinh tế - xã hội điều chỉnh quy hoạch xây dựng vùng liên huyện được không?
42928,fold_1,1,1,>100,1.0,1.0,0,"Trình tự, thủ tục thực hiện hợp pháp hóa lãnh sự được quy định như thế nào?"
6038,fold_0,1,12,7,1.0,1.0,0,Thành viên góp vốn có được chuyển nhượng phần vốn góp của mình không?
14580,fold_4,1,3,41,1.0,1.0,0,Các nguyên tắc thúc đẩy sự tin cậy với tổ chức đánh giá và chứng nhận hệ thống quản lý là gì?
23564,fold_1,1,1,2,1.0,1.0,0,Tòa án có thể ký hợp đồng dịch vụ tống đạt với nhiều Văn phòng Thừa phát lại hay không?
106080,fold_0,1,9,1,1.0,1.0,0,Mức cấp dưỡng nuôi con hàng tháng của cha mẹ không trực tiếp nuôi con sau ly hôn được tính như thế nào?
81796,fold_1,1,1,1,1.0,1.0,0,Điều kiện để được cấp Giấy chứng nhận đủ điều kiện kinh doanh chứng khoán phái sinh đối với công ty chứng khoán là gì?
115138,fold_0,1,2,2,1.0,1.0,0,Quy định về phổ biến phim trên hệ thống truyền hình?
70412,fold_3,1,1,4,1.0,1.0,0,Bóc lột tình dục là gì? Người bị bóc lột tình dục có được xem là nạn nhân của hành vi mua bán người?
125780,fold_2,1,>100,6,1.0,1.0,0,Mức hưởng chế độ thai sản khi tránh thai quy định như thế nào?
83886,fold_3,1,2,1,1.0,1.0,0,Sử dụng vũ khí chiếm đoạt tàu thủy và đánh lái tàu thương tích 70% thì bị truy cứu trách nhiệm hình sự bao nhiêu năm tù?
71332,fold_1,1,14,3,1.0,1.0,0,Tài liệu lưu trữ sau khi chỉnh lý được quản lý như thế nào?
47378,fold_1,1,2,8,1.0,1.0,0,Công ty chứng khoán được quyền đầu tư tối đa là bao nhiêu số cổ phiếu của một tổ chức đang niêm yết?
161802,fold_0,1,1,1,1.0,1.0,0,Đương sự được quyền yêu cầu tòa án áp dụng biện pháp khẩn cấp tạm thời trong những trường hợp nào?
124186,fold_1,1,1,5,1.0,1.0,0,Các chức danh nghề nghiệp đạo diễn nghệ thuật có hệ số lương bao nhiêu?
52922,fold_2,1,1,>100,1.0,1.0,0,Công chứng viên của Phòng công chứng được chuyển đổi được giải quyết chế độ chính sách như thế nào?
135808,fold_4,1,4,49,1.0,1.0,0,Nhiệm vụ của trường phổ thông dân tộc nội trú được quy định thế nào?
59812,fold_1,1,1,>100,1.0,1.0,0,Chức năng của Tổng cục Năng lượng được quy định ra sao?
17852,fold_0,1,1,3,1.0,1.0,0,Đã đám cưới mà chưa đăng ký kết hôn muốn đăng ký khai sinh cho con có cả tên cha và mẹ thì phải làm sao?
90190,fold_2,1,3,21,1.0,1.0,0,"Quy trình lấy phiếu tín nhiệm đối với các chức danh cấp uỷ và chức danh, chức vụ lãnh đạo, quản lý trong hệ thống chính trị như thế nào?"
36944,fold_0,1,1,4,1.0,1.0,0,Trong quản lý nhà nước về hoạt động đối ngoại biên phòng thì Bộ Quốc phòng có những trách nhiệm nào?
37008,fold_3,1,3,5,1.0,1.0,0,Ủy ban Cạnh tranh Quốc gia là cơ quan thuộc cơ quan nào?
35662,fold_3,1,40,3,1.0,1.0,0,Doanh nghiệp viễn thông không tuân thủ quyết định đình chỉ giá cước của Bộ Thông tin và Truyền thông thì bị xử phạt thế nào?
42450,fold_0,1,3,>100,1.0,1.0,0,"Gia đình neo đơn, quá khó khăn nuôi dưỡng bà nội đã già yếu thì xin xuất ngũ trước hạn được không?"
136198,fold_3,1,1,1,1.0,1.0,0,Dự án PPP là gì?
62420,fold_1,1,2,1,1.0,1.0,0,"Cơ sở sản xuất kinh doanh thủy sản cần phải đáp ứng những điều kiện gì để đảm bảo an toàn vệ sinh trong sơ chế, chế biến thuỷ sản?"
97774,fold_1,1,2,3,1.0,1.0,0,Trong việc xét công nhận sáng kiến thì Hội đồng sáng kiến có nhiệm vụ thế nào?
642,fold_0,1,9,3,1.0,1.0,0,"Người học ngành chế biến và bảo quản thủy sản trình độ trung cấp phải có khả năng học tập, nâng cao trình độ như thế nào?"
125776,fold_4,1,1,1,1.0,1.0,0,"Xử lý nghiêm việc phát hành, xuất khống, mua bán hóa đơn điện tử để trục lợi?"
88992,fold_4,1,1,90,1.0,1.0,0,Sử dụng tài khoản ngoại tệ của người cư trú là cá nhân như thế nào cho đúng quy định pháp luật?
152340,fold_2,1,2,7,1.0,1.0,0,"Học ngành kỹ thuật sửa chữa, lắp ráp máy tính trình độ trung cấp thì người học phải có mức độ tự chủ, chịu trách nhiệm như thế nào?"
10218,fold_0,1,5,2,1.0,1.0,0,"Dịch vụ sự nghiệp công quản lý, bảo trì kết cấu hạ tầng giao thông đường bộ gồm những công việc gì?"
19158,fold_0,1,1,4,1.0,1.0,0,"Thu hoạch, sơ chế, bảo quản, chế biến sản phẩm cây trồng"
13836,fold_1,1,2,>100,1.0,1.0,0,Những việc mà công chức thuộc lực lượng Quản lý thị trường không được làm là gì?
151224,fold_4,1,29,1,1.0,1.0,0,Phẫu thuật múc nội nhãn được tiến hành theo các bước như thế nào? Kỹ thuật múc nội nhãn thực hiện ra sao?
24464,fold_2,1,1,35,1.0,1.0,0,Không lưu trữ thông tin về nguồn gốc thực phẩm cơ sở kinh doanh sản phẩm thực phẩm bị xử phạt vi phạm hành chính như thế nào?
164672,fold_4,1,23,56,1.0,1.0,0,Xin gia hạn thời gian sử dụng đất nông nghiệp thì có phải đóng phí gia hạn hay không?
41522,fold_1,1,1,22,1.0,1.0,0,Hồ sơ đăng ký tổ chức xét trao giải thưởng cho doanh nghiệp trong phạm vi cấp tỉnh có giá trị như thế nào?
129190,fold_3,1,>100,>100,0.0,0.0,0,Việc tổ chức thẩm định công trình xây dựng được cơ quan nhà nước phê duyệt do ai thực hiện?
159836,fold_3,1,7,28,1.0,1.0,0,Danh hiệu “Lao động tiên tiến” được xét tặng cho đối tượng nào?
43960,fold_2,1,1,1,1.0,1.0,0,Cập nhật thông tin về nhiệm vụ khoa học và công nghệ đang tiến hành thuộc bí mật quân sự vào cơ sở dữ liệu được thực hiện như thế nào?
117344,fold_4,1,1,1,1.0,1.0,0,"Các đường ống của hệ thống chữa cháy tự động bằng nước, bọt phải đảm bảo yêu cầu gì?"
120294,fold_3,1,15,10,1.0,1.0,0,Vậy thế nào là ly hôn thuận tình có yếu tố nước ngoài?
16302,fold_0,2,1,1,1.0,1.0,0,Người lao động khi sinh con được hưởng bảo hiểm trợ cấp như thế nào?
51698,fold_1,1,1,1,1.0,1.0,0,Quy trình lấy mẫu thức ăn chăn nuôi là sản phẩm dạng lỏng được quy định như thế nào?
37626,fold_3,2,>100,>100,0.0,0.0,0,Mẫu Chứng chỉ nghiệp vụ khai hải quan mới nhất ra sao?
11386,fold_0,1,12,2,1.0,1.0,0,"Khi thực hiện tuần tra, kiểm soát thì Cảnh sát biển Việt Nam phải thể hiện màu sắc của máy bay tuần tra có đúng không?"
119586,fold_3,1,>100,75,1.0,1.0,0,Muốn thay đổi thông tin trong hồ sơ đề nghị công nhận chương trình đào tạo kiến thức pháp luật về bán hàng đa cấp thì xử lý ra sao?
128044,fold_4,1,1,23,1.0,1.0,0,"Hình thức thanh toán trong giao dịch vay, cho vay và trả nợ vay lẫn nhau giữa các doanh nghiệp không phải là tổ chức tín dụng ra sao?"
145668,fold_2,1,1,1,1.0,1.0,0,Hội viên chính thức của Hiệp hội Titan Việt Nam có những nghĩa vụ nào?
33382,fold_4,1,27,1,1.0,1.0,0,Thời hạn áp dụng thuế chống bán phá giá được quy định như thế nào?
112166,fold_0,1,1,2,1.0,1.0,0,Mức đóng bảo hiểm xã hội bắt buộc của người lao động nước ngoài tại Việt Nam từ 01/07/2022?
36448,fold_3,1,42,2,1.0,1.0,0,Nội dung kế hoạch quản lý chất lượng môi trường không khí cấp tỉnh?
16476,fold_3,1,2,>100,1.0,1.0,0,"Báo Văn hóa có nhiệm vụ thông tin, tuyên truyền chính sách pháp luật của Nhà nước về nội dung gì?"
166864,fold_2,2,21,>100,0.5,0.5,0,"Quy định về các ngày nghỉ của cán bộ, công chức hiện nay ra sao?"
138214,fold_2,1,9,22,1.0,1.0,0,Ai có trách nhiệm kiểm tra Phiếu đăng ký dự tuyển công chức?
138502,fold_2,1,3,1,1.0,1.0,0,Đảng viên dự bị có thời gian sinh hoạt đảng tại cơ quan cũ thì khi kết nạp đảng viên chính thức có cần xin xác nhận ở đơn vị này không?
16294,fold_4,1,2,>100,1.0,1.0,0,Giám định viên Hội đồng Giám định y khoa phải đáp ứng tiêu chuẩn như thế nào?
108044,fold_0,1,2,10,1.0,1.0,0,Trách nhiệm của chủ phương tiện thủy nội địa
160974,fold_0,1,4,>100,1.0,1.0,0,Mục đích của việc thống kê về xử lý vi phạm hành chính là gì?
163270,fold_2,1,1,72,1.0,1.0,0,Thế nào là vi phạm hành chính về thuế và hóa đơn?
3338,fold_4,1,1,30,1.0,1.0,0,Chỉ định thuốc điều trị Covid-19 như thế nào?
147856,fold_2,1,1,>100,1.0,1.0,0,Báo Văn hóa thuộc Bộ Văn hóa Thể thao và Du lịch có con dấu và tài khoản riêng không?
42294,fold_2,2,2,>100,0.5,0.5,0,Tiền lương của công chức chuyên ngành Ngân hàng là bao nhiêu?
91574,fold_0,1,4,1,1.0,1.0,0,Thời gian lập hồ sơ trình cấp có thẩm quyền phê duyệt quyết toán mua sắm tài sản là bao lâu?
123202,fold_1,1,>100,1,1.0,1.0,0,Nguyên tắc biên soạn câu hỏi tự luận kiểm tra kiến thức được quy định thế nào?
136028,fold_0,2,1,57,1.0,1.0,0,Báo cáo tài chính là gì? Đơn vị kiểm toán phải nộp báo cáo tài chính khi nào?
79594,fold_2,1,31,>100,1.0,1.0,0,Đăng kiểm viên có những tiêu chuẩn và nhiệm vụ nào?
116370,fold_2,1,3,4,1.0,1.0,0,Giáo viên trường trung học cơ sở dạy bao nhiêu tiết trong một tuần?
84256,fold_2,1,4,1,1.0,1.0,0,Trường hợp nào được cấp mã số thuế sử dụng đất phi nông nghiệp?
13504,fold_1,1,7,4,1.0,1.0,0,Khoản chi nào không được hạch toán vào chi phí hoạt động của Ngân hàng Phát triển Việt Nam?
29862,fold_3,1,1,1,1.0,1.0,0,Các hoạt động khác của quỹ tín dụng nhân dân
42768,fold_3,1,18,1,1.0,1.0,0,Trách nhiệm của du học sinh học bổng ngân sách nhà nước?
35592,fold_3,2,>100,>100,0.0,0.0,0,Quy định đặt tên chi nhánh như thế nào?
23732,fold_0,1,82,59,1.0,1.0,0,Thời hiệu xử phạt vi phạm hành chính đối với người mua bán Giấy phép khảo nghiệm thuốc thú y là bao lâu?
91626,fold_4,1,1,1,1.0,1.0,0,Khu nông nghiệp ứng dụng công nghệ cao phát triển tôm Bạc Liêu có những nhiệm vụ nào?
58872,fold_4,2,6,19,1.0,1.0,0,"Chống khai thác hải sản, yêu cầu tăng cường kiểm soát chặt chẽ hoạt động tàu cá của tỉnh khác hoạt động tại địa phương như thế nào?"
34824,fold_2,1,2,9,1.0,1.0,0,Doanh nghiệp cung cấp dịch vụ hàng không tại cảng hàng không cần phải đảm bảo điều kiện hoạt động như thế nào?
145196,fold_4,1,1,16,1.0,1.0,0,Giấy chứng nhận phần vốn góp của thành viên công ty TNHH hai thành viên bao gồm những nội dung nào?
49376,fold_0,1,1,45,1.0,1.0,0,Hoạt động kiểm soát nội bộ Ngân hàng Nhà nước Việt Nam được hiểu như thế nào?
83030,fold_4,1,21,7,1.0,1.0,0,Những trường hợp nào sinh viên đại học được xin nghỉ học tạm thời?
134782,fold_4,1,35,39,1.0,1.0,0,Người bán thuốc nhưng lại không có bằng cấp chuyên môn sẽ bị xử phạt như thế nào theo quy định mới nhất hiện nay?
44902,fold_4,1,1,1,1.0,1.0,0,Bảo dưỡng ban đầu trong biện pháp phòng chống nứt mặt bê tông của kết cấu bê tông trong những giờ đầu đóng rắn được thực hiện bằng các giải pháp nào?
104098,fold_0,1,>100,3,1.0,1.0,0,Việc chi trả tiền từ Quỹ bảo vệ người được bảo hiểm thực hiện theo nguyên tắc nào?
140208,fold_4,1,1,21,1.0,1.0,0,Bên nhận bảo đảm thực hiện việc xử lý tài sản bảo đảm có cần văn bản ủy quyền của bên bảo đảm hay không?
86676,fold_1,2,1,36,1.0,1.0,0,Người bị tạm giữ có những quyền gì?
165916,fold_1,1,1,5,1.0,1.0,0,Phụ cấp đặc biệt đối với cán bộ cấp huyện làm việc ở đảo xa đất liền được tính trả như thế nào? Nguồn kinh phí chi trả phụ cấp đặc biệt từ đâu?
144458,fold_2,1,1,1,1.0,1.0,0,Phiên họp thứ nhất của Hội nghị các bên tham gia Công ước Chống sa mạc hóa của Liên hợp quốc sẽ do ai triệu tập?
106820,fold_4,1,2,5,1.0,1.0,0,Nhóm do cơ quan bảo hiểm xã hội đóng bảo hiểm y tế
96308,fold_2,1,5,95,1.0,1.0,0,Điều tra tài nguyên nước là trách nhiệm của ai?
58912,fold_1,1,1,8,1.0,1.0,0,Thời gian đi nghĩa vụ quân sự là bao lâu?
27546,fold_4,1,2,1,1.0,1.0,0,Cột bơm xăng dầu tại cửa hàng xăng dầu có quy chuẩn lắp đặt và xây dựng nào không?
110278,fold_0,1,2,1,1.0,1.0,0,Mẫu báo cáo định kỳ do doanh nghiệp kinh doanh kết cấu hạ tầng đường sắt thực hiện trong quá trình bảo trì hiện nay?
86432,fold_3,2,49,98,1.0,1.0,0,Nội quy phòng xử án hình sự được quy định như thế nào?
63966,fold_0,1,6,6,1.0,1.0,0,Khi thực hiện sửa chữa sổ kế toán có bắt buộc phải có chữ ký của kế toán trưởng đơn vị kế toán hay không?
110746,fold_0,1,8,47,1.0,1.0,0,Đất phi nông nghiệp là gì?
61070,fold_2,1,>100,>100,0.0,0.0,0,25 dịch vụ công thiết yếu theo Đề án 06 sẽ bắt buộc phải được số hóa kể từ ngày 01 tháng 7 năm 2022?
143046,fold_2,1,1,1,1.0,1.0,0,"Mức phạt tiền đối với doanh nghiệp, nhóm doanh nghiệp thực hiện hành vi lạm dụng vị trí thống lĩnh thị trường là bao nhiêu?"
157064,fold_1,1,>100,24,1.0,1.0,0,Cá nhân bị Nhà nước thu hồi đất dẫn đến phải chuyển chỗ ở thì có được hỗ trợ tìm kiếm việc làm hay không?
120164,fold_3,1,1,6,1.0,1.0,0,Trình tự xây dựng văn bản quy phạm pháp luật theo thủ tục rút gọn được thực hiện như thế nào?
141538,fold_3,1,7,1,1.0,1.0,0,Các bước tiến hành phẫu thuật lấy dị vật trong nhãn cầu bằng nam châm nội nhãn thực hiện như thế nào?
73032,fold_4,1,2,30,1.0,1.0,0,Ai được vào buồng hạnh phúc thăm phạm nhân? Chưa đăng ký kết hôn có được vào thăm phạm nhân tại buồng hạnh phúc không?
141514,fold_2,1,1,4,1.0,1.0,0,Việc in các loại phôi Giấy chứng nhận kiểm định xe máy chuyên dùng trong Bộ Quốc phòng do ai chịu trách nhiệm thực hiện?
24038,fold_0,1,12,18,1.0,1.0,0,Một người có thể đăng ký bao nhiêu hộ kinh doanh?
148170,fold_3,1,13,68,1.0,1.0,0,Viên chức là Đảng viên khi sinh con thứ ba có bị khai trừ khỏi Đảng không?
76538,fold_1,1,3,>100,1.0,1.0,0,"Vi bằng có thể thay thế văn bản công chứng, chứng thực hay không?"
56496,fold_2,1,2,1,1.0,1.0,0,Công ty mẹ Tập đoàn Công nghiệp Viễn thông Quân đội được quyền chủ động thanh lý những loại tài sản cố định nào?
103750,fold_0,1,1,1,1.0,1.0,0,Thời hiệu xử lý kỷ luật đối với Tiểu đoàn trưởng đơn vị Dân quân tự vệ bị kỷ luật tước danh hiệu Dân quân tự vệ là bao lâu?
12408,fold_2,1,4,1,1.0,1.0,0,"Từ 20/6/2023, lao động nữ khi khám sức khỏe định kỳ sẽ được khám phụ sản"
163486,fold_2,1,27,4,1.0,1.0,0,Không có giấy phép về hàng hóa có được kinh doanh dịch vụ quá cảnh không?
30606,fold_4,1,8,3,1.0,1.0,0,Chia tách chi bộ thuộc Đảng bộ cơ sở thì căn cứ theo quyết định của cơ quan nào?
8876,fold_2,1,2,12,1.0,1.0,0,"Xử lý bom mìn, vật nổ bằng phương pháp hủy nổ phải tuân thủ theo quy định chung như thế nào?"
138592,fold_4,1,3,>100,1.0,1.0,0,"Cán bộ, công chức khi nghỉ hưu ở tuổi cao hơn phải đảm bảo thời gian công tác như thế nào?"
65444,fold_0,2,2,1,1.0,1.0,0,"Khi trực tiếp kiểm sát đối với Cơ quan thi hành án dân sự cấp dưới, Viện kiểm sát cấp trên có thể huy động Kiểm tra viên của Viện kiểm sát cấp dưới tham gia không?"
139604,fold_1,1,>100,5,1.0,1.0,0,Về hưởng dưỡng sức khi đi làm sớm sau ốm đau
138004,fold_4,1,1,26,1.0,1.0,0,Hợp đồng giữa công ty trách nhiệm hữu hạn một thành viên do tổ chức làm chủ sở hữu với những người có liên quan trong tổ chức quản lý được chấp thuận khi nào?
104880,fold_2,1,1,4,1.0,1.0,0,Đề xuất bổ sung đưa nội dung về quá trình đầu tư xây dựng dự án nhà ở tại Luật Nhà ở sửa đổi như thế nào?
81954,fold_3,2,6,5,0.5,0.5,0,"Người dân có được tự do khai thác, sử dụng dữ liệu thống kê đánh giá thiệt hại do thiên tai gây ra hay không?"
126490,fold_1,1,6,50,1.0,1.0,0,"Để bảo đảm thực hiện quyền tiếp cận thông tin của công dân, Bộ Tư pháp có trách nhiệm gì theo quy định?"
137238,fold_0,1,1,>100,1.0,1.0,0,Hội công chứng viên Việt Nam có trách nhiệm thế nào trong việc tổ chức lớp bồi dưỡng nghiệp vụ công chứng hàng năm?
9548,fold_2,1,1,1,1.0,1.0,0,Trình tự phân giao hạn ngạch thuế quan nhập khẩu đường theo phương thức đấu giá?
154394,fold_1,1,>100,6,1.0,1.0,0,"Người lao động tại doanh nghiệp nhà nước kiểm tra, giám sát thấy sai phạm thì có quyền làm những gì?"
24266,fold_3,1,40,3,1.0,1.0,0,Công ty áp dụng hình thức xử lý kỷ luật sa thải đối với người lao động ăn cắp tài sản của công ty có phù hợp không?
8806,fold_3,1,13,16,1.0,1.0,0,Đối tượng nào áp dụng tính thuế thu nhập cá nhân?
159286,fold_2,1,3,16,1.0,1.0,0,Thời hiệu xử phạt đối với tổ chức không chấm dứt hoạt động của văn phòng đại diện khi tổ chức phát hành xuất bản phẩm nước ngoài phá sản là bao lâu?
120130,fold_0,1,31,1,1.0,1.0,0,Doanh nghiệp SCIC có những nghĩa vụ nào cần thực hiện trong quá trình hoạt động?
72176,fold_3,1,4,3,1.0,1.0,0,Yêu cầu vệ sinh thú y đối với cơ sở phẫu thuật động vật là gì?
112198,fold_3,2,1,3,1.0,1.0,0,Đối với các công trình đường bộ đầu tư xây dựng mới có yêu cầu phải có khả năng chịu được tác động của thiên tai hay không?
134124,fold_2,1,7,18,1.0,1.0,0,Nhà thuốc có được tự ý thay thế thuốc đã kê trong đơn thuốc bằng một thuốc khác tương tự hay không?
102260,fold_2,1,8,1,1.0,1.0,0,Hộ kinh doanh sử dụng hóa đơn điện tử có phải trả tiền không?
83844,fold_1,1,53,8,1.0,1.0,0,"Thẩm quyền ký hợp đồng cho thuê đất phi nông nghiệp đối với hộ gia đình, cá nhân có phải của Phòng tài nguyên và Môi trường cấp huyện hay không?"
153276,fold_1,1,1,5,1.0,1.0,0,"Nghiên cứu, triển khai sử dụng tài khoản định danh điện tử của khách hàng (qua ứng dụng VNeID) để xác thực khách hàng trong hoạt động ngân hàng?"
145796,fold_4,1,1,1,1.0,1.0,0,Mẫu kế hoạch kiểm tra chi tiết hoạt động đấu thầu theo yêu cầu kiểm tra đột xuất hiện đang sử dụng theo mẫu nào?
6744,fold_3,1,6,1,1.0,1.0,0,Hành vi nào được coi là hành vi xâm phạm quyền tác giả đối với tác phẩm văn học?
2282,fold_2,1,5,15,1.0,1.0,0,"Có yêu cầu nghiên cứu viên hạng III phải tham gia ít nhất 01 nhiệm vụ khoa học và công nghệ cấp bộ, cấp tỉnh đã được nghiệm thu ở mức đạt trở lên hay không?"
38772,fold_4,4,54,21,0.75,0.75,0,"Cách tính lương, phụ cấp mới với cán bộ công chức từ 1/7/2023?"
88404,fold_2,1,1,4,1.0,1.0,0,Cục Ngoại vụ có nhiệm vụ và quyền hạn gì trong công tác quản lý tổ chức phi chính phủ nước ngoài tại Việt Nam?
29450,fold_3,1,4,1,1.0,1.0,0,Nghị quyết Hội đồng công chứng viên toàn quốc của Hiệp Hội được thông qua khi nào?
167322,fold_0,1,4,2,1.0,1.0,0,Việc yêu cầu phục hồi danh dự đối với người bị thiệt hại đã chết mà không có người thừa kế và đã có quyết định đình chỉ giải giải quyết yêu cầu bồi thường được thực hiện như thế nào?
3166,fold_0,1,1,>100,1.0,1.0,0,Hồ sơ đề nghị xét thăng hạng chức danh huấn luyện viên chính cần có những giấy tờ gì?
151288,fold_1,1,1,1,1.0,1.0,0,Cơ quan quản lý nhà nước về khoa học và công nghệ ở địa phương có trách nhiệm gì trong hoạt động chuyển giao công nghệ cho vùng nông thôn?
165066,fold_4,1,1,17,1.0,1.0,0,Bản kiểm điểm cá nhân đảng viên năm 2023 mẫu 02 mới nhất?
42638,fold_2,1,1,>100,1.0,1.0,0,Việc tổ chức thực hiện Chương trình điều tra thống kê quốc gia được quy định thế nào?
118988,fold_2,1,1,1,1.0,1.0,0,Tổng cục Dân số - Kế hoạch hóa gia đình thuộc Bộ nào?
127324,fold_2,1,5,1,1.0,1.0,0,Ai có quyền ủy quyền cho thành viên khác của Hội đồng thành viên TKV ký các nghị quyết khác của Hội đồng thành viên?
145588,fold_4,1,1,>100,1.0,1.0,0,Việc hợp nhất tổ chức tín dụng được thực hiện dựa trên những nguyên tắc nào?
86994,fold_1,1,6,>100,1.0,1.0,0,Phương pháo nào được sử dụng để xác định xác định nồng độ các chất hữu cơ trong khí thải công nghiệp?
24114,fold_3,1,2,1,1.0,1.0,0,Thay đổi người đại diện thì cơ sở buôn bán phân bón có phải làm hồ sơ xin cấp lại Giấy phép buôn bán phân bón mới không?
151360,fold_0,1,5,7,1.0,1.0,0,Kiểm toán viên bị đình chỉ hành nghề kiểm toán trong những trường hợp nào?
8970,fold_1,1,>100,4,1.0,1.0,0,"Cơ quan hải quan tiến hành kiểm tra đột xuất nguyên liệu, vật tư tồn kho bảo thuế trong trường hợp nào?"
46558,fold_0,1,1,1,1.0,1.0,0,Phụ nữ độc thân có nhu cầu sinh con có thể nhận tinh trùng để sinh con bằng kỹ thuật thụ tinh trong ống nghiệm không?
93878,fold_0,1,2,1,1.0,1.0,0,Giáo viên giảng dạy môn học Giáo dục quốc phòng và an ninh trong chương trình đào tạo trình độ trung cấp được quản lý như thế nào?
85482,fold_4,1,1,10,1.0,1.0,0,Nhiệm vụ của Hiệp hội Các nhà đầu tư tài chính Việt Nam là gì?
6730,fold_1,1,2,2,1.0,1.0,0,Nghĩa trang được xây mới theo tiêu chuẩn có bắt buộc phải có khu để tro cốt không?
57448,fold_2,1,5,42,1.0,1.0,0,Tiêu chuẩn công dân tham gia nghĩa vụ quân sự năm 2023?
12500,fold_3,2,1,6,1.0,1.0,0,Chi phí cho người làm chứng trong tố tụng hành chính được cơ quan tiến hành tố tụng triệu tập gồm những chi phí gì?
145132,fold_0,1,57,1,1.0,1.0,0,Người bệnh được chỉ định phẫu thuật cắt u mi khi nào? Phẫu thuật cắt u mi do ai thực hiện?
86982,fold_3,1,14,48,1.0,1.0,0,Người mượn xe ô tô gây tai nạn giao thông không có giấy phép lái xe thì chủ xe có thể bị truy cứu trách nhiệm hình sự hay không?
48964,fold_2,1,2,1,1.0,1.0,0,Bị viêm mũi dị ứng khi khám sức khỏe nghĩa vụ quân sự sẽ được xếp vào loại mấy?
24178,fold_3,1,3,1,1.0,1.0,0,Hội đồng nhân dân quyết định chương trình giám sát hằng năm theo trình tự ra sao?
153182,fold_3,1,1,20,1.0,1.0,0,Về nơi đăng ký tham gia BHYT theo hộ gia đình quy định ra sao?
13556,fold_4,1,2,>100,1.0,1.0,0,Trưởng ban của Ban Hội nhập Kinh tế Quốc tế có nhiệm vụ và quyền hạn như thế nào?
149704,fold_1,2,1,45,1.0,1.0,0,Quy định về hệ thống thông tin báo cáo của Bộ Thông tin và Truyền thông như thế nào?
24314,fold_2,1,55,10,1.0,1.0,0,Trường cao đẳng thông báo tuyển sinh không đúng đối tượng tuyển sinh bị phạt bao nhiêu tiền?
159810,fold_1,1,1,50,1.0,1.0,0,Để được cho vay đặc biệt thì quỹ tín dụng nhân dân được kiểm soát đặc biệt cần chuẩn bị hồ sơ đề nghị cho vay đặc biệt thế nào?
33540,fold_3,1,>100,61,1.0,1.0,0,Chánh án Tòa án nhân dân tối cao có tham dự phiên họp của Hội đồng Thẩm phán Tòa án nhân dân tối cao không?
11474,fold_2,1,52,75,1.0,1.0,0,Thông tư quản lý Chương trình quốc gia hỗ trợ doanh nghiệp nâng cao năng suất và chất lượng sản phẩm giai đoạn 2021 - 2030 có hiệu lực từ ngày nào?
63294,fold_4,1,1,1,1.0,1.0,0,Quy trình biên soạn sách giáo khoa bổ sung thêm giai đoạn tổ chức dạy thực nghiệm và lấy ý kiến đóng góp
163438,fold_2,1,5,25,1.0,1.0,0,Doanh nghiệp không thực hiện nghĩa vụ niêm yết giá hoặc niêm yết giá không đúng so với giá cụ thể thì bị xử phạt như thế nào?
153646,fold_0,1,27,89,1.0,1.0,0,"Trình tự cấp xác nhận kiến thức pháp luật về bán hàng đa cấp, kiến thức cho đầu mối tại địa phương từ 20/6/2023 ra sao?"
140578,fold_2,1,1,1,1.0,1.0,0,"Trách nhiệm của Bộ, ngành Trung ương đối với hoạt động bảo vệ an ninh quốc gia, bảo đảm trật tự, an toàn xã hội, đấu tranh phòng, chống tội phạm, vi phạm pháp luật và xây dựng Công an nhân dân"
13220,fold_2,1,9,9,1.0,1.0,0,"Các thiết bị an toàn trong nhóm phương tiện, thiết bị xếp dỡ cần đảm bảo những tiêu chuẩn gì?"
33728,fold_1,1,5,6,1.0,1.0,0,Công chứng viên có thể chuyển sang làm Thừa phát lại hay không?
129986,fold_2,1,2,3,1.0,1.0,0,Hồ sơ đề nghị cấp giấy chứng nhận đủ điều kiện hoạt động kiểm định xe cơ giới từ ngày 1/8/2023 bao gồm những gì?
20134,fold_2,1,14,3,1.0,1.0,0,Tổ chức triển khai thực hiện xây dựng báo dân tộc và xây dựng tạp chí dân tộc điện tử?
55912,fold_3,1,15,1,1.0,1.0,0,Chi phí cho việc kiểm định thiết bị đo đếm nước do khách hàng hay đơn vị cấp nước có trách nhiệm chi trả?
159864,fold_2,1,3,1,1.0,1.0,0,"Hội đồng tuyển chọn Cảnh sát viên, Trinh sát viên Cảnh sát biển Việt Nam gồm có những ai?"
159364,fold_1,1,89,8,1.0,1.0,0,Nhân viên của tổ chức thử nghiệm cần đáp ứng điều kiện gì để tổ chức này được chỉ định thực hiện hoạt động thử nghiệm?
165076,fold_0,1,64,7,1.0,1.0,0,"Công chức, viên chức được hưởng phụ cấp thu hút bằng bao nhiêu so với mức lương của mình?"
61564,fold_2,1,2,2,1.0,1.0,0,Việc vận hành thử lò phản ứng hạt nhân nghiên cứu được quy định thế nào?
152524,fold_1,1,1,11,1.0,1.0,0,Đối tượng người lao động nào phải đóng bảo hiểm xã hội bắt buộc?
168014,fold_2,1,22,1,1.0,1.0,0,Tổ chức có thể trao các giải khác cho thí sinh tham dự Cuộc thi khoa học kỹ thuật cấp quốc gia theo tiêu chí đánh giá riêng của mình không?
163198,fold_4,1,5,1,1.0,1.0,0,Chủ trang trại vay vốn tại tổ chức tín dụng có phải nộp phí chứng thực hợp đồng thế chấp tài sản tại phòng công chứng?
110034,fold_4,1,1,8,1.0,1.0,0,Cơ sở khám chữa bệnh kiểm nghiệm chất lượng thuốc có số đăng ký lưu hành nhưng chưa cung ứng được pha chế từ nguyên liệu làm thuốc theo lô như thế nào?
110718,fold_2,1,>100,2,1.0,1.0,0,Trách nhiệm thanh toán khoản vay thế chấp khi người vay qua đời?
60042,fold_1,1,>100,1,1.0,1.0,0,Để hợp đồng giữa doanh nghiệp SCIC với kiểm soát viên được chấp thuận thì hợp đồng cần đáp ứng được các điều kiện gì?
44810,fold_3,1,1,33,1.0,1.0,0,Việc chuyển nhượng Văn phòng Thừa phát lại được thực hiện như thế nào?
164524,fold_3,1,36,>100,1.0,1.0,0,Mẫu Quyết định khởi tố vụ án hình sự mới nhất hiện nay như thế nào?
27582,fold_3,1,13,3,1.0,1.0,0,Người bị tuyên bố mất tích hoặc bị tuyên bố đã chết thì con cái có được thừa kế tài sản của họ không?
91850,fold_4,1,8,1,1.0,1.0,0,"Ban hành bản tin dự báo, cảnh báo hạn hán được quy định trong khoảng thời gian nào?"
147668,fold_3,1,13,1,1.0,1.0,0,Giấy phép thăm dò khoáng sản có thời hạn bao lâu?
87714,fold_0,1,1,1,1.0,1.0,0,Nhiệm vụ của Hội Bảo trợ người tàn tật và trẻ mồ côi Việt Nam là gì?
40030,fold_2,1,>100,10,1.0,1.0,0,"Điều kiện vận hành, kinh doanh công trình, hệ thống cơ sở hạ tầng là gì?"
22996,fold_3,1,6,14,1.0,1.0,0,Thuận tình ly hôn là gì?
10806,fold_1,1,50,3,1.0,1.0,0,Trung tâm Kỹ thuật Tiêu chuẩn Đo lường Chất lượng có chức năng gì?
4960,fold_2,1,11,73,1.0,1.0,0,Lưu trữ hồ sơ công chức phải đảm bảo được những yêu cầu nào theo quy định pháp luật?
48226,fold_3,1,51,2,1.0,1.0,0,Bản tin cảnh báo xâm nhập mặn được ban hành vào thời gian nào?
156140,fold_2,1,3,68,1.0,1.0,0,Con dưới 36 tháng tuổi thì người mẹ đương nhiên có quyền nuôi con đúng không?
62802,fold_3,1,7,1,1.0,1.0,0,Không mang theo giấy đăng ký xe máy khi tham gia giao thông có bị tịch thu xe không?
117678,fold_4,1,6,1,1.0,1.0,0,Mức hỗ trợ doanh nghiệp cung cấp dịch vụ viễn thông công ích tại khu vực khó khăn được phổ cập dịch vụ viễn thông là bao nhiêu?
80216,fold_1,1,2,24,1.0,1.0,0,"Trình tự, thủ tục ký kết thỏa thuận quốc tế nhân danh Cơ quan cấp tỉnh của tổ chức chính trị - xã hội được quy định thế nào?"
159112,fold_3,1,31,34,1.0,1.0,0,Mức tối đa giá xăng dầu sau khi thực hiện chi sử dụng Quỹ Bình ổn giá xăng dầu là bao nhiêu?
77556,fold_2,1,1,>100,1.0,1.0,0,Hợp tác xã có quyền và nghĩa vụ như thế nào?
91742,fold_3,2,64,82,1.0,1.0,0,Học sinh trường giáo dưỡng được kiểm tra sức khỏe định kỳ bao nhiêu tháng một lần?
4466,fold_4,1,1,1,1.0,1.0,0,Đối tượng nào được trang bị vũ khí quân dụng?
31706,fold_0,1,3,22,1.0,1.0,0,Quy định về điều chỉnh dự án đầu tư xây dựng?
32594,fold_3,2,12,7,1.0,1.0,0,"Không còn sử dụng sổ hộ khẩu, sổ tạm trú khi đăng ký thường trú, cư trú từ năm 2023 đúng không?"
55154,fold_4,1,>100,>100,0.0,0.0,0,Công trình hóa chất gồm những gì?
135436,fold_0,1,37,11,1.0,1.0,0,Gói thầu xây lắp dưới 5 tỷ đồng có phải chỉ được áp dụng cho các doanh nghiệp nhỏ và doanh nghiệp siêu nhỏ không?
15588,fold_2,1,1,1,1.0,1.0,0,Các trường hợp nào không được xét tặng danh hiệu thi đua trong Công an nhân dân?
54008,fold_0,1,6,46,1.0,1.0,0,Đối tượng được đổi giấy phép lái xe quy định như thế nào?
51522,fold_4,1,1,1,1.0,1.0,0,Trưởng Đoàn thanh tra chuyên ngành Bộ Văn hóa Thể thao và Du lịch có quyền phạt khách sạn không bảo đảm nhà vệ sinh không?
25088,fold_4,1,65,1,1.0,1.0,0,Doanh nghiệp SCIC có thay đổi về ngành nghề đăng ký kinh doanh thì có phải Hội đồng thành viên SCIC sẽ có trách nhiệm ra quyết định sửa đổi?
97210,fold_4,3,23,13,0.6666666666666666,0.6666666666666666,0,Viên chức được bổ nhiệm vào các chức danh nghề nghiệp giảng viên giáo dục nghề nghiệp được áp dụng bảng lương thế nào?
30106,fold_1,1,1,17,1.0,1.0,0,"Trợ lý, thư ký của Tổng Bí thư, Chủ tịch nước do ai tuyển chọn?"
131930,fold_2,1,4,>100,1.0,1.0,0,Chức trách của kiểm toán viên cao cấp được pháp luật quy định như thế nào?
133692,fold_3,1,14,2,1.0,1.0,0,Cơ sở nuôi trồng thủy sản có nghĩa vụ nào khi nhập khẩu sản phẩm xử lý môi trường thủy sản?
16066,fold_4,1,1,1,1.0,1.0,0,"Việc kiểm tra, thẩm định, nghiệm thu chất lượng sản phẩm đo đạc và bản đồ phải dựa trên nguyên tắc nào?"
160688,fold_2,1,1,>100,1.0,1.0,0,Tai nạn lao động được hiểu như thế nào?
84502,fold_1,1,>100,>100,0.0,0.0,0,Việc nhận diện giới khác với giới tính sinh học hoàn thiện đang có được đề xuất thế nào?
82568,fold_2,1,1,2,1.0,1.0,0,Doanh nghiệp bảo hiểm được quyền đề nghị Công an cung cấp tài liệu liên quan đến tai nạn để thực hiện bồi thường bảo hiểm bắt buộc không?
132078,fold_0,1,1,>100,1.0,1.0,0,Nhiệm vụ và quyền hạn của thành viên Hội đồng quản lý trong đơn vị sự nghiệp công lập trực thuộc Bộ Xây dựng được quy định thế nào?
66204,fold_1,1,2,84,1.0,1.0,0,Điều kiện công nhận kết quả đối thoại thành tại Tòa án được pháp luật quy định như thế nào?
57770,fold_1,1,28,4,1.0,1.0,0,"Mức đóng BHYT đối với học sinh, sinh viên là bao nhiêu?"
149396,fold_1,2,1,11,1.0,1.0,0,Công dân đạt thành tính học sinh giỏi cấp tỉnh được tuyển chọn vào Công an nhân dân theo phương thức nào?
56328,fold_1,1,3,18,1.0,1.0,0,Hồ sơ để hưởng trợ cấp thất nghiệp bao gồm những giấy tờ gì?
157104,fold_4,1,1,8,1.0,1.0,0,Việc phân định thẩm quyền của chính quyền địa phương được thực hiện trên cơ sở các nguyên tắc nào?
23872,fold_0,1,1,6,1.0,1.0,0,Thủ tục nhận hỗ trợ đối với doanh nghiệp đầu tư vào nông nghiệp được quy định như thế nào?
139892,fold_1,1,17,1,1.0,1.0,0,"Hướng dẫn thanh toán trực tuyến đóng BHXH, BHYT, BHTN, BHTNLĐ-BNN trên Cổng dịch vụ công quốc gia?"
139270,fold_2,4,1,2,0.75,0.75,0,Kinh phí hỗ trợ phát triển nguồn nhân lực cho doanh nghiệp nhỏ và vừa (DNNVV) thực hiện theo văn bản quy phạm pháp luật nào?
168408,fold_3,1,1,1,1.0,1.0,0,Việc ủy quyền phát ngôn và cung cấp thông tin cho báo chí của Cục thuộc Bộ Kế hoạch và Đầu tư chỉ áp dụng trong trường hợp nào?
132524,fold_3,1,1,77,1.0,1.0,0,Người quản lý doanh nghiệp là ai?
70924,fold_4,1,31,45,1.0,1.0,0,Tài liệu bí mật Nhà nước mang ra khỏi nơi lưu giữ phải đảm bảo điều kiện gì?
139772,fold_4,1,1,>100,1.0,1.0,0,Mẫu hợp đồng đưa người lao động đi làm việc ở nước ngoài mới nhất năm 2023?
72374,fold_1,1,2,2,1.0,1.0,0,"Hạch toán tiền mặt mới in, đúc đã công bố lưu hành, đã được phép phát hành vào lưu thông từ 15/02/2023 như thế nào?"
70182,fold_2,1,14,14,1.0,1.0,0,Các biện pháp tự vệ có thể được áp dụng tại Việt Nam là gì?
78564,fold_2,1,1,28,1.0,1.0,0,Tổ chức pháp chế ở doanh nghiệp nhà nước có chức năng gì?
55028,fold_0,1,1,1,1.0,1.0,0,Hội giao lưu văn hóa Việt Nam và Nhật Bản hoạt động theo nguyên tắc nào?
162458,fold_2,1,3,>100,1.0,1.0,0,Dưới 18 tuổi có đủ điều kiện tiến hành vay vốn không?
47038,fold_0,1,2,5,1.0,1.0,0,Nhà thầu có liên quan có được quyền khiếu nại khi phát hiện có hành vi gian lận thầu hay không?
84426,fold_4,1,1,5,1.0,1.0,0,Người dân có thể phản ánh kiến nghị về những nội dung gì trên Cổng thông tin điện tử Bộ Nội vụ?
27190,fold_2,1,14,9,1.0,1.0,0,Khi mắc bệnh Perkinsus marinus các loài nhuyễn thể hai mảnh vỏ sẽ có những triệu chứng lâm sàng như thế nào?
76450,fold_4,1,14,1,1.0,1.0,0,"Tổng hợp các kết quả dự báo, cảnh báo xâm nhập mặn để gửi về cho ai? Thực hiện đánh giá chất lượng dự báo, cảnh báo xâm nhập mặn như thế nào?"
156770,fold_2,1,51,1,1.0,1.0,0,Phẫu thuật kết hợp xương gãy xương đốt bàn ngón tay là gì?
148612,fold_1,1,9,1,1.0,1.0,0,Trường hợp nào được yêu cầu sửa đổi thông tin trên Giấy chứng nhận đăng ký hoạt động công nhận tổ chức đánh giá sự phù hợp?
30466,fold_0,1,3,11,1.0,1.0,0,"Cán bộ công an sau khi tiếp nhận thông tin báo cháy có phải liên hệ với cơ quan y tế để phối hợp thực hiện công tác chữa cháy, cứu hộ hay không?"
88602,fold_4,1,7,11,1.0,1.0,0,Việc kiểm định chất lượng giáo dục nghề nghiệp phải tuân thủ các nguyên tắc nào?
7452,fold_3,1,2,1,1.0,1.0,0,Viện Khoa học kỹ thuật nông lâm nghiệp miền núi phía Bắc có được sử dụng con dấu và mở tài khoản riêng tại Kho bạc Nhà nước không?
143246,fold_1,1,>100,>100,0.0,0.0,0,Trình tự theo dõi việc chuyển phát văn bản đi được thực hiện như thế nào?
163040,fold_4,1,>100,5,1.0,1.0,0,Việc bảo quản tài sản của người bị tạm giam được quy định thế nào?
75662,fold_0,1,1,1,1.0,1.0,0,Việc thỏa thuận đấu nối của đơn vị cấp nước khi cung cấp dịch vụ nước sạch ra sao?
125290,fold_4,1,1,1,1.0,1.0,0,Danh hiệu thi đua của Cục Hàng không Việt Nam bao gồm các danh hiệu nào?
119882,fold_3,1,26,11,1.0,1.0,0,Xử phạt vi phạm hành chính đối với hành vi vi phạm khoảng cách tối thiểu giữa hai trạm xăng dầu được quy định như thế nào?
127534,fold_1,1,5,39,1.0,1.0,0,Khi nào bên bảo lãnh có quyền từ chối nghĩa vụ bảo lãnh?
54158,fold_0,1,>100,>100,0.0,0.0,0,Về đối tượng được hưởng chính sách hỗ trợ tiền thuê nhà
95690,fold_0,1,3,30,1.0,1.0,0,Bí thư Đoàn trong các cơ sở dạy nghề thuộc lực lượng vũ trang có được hưởng chính sách ưu đãi nói trên không?
125334,fold_2,1,6,8,1.0,1.0,0,Cấp thẻ bảo hiểm y tế khác khi thay đổi nơi khám chữa bệnh ban đầu được quy định như thế nào?
28180,fold_2,1,20,41,1.0,1.0,0,Nhiệm vụ của viên chức chuyên ngành quản học viên trung cấp là gì?
148956,fold_1,1,7,51,1.0,1.0,0,Hộ kinh doanh bán chè nộp thuế theo phương thức kê khai thì sẽ đóng thuế vào thời điểm nào?
4314,fold_2,1,1,25,1.0,1.0,0,"Cơ quan, tổ chức có liên quan sẽ có nhiệm vụ, quyền hạn gì trong giải quyết tranh chấp về áp dụng biện pháp quản lý ngoại thương?"
3446,fold_3,1,4,3,1.0,1.0,0,"Cơ quan, tổ chức lưu trữ văn bản đi là văn bản điện tử cần lưu ý ra sao?"
54984,fold_1,1,1,2,1.0,1.0,0,Thời hiệu xử phạt vi phạm hành chính đối với hoa tiêu chỉ dẫn cho thuyền trưởng điều động tàu thuyền chạy ngược chiều là bao lâu?
123076,fold_4,1,19,6,1.0,1.0,0,Mức hưởng bảo hiểm y tế đối với người tham gia bảo hiểm là thân nhân của sỹ quan quân đội là bao nhiêu?
118770,fold_3,1,17,4,1.0,1.0,0,Lao động nữ có được đi làm trước khi hết thời hạn nghỉ thai sản không?
147998,fold_3,1,1,1,1.0,1.0,0,"Tiêu chuẩn bằng cấp, chứng chỉ thuyền trưởng, thuyền phó của tàu cá được quy định như thế nào?"
24094,fold_4,1,2,1,1.0,1.0,0,Công ty mẹ Tập đoàn Công nghiệp Viễn thông Quân đội phải thực hiện nghĩa vụ đã cam kết đối với người nhận bảo lãnh thay cho đơn vị được bảo lãnh trong trường hợp nào?
17966,fold_2,1,3,6,1.0,1.0,0,Xác định doanh thu để tính thuế thu nhập chịu thuế thu nhập doanh nghiệp như thế nào?
121850,fold_4,1,22,5,1.0,1.0,0,Người nước ngoài có được dùng Giấy phép lái xe của quốc gia mình để tham gia giao thông tại Việt Nam không?
94256,fold_3,1,4,76,1.0,1.0,0,Đánh giá dự án sử dụng vốn nhà nước ngoài đầu tư công sử dụng vốn nhà nước ngoài đầu tư công thực hiện như thế nào?
167478,fold_4,1,3,56,1.0,1.0,0,Để thực hiện công tác phát triển nhà ở có thể sử dụng các nguồn vốn nào?
101674,fold_0,1,1,33,1.0,1.0,0,Chi bồi dưỡng cán bộ lãnh đạo quản lý được lấy kinh phí từ những nguồn nào?
72090,fold_1,1,1,3,1.0,1.0,0,Đối tượng tham gia huấn luyện an toàn vệ sinh lao động trong Bộ Quốc phòng nhóm 3 gồm những ai?
23760,fold_2,2,16,32,1.0,1.0,0,Tăng mức đóng bảo hiểm xã hội bắt buộc của người lao động khi tăng lương cơ sở lên 1.800.000 đồng/tháng từ ngày 01/7/2023?
64322,fold_4,1,2,>100,1.0,1.0,0,Quyền hạn của cơ sở thực hành trong việc giảng dạy điều dưỡng viên được quy định như thế nào?
81584,fold_2,1,>100,83,1.0,1.0,0,Kinh doanh từ bao nhiêu bao thuốc lá điếu nhập lậu thì bị truy cứu trách nhiệm hình sự?
128076,fold_3,1,5,17,1.0,1.0,0,Không tố giác tội phạm sẽ chịu hình phạt như thế nào?
100584,fold_2,1,>100,2,1.0,1.0,0,Bổ sung quy định thu hồi giấy chứng nhận đăng ký hoạt động liên kết đào tạo với nước ngoài
141718,fold_2,1,1,22,1.0,1.0,0,Diện tích đất được phép tách thửa đất tại Hà Nam hiện nay là bao nhiêu?
28152,fold_0,2,62,>100,0.5,0.5,0,Việc xác định thời điểm hoạt động kinh doanh của hộ kinh doanh quy định như thế nào?
80856,fold_1,1,1,1,1.0,1.0,0,Quy định về danh mục ứng dụng và dịch vụ kiến trúc Chính phủ điện tử ngành Tài nguyên và Môi trường như thế nào?
85884,fold_1,1,1,1,1.0,1.0,0,Nguyên tắc tham gia bảo hiểm cháy nổ bắt buộc được pháp luật quy định như thế nào?
155258,fold_2,1,>100,86,1.0,1.0,0,Đối tượng tham gia đóng bảo hiểm xã hội tự nguyện là ai?
123770,fold_4,1,16,1,1.0,1.0,0,Đơn đề nghị cấp Giấy xác nhận đủ điều kiện làm thương nhân phân phối xăng dầu mới nhất hiện nay là mẫu nào?
55666,fold_4,1,1,65,1.0,1.0,0,Thẻ sau khi phát hành gồm những thông tin chủ yếu nào?
69576,fold_0,1,1,9,1.0,1.0,0,"Các tổ chức, đơn vị nào thuộc Tổng cục Thủy lợi?"
59792,fold_1,1,1,>100,1.0,1.0,0,Một cá nhân hoạt động thông tin khoa học và công nghệ phải đảm bảo thực hiện các nghĩa vụ thế nào?
95692,fold_0,1,3,4,1.0,1.0,0,Công ty chứng khoán thực hiện gửi báo cáo qua hệ thống Cơ sở dữ liệu quản lý công ty chứng khoán của Ủy ban Chứng khoán Nhà nước gồm có những báo cáo nào?
141374,fold_2,1,57,9,1.0,1.0,0,Quy định về hồ sơ giám định suy giảm khả năng lao động lần đầu
120800,fold_2,1,19,5,1.0,1.0,0,Mẫu giấy đi đường và hướng dẫn ghi theo Thông tư 133 dành cho doanh nghiệp nhỏ và vừa được quy định như thế nào?
82978,fold_0,2,14,17,0.5,0.5,0,"Xử phạt khi chậm báo tăng, báo giảm lao động?"
58308,fold_4,1,1,3,1.0,1.0,0,Có mấy danh mục dự án được phê duyệt tại chương trình tổng thể về phát triển văn hóa Việt Nam giai đoạn 2023-2025 ?
53206,fold_1,1,29,1,1.0,1.0,0,Hồ sơ hải quan đối với tàu bay nhập cảnh gồm những gì?
105456,fold_2,1,6,1,1.0,1.0,0,Các loại hình tác phẩm nào thì được bảo hộ quyền tác giả?
52056,fold_4,1,1,1,1.0,1.0,0,Văn phòng Ủy ban có trách nhiệm công bố Giấy phép của công ty chứng khoán hình thành sau hợp nhất không?
131094,fold_0,1,>100,4,1.0,1.0,0,Hồ sơ đề nghị thanh toán trực tiếp chi phí khám bệnh chữa bệnh bảo hiểm y tế cần những giấy tờ gì?
149532,fold_4,1,2,>100,1.0,1.0,0,Xử lý dữ liệu cá nhân phục vụ công tác nghiên cứu khoa học hoặc thống kê
426,fold_0,2,21,9,1.0,1.0,0,Sửa đổi hồ sơ chứng minh người phụ thuộc để giảm trừ gia cảnh khi đóng thuế TNCN từ ngày 01/01/2023 như thế nào?
52974,fold_1,1,19,10,1.0,1.0,0,Quân nhân dự bị phạm tội chống mệnh lệnh thì bị truy cứu trách nhiệm hình sự thế nào?
3546,fold_0,1,4,4,1.0,1.0,0,Quy định về quảng cáo sản phẩm sữa và sản phẩm dinh dưỡng bổ sung dùng cho trẻ
119070,fold_3,1,11,8,1.0,1.0,0,Những trường hợp nào được nhận bảo hiểm xã hội một lần?
133208,fold_0,1,6,19,1.0,1.0,0,Phát hành phim là gì?
35218,fold_0,1,>100,63,1.0,1.0,0,Tài liệu hướng dẫn kỹ thuật của phương tiện để hướng dẫn việc thực hiện các tiêu chuẩn kỹ thuật sẽ bao gồm những gì?
43970,fold_0,1,1,7,1.0,1.0,0,Quy hoạch hạ tầng kỹ thuật đô thị về giao thông sẽ có những nội dung nào?
1432,fold_4,1,10,6,1.0,1.0,0,"Từ năm 2023, thành viên hội đồng thành viên của Công ty trách nhiệm hữu hạn kinh doanh bảo hiểm phải có bằng đại học trở lên đúng không?"
58144,fold_2,1,>100,35,1.0,1.0,0,Xử lý đối với công trình hết thời hạn sử dụng theo thiết kế như thế nào?
136518,fold_0,1,>100,90,1.0,1.0,0,"Xây dựng giá theo kết quả thẩm định giá của cơ quan nhà nước có thẩm quyền, doanh nghiệp thẩm định với các loại tài sản, hàng hóa, dịch vụ phải thẩm định giá theo quy định của pháp luật về giá ra sao?"
53816,fold_2,1,10,2,1.0,1.0,0,Doanh nghiệp siêu nhỏ có bắt buộc phải có kế toán trưởng hay không?
47046,fold_2,1,>100,3,1.0,1.0,0,Người được cấp tài khoản sử dụng hệ thống trên Cổng thông tin một cửa quốc gia có trách nhiệm gì?
50028,fold_4,1,1,1,1.0,1.0,0,Thư phản kháng trong hoạt động đối ngoại biên phòng được thực hiện khi nước láng giềng có những hoạt động nào?
145638,fold_4,1,3,>100,1.0,1.0,0,Trường hợp nào mà cá nhân có thể đề nghị chỉnh sửa nội dung văn bằng?
135032,fold_0,1,3,11,1.0,1.0,0,Vậy trường hợp nào được sử dụng ngoại tệ trên lãnh thổ Việt Nam không?
111860,fold_2,1,10,>100,1.0,1.0,0,"Quản lý, sử dụng công cụ hỗ trợ của lực lượng Quản lý thị trường như thế nào?"
136624,fold_4,1,>100,4,1.0,1.0,0,Thủ tục đăng ký thay đổi nội dung đăng ký hoạt động của chi nhánh được thực hiện thế nào?
86678,fold_3,1,27,1,1.0,1.0,0,Sau khi nắn bó bột gãy Dupuytren thì có phải theo dõi tiếp tục không?
112012,fold_4,1,25,2,1.0,1.0,0,Trình tự cấp giấy phép quá cảnh lãnh thổ Việt Nam nguyên liệu làm thuốc là dược chất gây nghiện được thực hiện thế nào?
2406,fold_0,1,1,1,1.0,1.0,0,Cơ quan nào có trách nhiệm cập nhật dữ liệu đất trồng lúa?
65858,fold_0,1,45,>100,1.0,1.0,0,Bố trí làm thêm giờ quá giới hạn thì bị xử lý như thế nào?
18390,fold_0,1,1,1,1.0,1.0,0,Các mức độ của bệnh sốt xuất huyết Dengue (SXHD)?
46142,fold_4,1,3,4,1.0,1.0,0,Người nước ngoài thì có tham gia xổ số điện toán được không?
151142,fold_1,1,1,1,1.0,1.0,0,Ủy ban thường vụ Quốc hội có quyền ra lệnh khám xét nơi ở của đại biểu Quốc hội không?
66476,fold_3,1,>100,6,1.0,1.0,0,Nhân viên bị hành hung trong khi làm việc có được hưởng chế độ ốm đau không?
19660,fold_0,1,1,12,1.0,1.0,0,Hạn chế năng lực hành vi dân sự theo quy định pháp luật
118054,fold_4,1,2,11,1.0,1.0,0,Quy trình tổ chức lập quy hoạch vùng sẽ thực hiện theo các bước như thế nào?
28532,fold_3,1,66,18,1.0,1.0,0,"Những loại hợp đồng nhà đất nào không bắt buộc công chứng, chứng thực?"
38232,fold_4,1,1,>100,1.0,1.0,0,"Những nhiệm vụ, biện pháp nào được thực hiện để bảo đảm an toàn thực phẩm trong tình hình mới?"
128438,fold_3,1,2,4,1.0,1.0,0,Việc kiểm tra nhà nước về đo lường đối với phép đo được kiểm tra bằng những hình thức nào?
92356,fold_4,1,12,>100,1.0,1.0,0,Nhiệm kỳ của Chủ tịch nước là bao lâu?
49746,fold_4,1,97,8,1.0,1.0,0,Ngân hàng thương mại được trở thành thành viên giao dịch đặc biệt nếu đang trong quá trình sáp nhập không?
140108,fold_0,1,>100,>100,0.0,0.0,0,Chứng chỉ hành nghề xây dựng hết hạn thì phải làm thế nào?
125908,fold_0,1,28,2,1.0,1.0,0,"Phải đáp ứng điều kiện gì khi đề nghị cấp Giấy xác nhận phù hợp về tuyển dụng, cung ứng thuyền viên hàng hải?"
128810,fold_4,1,5,3,1.0,1.0,0,Cán bộ sau luân chuyển được bố trí trở lại chức vụ đã đảm nhiệm trước khi luân chuyển trong trường hợp nào?
83670,fold_0,1,2,>100,1.0,1.0,0,Việc áp dụng hoặc không áp dụng Đối xử quốc gia trong thương mại quốc tế được quy định như thế nào?
160112,fold_2,1,10,>100,1.0,1.0,0,Nguyên tắc hoạt động của Hội đồng xác định giá trị tài sản công như thế nào?
56296,fold_1,1,1,49,1.0,1.0,0,Kế toán quản trị có những nhiệm vụ gì trong doanh nghiệp?
156714,fold_0,1,3,2,1.0,1.0,0,"Mục đích của Kế hoạch ứng phó với nguy cơ thời điểm nắng nóng, hạn hán, thiếu nước, xâm nhập mặn năm 2023-2024 là gì?"
29930,fold_0,1,14,4,1.0,1.0,0,Quỹ tín dụng nhân dân có phải là thành viên của ngân hàng hợp tác xã hay không?
105490,fold_4,1,19,>100,1.0,1.0,0,Chấp hành viên sơ cấp là gì?
17842,fold_4,1,1,9,1.0,1.0,0,Hồ sơ tự nguyện chấm dứt hoạt động phòng giao dịch của tổ chức tài chính vi mô cần những gì?
1106,fold_3,1,2,5,1.0,1.0,0,Ai có quyền quyết định công nhận danh hiệu Tập thể lao động tiên tiến ngành Kiểm sát nhân dân?
81744,fold_1,1,18,1,1.0,1.0,0,Quy định nào cấm người điều khiển xe máy không được vận chuyển hàng hóa cồng kềnh?
114556,fold_1,1,19,28,1.0,1.0,0,Doanh nghiệp muốn hoạt động cho thuê lại lao động thì cần thực hiện ký quỹ tại đâu?
70620,fold_2,1,16,12,1.0,1.0,0,"Cán bộ, công chức, viên chức và người lao động phải đảm bảo tiêu chuẩn gì thì mới được đi nước ngoài vì việc công?"
44222,fold_4,1,4,2,1.0,1.0,0,"Gia hạn thời hạn nộp thuế với thuế thu nhập doanh nghiệp, tiền thuê đất năm 2022?"
5372,fold_3,1,>100,52,1.0,1.0,0,Thẩm quyền giám đốc thẩm được quy định như thế nào?
28068,fold_3,1,1,1,1.0,1.0,0,Hợp đồng mua bán hàng hóa quốc tế đã được ký kết hợp pháp nhưng không quy định cách xác định giá thì được phép suy đoán như thế nào?
94212,fold_0,1,3,3,1.0,1.0,0,Ai có quyền bổ nhiệm Kiểm soát viên Tổng công ty Lương thực miền Nam?
9332,fold_2,1,1,1,1.0,1.0,0,Hồ sơ cần chuẩn bị để người lao động quay lại thị trường lao động được nhận hỗ trợ tiền thuê nhà tỉnh Bến Tre?
21814,fold_2,1,1,15,1.0,1.0,0,Thời hiệu xử phạt vi phạm vi phạm trong lĩnh vực điện lực là bao lâu?
49674,fold_4,1,1,4,1.0,1.0,0,Nhiệm vụ của Hội Nghiên cứu thị trường liên ngân hàng Việt Nam là gì?
66724,fold_4,1,2,29,1.0,1.0,0,Người giảng dạy thực hành điều dưỡng viên đối với học viên trình độ Đại học phải có tối thiểu bao nhiêu năm kinh nghiệm?
155282,fold_4,1,1,2,1.0,1.0,0,"Quỹ hỗ trợ khắc phục hậu quả bom mìn Việt Nam có lấy nguồn thu từ nhà tài trợ để chi tuyên truyền, giáo dục phòng tránh tai nạn bom mìn cho nhân dân không?"
109610,fold_4,1,1,1,1.0,1.0,0,"Tài liệu, học liệu sử dụng để triển khai Chương trình làm quen với tiếng Anh dành cho trẻ em mẫu giáo phải do cơ quan nào thẩm định?"
28660,fold_3,1,>100,>100,0.0,0.0,0,Bí mật kinh doanh là gì?
50164,fold_3,1,9,28,1.0,1.0,0,Đi xe đạp điện tham gia giao thông có uống rượu bia nếu gặp công an thì bị phạt bao nhiêu tiền?
113582,fold_2,1,1,1,1.0,1.0,0,Báo cáo tỷ lệ an toàn tài chính dùng để chứng minh tổ chức kinh doanh chứng khoán đủ điều kiện đưa ra khỏi tình trạng cảnh báo được kiểm toán thế nào?
106358,fold_4,1,2,>100,1.0,1.0,0,Mức phụ cấp đặc thù đối với Cảnh vệ tư pháp thực hiện áp giải thi hành án hình sự trong Quân đội có dùng để hưởng BHXH không?
55900,fold_0,1,1,>100,1.0,1.0,0,Khái niệm đầu tư kinh doanh
131620,fold_4,1,2,29,1.0,1.0,0,Việc khai thác và sử dụng Cơ sở dữ liệu quốc gia về khoa học và công nghệ được thực hiện theo những hình thức nào?
26794,fold_3,1,5,9,1.0,1.0,0,Chủ tịch công ty có trách nhiệm tuân thủ điều lệ công ty trách nhiệm hữu hạn một thành viên không?
115926,fold_4,1,1,18,1.0,1.0,0,Cơ quan thường trực giúp việc của Ban Chỉ đạo quốc gia về tài chính toàn diện theo quy định là cơ quan nào?
118540,fold_4,1,1,1,1.0,1.0,0,"Dữ liệu địa chỉ của người sử dụng đất, chủ sở hữu tài sản gắn liền với đất, người quản lý đất được thể hiện trên hồ sơ địa chính như thế nào?"
61526,fold_2,1,12,4,1.0,1.0,0,Nội dung nhiệm vụ quy hoạch chung xây dựng khu chức năng bao gồm những yêu cầu gì?
33938,fold_1,1,10,76,1.0,1.0,0,Có bắt buộc phải tổ chức khám phát hiện bệnh nghề nghiệp cho người lao động tại nơi làm việc không?
27338,fold_0,1,1,11,1.0,1.0,0,Doanh nghiệp bảo hiểm hoạt động những nội dung gì?
8878,fold_2,1,63,10,1.0,1.0,0,Công ty tư vấn và xây lắp mới thành lập có cần phải có chứng chỉ năng lực hoạt động xây dựng không?
20952,fold_4,1,2,1,1.0,1.0,0,Mẫu Đơn đề nghị cấp Giấy chứng nhận đủ điều kiện kinh doanh trò chơi điện tử có thưởng đối với người nước ngoài?
1454,fold_1,1,3,64,1.0,1.0,0,Đại hội đại biểu toàn quốc của Hội Xuất bản Việt Nam biểu quyết theo nguyên tắc nào?
117248,fold_2,1,1,8,1.0,1.0,0,Trưởng ban Ban Chỉ đạo quốc gia về ODA và vốn vay ưu đãi có được sử dụng con dấu của Thủ tướng Chính phủ không?
11410,fold_1,2,2,2,1.0,1.0,0,Kết quả đấu giá biển số xe ô tô bị hủy trong trường hợp nào?
110646,fold_0,1,2,12,1.0,1.0,0,Căn cứ vào đâu để lập sổ thuế sử dụng đất nông nghiệp?
148494,fold_3,2,2,55,1.0,1.0,0,Việc thu tiền dịch vụ sử dụng đường bộ có thể thực hiện theo những phương thức nào?
121430,fold_4,1,1,1,1.0,1.0,0,"Kiểm sát viên bàn giao hồ sơ tố giác về tội phạm tạm đình chỉ cho đơn vị, bộ phận được giao quản lý hồ sơ khi nào?"
18454,fold_3,1,1,>100,1.0,1.0,0,Nghị định sửa đổi quy định liên quan đến hoạt động kinh doanh trong lĩnh vực đường bộ có hiệu lực khi nào?
71012,fold_0,1,3,>100,1.0,1.0,0,Làm thế nào để xác định đơn giá nhân công trong hoạt động xây dựng công trình?
26278,fold_2,1,8,2,1.0,1.0,0,Tài xế xe ô tô đỗ xe nơi có vạch cấm bị xử phạt như thế nào?
55456,fold_1,1,15,5,1.0,1.0,0,Điều kiện trúng tuyển vào trường chuyên của học sinh lớp 10 TP HCM ra sao?
51288,fold_4,1,1,66,1.0,1.0,0,Nguồn chi quản lý hành chính tại công đoàn cơ sở như thế nào?
121266,fold_4,1,1,1,1.0,1.0,0,Hồ sơ đề nghị kéo dài thời gian giữ chức vụ Tổng biên tập Báo Giáo dục và Thời đại thuộc Bộ GDĐT có cần bản kê khai tài sản và thu nhập không?
68258,fold_4,1,87,3,1.0,1.0,0,Trường hợp yêu cầu cấp Giấy xác nhận tình trạng hôn nhân để kết hôn thì được cấp mấy bản?
29746,fold_3,1,6,3,1.0,1.0,0,Cá nhân cư trú chuyển nhượng phần vốn góp trong công ty TNHH chịu thuế thu nhập cá nhân như thế nào?
23890,fold_1,1,1,52,1.0,1.0,0,"Mức giới hạn giờ làm việc tiêu chuẩn hằng ngày và giờ làm thêm của người làm công việc thời vụ, công việc gia công theo đơn đặt hàng là bao nhiêu?"
158438,fold_4,1,1,4,1.0,1.0,0,Trình tự giải quyết thôi việc theo nguyện vọng của công chức cấp tỉnh được thực hiện như thế nào?
128780,fold_0,1,6,22,1.0,1.0,0,Điều kiện chung để kinh doanh thuốc thú y cần thực hiện những gì?
136830,fold_0,2,1,1,1.0,1.0,0,Kiểm toán viên được xem là có hợp đồng lao động làm toàn bộ thời gian cho doanh nghiệp kiểm toán trong trường hợp nào?
63888,fold_1,1,12,2,1.0,1.0,0,"Khi có sự tranh chấp về thẩm quyền giải quyết tố giác, tin báo về tội phạm, kiến nghị khởi tố thì xử lý ra sao?"
123214,fold_1,1,1,26,1.0,1.0,0,Hồ sơ đề nghị Giấy chứng nhận cơ sở đủ điều kiện an toàn thực phẩm bao gồm giấy tờ nào?
119006,fold_1,1,1,>100,1.0,1.0,0,Khu dân cư đề nghị công nhận danh hiệu Khu dân cư sức khỏe thì hồ sơ gồm những gì?
152572,fold_4,3,3,1,1.0,1.0,0,Mâu thuẫn giữa quy định về cơ quan lập hồ sơ đề dự án theo Nghị định số 25/2020/NĐ-CP và Nghị định số 31/2021/NĐ-CP?
46890,fold_3,1,25,>100,1.0,1.0,0,Chánh án Tòa án nhân dân tối cao phải đáp ứng các tiêu chuẩn như thế nào?
144306,fold_4,1,>100,7,1.0,1.0,0,Mẫu Đơn đề nghị giải quyết chuyển quyền sử dụng đất liền kề nhà ở cũ thuộc Sở hữu nhà nước được thực hiện theo quy định nào?
19284,fold_0,1,2,1,1.0,1.0,0,"Nội dung sát hạch lái xe quân đội hạng D, E"
154524,fold_0,1,74,1,1.0,1.0,0,Kỹ thuật viên chẩn đoán bệnh động vật hạng 4 có nhiệm vụ gì?
47078,fold_3,1,2,42,1.0,1.0,0,Có phải bắt buộc thực hiện việc thiết lập vùng an toàn dầu khí không?
8968,fold_3,1,1,1,1.0,1.0,0,Công chức thuế có được sử Trang phục thuế khi không thực hiện nhiệm vụ không?
144474,fold_0,1,>100,17,1.0,1.0,0,Triển khai Chương trình hành động thực hiện Nghị quyết Hội nghị Trung ương 5 khóa XIII về phát triển kinh tế tập thể và hợp tác xã?
7336,fold_4,1,7,1,1.0,1.0,0,Trường hợp thông tin kê khai phù hợp thì việc nộp thuế xuất khẩu được Kho bạc nhà nước xử lý thế nào?
96298,fold_1,2,4,12,1.0,1.0,0,Người có quyền yêu cầu hủy việc kết hôn trái pháp luật là ai?
107970,fold_3,1,1,4,1.0,1.0,0,Trong công ty trách nhiệm hữu hạn hai thành viên trở lên thì thành viên của công ty có nghĩa vụ gì?
83392,fold_0,1,2,2,1.0,1.0,0,Điều khiển xe máy lạng lách hoặc đánh võng ngoài đô thị có bị tước Giấy phép lái xe không?
113678,fold_0,3,>100,2,1.0,1.0,0,Doanh nghiệp chế xuất chọn hình thức chuyển mục đích sử dụng khi bán hàng hóa vào nội địa thì cần xuất hóa đơn không?
68342,fold_2,3,1,>100,0.6666666666666666,0.6666666666666666,0,Thành phần hồ sơ đăng ký khai tử có yếu tố nước ngoài tại khu vực biên giới ở cấp xã được sửa đổi trong lĩnh vực hộ tịch năm 2023 là gì?
78520,fold_3,2,9,2,0.5,0.5,0,Viên chức thôi việc được hưởng trợ cấp như thế nào?
160862,fold_4,1,1,2,1.0,1.0,0,Phi công giảng viên bay có bị hạ cấp kỹ thuật nếu học viên để xảy ra sự cố trong quá trình huấn luyện hay không?
68066,fold_2,2,56,2,1.0,1.0,0,Trẻ em 4 tuổi học tại trường mầm non có được xét hỗ trợ học phí theo quy định của pháp luật hiện hành không?
66042,fold_0,1,7,4,1.0,1.0,0,Thời hạn thông báo lưu trú bao lâu?
117908,fold_3,1,6,2,1.0,1.0,0,Quy trình thực hành chuẩn của Hội đồng đạo đức trong nghiên cứu y sinh học cấp quốc gia cần xác định khoảng thời gian tài liệu phải được lưu trữ là bao lâu?
76234,fold_0,1,1,2,1.0,1.0,0,Khi kết thúc giám định pháp y tâm thần đối với hình thức giám định tại phòng khám thì tổ chức pháp y tâm thần sẽ làm những việc gì?
13464,fold_1,1,1,>100,1.0,1.0,0,Danh mục phụ gia thực phẩm được phép sử dụng được xây dựng dựa trên những nguyên tắc nào?
149050,fold_3,1,10,4,1.0,1.0,0,"Hồ sơ đăng ký kiểm tra nghiệp vụ giám định quyền tác giả, quyền liên quan gồm những tài liệu gì?"
151510,fold_3,1,5,4,1.0,1.0,0,Mức giá dịch vụ xét nghiệm SARS-CoV-2 là bao nhiêu?
53772,fold_2,1,27,1,1.0,1.0,0,Biện pháp khắc phục cho hành vi vi phạm quy định về quản lý sử dụng nhà chung cư đối với người sử dụng nhà chung cư?
30094,fold_0,1,3,4,1.0,1.0,0,"Hạ sĩ quan, binh sĩ hạng một phải tham gia huấn luyện, diễn tập tối đa bao nhiêu tháng?"
75086,fold_4,1,4,1,1.0,1.0,0,"Người nào có thẩm quyền chỉnh sửa nội dung văn bằng, chứng chỉ đã được cấp?"
117446,fold_4,1,5,3,1.0,1.0,0,"Khi nộp đơn đăng ký sáng chế theo hiệp ước ở nước ngoài, có chỉ định Việt Nam thì để đăng ký sáng chế ở Việt Nam có bắt buộc phải nộp đơn ở Việt Nam nữa không?"
110854,fold_2,1,2,1,1.0,1.0,0,"Trách nhiệm của người sử dụng lao động về bồi thường, trợ cấp trong những trường hợp đặc thù khi người lao động bị tai nạn lao động"
85030,fold_1,1,1,>100,1.0,1.0,0,Khi tổ chức thực hiện phân quyền trong quản lý nhà nước thì Ủy ban nhân dân cấp tỉnh có những nhiệm vụ gì?
130170,fold_3,1,28,96,1.0,1.0,0,Doanh nghiệp cần đáp ứng điều kiện gì để trở thành hội viên của Hiệp hội?
3286,fold_4,2,1,1,1.0,1.0,0,Để thay đổi nội dung ghi trong Giấy phép hoạt động tạp chí điện tử cơ quan chủ quản báo chí chuẩn bị hồ sơ gồm những gì?
72680,fold_3,1,1,1,1.0,1.0,0,Hồ sơ đề nghị tống đạt văn bản tố tụng cho đương sự là công dân Việt Nam ở nước ngoài gồm những tài liệu gì?
67680,fold_3,1,1,1,1.0,1.0,0,Tổng Biên tập Tạp chí Bảo hiểm xã hội có quyền ban hành quy định về vấn đề gì?
29460,fold_2,1,81,10,1.0,1.0,0,Mượn thẻ bảo hiểm hoặc sử dụng thẻ bảo hiểm của người khác thì bị xử lý như thế nào?
33356,fold_4,1,3,3,1.0,1.0,0,Quy định chung về bảo vệ công trình thuộc kết cấu hạ tầng đường thủy nội địa
23370,fold_1,1,9,2,1.0,1.0,0,Quy trình trả chứng chỉ hành nghề cho người được cấp chứng chỉ hành nghề dịch vụ làm thủ tục về thuế?
74898,fold_2,1,>100,47,1.0,1.0,0,Trường hợp doanh nghiệp chậm đóng kinh phí công đoàn hàng tháng thì sẽ bị xử phạt vi phạm như thế nào?
148534,fold_1,1,5,2,1.0,1.0,0,Mẫu đơn đề nghị gia hạn giấy chứng nhận đăng ký hoạt động bán hàng đa cấp?
158008,fold_1,2,9,1,1.0,1.0,0,Chuyển đổi Tiêu chuẩn Việt Nam có nội dung phù hợp với tiến bộ khoa học và công nghệ phải thực hiện theo trình tự nào?
143754,fold_1,1,1,1,1.0,1.0,0,Cơ quan lãnh sự do người đứng đầu là viên chức lãnh sự danh dự có thể đặt và dùng máy vô tuyến điện phát tin để liên lạc với cơ quan ngoại giao của nước mình không?
161452,fold_4,1,53,1,1.0,1.0,0,Chủ lô hàng phải đăng ký cấp chứng thư cho lô hàng thủy sản xuất khẩu trong danh sách ưu tiên khi nào?
27644,fold_1,1,1,4,1.0,1.0,0,Giấy phép bưu chính được cấp lại sau khi làm mất là bản sao hay bản gốc?
108808,fold_0,1,6,1,1.0,1.0,0,Mẫu tờ khai yêu cầu cấp phiếu lý lịch tư pháp trong trường hợp ủy quyền yêu cầu cấp phiếu lý lịch tư pháp như thế nào?
92558,fold_1,1,3,1,1.0,1.0,0,Khi cầu thủ không tuân thủ các quy định về cự ly khi thực hiện quả phạt góc trong các trận thi đấu bóng đá 11 người sẽ bị xử lý như thế nào?
109518,fold_0,1,>100,1,1.0,1.0,0,Để thành lập văn phòng đại diện thì doanh nghiệp SCIC cần được cơ quan nhà nước nào phê duyệt?
127648,fold_3,1,7,1,1.0,1.0,0,Người tốt nghiệp ngành công nghệ may trình độ trung cấp có thể làm những công việc nào?
127784,fold_0,1,25,53,1.0,1.0,0,Những trường hợp nào không được cấp tín dụng?
122588,fold_1,1,86,2,1.0,1.0,0,Trình tự cấp chứng chỉ hành nghề hoạt động xây dựng
80586,fold_4,1,1,1,1.0,1.0,0,Quỹ Hoa Mặt trời được sử dụng cho những hoạt động nào?
150808,fold_2,1,36,12,1.0,1.0,0,Người khai hải quan được lựa chọn khai theo phương thức điện tử hoặc khai trên tờ khai hải quan giấy trong trường hợp nào sau đây?
72906,fold_0,1,2,3,1.0,1.0,0,Bảo hiểm nhân thọ có phải là loại bảo hiểm bắt buộc phải tham gia hay không?
160492,fold_0,1,1,1,1.0,1.0,0,"Đã có Nghị định 59/2022/NĐ-CP quy định về định danh diện tử, danh tính điện tử, xác thực điện tử, dịch vụ xác thực điện tử?"
79264,fold_3,1,1,1,1.0,1.0,0,Thương nhân nhận quyền bán lẻ xăng dầu có được bán lẻ xăng dầu theo giá bán lẻ do mình quy định không?
96,fold_0,1,11,>100,1.0,1.0,0,Phí kiểm định hiện nay là bao nhiêu?
90232,fold_3,1,4,9,1.0,1.0,0,Thời gian cấp giấy phép cho phương tiện rời cảng thủy nội địa bao nhiêu lâu?
74924,fold_1,1,1,20,1.0,1.0,0,"Bổ sung thêm nguyên tắc đánh giá, xếp loại chất lượng cán bộ, công chức, viên chức"
163364,fold_0,1,22,89,1.0,1.0,0,Trường hợp nào thì được sử dụng chứng thư số?
67668,fold_0,1,>100,1,1.0,1.0,0,Việc lập phê duyệt phương án xử lý tài sản do bệnh viện tự nguyện chuyển giao quyền sở hữu cho Nhà nước quy định ra sao?
16548,fold_1,1,1,>100,1.0,1.0,0,Thẩm quyền tổ chức hội giảng nhà giáo giáo dục nghề nghiệp của trường cao đẳng được quy định thế nào?
21236,fold_2,1,1,1,1.0,1.0,0,Người học ngành nguội chế tạo trình độ trung cấp muốn tốt nghiệp phải hoàn thành tối thiểu bao nhiêu tín chỉ?
50168,fold_3,1,1,1,1.0,1.0,0,Các lưu ý trong quá trình tổ chức coi bài thi tốt nghiệp THPT năm 2022 được quy định ra sao?
23194,fold_2,1,2,1,1.0,1.0,0,Khi hỏi cung bị can muốn làm bằng chứng thì sử dụng phương pháp ghi hình có âm thanh có được không?
44990,fold_3,1,5,47,1.0,1.0,0,Thành viên Hội đồng quản lý trong đơn vị sự nghiệp công lập thuộc chuyên ngành công thương có những quyền hạn gì?
3924,fold_4,1,3,1,1.0,1.0,0,Các khoản vận động quyên góp tài trợ cho Quỹ Từ thiện Công đoàn giao thông vận tải Việt Nam phải được công khai thông tin ở đâu?
159346,fold_2,1,19,1,1.0,1.0,0,Chứng chỉ hành nghề khảo sát xây dựng được quy định ra sao?
148688,fold_1,2,2,4,1.0,1.0,0,"Các cơ quan, đơn vị thuộc Bộ Quốc phòng có thể từ chối cung cấp thông tin cho báo chí không?"
83000,fold_2,1,1,3,1.0,1.0,0,Thời hạn bắt giữ tàu biển để bảo đảm giải quyết khiếu nại về tiền lương cho thuyền viên là bao lâu?
111414,fold_3,1,1,>100,1.0,1.0,0,Báo chí có chức năng gì?
12956,fold_4,1,17,2,1.0,1.0,0,"Số lượng công chức, viên chức, người lao động lập thành tích xuất sắc được nâng bậc lương là bao nhiêu?"
82028,fold_3,1,>100,61,1.0,1.0,0,Biện pháp chống trợ cấp là gì?
161664,fold_1,1,42,17,1.0,1.0,0,Thế nào là xét tuyển?
126500,fold_3,1,9,11,1.0,1.0,0,Diện tích sử dụng căn hộ của nhà chung cư được xác định như thế nào?
43472,fold_1,1,8,1,1.0,1.0,0,"Kiểm tra viên điện lực có bắt buộc phải thực hiện tập huấn, và sát hạch không?"
16642,fold_0,1,6,1,1.0,1.0,0,Cổng Thông tin điện tử Bảo hiểm xã hội Việt Nam đăng tải thông tin về dịch vụ công trực tuyến như thế nào?
60076,fold_4,2,7,1,1.0,1.0,0,Khách sạn không có quầy lễ tân bị phạt tiền lên đến 20.000.000 đồng?
84474,fold_4,1,46,1,1.0,1.0,0,"Lập dự toán ngân sách nhà nước thanh toán hoàn trả các chi phí phục vụ công tác phòng, chống dịch COVID-19 như thế nào?"
65606,fold_1,1,1,1,1.0,1.0,0,Thủ tục chuyển tiếp điều trị nghiện chất dạng thuốc phiện đối với người nghiện ngoài cộng đồng được quy định thế nào?
72258,fold_1,1,40,4,1.0,1.0,0,Người giám hộ đối với người được giám hộ chưa đủ mười lăm tuổi có các nghĩa vụ gì?
152476,fold_0,1,93,>100,1.0,1.0,0,Xuất khẩu hàng hóa sầu riêng ri 6 sang Hàn Quốc có được hưởng ưu đãi thuế quan hay không?
166826,fold_0,1,6,28,1.0,1.0,0,Việc phân bổ kho số viễn thông có thể thực hiện theo những hình thức nào?
110638,fold_1,2,1,13,1.0,1.0,0,"Lấy chồng làm ngành công an nhân dân thì người vợ được hưởng ưu đãi về những chế độ, quyền lợi gì?"
144746,fold_4,1,27,12,1.0,1.0,0,Việc chứng nhận đối với thực phẩm xuất khẩu thuộc về thẩm quyền của cơ quan nào?
29586,fold_0,1,>100,2,1.0,1.0,0,Thời gian tính giảm trừ người phụ thuộc được tính từ tháng 01 hay tính từ tháng bắt đầu thời điểm đăng ký tại công ty?
72416,fold_0,1,87,43,1.0,1.0,0,Phiên toà hình sự sơ thẩm có thể bị hoãn trong thời hạn bao lâu?
19104,fold_2,1,28,6,1.0,1.0,0,Khi nào một người bị tuyên bố mất tích?
89618,fold_0,1,44,2,1.0,1.0,0,Thủ tục xin cấp Quyết định công nhận lưu hành giống cây trồng
116016,fold_0,1,1,69,1.0,1.0,0,"Viên chức có trình độ chuyên môn, kỹ thuật cao trong đơn vị sự nghiệp công lập được đề xuất kéo dài tuổi nghỉ hưu gồm những ai?"
30650,fold_3,2,23,2,0.5,0.5,0,Hoạt động kiểm tra phân bổ vốn đầu tư công nguồn ngân sách nhà nước của địa phương
158154,fold_2,1,53,74,1.0,1.0,0,Khái niệm thương binh hạng 3/4 là gì?
123140,fold_3,1,53,11,1.0,1.0,0,Tổn thất tài sản tại Ngân hàng Nhà nước do nguyên nhân chủ quan thì xử lý như thế nào?
149650,fold_4,1,1,4,1.0,1.0,0,Giáo viên trung học phổ thông có số tiết dạy trong một tuần là bao nhiêu?
130350,fold_1,1,1,1,1.0,1.0,0,Cục Đăng ký quốc gia giao dịch bảo đảm có những đơn vị sự nghiệp trực thuộc nào?
37010,fold_2,1,2,1,1.0,1.0,0,"Việc thay thế, bổ sung, sửa đổi Điều lệ tổ chức tương hỗ cung cấp bảo hiểm vi mô do ai quyết định?"
35398,fold_3,1,1,1,1.0,1.0,0,Người quản lý của chi nhánh doanh nghiệp tái bảo hiểm nước ngoài tại Việt Nam gồm những chức danh nào?
65694,fold_4,2,7,2,1.0,1.0,0,Có thể thay đổi họ cho con từ họ cha sang họ của mẹ không?
141670,fold_2,1,2,2,1.0,1.0,0,Tài sản kết cấu hạ tầng hàng hải được xây dựng mới chưa có quyết toán nhưng đã được phê duyệt thì ghi vào sổ kế toán ra sao?
158782,fold_0,1,4,>100,1.0,1.0,0,Pháp luật hiện hành quy định như thế nào về thu học phí?
91484,fold_0,1,>100,10,1.0,1.0,0,Có bị hốt xe ô tô không?
151476,fold_1,1,>100,>100,0.0,0.0,0,Liên đoàn Luật sư có trách nhiệm gì khi phát sinh các vấn đề liên quan đến việc tập sự hành nghề luật sư?
276,fold_0,1,12,>100,1.0,1.0,0,Các giấy tờ cần thiết để làm hộ chiếu cho trẻ sơ sinh?
38786,fold_1,1,1,1,1.0,1.0,0,Các trường hợp bị tước quyền sử dụng Giấy phép lái xe quân sự
136806,fold_0,1,9,3,1.0,1.0,0,Việc xây dựng dự toán ngân sách cho kế hoạch đối ngoại năm tiếp theo được thực hiện thế nào?
161780,fold_1,1,1,8,1.0,1.0,0,Giám định tư pháp trong lĩnh vực tài nguyên và môi trường được tổ chức thực hiện thế nào?
118566,fold_3,1,1,1,1.0,1.0,0,Để được bổ nhiệm Chủ tịch Hội đồng quản lý trong đơn vị sự nghiệp công lập ngành Nông nghiệp và Phát triển nông thôn cá nhân cần đáp ứng điều kiện gì?
77282,fold_1,1,12,2,1.0,1.0,0,Trường hợp sử dụng giấy phép lái xe hạng D đã hết hạn có bị xử phạt không?
61388,fold_3,1,4,1,1.0,1.0,0,Tổ chức cung cấp dịch vụ chứng thực chữ ký số chuyên dùng Chính phủ có những nhiệm vụ quyền hạn nào?
98598,fold_3,1,40,>100,1.0,1.0,0,"Chương trình khuyến mãi giảm giá sữa bổ sung DHA, Vitamin A dùng cho bé từ 6 tuổi trở lên trong 06 tháng đầu tung sản phẩm ra thị trường để kích cầu tiêu dùng thì có được không?"
18214,fold_2,1,1,3,1.0,1.0,0,Người đại diện theo pháp luật của công ty cổ phần có phải chịu trách nhiệm liên đới đối với thiệt hại gây ra cho doanh nghiệp hay không?
29466,fold_1,1,59,2,1.0,1.0,0,"Trong khu đô thị và đông dân cư, trừ các khu vực có biển cấm sử dụng còi, người lái xe được sử dụng còi đúng quy định vào khung giờ nào?"
68272,fold_4,1,3,12,1.0,1.0,0,Quá trình bảo quản mẫu thử nghiệm đối với phương pháp RT nested PCR như thế nào?
49930,fold_2,2,3,7,1.0,1.0,0,Có thể đăng ký mở chi nhánh hợp tác xã tại một huyện khác với nơi đặt trụ sở chính ở đâu?
127342,fold_0,3,1,2,1.0,1.0,0,Đối tượng nào được tham gia bảo hiểm y tế?
75730,fold_4,1,1,12,1.0,1.0,0,Biên chế của Thanh tra Thành phố Hà Nội được quy định ra sao?
28576,fold_1,1,4,7,1.0,1.0,0,Trong tiêu chuẩn tính năng tòa nhà thì diện tích sàn thực được hiểu thế nào?
47968,fold_3,1,6,5,1.0,1.0,0,Giám đốc Công an cấp tỉnh được quyền xử phạt người sử dụng tiền cứu trợ không đúng mục đích không?
110478,fold_1,1,3,2,1.0,1.0,0,Đối tượng phải thực hiện đánh giá môi trường chiến lược?
131530,fold_2,1,4,1,1.0,1.0,0,"Người quản lý doanh nghiệp nhà nước chưa thực hiện quy trình xem xét bổ nhiệm lại vị trí, chức danh trong trường hợp nào?"
90194,fold_4,1,5,1,1.0,1.0,0,Hành vi bị nghiêm cấm trong kinh doanh sinh vật biến đổi gen làm thức ăn chăn nuôi?
26158,fold_2,1,1,1,1.0,1.0,0,Nhiệm vụ của Chủ tịch Hội đồng quản lý Quỹ Hỗ trợ bệnh nhi Việt Nam là gì?
53054,fold_2,1,1,6,1.0,1.0,0,Thẩm quyền quyết định sử dụng dự phòng ngân sách nhà nước
136652,fold_0,1,1,2,1.0,1.0,0,Cơ quan nào có thẩm quyền giải quyết yêu cầu tuyên bố một người mất năng lực hành vi dân sự?
21902,fold_4,1,4,3,1.0,1.0,0,Thời hạn tạm dừng hoạt động kinh doanh quán karaoke để khắc phục vi phạm về điều kiện phòng cháy chữa cháy tối đa là bao lâu?
48986,fold_0,1,1,1,1.0,1.0,0,Phẫu thuật Hybrid trong cấp cứu mạch máu chỉ định đối với người bệnh khi nào?
42108,fold_0,1,4,1,1.0,1.0,0,Nguyên tắc chung về sử dụng hoá đơn điện tử đối với Công ty khi tự mình thực hiện?
107906,fold_2,1,1,1,1.0,1.0,0,"Giám đốc Công an cấp tỉnh được quyền xử phạt cơ sở trợ giúp xã hội không chăm sóc, nuôi dưỡng đối tượng bảo trợ xã hội không?"
112132,fold_4,2,3,73,1.0,1.0,0,Để cho thuê lại quyền sử dụng đất thì cần đáp ứng những điều kiện nào?
146732,fold_1,1,6,1,1.0,1.0,0,Cơ quan có thẩm quyền xác nhận kiến thức về an toàn thực phẩm trong sản xuất kinh doanh thực phẩm thủy sản?
21562,fold_1,1,21,1,1.0,1.0,0,Sau khi lấy dị vật thực quản đường bụng thì người bệnh phải được theo dõi ra sao?
165100,fold_0,1,3,12,1.0,1.0,0,Trang phục cà vạt của Thừa phát lại nữ có màu gì?
110486,fold_0,1,1,3,1.0,1.0,0,"Quyền và nghĩa vụ của người nước ngoài khi nhập cảnh, xuất cảnh, quá cảnh, cư trú tại Việt Nam là gì?"
85930,fold_1,1,43,2,1.0,1.0,0,Hồ sơ áp dụng mức thuế suất ưu đãi 0% của nhóm linh kiện ô tô 98.49 gồm những gì?
42076,fold_2,1,1,1,1.0,1.0,0,Ban chấp hành Trung ương Hiệp hội Đầu tư xây dựng năng lượng Việt Nam họp thường kỳ mấy tháng một lần?
59968,fold_0,1,6,3,1.0,1.0,0,Có được cấp giấy phép sử dụng băng tần khi trúng tuyển trong thi tuyển quyền sử dụng tần số vô tuyến điện không?
61342,fold_1,1,84,1,1.0,1.0,0,Cơ quan nào chịu trách nhiệm tiếp nhận đăng ký hợp đồng theo mẫu trong trường hợp hợp đồng theo mẫu và điều kiện giao dịch chung áp dụng trong phạm vi thành phố trực thuộc Trung ương?
60690,fold_4,1,2,1,1.0,1.0,0,Phát ngôn và cung cấp thông tin cho báo chí tại Viện kiểm sát nhân dân cấp tỉnh về thực hiện nhiệm vụ thông qua các trường hợp nào?
106600,fold_0,1,1,3,1.0,1.0,0,Bảo đảm thực hiện nghĩa vụ trong tương lai được quy định như thế nào?
133508,fold_3,1,1,51,1.0,1.0,0,Xe máy chuyên dùng trong sân bay thuộc Bộ Quốc phòng sẽ được kiểm định những nội dung nào trước khi cấp Giấy chứng nhận kiểm định?
51400,fold_1,1,1,80,1.0,1.0,0,Cổng thông tin điện tử Bộ Công thương được quản lý như thế nào?
94482,fold_0,1,>100,12,1.0,1.0,0,Chủ tịch Ủy ban Mặt trận Tổ quốc Việt Nam thực hiện nhiệm vụ gì?
125928,fold_3,1,5,7,1.0,1.0,0,"Trình tự, thủ tục cấp Giấy phép thành lập Chi nhánh"
64786,fold_4,1,1,94,1.0,1.0,0,Giấy phép hoạt động của cơ quan báo chí không còn giá trị trong trường hợp nào?
115140,fold_0,1,10,1,1.0,1.0,0,Ngoài việc xử phạt người điều khiển xe không có danh sách hành khách trên xe chạy hợp đồng thì còn có hình thức xử phạt bổ sung nào hay không?
91194,fold_2,1,4,33,1.0,1.0,0,Trình tự cấp Giấy xác nhận tình trạng hôn nhân như thế nào?
19458,fold_1,1,10,45,1.0,1.0,0,"Khi thiết kế kiến trúc nhà ở chung cư, diện tích tối thiểu căn hộ ở trong nhà ở chung cư là bao nhiêu?"
127760,fold_3,2,1,>100,1.0,1.0,0,Việc thành lập các tổ chức khoa học và công nghệ công lập phải đáp ứng các nguyên tắc gì?
122730,fold_2,3,2,>100,1.0,1.0,0,Cá nhân muốn trở thành Thanh tra viên cao cấp ngành khoa học và công nghệ cần đảm bảo được những tiêu chuẩn gì?
17284,fold_0,1,2,1,1.0,1.0,0,Từ ngày tiếp nhận tin báo về tội phạm thì cơ quan có thẩm quyền phải thông báo kết quả tiếp nhận cho cơ quan nào biết?
104386,fold_1,1,>100,1,1.0,1.0,0,"Hồ sơ đăng ký dự thi đối với người đăng ký dự thi lần đầu bao gồm những giấy tờ, tài liệu nào?"
115272,fold_4,1,1,2,1.0,1.0,0,Người lao động làm việc thường xuyên trong lĩnh vực khai thác dầu khí được làm thêm tối đa bao nhiêu giờ một năm?
71770,fold_3,1,21,69,1.0,1.0,0,Thủ tục thành lập trường phổ thông dân tộc nội trú được pháp luật quy định như thế nào?
108576,fold_3,1,2,9,1.0,1.0,0,"Người bị câm, bị điếc thì có được làm chứng trong vụ án hình sự không?"
724,fold_1,1,1,19,1.0,1.0,0,Hồ sơ đề nghị cấp Giấy chứng nhận đủ điều kiện kinh doanh hóa chất kinh doanh có điều kiện trong lĩnh vực công nghiệp gồm những gì?
27652,fold_4,1,2,16,1.0,1.0,0,Phạm tội chưa đạt chịu có thể chịu hình phạt như thế nào?
95208,fold_3,1,5,43,1.0,1.0,0,Điều kiện về cơ sở vật chất của văn phòng giám định tư pháp được xác định ra sao?
86692,fold_3,1,1,>100,1.0,1.0,0,Công tác cơ yếu hoặc hoạt động cơ yếu là gì? Người làm công tác cơ yếu là gì?
106140,fold_0,1,1,1,1.0,1.0,0,Trình tự thủ tục đổi thẻ Kiểm toán viên nhà nước cho Kiểm toán viên nhà nước được bổ nhiệm lên ngạch cao hơn được thực hiện ra sao?
26958,fold_0,1,1,5,1.0,1.0,0,Báo cáo nghiên cứu tiền khả thi dự án PPP gồm những nội dung chủ yếu gì?
15952,fold_3,1,1,3,1.0,1.0,0,"Trình tự thủ tục khoán rừng, vườn cây và diện tích mặt nước trong Ban quản lý rừng đặc dụng, rừng phòng hộ được thực hiện như thế nào?"
52540,fold_1,1,4,3,1.0,1.0,0,Trường hợp nào người lao động có quyền đình công?
41500,fold_0,1,5,8,1.0,1.0,0,Tài sản của tổ chức có phải chỉ được thẩm định giá trong trường hợp tổ chức có nhu cầu không?
56880,fold_2,1,2,2,1.0,1.0,0,Các thông số kỹ thuật chính của sân đỗ tàu bay gồm những thông số nào? Phương án khai thác và sơ đồ bố trí vị trí đỗ tàu bay được quy định thế nào?
28632,fold_0,1,14,6,1.0,1.0,0,Tổng Thanh tra Chính phủ có phạm vi giải quyết công việc như thế nào?
31398,fold_0,1,>100,2,1.0,1.0,0,Doanh nghiệp có được khấu trừ thuế thu nhập doanh nghiệp đối với các khoản chi tài trợ làm nhà cho người nghèo không?
26120,fold_4,1,3,1,1.0,1.0,0,Mức khoán kinh phí sử dụng xe ô tô của khối cơ quan Cục HKVN được xác định trên cơ sở nào? Ai xác định số km thực tế của từng lần đi công tác?
88970,fold_1,1,47,21,1.0,1.0,0,Thời hiệu xử phạt vi phạm hành chính đối với trường trung cấp nghề gian lận hồ sơ để được cơ quan có thẩm quyền quyết định công nhận trường chất lượng cao là bao lâu?
66996,fold_4,1,>100,1,1.0,1.0,0,"03 đối tượng được giải quyết hưởng trợ cấp dưỡng sức phục hồi sức khỏe sau ốm đau, thai sản, tai nạn lao động, bệnh nghề nghiệp là những ai?"
25300,fold_4,1,1,4,1.0,1.0,0,"Ghi tên người nước ngoài tham gia BHXH, BHYT trên Mẫu TK1-TS, D02-LT, D03-TS như thế nào?"
114576,fold_3,1,>100,20,1.0,1.0,0,"Trường hợp người nộp thuế không thực hiện thông báo cơ sở gia công lại, hợp đồng gia công lại (hợp đồng gia công lại đã hết hiệu lực) thì xử lý như thế nào? Hàng hóa có đủ điều kiện miễn thuế không?"
132514,fold_1,1,2,36,1.0,1.0,0,Thanh niên xung phong khi đang thực hiện nhiệm vụ mà tự ý bỏ việc thì sẽ bị xử lý như thế nào?
87456,fold_3,1,77,8,1.0,1.0,0,Quan trắc môi trường đối với hoạt động khai thác dầu khí được thực hiện như thế nào?
117652,fold_3,1,2,6,1.0,1.0,0,Điều kiện thành lập văn phòng đại diện giáo dục nước ngoài tại Việt Nam là gì?
16820,fold_2,1,38,19,1.0,1.0,0,UBND xã sẽ tổ chức hòa giải tranh chấp đất đai là bao nhiêu lần trong trường hợp các bên đều có mặt tham gia buổi hòa giải?
56486,fold_2,1,>100,1,1.0,1.0,0,"Sĩ quan quân đội nhân dân có phải kê khai tài sản, thu nhập không?"
27238,fold_3,1,2,22,1.0,1.0,0,Đối tượng nào phải làm thủ tục hải quan?
18782,fold_4,1,1,1,1.0,1.0,0,Nguyên tắc thực hiện chính sách khuyến khích xã hội hóa đối với các cơ sở ngoài công lập là gì?
9684,fold_1,1,3,1,1.0,1.0,0,Phẫu thuật chỉnh sửa lệch trục chi chân chữ O sẽ do ai thực hiện?
159776,fold_0,1,1,6,1.0,1.0,0,Quy mô công trình để được cấp Giấy phép xây dựng ở tỉnh Thanh Hóa?
64186,fold_0,1,1,5,1.0,1.0,0,Thẩm quyền cấp lại Giấy phép khai thác thủy sản thuộc về cơ quan nào?
73686,fold_2,1,1,2,1.0,1.0,0,"Tham gia dân công hỏa tuyến kháng chiến chống Pháp thời gian là 1 năm thì có thuộc đối tượng được hưởng chế độ, chính sách gì hay không?"
17446,fold_3,1,4,8,1.0,1.0,0,Ủy ban nhân dân thành phố trực thuộc trung ương có trách nhiệm gì trong việc lập đồ án quy hoạch cấp nước đô thị?
28542,fold_0,1,4,20,1.0,1.0,0,Việc điều tra cơ bản tài nguyên nước của cơ quan quản lý nhà nước có thẩm quyền gồm những hoạt động nào?
103542,fold_1,1,2,>100,1.0,1.0,0,Quỹ Bảo hộ công dân và pháp nhân Việt Nam ở nước ngoài có chức năng như thế nào?
98520,fold_4,1,1,4,1.0,1.0,0,Thời hiệu xử lý kỷ luật đảng viên được quy định ra sao?
11218,fold_2,1,3,49,1.0,1.0,0,Người sử dụng lao động có trách nhiệm gì trong việc trang bị bảo hộ lao động cho người lao động?
54538,fold_0,1,1,4,1.0,1.0,0,Công tác kiểm tra chất lượng trong thi công công trình xây dựng phải được thực hiện như thế nào?
116298,fold_3,1,1,>100,1.0,1.0,0,Viên chức là gì?
107520,fold_0,1,99,13,1.0,1.0,0,Nghị quyết của Đại hội đồng cổ đông chỉ được phép thông qua khi đạt bao nhiêu phần trăm biểu quyết?
76678,fold_3,1,2,>100,1.0,1.0,0,Học nghiệp vụ nhà hàng trình độ trung cấp sau khi tốt nghiệp người học phải có được những kiến thức tối thiểu nào?
2194,fold_3,1,1,1,1.0,1.0,0,Học viên Chương trình xóa mù chữ được xác nhận hoàn thành chương trình kì học là những học viên được đánh giá kết quả giáo dục ở mức nào?
1896,fold_2,1,1,4,1.0,1.0,0,"Khi lập quy trình bảo trì công trình đường bộ đối với các dự án đầu tư nâng cấp, nhà thầu có trách nhiệm gì?"
140512,fold_4,1,9,2,1.0,1.0,0,Hành vi quấy rối tình dục có phải hành vi bị nghiêm cấm trong lĩnh vực lao động không?
29304,fold_0,1,1,1,1.0,1.0,0,"Việc hủy hợp đồng mua bán hàng hóa quốc tế giải phóng hai bên khỏi những nghĩa vụ của họ, trừ nghĩa vụ nào?"
9730,fold_3,1,10,>100,1.0,1.0,0,Doanh nghiệp nhà nước là gì?
109002,fold_1,2,4,1,0.5,0.5,0,Doanh nghiệp có bắt buộc phải bố trí kế toán trưởng hay không?
48258,fold_4,1,8,1,1.0,1.0,0,Hồ sơ thẩm định phương án ứng phó với tình huống khẩn cấp đối với hồ chứa thủy điện bao gồm những gì?
48524,fold_0,1,64,1,1.0,1.0,0,"Một số Phụ lục sử dụng trong hoạt động thí nghiệm chuyên ngành xây dựng được thay thế, bổ sung ra sao?"
56260,fold_3,1,23,42,1.0,1.0,0,Trường hợp nào có thể chặt cây xanh đang nghiêng sang phần đất của mình mà không cần sự đồng ý của hàng xóm?
143764,fold_4,1,1,1,1.0,1.0,0,Nhiệm vụ của Hội Nuôi dưỡng đường tĩnh mạch và đường tiêu hóa Việt Nam là gì?
61892,fold_0,2,1,1,1.0,1.0,0,Kỳ thi cấp chứng chỉ hành nghề dịch vụ làm thủ tục về thuế thường được tổ chức vào khoảng thời gian nào trong năm?
21882,fold_0,1,>100,2,1.0,1.0,0,Thủ tục sửa chữa sai sót về việc xử lý tài sản thế chấp tàu biển được quy định như thế nào?
119686,fold_4,1,1,4,1.0,1.0,0,"Đại biểu, khách mời dự lễ kỷ niệm ngày truyền thống của cơ quan nhà nước cấp tỉnh được pháp luật quy định như thế nào?"
79138,fold_0,1,11,17,1.0,1.0,0,Hồ sơ xử phạt vi phạm hành chính bao gồm những gì?
157382,fold_0,1,1,1,1.0,1.0,0,Chủ tịch Ủy ban nhân dân cấp tỉnh có quyền xử phạt tổ chức mua bán sản phẩm xử lý chất thải chăn nuôi chưa được công bố thông tin sản phẩm không?
7548,fold_1,1,1,4,1.0,1.0,0,Áp dụng chế độ thưởng an toàn đối với cán bộ công chức viên chức trực tiếp làm các công việc gì tại cảng vụ hàng không?
66958,fold_2,1,1,>100,1.0,1.0,0,Kiểm toán nhà nước là gì? Các hành vi bị nghiêm cấm đối với Kiểm toán nhà nước ra sao?
167226,fold_3,1,1,5,1.0,1.0,0,"Các Tiểu ban trong Hội đồng tư vấn cấp chứng chỉ hành nghề khám bệnh, chữa bệnh của Bộ Y tế được quy định thế nào?"
34772,fold_2,1,9,6,1.0,1.0,0,Chuyển đổi công ty cổ phần thành công ty trách nhiệm hữu hạn một thành viên có những phương thức nào?
9314,fold_1,1,11,>100,1.0,1.0,0,Giấy chứng nhận hành nghề kiểm toán hết hạn được cấp theo thủ tục như thế nào?
130878,fold_1,1,1,4,1.0,1.0,0,Thực hiện xác định vị trí đất trong xây dựng bảng giá đất như thế nào?
136356,fold_0,2,1,1,1.0,1.0,0,Những trường hợp nào được áp dụng mức thuế suất GTGT 5%? Dịch vụ khoa học và công nghệ của Viện Bảo tồn di tích chịu thuế suất bao nhiêu?
141560,fold_3,1,21,14,1.0,1.0,0,Đốt vàng mã trong ngày cúng ông Táo mà gây thiệt hại nghiêm trọng về tài sản cho người khác tới mức truy cứu trách nhiệm hình sự thì thời hạn truy cứu là bao lâu?
142452,fold_3,1,7,1,1.0,1.0,0,Sau khi tốt nghiệp ngành chế biến mủ cao su trình độ cao đẳng thì người học phải có được những kỹ năng nào?
135814,fold_4,1,>100,14,1.0,1.0,0,"Viện trưởng Viện Nghiên cứu lập pháp cần phải đảm bảo tiêu chuẩn về sức khỏe, độ tuổi bổ nhiệm thế nào?"
49720,fold_3,1,1,1,1.0,1.0,0,Hai cơ quan lãnh sự do viên chức lãnh sự danh dự đứng đầu ở hai Nước khác nhau không được trao đổi túi lãnh sự cho nhau trong trường hợp nào?
152802,fold_3,2,1,10,1.0,1.0,0,Tổ chức thi cấp chứng chỉ năng lực ngoại ngữ của nước ngoài tại Việt Nam phải chuẩn bị những hồ sơ gì?
60060,fold_1,1,2,49,1.0,1.0,0,Hợp đồng mua bán nhà có bắt buộc phải công chứng không?
96078,fold_1,1,>100,27,1.0,1.0,0,"Xử lý như thế nào khi giao thiếu hàng, không đảm bảo chất lượng?"
107196,fold_2,1,4,11,1.0,1.0,0,Công dân muốn đổi sang thẻ Căn cước công dân thì phải đến cơ quan nào?
19196,fold_1,1,23,29,1.0,1.0,0,Mức đóng đoàn phí công đoàn của lao động thử việc là bao nhiêu?
91616,fold_4,1,1,68,1.0,1.0,0,Nuôi con nuôi là gì?
87186,fold_1,1,1,1,1.0,1.0,0,"Để được hỗ trợ chi phí tư vấn xây dựng liên kết gắn sản xuất với tiêu thụ sản phẩm nông nghiệp, các bên tham gia liên kết được hỗ trợ phải đáp ứng những điều kiện gì?"
121092,fold_2,1,81,3,1.0,1.0,0,"Giáo viên có phải trả tiền nhuận bút, thù lao cho chủ sở hữu tác phẩm văn học đó hay không?"
47580,fold_2,1,1,10,1.0,1.0,0,Tiêu chuẩn bổ nhiệm Chủ tịch Hội đồng quản lý trong tổ chức khoa học và công nghệ công lập là gì?
135496,fold_0,1,3,6,1.0,1.0,0,"Di chúc không công chứng, không có người làm chứng thì có hợp lệ hay không?"
65466,fold_1,1,5,>100,1.0,1.0,0,Thực hiện nghỉ hưu ở độ tuổi cao hơn phải dựa trên nguyên tắc nào?
12062,fold_1,1,2,2,1.0,1.0,0,Trở thành hội viên của Hiệp hội Chống hàng giả và bảo vệ quyền sở hữu trí tuệ sẽ nhận được những quyền lợi gì?
26730,fold_1,1,1,2,1.0,1.0,0,"Nhiệm vụ, quyền hạn và nghĩa vụ của người điều tra sự cố, tai nạn tàu bay được quy định như thế nào?"
51020,fold_0,2,7,25,1.0,1.0,0,"Người mắc bệnh lao phổi có được trực chế biến, kinh doanh cơ sở dịch vụ ăn uống hay không?"
47540,fold_3,1,1,1,1.0,1.0,0,Cơ quan nào có thẩm quyền đăng ký nuôi con nuôi?
66240,fold_3,1,6,3,1.0,1.0,0,Quy trình thực hành chuẩn của Hội đồng đạo đức trong nghiên cứu y sinh học cấp cơ sở cần xác định khoảng thời gian tài liệu phải được lưu trữ là bao lâu?
72128,fold_1,1,15,>100,1.0,1.0,0,Hạn sử dụng của nước uống đóng chai tối đa là bao lâu?
11736,fold_1,1,2,2,1.0,1.0,0,Mẫu Giấy phép nhân viên điều khiển phương tiện hoạt động tại khu vực hạn chế của cảng hàng không ra sao?
101604,fold_3,2,4,>100,0.5,0.5,0,"Quy định về hồ sơ, thủ tục xin học lại như thế nào?"
114416,fold_4,1,11,8,1.0,1.0,0,Việc hỏi người làm chứng được tiến hành theo quy định như thế nào?
70064,fold_0,2,1,1,1.0,1.0,0,"Xét tặng danh hiệu Nhà giáo nhân dân, Nhà giáo ưu tú: Nhà giáo nữ có được ưu tiên?"
16480,fold_0,2,3,3,1.0,1.0,0,Để được thăng hạng lên Quản lý dự án đường sắt hạng 2 thì cần phải thỏa mãn bao nhiêu điều kiện?
143660,fold_2,1,1,16,1.0,1.0,0,"Nhiệm vụ của Cảnh sát giao thông trong tuần tra, kiểm soát được quy định như thế nào?"
16878,fold_2,1,>100,1,1.0,1.0,0,Đối thoại định kỳ không đủ 100% thành viên đại diện người lao động thì có được tiến hành không?
104710,fold_1,1,14,2,1.0,1.0,0,Người phạm tội đánh tháo người bị tạm giam có tổ chức thì bị phạt bao nhiêu năm tù?
86,fold_4,1,1,61,1.0,1.0,0,"Đánh giá cán bộ lãnh đạo, quản lý được thực hiện qua các bước nào?"
106032,fold_1,2,1,1,1.0,1.0,0,Nguyên tắc và phương pháp xác định trị giá hải quan đối với hàng hóa xuất nhập khẩu?
38152,fold_0,2,1,8,1.0,1.0,0,Hồ sơ đăng ký xét thăng hạng chức danh nghề nghiệp từ Lưu trữ viên lên Lưu trữ viên chính gồm những gì?
78594,fold_2,1,5,2,1.0,1.0,0,Người phạm tội bạo loạn có được đương nhiên xóa án tích không?
165948,fold_0,1,12,3,1.0,1.0,0,Hợp đồng chuyển nhượng vận động viên chuyên nghiệp giữa 2 CLB thể thao chuyên nghiệp trong nước phải tuân thủ yêu cầu nào?
45236,fold_3,1,4,2,1.0,1.0,0,"Mỏ, cụm mỏ, lô dầu khí từ nhà thầu khi hợp đồng dầu khí hết thời hạn sẽ được xử lý như thế nào?"
49912,fold_2,1,1,>100,1.0,1.0,0,Điều kiện thành lập tổ chức bảo hiểm tương hỗ được quy định như thế nào?
25760,fold_3,1,1,21,1.0,1.0,0,Cơ quan nào có thẩm quyền kiểm định chất lượng đầu vào công chức?
99396,fold_1,1,1,1,1.0,1.0,0,Doanh nghiệp có vốn đầu tư nước ngoài có được kinh doanh dịch vụ lữ hành tại Việt Nam hay không?
53822,fold_2,1,10,92,1.0,1.0,0,Kinh phí chi cho hoạt động đào tạo bồi dưỡng Công chức Bộ Nội vụ được lấy từ đâu?
97278,fold_3,1,1,3,1.0,1.0,0,Việc lập dự toán ngân sách nhà nước hỗ trợ tiền điện hộ nghèo phải tuân thủ quy định gì?
146308,fold_1,1,63,1,1.0,1.0,0,Ghi nhãn sản phẩm xốt táo đóng hộp thế nào cho phù hợp?
69922,fold_2,1,21,8,1.0,1.0,0,Người phát ngôn và cung cấp thông tin cho báo chí có trách nhiệm phát ngôn và cung cấp thông tin trong các trường hợp đột xuất nào?
117468,fold_3,1,>100,10,1.0,1.0,0,Nhà ở xây trên đất nông nghiệp khi bị thu hồi thì có được bố trí tái định cư không?
168200,fold_1,1,1,1,1.0,1.0,0,Trong những trường hợp nào thì tác giả của tác phẩm báo điện tử được hưởng thêm nhuận bút của tác phẩm đó? Mức nhuận bút được hưởng thêm là bao nhiêu?
92652,fold_4,1,1,2,1.0,1.0,0,Người sử dụng đất có được phép xin cơ quan nhà nước nợ tiền sử dụng đất do hoàn cảnh khó khăn hay không?
78220,fold_3,1,63,3,1.0,1.0,0,Chánh Thanh tra Sở Lao động - Thương binh và Xã hội có quyền xử phạt doanh nghiệp lập sổ quản lý lao động không đúng thời hạn không?
132714,fold_4,1,1,1,1.0,1.0,0,Quỹ Hỗ trợ Phụ nữ nông thôn Việt Nam có những nhiệm vụ gì?
18672,fold_3,1,1,1,1.0,1.0,0,Có thụ lý giải quyết khiếu nại kiểm toán nếu khiếu nại không bằng hình thức đơn khiếu nại không?
31460,fold_3,1,10,2,1.0,1.0,0,Những lưu ý khi đăng ký nguyện vọng đại học 2023
30914,fold_4,1,1,1,1.0,1.0,0,Các cơ quan tiến hành tố tụng phối hợp thực hiện quản lý việc trả hồ sơ để điều tra bổ sung thế nào?
37692,fold_0,1,1,>100,1.0,1.0,0,Hướng dẫn người mắc Covid-19 điều trị tại nhà phân loại rác
103166,fold_1,1,34,3,1.0,1.0,0,"Yêu cầu, điều kiện thực hiện thủ tục công nhận và giải quyết chế độ người hoạt động cách mạng, kháng chiến, bảo vệ tổ quốc, làm nghĩa vụ quốc tế bị địch bắt tù, đày ra sao?"
56110,fold_2,1,59,18,1.0,1.0,0,Khuyến mãi giảm giá sữa để kích cầu tiêu dùng vượt quá mức giảm giá tối đa mà pháp luật cho phép thì bị xử phạt như thế nào?
43542,fold_0,1,1,2,1.0,1.0,0,"Khi hoạt động báo chí tại cơ quan thuộc Bộ Quốc phòng, phóng viên nước ngoài thường trú tại Việt Nam phải mang theo những gì?"
87320,fold_1,1,1,2,1.0,1.0,0,"Đối tượng nào được Quỹ Phát triển khoa học và công nghệ Bộ Quốc phòng kinh phí, tài trợ, cho vay, hỗ trợ và bảo lãnh vốn vay?"
155528,fold_3,1,3,3,1.0,1.0,0,"Có các chi phí hợp lý nào trong việc đơn vị sự nghiệp công lập sử dụng tài sản công để liên doanh, liên kết?"
65278,fold_0,2,2,1,0.5,0.5,0,"Tòa án nhân dân cấp cao chỉ thị phổ biến nội dung Nghị quyết 63/2022/QH15 đến các Thẩm phán, Thẩm tra viên và Thư ký Tòa án?"
144890,fold_1,1,1,>100,1.0,1.0,0,Bộ Xây dựng có trách nhiệm như thế nào theo Chỉ thị 13/CT-TTg?
83508,fold_1,1,2,19,1.0,1.0,0,Bộ phận an toàn vệ sinh lao động có nhiệm vụ và quyền hạn gì?
138936,fold_1,1,3,1,1.0,1.0,0,Việc thi công xây dựng các công trình đầu mối hạ tầng kỹ thuật ngầm được thực hiện thế nào?
30492,fold_2,1,1,2,1.0,1.0,0,Cơ quan nào có nhiệm vụ quyết định dự toán ngân sách nhà nước?
160378,fold_4,1,12,1,1.0,1.0,0,Chế độ tập sự đối với người đã làm việc theo hợp đồng lao động trước khi trúng tuyển viên chức như thế nào?
34338,fold_1,1,>100,5,1.0,1.0,0,Viên chức xét thăng hạng chức danh nghề nghiệp phương pháp viên hạng 3 yêu cầu thời gian công tác giữ chức danh phương pháp viên hạng 4 trong bao lâu?
122688,fold_3,1,1,>100,1.0,1.0,0,"Kho chứa hóa chất nguy hiểm phải có các tài liệu, bảng, biển báo đảm bảo theo quy định như thế nào?"
4674,fold_4,1,11,1,1.0,1.0,0,Kinh doanh cà phê rang xay có cần giấy chứng nhận đủ điều kiện an toàn thực phẩm không?
115978,fold_0,1,1,2,1.0,1.0,0,Trường hợp nào phải nộp lại Giấy phép hoạt động dịch vụ đưa người lao động Việt Nam đi làm việc ở nước ngoài theo hợp đồng?
74052,fold_3,1,13,>100,1.0,1.0,0,Thế nào là người không có năng lực trách nhiệm hành chính?
19222,fold_4,1,1,1,1.0,1.0,0,Điện thoại cố định tại nhà riêng của Giáo sư được Nhà nước trao tặng giải thưởng Hồ Chí Minh làm việc tại Bộ Nông nghiệp và Phát triển nông thôn thì mức trang bị máy là bao nhiêu?
70070,fold_3,1,1,2,1.0,1.0,0,"Cơ quan nào tiếp nhận và quản lý hồ sơ, giấy phép cho hoạt động của phương tiện thủy nội địa trong hoạt động bảo vệ công trình thủy lợi?"
146960,fold_3,1,9,1,1.0,1.0,0,Thời gian đóng chắn ngang đường sắt được quy định như thế nào?
13040,fold_1,1,22,1,1.0,1.0,0,Cơ quan nào tiếp nhận hồ sơ phê duyệt trữ lượng khoáng sản?
72346,fold_0,1,8,1,1.0,1.0,0,Hồ sơ đề xuất nhiệm vụ khoa học cấp bộ của Bộ Tư pháp được gửi thông qua hình thức nào?
25526,fold_4,4,2,2,0.5,0.5,0,Mức tiền thưởng của Huân chương Quân công hạng nhì trong Quân đội nhân dân Việt Nam là bao nhiêu?
58708,fold_2,1,33,3,1.0,1.0,0,"Kê khai thu, nộp, lệ phí được sửa đổi như thế nào tạo Thông tư 36/2022/TT-BTC?"
159250,fold_2,1,1,6,1.0,1.0,0,Đại lý xổ số sẽ được hưởng hoa hồng như thế nào?
72642,fold_2,1,4,1,1.0,1.0,0,"Truy thu, truy đóng tiền lương tháng đóng bảo hiểm xã hội bắt buộc theo quy định pháp luật"
18564,fold_4,1,21,2,1.0,1.0,0,Doanh nghiệp đã được khoanh tiền nợ thuế nhưng thành lập cơ sở kinh doanh khác thì có hủy bỏ quyết định khoanh tiền thuế nợ?
33984,fold_2,1,1,1,1.0,1.0,0,Đối tượng đạt Giải thưởng Thương hiệu vàng Thực phẩm Việt Nam có hành vi vi phạm Quy chế Giải thưởng thì sẽ bị xử lý ra sao?
121658,fold_3,1,1,>100,1.0,1.0,0,Vùng hạn chế khai thác nước dưới đất được phân loại như thế nào?
10136,fold_3,2,4,1,1.0,1.0,0,Xác định người giám hộ cho con khi cha mẹ ly hôn được pháp luật quy định như thế nào?
106700,fold_3,1,41,27,1.0,1.0,0,Trách nhiệm của đảng viên và cấp ủy về xây dựng và quản lý hồ sơ đảng viên như thế nào?
1926,fold_4,1,>100,12,1.0,1.0,0,Thời hạn tạm hoãn xuất cảnh đối với người bị kết án phạt tù được xác định như thế nào?
39792,fold_2,1,41,13,1.0,1.0,0,Thực hiện khai bổ sung hồ sơ khai thuế như thế nào?
92064,fold_1,1,1,20,1.0,1.0,0,Trách nhiệm của người ra quyết định thanh tra ra sao?
136168,fold_3,1,1,3,1.0,1.0,0,Việc thông báo doanh nghiệp mất khả năng thanh toán phải đảm bảo những yêu cầu gì?
33278,fold_4,1,3,>100,1.0,1.0,0,Hồ sơ xin thôi giữ chức vụ của Chủ tịch nước bao gồm những gì?
83160,fold_4,1,>100,48,1.0,1.0,0,Thủ tục cấp Giấy phép đủ điều kiện kinh doanh dịch vụ karaoke cấp tỉnh được thực hiện theo trình tự nào?
728,fold_3,1,1,2,1.0,1.0,0,Ban Thường vụ Hội Hỗ trợ khắc phục hậu quả bom mìn Việt Nam có những quyền hạn nào?
93606,fold_4,1,11,>100,1.0,1.0,0,Cơ quan thuế nào trực tiếp quản lý doanh nghiệp có vốn đầu tư nước ngoài?
46694,fold_4,3,1,10,1.0,1.0,0,Sản phẩm dầu nào sẽ chịu thuế bảo vệ môi trường?
106298,fold_3,1,1,>100,1.0,1.0,0,Đoàn điều tra bệnh nghề nghiệp có những trách nhiệm gì khi thực hiện nhiệm vụ được giao?
39036,fold_0,1,1,13,1.0,1.0,0,Mẫu bằng lái xe (giấy phép lái xe) quốc tế được quy định như thế nào?
47460,fold_2,1,8,1,1.0,1.0,0,Điều kiện bảo hộ với tên thương mại
53996,fold_1,1,1,10,1.0,1.0,0,Doanh nghiệp thay đổi danh sách thẩm định viên về giá có phải thông báo với cơ quan nhà nước có thẩm quyền không?
165070,fold_2,1,3,3,1.0,1.0,0,Công ty có quyền đăng ký bảo hộ đối với nhãn hiệu nổi tiếng trong trường hợp do công ty khác nhận sản xuất không?
17994,fold_4,1,>100,>100,0.0,0.0,0,"Vụ trưởng thuộc Bộ, cơ quan ngang Bộ là ai?"
165640,fold_0,2,2,7,1.0,1.0,0,"Chưa đăng ký kết hôn thì họ, quê quán của con khi làm giấy khai sinh được xác định thế nào?"
47396,fold_0,1,28,1,1.0,1.0,0,Có những hình thức kiểm soát chi nguồn vốn vay ODA nào theo quy định?
40890,fold_2,1,1,7,1.0,1.0,0,"Người lao động từ đủ 15 tuổi đến dưới 18 tuổi có thể là thêm giờ, làm việc vào ban đêm đối với những công việc, ngành nghề nào?"
66754,fold_2,2,1,1,1.0,1.0,0,Có các khoản lệ phí Tòa án nào?
58748,fold_2,1,2,4,1.0,1.0,0,Thẩm quyền xử lý hành vi xâm phạm quyền sở hữu trí tuệ được quy định ra sao?
84782,fold_0,1,1,1,1.0,1.0,0,Thanh tra Cơ yếu của Thanh tra Quốc phòng có phải tổng hợp báo cáo kết quả về công tác thanh tra thuộc phạm vi quản lý của Ban Cơ yếu Chính phủ không?
163982,fold_1,1,19,2,1.0,1.0,0,Việc thẩm định công nghệ đối với dây chuyền công nghệ trong dự án đầu tư sẽ do cơ quan nào thực hiện?
140348,fold_0,2,2,9,1.0,1.0,0,Những đối tượng nào thực hiện đăng ký tham gia bảo hiểm xã hội tự nguyện trên Cổng Dịch vụ công?
81600,fold_2,1,2,1,1.0,1.0,0,Chủ tịch Ủy ban nhân dân cấp huyện có thẩm quyền xử phạt việc đối xử bất bình đẳng giữa các thành viên trong gia đình vì lý do giới tính không?
103190,fold_0,1,5,17,1.0,1.0,0,Mục tiêu cụ thể của Chương trình mục tiêu quốc gia xây dựng nông thôn mới giai đoạn 2021 - 2025 đến năm 2025 là gì?
24302,fold_1,1,14,18,1.0,1.0,0,Công ty nợ tiền bảo hiểm xã hội thì có cách nào để được hưởng chế độ thai sản và bảo hiểm thất nghiệp không?
70834,fold_0,1,1,10,1.0,1.0,0,Nội dung ghi trên nhãn phụ đối với hàng hóa nhập khẩu được pháp luật quy định như thế nào?
101796,fold_4,1,1,2,1.0,1.0,0,Thẩm quyền điều tra vụ án hình sự của Cơ quan Cảnh sát Điều tra Công an cấp tỉnh quy định như thế nào?
47034,fold_1,1,1,5,1.0,1.0,0,Cung cấp thông tin trên Trang thông tin điện tử của Cục Bảo vệ thực vật phải thực hiện theo nguyên tắc nào?
120714,fold_0,1,3,2,1.0,1.0,0,Khi thông báo về việc đã được cấp giấy chứng nhận mở văn phòng đại diện ở nước ngoài để bổ sung vào hồ sơ đăng ký liên hiệp hợp tác xã được thực hiện theo mẫu nào?
158398,fold_2,1,1,>100,1.0,1.0,0,Một số nhiệm vụ và giải pháp cần thực hiện như thế nào để tăng cường thúc đẩy công tác phòng chống ma túy và kiểm soát ma túy?
154120,fold_0,1,1,16,1.0,1.0,0,Người khai hải quan phải thực hiện thủ tục hải quan như thế nào?
131720,fold_1,1,4,1,1.0,1.0,0,Doanh nghiệp có bắt buộc phải lập thỏa ước lao động tập thể hay không?
142476,fold_4,1,1,1,1.0,1.0,0,"Quy định về tiêu chuẩn trình độ đào tạo, bồi dưỡng đối với thư viện viên hạng III - Mã số: V.10.02.06?"
103400,fold_1,1,1,>100,1.0,1.0,0,Nguyên tắc trang cấp phương tiện bảo vệ cá nhân cho người lao động được quy định như thế nào?
93238,fold_4,1,1,>100,1.0,1.0,0,Cơ cấu tổ chức Hội đồng điều phối Vùng Thủ đô như thế nào?
9202,fold_0,1,75,1,1.0,1.0,0,Các trường hợp chấm dứt giám hộ?
19356,fold_2,1,1,9,1.0,1.0,0,"Nhận nuôi con nuôi có cần hỏi ý kiến của cha, mẹ đẻ của đứa bé không?"
55312,fold_0,1,17,4,1.0,1.0,0,"Các bên có những quyền và nghĩa vụ gì khi tham gia thử nghiệm lâm sàng tại cơ sở khám bệnh, chữa bệnh?"
161508,fold_0,1,1,59,1.0,1.0,0,"Viện Chiến lược, Chính sách tài nguyên và môi trường có tư cách pháp nhân không?"
140878,fold_1,1,1,25,1.0,1.0,0,Nội dung chủ yếu trong quyết định của cộng đồng dân cư bao gồm những gì?
8812,fold_0,1,26,7,1.0,1.0,0,"Hội cựu giáo chức xã do cơ quan nào thành lập, phê duyệt?"
118156,fold_0,1,3,4,1.0,1.0,0,Các loại thuốc cần thiết phải chuẩn bị tại nhà khi mắc COVID-19
120616,fold_4,1,17,82,1.0,1.0,0,Chỉ số đánh giá chất lượng dịch vụ sự nghiệp công về thái độ phục vụ trong quá trình lập quy trình gồm những gì?
15754,fold_4,1,8,1,1.0,1.0,0,Thủ tục đăng ký niêm yết cổ phiếu được quy định như thế nào?
137110,fold_4,1,2,5,1.0,1.0,0,Nguyên tắc tổ chức thi tuyển kiểm tra viên ngành kiểm sát nhân dân năm 2022 được quy định như thế nào?
102934,fold_2,1,1,1,1.0,1.0,0,Ban vì sự tiến bộ của phụ nữ Ủy ban Dân tộc hoạt động dựa theo nguyên tắc nào?
137794,fold_1,2,71,>100,0.5,0.5,0,Rút ngắn thời gian xin ý kiến về hồ sơ đăng ký vận tải hành khách cố định?
141422,fold_3,1,1,6,1.0,1.0,0,Việc góp vốn điều lệ thành viên của liên hiệp hợp tác xã vượt quá mức tối đa quy định thì xử lý như thế nào?
106024,fold_4,1,53,3,1.0,1.0,0,Chủ hộ kinh doanh đăng ký hộ kinh doanh có phải chịu trách nhiệm đối với các hoạt động kinh doanh của mình không?
99010,fold_2,1,6,>100,1.0,1.0,0,Đường hàng không được thiết lập dựa trên cơ sở nào?
106896,fold_2,1,27,>100,1.0,1.0,0,"Người có hành vi phát tán các hình ảnh riêng tư, bí mật cá nhân đó nhằm mục đích hạ thấp danh dự người khác thì bị xử lý ra sao?"
122872,fold_0,1,1,1,1.0,1.0,0,Cự ly thi đấu đua thuyền Canoe trên 1000m thì đường đua cần đáp ứng điều kiện gì?
78270,fold_0,1,1,>100,1.0,1.0,0,Vụ Tổ chức cán bộ của Bộ Nội vụ làm việc theo chế độ nào?
27176,fold_1,1,2,56,1.0,1.0,0,Thủ tục tham gia BHYT hộ gia đình năm 2023 như thế nào?
42686,fold_1,3,>100,39,0.3333333333333333,0.3333333333333333,0,Công chức đang giữ ngạch ngạch thống kê viên chính được áp dụng hệ số lương là bao nhiêu?
146386,fold_2,1,3,3,1.0,1.0,0,Chương trình công tác của Bộ Giao thông vận tải được xây dựng dựa trên những căn cứ nào?
25160,fold_4,1,1,49,1.0,1.0,0,"Viên chức chuyên ngành văn hóa muốn xét thăng hạng chức danh nghề nghiệp thì phải đáp ứng những tiêu chuẩn, điều kiện gì?"
147386,fold_2,1,19,6,1.0,1.0,0,Vợ có thể ủy quyền cho chồng nộp hồ sơ hưởng chế độ thai sản cho công ty được không?
101012,fold_4,1,1,32,1.0,1.0,0,Mặt trước của Chứng minh công nhân quốc phòng thể hiện những thông tin gì?
95460,fold_0,1,1,1,1.0,1.0,0,Đề án tổ chức Chợ công nghệ và thiết bị có những nội dung nào?
46226,fold_3,1,2,36,1.0,1.0,0,Tổ chức các hoạt động dạy học đối với học sinh học lớp ghép theo nguyên tắc nào?
32934,fold_4,2,1,11,1.0,1.0,0,Thời hạn bảo hộ quyền tác giả được quy định như thế nào?
130322,fold_3,1,8,>100,1.0,1.0,0,Xưởng may mặc có phải lập đội phòng cháy chữa cháy hay không?
18950,fold_3,1,9,32,1.0,1.0,0,Cách xác định diện tích chung và riêng của nhà chung cư theo quy định mới nhất hiện nay?
57704,fold_2,1,31,>100,1.0,1.0,0,Sổ đỏ bị ghi nợ tiền sử dụng đất thì giải quyết như thế nào?
136832,fold_0,1,42,1,1.0,1.0,0,Xe cơ giới khi tham gia giao thông đường bộ cần phải bảo đảm chất lượng an toàn kỹ thuật và bảo vệ môi trường như thế nào?
120316,fold_1,1,3,3,1.0,1.0,0,Tài xế không gắn camera hành trình khi tham gia giao thông sẽ bị xử phạt hành chính như thế nào?
48344,fold_4,1,1,5,1.0,1.0,0,Nguyên nhân tử vong là gì?
71246,fold_1,1,2,1,1.0,1.0,0,"Xuất khẩu, nhập khẩu CNY tiền mặt và VND tiền mặt trong thương mại biên giới Việt Nam và Trung Quốc như thế nào?"
100126,fold_4,1,1,2,1.0,1.0,0,Tiêu chuẩn tuyển quân đối với công dân tham gia nghĩa vụ quân sự
63588,fold_0,1,2,8,1.0,1.0,0,Thư viện trường đại học thiết kế như thế nào để đảm bảo đủ số lượng người và số lượng sách theo Tiêu chuẩn?
121072,fold_1,1,3,3,1.0,1.0,0,"Khi có yêu cầu thay đổi lịch trình chuyến đi từ khách du lịch, hướng dẫn viên du lịch có trách nhiệm gì?"
1404,fold_3,1,6,>100,1.0,1.0,0,"Nội dung, hình thức người lao động được kiểm tra, giám sát được quy định như thế nào?"
164266,fold_0,3,12,9,1.0,1.0,0,"Nội dung bắt buộc thể hiện trên bao bì, dụng cụ tráng men được quy định như thế nào?"
139374,fold_4,1,12,21,1.0,1.0,0,"Thủ tục, thẩm quyền đăng ký nhận cha mẹ con khi thực hiện tại Ủy ban nhân dân cấp xã như thế nào?"
154178,fold_1,1,1,3,1.0,1.0,0,"Hệ thống giám sát khai thác, sử dụng tài nguyên nước bao gồm các thành phần nào?"
84976,fold_1,1,1,6,1.0,1.0,0,Sửa nhà khi chưa có giấy phép xây dựng bị xử phạt như thế nào?
79500,fold_4,1,1,1,1.0,1.0,0,"Trình tự, thủ tục giao tài sản kết cấu hạ tầng cấp nước sạch như thế nào?"
47836,fold_3,1,1,18,1.0,1.0,0,Hồ sơ pha chế thuốc của cơ sở khám chữa bệnh được lập khi nào và có những nội dung chính gì?
57360,fold_3,1,1,43,1.0,1.0,0,Để xác nhận thực hiện nghĩa vụ tham gia bồi dưỡng nghiệp vụ công chứng thì công chứng viên cần phải có những giấy tờ gì?
13632,fold_2,1,1,1,1.0,1.0,0,Đại hội đại biểu toàn quốc Hội Marketing Việt Nam có những nhiệm vụ gì?
145348,fold_3,1,2,2,1.0,1.0,0,Văn bản đề nghị Chánh án Tòa án nhân dân tối cao bổ nhiệm Thẩm phán Tòa án nhân dân cấp huyện đối với người đã được tuyển chọn được đóng dấu bằng con dấu của ai?
122986,fold_4,1,>100,>100,0.0,0.0,0,Hợp đồng hợp tác là gì?
101446,fold_0,1,8,1,1.0,1.0,0,"Trách nhiệm của tổ chức tín dụng, tổ chức kinh tế làm đại lý chi trả ngoại tệ là gì?"
30396,fold_2,1,47,1,1.0,1.0,0,Người gây rối loạn hoạt động của mạng máy tính gây thiệt hại 500.000.000 đồng bị bệnh nặng thì có được hoãn chấp hành hình phạt tù không?
69266,fold_4,1,71,>100,1.0,1.0,0,Ủy ban nhân dân có vai trò gì trong quá trình thành lập Quỹ tín dụng nhân dân?
15572,fold_4,2,1,>100,1.0,1.0,0,Công chức thanh tra chuyên ngành y tế phải đảm bảo những tiêu chuẩn nào?
60388,fold_2,1,6,2,1.0,1.0,0,Hồ sơ hưởng trợ cấp xã hội hàng tháng đối với người cao tuổi được quy định như thế nào?
165484,fold_0,1,3,1,1.0,1.0,0,"Tổng Kiểm toán nhà nước quyết định tạm đình chỉ thi hành toàn bộ kết luận, kiến nghị kiểm toán khi nào?"
111146,fold_1,1,>100,37,1.0,1.0,0,Chuyển đất trang trại chăn nuôi heo sang đất thổ cư thì có cần phải xin phép hay không?
122682,fold_3,1,16,>100,1.0,1.0,0,Việc cấp giấy thông hành biên giới Việt Nam - Campuchia được quy định như thế nào?
61574,fold_2,1,2,31,1.0,1.0,0,Cơ quan tiếp nhận phản ánh về thủ tục hành chính là cơ quan nào?
160606,fold_2,1,26,26,1.0,1.0,0,Đề nghị hoàn thuế bằng hồ sơ giấy thực hiện như thế nào?
1524,fold_0,1,>100,64,1.0,1.0,0,Đại biểu Quốc hội và đại biểu Hội đồng nhân dân có được bầu theo đơn vị bầu cử không?
9940,fold_3,2,1,53,0.5,0.5,0,Điều kiện của sinh viên và chủ trọ khi tham gia giao dịch về thuê nhà trọ?
54574,fold_3,1,1,1,1.0,1.0,0,Mua sắm tài sản theo dự án đầu tư trong Công an nhân dân thì ai là thủ trưởng đơn vị mua sắm?
121462,fold_0,1,2,2,1.0,1.0,0,Phẫu thuật điều trị bệnh còn ống động mạch ở trẻ lớn và người lớn thì việc theo dõi và xử lý tai biến như thế nào?
12980,fold_4,1,5,4,1.0,1.0,0,Trình tự xét hỏi tại phiên tòa xét xử vụ án hình sự được quy định như thế nào?
135912,fold_4,1,4,15,1.0,1.0,0,Xử lý kết hôn trái pháp luật như thế nào?
91684,fold_4,1,4,1,1.0,1.0,0,Hồ sơ đề nghị xác định trước xuất xứ mới nhất theo Thông tư 33/2023/TT-BTC gồm những nội dung gì?
6528,fold_0,1,65,>100,1.0,1.0,0,Quân nhân dự bị có được đăng ký mở thẻ ATM?
17314,fold_4,1,28,2,1.0,1.0,0,Phẫu thuật chuyển vạt che phủ phần mềm cuống mạch liền có cần gây mê hay không?
147110,fold_3,1,>100,10,1.0,1.0,0,Ký hợp đồng dịch vụ cung ứng lao động với cá nhân cho thuê lại lao động có được đưa vào chi phí hợp lý?
144230,fold_4,1,4,3,1.0,1.0,0,Báo cáo tài chính năm đối với Ngân hàng Phát triển Việt Nam được quy định như thế nào?
144044,fold_1,2,3,2,1.0,1.0,0,Lao động nữ có được hưởng chế độ thai sản và trợ cấp thất nghiệp cùng lúc không?
102762,fold_4,1,13,7,1.0,1.0,0,Chủ Bằng bảo hộ giống cây trồng không trả thù lao cho tác giả giống cây trồng thì bị phạt như thế nào?
10412,fold_0,1,1,86,1.0,1.0,0,Án lệ được áp dụng xét xử như thế nào?
129552,fold_3,1,2,10,1.0,1.0,0,Tạp chí Bảo hiểm xã hội do ai quản lý?
2462,fold_2,1,5,13,1.0,1.0,0,Luật sư phải xuất trình giấy tờ gì để được cấp giấy chứng nhận về việc tham gia tố tụng dân sự?
814,fold_3,1,2,1,1.0,1.0,0,"Để được cấp phép hoạt động báo chí, phóng viên nước ngoài không thường trú tại Việt Nam cần thực hiện thủ tục gì?"
75852,fold_0,1,>100,11,1.0,1.0,0,Biện pháp khắc phục hậu quả trong trường hợp không trả trợ cấp dưỡng sức cho người lao động được quy định thế nào?
118972,fold_3,2,2,20,1.0,1.0,0,Thời gian hướng dẫn sửa đổi bổ sung hồ sơ cấp lại giấy chứng nhận thực hành tốt cơ sở sản xuất thuốc thú y là bao lâu?
47102,fold_3,1,13,20,1.0,1.0,0,Ngạch Kiểm dịch viên chính động vật được áp dụng hệ số lương công chức loại mấy? Từ hệ số lương bao nhiêu?
47274,fold_2,1,2,1,1.0,1.0,0,"Thời gian nhận hồ sơ hỗ trợ đối với giáo viên, nhân viên trong các cơ sở giáo dục mầm non, giáo dục tiểu học ngoài công lập gặp khó khăn do COVID-19?"
121498,fold_1,1,4,10,1.0,1.0,0,Hồ sơ đăng ký tiếp cận nguồn gen cây trồng được quy định như thế nào?
123564,fold_2,1,>100,56,1.0,1.0,0,"Có áp dụng biện pháp khắc phục hậu quả khi công ty không trả thêm tiền ""ngày đèn đỏ"" cho lao động nữ hay không?"
5760,fold_2,2,49,51,1.0,1.0,0,Độ tuổi đăng ký nhập học đối với học sinh lớp 1 và học sinh lớp 6 là bao nhiêu?
54286,fold_1,1,52,40,1.0,1.0,0,Vi phạm chế độ hôn nhân một vợ một chồng có bị truy cứu trách nhiệm hình sự không?
78820,fold_0,1,14,20,1.0,1.0,0,"Việc sửa chữa, cải tạo nhà chung cư có thuộc trường hợp được miễn giấy phép xây dựng hay không?"
69616,fold_4,2,2,18,1.0,1.0,0,"Năm 2023, học sinh trung học cơ sở xếp loại nào thì được giấy khen?"
95750,fold_1,1,65,20,1.0,1.0,0,Thời gian giải quyết hồ sơ đề nghị cấp sổ đỏ đối với đất mua bằng giấy viết tay là bao lâu?
36652,fold_2,1,8,1,1.0,1.0,0,"Hợp đồng bảo đảm có công chứng, chứng thực thì có cần phải có con dấu của bên bảo đảm và bên nhận bảo đảm không?"
121308,fold_0,1,>100,22,1.0,1.0,0,Sở Giao dịch kho bạc Nhà nước có nằm trong hệ thống của cơ quan Kho bạc nhà nước hay không?
163528,fold_2,1,1,1,1.0,1.0,0,Quản lý khoản viện trợ quốc tế khẩn cấp thuộc nguồn thu ngân sách nhà nước
139346,fold_4,1,2,1,1.0,1.0,0,Có các loại vật liệu xây không nung nào?
67084,fold_4,2,1,8,1.0,1.0,0,Viện trưởng Viện kiểm sát nhân dân tối cao có trách nhiệm và thẩm quyền như thế nào trong việc quản lý biên chế công chức viên chức?
59490,fold_4,1,56,1,1.0,1.0,0,Doanh nghiệp có được sử dụng người lao động khuyết tật nặng để làm thêm giờ không?
146772,fold_3,1,1,54,1.0,1.0,0,Có cho phép việc nhà đầu tư chuyển nhượng dự án đầu tư trong trường hợp nhà đầu tư chuyển hướng đầu tư sang lĩnh vực khác hay không?
125824,fold_2,2,4,49,0.5,0.5,0,Mức hưởng trợ cấp thất nghiệp của người lao động từ năm 2023 là bao nhiêu?
92078,fold_0,1,81,99,1.0,1.0,0,Trường hợp quân nhân đào ngũ khi đang thực hiện nghĩa vụ quân sự thì có bị gửi thông báo về địa phương cư trú không?
92482,fold_4,1,1,>100,1.0,1.0,0,Việc tổ chức vay trực tiếp từ các tổ chức tín dụng trong nước của chính quyền địa phương được quy định thế nào?
139936,fold_1,1,2,5,1.0,1.0,0,Định mức tiết dạy của giáo viên trung học phổ thông được quy định như thế nào?
148486,fold_0,1,2,2,1.0,1.0,0,Xăng dầu tái xuất làm thủ tục hải quan tại đâu?
168504,fold_1,1,4,5,1.0,1.0,0,Điều kiện để ngân hàng thương mại đăng ký hoạt động lưu ký chứng khoán là gì?
39598,fold_2,1,1,>100,1.0,1.0,0,Gia hạn thời gian ở nước ngoài về việc riêng của công chức tại TPHCM được quy định như thế nào?
72690,fold_1,2,4,3,1.0,1.0,0,Bán thịt heo nhỏ lẻ tại nhà có thuộc diện cấp Giấy chứng nhận cơ sở đủ điều kiện an toàn thực phẩm hay không?
74730,fold_2,2,3,22,1.0,1.0,0,Bổ sung trường hợp người nộp thuế không phải nộp hồ sơ khai thuế?
60280,fold_3,1,35,1,1.0,1.0,0,Cho phép sai số về chất lượng bơ quả tươi hạng đặc biệt không đáp ứng các yêu cầu của hạng đó bao nhiêu phần trăm?
76,fold_0,1,>100,1,1.0,1.0,0,Khi được hỗ trợ kinh phí đào tạo chứng chỉ ACCA thì công chức có những nghĩa vụ nào cần phải thực hiện?
103800,fold_0,1,5,23,1.0,1.0,0,Cơ cấu tổ chức của Ban Chỉ huy Phòng thủ dân sự Quân khu bao gồm những ai?
66236,fold_3,1,10,1,1.0,1.0,0,"Người vận chuyển bằng đường biển có quyền hoãn thời gian tàu khởi hành, thay đổi nơi đón hoặc trả khách không?"
113154,fold_2,1,1,1,1.0,1.0,0,Nội dung chi của Quỹ Hỗ trợ Phụ nữ nông thôn Việt Nam gồm những khoản chi nào?
34230,fold_0,1,12,58,1.0,1.0,0,Tài khoản định danh cá nhân mức độ 1 được kích hoạt như thế nào?
85300,fold_0,2,1,15,0.5,0.5,0,Ai được khai thác và sử dụng cơ sở dữ liệu về thi hành án hình sự?
153726,fold_0,1,1,1,1.0,1.0,0,Quỹ Chia sẻ tình thương có những nguồn thu nào?
136742,fold_3,1,9,1,1.0,1.0,0,Chứng từ chứng nhận xuất xứ hàng hóa theo ATIGA được miễn nộp khi nào?
95340,fold_0,1,2,42,1.0,1.0,0,Trách nhiệm quản lý sử dụng thiết bị in theo quy định mới?
93670,fold_1,1,>100,30,1.0,1.0,0,Nếu không đồng ý với quyết định giải quyết khiếu nại lần đầu thì sao?
61514,fold_3,1,1,1,1.0,1.0,0,Quỹ Thi đua khen thưởng của Bộ Ngoại giao theo quy định do ai quyết định thành lập và quản lý?
127546,fold_1,1,1,1,1.0,1.0,0,Nhiệm vụ truyền thông của Đề án chuyển đổi một số nghề khai thác hải sản được quy định như thế nào?
163150,fold_4,1,3,7,1.0,1.0,0,Hồ sơ đề nghị thông báo văn bản tố tụng dân sự cho đương sự ở nước ngoài gồm những gì?
152698,fold_3,1,2,32,1.0,1.0,0,Nhiệm vụ của Hội Sinh vật cảnh Việt Nam là gì?
3484,fold_4,1,10,>100,1.0,1.0,0,Nội dung của việc quản lý thông tin môi trường bao gồm những gì?
51678,fold_4,1,27,7,1.0,1.0,0,Có phải đấu giá khi cho thuê đất trong khu công nghiệp không?
18400,fold_2,1,53,12,1.0,1.0,0,Nội dung đề thi phỏng vấn được xây dựng dựa trên cơ sở nào?
49224,fold_0,1,26,>100,1.0,1.0,0,Mức phạt tiền đối với hai hành vi điều khiển xe máy chạy quá tốc độ và chuyển làn đường không đúng nơi quy định xử lý như thế nào?
10268,fold_1,1,8,34,1.0,1.0,0,Chủ tịch Ủy ban nhân dân cấp tỉnh có quyền xử phạt Quản tài viên hành nghề với tư cách cá nhân nhưng không mua bảo hiểm trách nhiệm nghề nghiệp không?
6980,fold_4,1,1,4,1.0,1.0,0,Quy trình cấp Giấy phép xây dựng công trình nhà máy điện hạt nhân đối với chủ đầu tư thực hiện như thế nào?
32824,fold_4,1,46,6,1.0,1.0,0,Hồ sơ hưởng chế độ ốm đau gồm những giấy tờ gì?
71418,fold_2,1,1,4,1.0,1.0,0,Ai được ưu tiên trong tuyển sinh cử tuyển?
81598,fold_3,1,1,2,1.0,1.0,0,Khi thực hiện hợp tác quốc tế trong lĩnh vực phòng chống ma tuý thì Bộ Công an có những trách nhiệm gì?
119400,fold_2,1,11,8,1.0,1.0,0,Đối tượng và điều kiện dự thi lớp 10 THPT chuyên trên địa bàn TP.HCM như thế nào?
72160,fold_1,1,1,>100,1.0,1.0,0,"Chính phủ đã đề ra mấy giải pháp thực hiện Chương trình Phát triển y tế biển, đảo Việt Nam đến năm 2030?"
27152,fold_4,1,10,1,1.0,1.0,0,Thẩm quyền của Sở Kế hoạch và Đầu tư khi cấp Giấy chứng nhận đăng ký đầu tư
112636,fold_3,1,60,21,1.0,1.0,0,"Gửi bản án, quyết định phúc thẩm được quy định như thế nào?"
65122,fold_4,1,>100,2,1.0,1.0,0,"Ai có thẩm quyền ra lệnh khám xét chỗ ở, nơi làm việc?"
63668,fold_0,1,1,1,1.0,1.0,0,Mỗi người hướng dẫn tập luyện môn Yoga được hướng dẫn tối đa bao nhiêu người trong một giờ học?
17080,fold_0,1,11,1,1.0,1.0,0,Những vấn đề nào Phó Vụ trưởng Vụ Pháp chế Kiểm toán Nhà nước phải báo cáo hoặc xin ý kiến Vụ trưởng trước khi quyết định?
18424,fold_0,1,1,>100,1.0,1.0,0,Bảo đảm quyền bình đẳng trước Tòa án nhân dân được thực hiện như thế nào?
89472,fold_4,1,7,6,1.0,1.0,0,Dịch vụ sự nghiệp công có thể không sử dụng ngân sách nhà nước hay không?
20458,fold_3,1,5,6,1.0,1.0,0,Có những phương thức xử lý tài sản bảo đảm nhằm thu hồi khoản nợ của Quỹ Phát triển doanh nghiệp nhỏ và vừa nào?
148924,fold_0,1,1,2,1.0,1.0,0,Không có giấy phép xây dựng công trình có bị xử phạt?
155488,fold_1,1,9,3,1.0,1.0,0,Giáo viên trung học cơ sở hạng II mã số V.07.04.11 chưa đáp ứng các tiêu chuẩn của giáo viên trung học cơ sở hạng II mã số V.07.04.31 thì có được xét công nhận trước rồi bổ sung sau hay không?
41726,fold_4,1,2,>100,1.0,1.0,0,Bản thảo văn bản hành chính là gì?
147488,fold_1,1,9,47,1.0,1.0,0,Chủ tịch Ủy ban nhân dân cấp huyện có quyền xử phạt doanh nghiệp kê khai không chính xác nội dung trong hồ sơ đăng ký hoạt động nhượng quyền thương mại không?
83538,fold_1,1,1,3,1.0,1.0,0,Dự án PPP sử dụng vốn đầu tư công có phải được thẩm định nguồn vốn và khả năng cân đối hay không?
64828,fold_0,1,1,50,1.0,1.0,0,Hợp đồng dịch vụ chăm sóc người cao tuổi phải bảo đảm những nguyên tắc nào?
162012,fold_3,1,2,56,1.0,1.0,0,Bao nhiêu tuổi được làm Căn cước công dân gắn chip?
139856,fold_0,1,4,1,1.0,1.0,0,Xử phạt người điều khiển xe ô tô không có Giấy đăng ký xe như thế nào?
101148,fold_4,1,4,3,1.0,1.0,0,Mở cửa xe ô tô không quan sát gây tai nạn chết người thì bị truy cứu trách nhiệm hình sự bao nhiêu năm tù?
59908,fold_0,1,1,2,1.0,1.0,0,Vị trí biển hiệu phòng sử dụng chung trong Công an nhân dân được đặt như thế nào?
378,fold_4,1,3,52,1.0,1.0,0,Một hợp đồng lao động thì cần phải có các nội dung nào trong hợp đồng?
62952,fold_4,1,>100,>100,0.0,0.0,0,Đơn vị thẩm định phải thỏa các yêu cầu nào?
83196,fold_4,1,1,22,1.0,1.0,0,Độ tuổi đi nghĩa vụ quân sự là bao nhiêu theo quy định pháp luật hiện nay?
123928,fold_3,1,>100,83,1.0,1.0,0,Giấy tờ tùy thân có bị tạm giữ khi vi phạm hành chính về tội không đeo khẩu trang hay không?
111820,fold_1,1,1,14,1.0,1.0,0,Chị chồng muốn nhận cháu làm con nuôi cần đáp ứng điều kiện gì?
144588,fold_4,1,1,3,1.0,1.0,0,Nhân dân giám sát Công an nhân dân trong công tác bảo đảm trật tự an toàn giao thông bằng những việc nào?
37454,fold_4,1,2,2,1.0,1.0,0,"Giảng viên đào tạo trình độ cao đẳng, đại học cho cán bộ quân sự ban chỉ huy quân sự cấp xã thực hiện những nhiệm vụ gì?"
15582,fold_3,2,7,8,1.0,1.0,0,Mẫu sổ khám sức khỏe định kỳ mới nhất năm 2023?
88854,fold_1,1,41,>100,1.0,1.0,0,"Thời gian thực hiện thủ tục hành chính cấp sổ đỏ, sổ hồng là bao lâu?"
17278,fold_3,2,3,2,1.0,1.0,0,Thuyết minh hồ sơ đồ án quy hoạch chi tiết xây dựng khu chức năng gồm các nội dung gì?
118052,fold_0,1,24,25,1.0,1.0,0,Trung tâm ngoại ngữ tin học do ai thành lập?
114196,fold_1,1,75,1,1.0,1.0,0,Đăng ký nguyện vọng đại học 2023 và những điều cần biết
124736,fold_2,2,93,91,1.0,1.0,0,Thông tư 23/2023/TT-BTC không thay thế Thông tư 45/2013/TT-BTC
34944,fold_2,1,4,6,1.0,1.0,0,Cục Công nghệ thông tin có trách nhiệm như thế nào trong việc quản lý hệ thống thư điện tử công vụ của Bộ Giáo dục và Đào tạo?
18336,fold_1,1,2,7,1.0,1.0,0,Hồ sơ chấm dứt hiệu lực mã số thuế đối với trường hợp giải thể doanh nghiệp được quy định thế nào?
134006,fold_3,1,3,13,1.0,1.0,0,Khi tham gia nghĩa vụ quân sự thì Ủy ban nhân dân cấp xã có trách nhiệm giao quân như thế nào?
45056,fold_0,1,1,3,1.0,1.0,0,Việc giải chấp khoản bảo đảm hàng hóa tạm quản đã nộp được quy định thế nào?
91438,fold_3,1,2,14,1.0,1.0,0,"Có bao nhiêu hình thức xử lý kỷ luật đối với thành phần Ban chỉ huy quân sự cơ quan, tổ chức có hành vi vi phạm?"
67480,fold_1,1,5,12,1.0,1.0,0,Các trường hợp chưa xem xét kỷ luật ra sao?
37516,fold_3,1,1,16,1.0,1.0,0,Hoạt động giám sát của Ban thanh tra nhân dân ở đơn vị sự nghiệp công lập được pháp luật quy định như thế nào?
110900,fold_3,1,1,>100,1.0,1.0,0,Vụ Khoa học và Công nghệ trực thuộc Bộ Tài nguyên và Môi trường có cơ cấu tổ chức như thế nào? Vụ Khoa học và Công nghệ có tối đa mấy Phó Vụ trưởng?
90392,fold_4,1,65,2,1.0,1.0,0,Bài thi tốt nghiệp chương trình đào tạo sơ cấp lý luận chính trị do bao nhiêu giảng viên chấm và cách thức đánh giá như thế nào?
59950,fold_2,1,5,2,1.0,1.0,0,"Từ ngày 01/01/2024, người hành nghề khám chữa bệnh đăng ký hành nghề phải tuân theo các nguyên tắc nào?"
143654,fold_4,1,4,>100,1.0,1.0,0,Tên doanh nghiệp là gì?
160494,fold_2,1,7,>100,1.0,1.0,0,Công chức bị kỷ luật tính thời gian nâng lương thế nào?
129688,fold_1,1,2,25,1.0,1.0,0,Vụ Giáo dục dân tộc thuộc Bộ Giáo dục và Đào tạo thực hiện chức năng gì?
123204,fold_4,1,4,13,1.0,1.0,0,Thời điểm lập hóa đơn đối với hoạt động bán hàng là khi nào?
120704,fold_3,1,2,1,1.0,1.0,0,"Mẫu giấy phép thu, chi ngoại tệ và các hoạt động ngoại hối khác đối với hoạt động kinh doanh trò chơi điện tử có thưởng cho người nước ngoài?"
105918,fold_2,1,1,5,1.0,1.0,0,"Giấy chứng nhận đăng ký quyền xuất, nhập khẩu của thương nhân nước ngoài không hiện diện tại Việt Nam có thời hạn bao lâu?"
155412,fold_1,1,3,3,1.0,1.0,0,Quy định của pháp luật về hợp đồng lao động
117094,fold_0,1,1,1,1.0,1.0,0,Công ty mẹ Tập đoàn Dầu khí Việt Nam được trích bao nhiêu lợi nhuận vào Quỹ khen thưởng cho người lao động?
156874,fold_4,1,1,4,1.0,1.0,0,Cụm công nghiệp chưa được đề xuất trong phương án phát triển cụm công nghiệp nằm trong quy hoạch tỉnh thì có được thành lập hay không?
128052,fold_4,1,5,1,1.0,1.0,0,Nuôi trồng thủy sản nước ngọt trình độ cao đẳng là ngành nghề như thế nào?
78742,fold_3,1,4,>100,1.0,1.0,0,Công ty tài chính có quyền phát hành giấy tờ có giá hay không?
96732,fold_0,1,1,1,1.0,1.0,0,Chương trình công tác quý của Tổng cục Quản lý đất đai gồm những nội dung gì?
145462,fold_4,1,5,1,1.0,1.0,0,Dự án đầu tư xây dựng sử dụng cho mục đích tôn giáo có cần lập Báo cáo nghiên cứu khả thi đầu tư xây dựng không?
149100,fold_3,1,1,1,1.0,1.0,0,Có được chuyển nhượng quyền khai thác tài sản kết cấu hạ tầng đường sắt quốc gia hay không?
162818,fold_3,1,1,15,1.0,1.0,0,Mục tiêu hoạt động hợp tác quốc tế trong cơ sở giáo dục đại học là gì?
94410,fold_1,1,1,4,1.0,1.0,0,Để di chúc hợp pháp người lập di chúc cần phải đáp ứng những điều kiện nào?
24812,fold_1,1,5,2,1.0,1.0,0,Bán thanh lý tài sản công nguyên giá dưới 500 triệu khi đã có quyết định cho phép thanh lý thì có thể bán theo hình thức đấu giá không?
45156,fold_1,1,1,15,1.0,1.0,0,"Tuyên truyền viên pháp luật được bố trí ở những cơ quan, đơn vị nào trong Bộ Quốc phòng?"
87832,fold_1,1,10,2,1.0,1.0,0,Mức trần học phí năm học 2023 - 2024 đối với các cấp học là bao nhiêu?
85116,fold_0,1,3,3,1.0,1.0,0,Bệnh nhiễm độc hóa chất bảo vệ thực vật nghề nghiệp sẽ có các triệu chứng lâm sàng như thế nào?
17306,fold_3,1,9,>100,1.0,1.0,0,TPHCM đề xuất tăng gấp đôi mức phạt tiền trong Nghị định 100/2019/NĐ-CP đối với các hành vi vi phạm giao thông đường bộ?
53918,fold_2,1,1,>100,1.0,1.0,0,"Hồ sơ vụ việc kiểm tra, xử lý vi phạm hành chính trong công tác quản lý thị trường bao gồm những gì? Và được lập dựa theo nguyên tắc nào?"
123496,fold_1,1,19,20,1.0,1.0,0,Trường Mầm non trực thuộc trường đại học thì cơ quan nào có thẩm quyền cho phép thành lập?
120772,fold_3,1,12,10,1.0,1.0,0,Lệ phí thực hiện thủ tục cấp thẻ thường trú cho người nước ngoài tại Công an tỉnh là bao nhiêu?
11368,fold_0,1,1,1,1.0,1.0,0,Cán bộ công chức viên chức Lãnh đạo thuộc Văn phòng Ủy ban nhân dân Thành phố ứng xử với nhân dân nơi cư trú như thế nào cho phù hợp Quy tắc ứng xử?
134192,fold_1,1,1,>100,1.0,1.0,0,Các thành viên của Ủy ban An toàn giao thông Quốc gia được quy định như thế nào?
65040,fold_0,1,4,10,1.0,1.0,0,Thương nhân nước có chung biên giới để được cấp Giấy phép kinh doanh tại chợ biên giới thì hồ sơ gồm những gì?
132174,fold_4,1,6,4,1.0,1.0,0,Người thiếu trách nhiệm trong việc canh gác để người đang chấp hành án phạt tù do thực hiện tội phạm đặc biệt nghiêm trọng bỏ trốn thì bị phạt bao nhiêu năm tù?
135646,fold_2,1,1,>100,1.0,1.0,0,Mục tiêu của các chương trình đào tạo thường xuyên được pháp luật quy định như thế nào?
91150,fold_2,1,1,1,1.0,1.0,0,Ban Chấp hành Hiệp hội Bông vải Việt Nam họp thường kỳ bao nhiêu tháng 1 lần? Khi nào phiên họp được coi là hợp lệ?
14642,fold_1,1,6,>100,1.0,1.0,0,Tiểu bậy nơi công cộng bị xử phạt thế nào?
156016,fold_2,1,71,13,1.0,1.0,0,Có xử phạt vi phạm hành chính về xây dựng đối với hành vi đổ đất đá làm tắc nghẽn cống thoát nước không?
112234,fold_0,1,1,6,1.0,1.0,0,Thời hạn giải quyết đăng ký khai tử?
96014,fold_1,1,58,3,1.0,1.0,0,Bố bắt con chưa đủ 18 tuổi đi mua thuốc lá thì bị phạt bao nhiêu tiền?
42376,fold_1,1,6,39,1.0,1.0,0,Giảng viên Trường Cao đẳng công nghiệp In có nhiệm vụ như thế nào?
151688,fold_3,1,1,77,1.0,1.0,0,Hợp đồng lao động với người chưa đủ 15 tuổi bắt buộc có những nội dung gì?
79808,fold_0,1,3,1,1.0,1.0,0,Hành lang bảo vệ công trình hạ tầng đo đạc được xác lập như thế nào?
156570,fold_0,1,>100,>100,0.0,0.0,0,Lãi suất vay vượt quá mức lãi suất giới hạn quy định bên cho vay bị xử phạt như thế nào?
42752,fold_4,1,11,2,1.0,1.0,0,Di sản của người chồng đã chết dùng để chia thừa kế gồm những tài sản nào?
18814,fold_4,1,2,2,1.0,1.0,0,Việc mua bán vàng miếng trực tiếp giữa Ngân hàng nhà nước và các doanh nghiệp được thực hiện thế nào?
100924,fold_0,1,14,1,1.0,1.0,0,"Thời hiệu xử phạt vi phạm hành chính đối với doanh nghiệp viễn thông cung cấp thông tin, số liệu viễn thông không đúng thời hạn là bao lâu?"
6442,fold_0,1,1,3,1.0,1.0,0,Người lao động được tính là đang đóng bảo hiểm thất nghiệp để hưởng trợ cấp trong những trường hợp nào?
68696,fold_2,1,1,1,1.0,1.0,0,Nội dung giám sát của cơ quan chủ quản chương trình mục tiêu quốc gia giảm nghèo bền vững giai đoạn 2021-2025?
37060,fold_3,1,9,4,1.0,1.0,0,Cán bộ điều tra được phân công tiến hành điều tra vụ án hình sự có những quyền hạn và nhiệm vụ gì?
133044,fold_1,1,1,3,1.0,1.0,0,Đăng văn bản hợp nhất thuộc thẩm quyền của Bộ Giao thông vận tải trên Công báo và Cổng thông tin điện tử như thế nào?
150766,fold_4,1,12,3,1.0,1.0,0,Người tàng trữ trái phép chất cháy có tổ chức là con của người có công với cách mạng thì được giảm nhẹ trách nhiệm hình sự không?
48760,fold_3,1,19,37,1.0,1.0,0,Dự toán gói thầu xây dựng bao gồm những gói thấu nào?
48700,fold_4,1,4,5,1.0,1.0,0,Hồ sơ xét cấp lại giấy phép lái xe gồm những thành phần nào?
2912,fold_1,1,89,>100,1.0,1.0,0,Chính sách bảo trợ xã hội hiện nay như thế nào?
56570,fold_2,1,100,14,1.0,1.0,0,Chuyển từ đất nông nghiệp sang đất ở để xây khách sạn có phải xin phép cơ quan có thẩm quyền không?
41548,fold_2,1,1,6,1.0,1.0,0,Hồ sơ đề nghị tháo dỡ đoạn tuyến đường sắt quốc gia gồm những giấy tờ gì?
111242,fold_1,1,1,22,1.0,1.0,0,Phòng chống thiên tai là gì? Công tác phòng chống thiên tai được thực hiện trên mấy nguyên tắc?
50274,fold_2,1,1,54,1.0,1.0,0,Hồ sơ đề nghị cấp lại giấy miễn thị thực cho người Việt Nam định cư ở nước ngoài gồm những gì?
41938,fold_3,1,1,>100,1.0,1.0,0,Hoạt động bốc mộ được thực hiện trong thời gian tối đa bao nhiêu ngày đối với trường hợp người chết không do dịch bệnh nguy hiểm?
49498,fold_0,1,1,16,1.0,1.0,0,Sử dụng người lao động làm việc part time thì có phải đóng bảo hiểm xã hội cho người lao động không?
78126,fold_1,1,2,1,1.0,1.0,0,Tốt nghiệp đại học loại xuất sắc có được tạm tuyển vào ngành Công an nhân dân?
123458,fold_2,1,4,2,1.0,1.0,0,"Sau khi kiểm phiếu kết quả bầu cử xong, Tổ bầu cử phải lập các biên bản gì?"
98958,fold_0,1,15,4,1.0,1.0,0,"Hồ sơ đăng ký thành viên giao dịch chứng khoán niêm yết, đăng ký giao dịch của công ty chứng khoán hình thành sau hợp nhất, sáp nhập gồm những gì?"
5434,fold_4,1,2,24,1.0,1.0,0,Số ngày tiếp và địa điểm tiếp công dân của Chủ tịch Ủy ban nhân dân cấp huyện là bao nhiêu?
55540,fold_0,1,15,>100,1.0,1.0,0,Hồ sơ chứng thực hợp đồng chuyển nhượng quyền sử dụng đất bao gồm những gì?
34056,fold_2,1,5,57,1.0,1.0,0,Tài sản góp vốn bao gồm những loại tài sản nào?
160116,fold_3,1,3,1,1.0,1.0,0,Quyền tác giả phát sinh kể từ thời điểm nào?
35490,fold_0,1,1,11,1.0,1.0,0,Người khuyết tật có được quyền nuôi con hay không?
160554,fold_4,1,18,3,1.0,1.0,0,Việc phục hồi kiến nghị khởi tố vụ án hình sự được pháp luật quy định như thế nào?
105466,fold_0,1,2,10,1.0,1.0,0,Khung thời gian trích khấu hao tài sản đối với xe ô tô của doanh nghiệp là bao nhiêu?
28368,fold_4,1,2,1,1.0,1.0,0,"Sử dụng và quyết toán kinh phí bảo đảm cho công tác điều ước quốc tế, công tác thỏa thuận quốc tế?"
54666,fold_4,1,>100,1,1.0,1.0,0,Ban Kiểm soát SCIC có bao nhiêu thành viên Kiểm soát viên? Ai có quyền bổ nhiệm Kiểm soát viên SCIC?
139228,fold_4,1,1,22,1.0,1.0,0,Người dân được đăng ký thường trú tại địa chỉ nhà thuê khi đáp ứng những điều kiện gì?
159972,fold_3,1,1,>100,1.0,1.0,0,Tuổi nghề cơ yếu là gì?
115300,fold_3,1,99,2,1.0,1.0,0,Bác sĩ gây ra sự cố y khoa thì phải bồi thường thiệt hại thế nào?
77390,fold_4,1,1,1,1.0,1.0,0,Đối tượng người lao động nam là đoàn viên bị giảm thời gian làm việc thì sẽ được hưởng mức hỗ trợ như thế nào?
158238,fold_2,1,1,1,1.0,1.0,0,Các nhiệm vụ cho thiết kế sinh thái trong hệ thống quản lý môi trường gồm những nhiệm vụ gì?
58458,fold_2,1,35,1,1.0,1.0,0,Mức trợ cấp xã hội hàng tháng đối với trẻ em dưới 16 tuổi có cha và mẹ mất tích được quy định như thế nào?
62102,fold_2,1,1,8,1.0,1.0,0,Hội đồng quản lý trong đơn vị sự nghiệp công lập thuộc ngành tài nguyên và môi trường có những nhiệm vụ và quyền hạn gì?
9774,fold_0,1,1,14,1.0,1.0,0,Tốt nghiệp đại học ngành dược cần bao nhiêu năm thâm niên để được phép làm chủ nhà thuốc?
57216,fold_3,1,1,1,1.0,1.0,0,Điện thoại cố định tại nhà riêng của Giáo sư được Nhà nước trao tặng giải thưởng Hồ Chí Minh làm việc tại Bộ Nông nghiệp và Phát triển nông thôn thì cước phí có được nhà nước trả không?
145382,fold_3,1,1,51,1.0,1.0,0,Quân nhân chuyên nghiệp dự bị không được làm những việc gì?
92040,fold_1,1,64,4,1.0,1.0,0,"Quy định về cho vay hỗ trợ đất sản xuất, chuyển đổi nghề?"
116846,fold_1,1,56,22,1.0,1.0,0,Viết tắt tên bị cáo trong văn bản của Tòa án nhân dân được pháp luật quy định như thế nào?
92864,fold_4,1,2,1,1.0,1.0,0,Học sinh Trung học phổ thông (THPT) được đánh giá định kì kết quả học tập theo nguyên tắc nào?
154694,fold_3,1,4,1,1.0,1.0,0,Quỹ phòng chống tác hại của thuốc lá được lập ra với mục đích gì?
89646,fold_2,1,3,12,1.0,1.0,0,Thành viên tổ lái máy bay có những nhiệm vụ gì?
66924,fold_1,1,>100,>100,0.0,0.0,0,Đối tượng phải được tập huấn kiến thức an toàn thực phẩm gồm những ai?
42674,fold_4,1,1,1,1.0,1.0,0,Vi rút Adeno ở trẻ em là gì? Vi rút có thể ở trong cơ thể người đến vài năm?
35214,fold_4,1,68,82,1.0,1.0,0,Đối tượng nào được cấp chứng chỉ hành nghề hoạt động xây dựng?
50886,fold_1,1,1,61,1.0,1.0,0,Bộ trưởng Bộ Kế hoạch và Đầu tư ra quyết định thanh tra hành chính ngành Kế hoạch và Đầu tư đúng không?
141390,fold_1,1,1,1,1.0,1.0,0,Cơ quan nào có trách nhiệm quản lý hồ sơ tuyển chọn công dân vào công an nhân dân?
158292,fold_3,1,>100,10,1.0,1.0,0,Nộp phạt vi phạm giao thông chậm hơn so với ngày ghi trong biên bản sẽ bị phạt như thế nào?
47398,fold_2,1,1,4,1.0,1.0,0,"Trường hợp liên danh thì năng lực, kinh nghiệm của nhà đầu tư tại hồ sơ dự sơ tuyển dự án PPP phải đạt tiêu chuẩn gì?"
23622,fold_2,1,1,37,1.0,1.0,0,Thỏa thuận quốc tế là gì?
139828,fold_0,1,1,22,1.0,1.0,0,BLACKPINK đến Việt Nam biểu diễn thì cơ quan nào có quyền chấp thuận tổ chức biểu diễn nghệ thuật?
83770,fold_4,1,1,1,1.0,1.0,0,"Mức thu lệ phí cấp Giấy chứng nhận quyền sử dụng đất, quyền sở hữu nhà, tài sản gắn liền với đất trên địa bàn tỉnh Sóc Trăng"
155474,fold_0,1,3,1,1.0,1.0,0,Công chức Viện kiểm sát nhân dân tập sự có lương hay không?
96480,fold_1,1,1,47,1.0,1.0,0,Hội Y học biển Việt Nam có tư cách pháp nhân không? Trụ sở của Hội được đặt tại đâu?
98310,fold_1,1,4,12,1.0,1.0,0,Mức bồi thường thiệt hại đối với bảo hiểm bắt buộc là bao nhiêu?
152826,fold_4,1,13,11,1.0,1.0,0,Điều tra viên tài nguyên môi trường hạng 2 thực hiện những nhiệm vụ gì?
38532,fold_0,1,12,1,1.0,1.0,0,"Thời hạn giải quyết thủ tục hợp nhất, sáp nhập doanh nghiệp do Nhà nước nắm giữ 100% vốn điều lệ?"
9342,fold_0,1,27,1,1.0,1.0,0,Nghi thức công bố quyết định khen thưởng danh hiệu vinh dự nhà nước Anh hùng Lao động được pháp luật quy định như thế nào?
15280,fold_3,1,6,5,1.0,1.0,0,Bổ sung thẩm quyền cấp giấy phép hoạt động điện lực cho Cục Điều tiết điện lực từ ngày 9/6/2023?
144852,fold_1,1,1,100,1.0,1.0,0,Việc kiểm dịch sinh vật có ích sau nhập khẩu gồm những nội dung nào?
72846,fold_0,1,1,1,1.0,1.0,0,Giấy chứng nhận xóa đăng ký quyền sở hữu tàu bay hiện nay được Cục hàng không Việt Nam cấp theo mẫu nào?
77138,fold_3,1,27,1,1.0,1.0,0,Sử dụng giấy phép lái xe hết thời hạn sử dụng tham gia giao thông có bị xử phạt hay không?
144970,fold_1,1,>100,>100,0.0,0.0,0,Giấy ủy quyền vay vốn có thời hạn 10 năm đã được chứng thực thì được lưu trữ trong thời gian 10 năm hay chỉ 2 năm?
17146,fold_4,1,6,9,1.0,1.0,0,Cơ quan nào có thẩm quyền đề nghị tạm đình chỉ chấp hành án phạt tù?
127992,fold_1,1,2,1,1.0,1.0,0,Ngân hàng Phát triển Việt Nam có nghĩa vụ gì trong việc cung ứng phương tiện thanh toán bằng tiền mặt cho người sử dụng dịch vụ?
131952,fold_0,1,1,1,1.0,1.0,0,Giấy chứng nhận hoạt động cung ứng dịch vụ thông tin tín dụng của công ty thông tin tín dụng mất thì có được cấp lại không?
108162,fold_0,1,>100,29,1.0,1.0,0,Nhà nước khuyến khích thực hiện kinh tế tuần hoàn như thế nào?
91672,fold_4,1,1,6,1.0,1.0,0,Mức đóng quỹ bảo hiểm tai nạn lao động bệnh nghề nghiệp khi có hành vi vi phạm an toàn vệ sinh lao động là bao nhiêu?
8786,fold_4,1,1,1,1.0,1.0,0,Trường hợp người bị áp dụng hình thức xử phạt trục xuất cố tình không nhận quyết định xử phạt thì sao?
75258,fold_3,1,1,52,1.0,1.0,0,Những ai có quyền đăng ký sáng chế của Nhà nước?
124868,fold_1,1,1,2,1.0,1.0,0,Người phụ trách kiểm toán nội bộ trong các đơn vị sự nghiệp phải báo cáo kết quả của chương trình đảm bảo và nâng cao chất lượng kiểm toán nội bộ cho ai?
27520,fold_0,1,1,1,1.0,1.0,0,Nghĩa vụ của các bên tham gia liên kết trong sản xuất và tiêu thụ sản phẩm nông nghiệp được quy định thế nào?
63978,fold_3,1,1,29,1.0,1.0,0,Nhà khoa học trẻ sẽ được hưởng những chính sách ưu đãi nào?
71092,fold_0,1,2,8,1.0,1.0,0,Báo cáo định kỳ công tác trong ngành Kiểm sát nhân dân gồm những báo cáo gì?
60864,fold_1,1,1,5,1.0,1.0,0,Bảng giá đất trên địa bàn tỉnh Hải Dương quy định như thế nào?
100774,fold_4,1,1,1,1.0,1.0,0,"Ban Chỉ đạo liên ngành hội nhập quốc tế về chính trị, an ninh quốc phòng gồm những thành phần nào?"
87534,fold_3,1,>100,2,1.0,1.0,0,"Quy định về đổi mới, tăng cường, công tác thanh tra, kiểm tra; siết chặt kỷ luật phòng, chống tham nhũng như thế nào?"
79220,fold_1,1,5,>100,1.0,1.0,0,Đứa con nhỏ nhất nay đã 03 tuổi thì có thể xử lý kỷ luật đối với viên chức sinh con thứ ba được không?
137286,fold_4,1,2,1,1.0,1.0,0,Khai thác cát lậu trên sông Tiền bị xử phạt như thế nào?
2938,fold_0,1,17,>100,1.0,1.0,0,Phó Thủ tướng Chính phủ phải đảm bảo những tiêu chuẩn như thế nào?
133058,fold_1,1,1,>100,1.0,1.0,0,Quyền và nghĩa vụ của tư vấn viên pháp luật được quy định thế nào?
163208,fold_1,1,1,1,1.0,1.0,0,Việc điều trị bệnh do vi rút Adeno ở mức độ nhẹ ra sao?
85162,fold_3,1,>100,1,1.0,1.0,0,Hồ sơ để tổ chức tài chính quốc tế đăng ký chào bán trái phiếu ra công chúng bao gồm những gì?
125542,fold_3,1,19,>100,1.0,1.0,0,Tiêu chuẩn của hòa giải viên lao động là gì?
56256,fold_0,1,35,1,1.0,1.0,0,Các tài liệu hướng dẫn kiểm tra định kỳ trực tiếp
97002,fold_4,1,>100,5,1.0,1.0,0,Đề án tổ chức hội thảo quốc tế thuộc thẩm quyền quản lý của Thủ tướng Chính phủ cần làm rõ những nội dung gì?
37914,fold_4,1,1,9,1.0,1.0,0,Tài khoản định danh điện tử của người nước ngoài tự động ghi nhận trong những trường hợp nào?
44972,fold_2,1,2,4,1.0,1.0,0,Hồ sơ đề nghị cấp Giấy phép khảo nghiệm sinh vật biến đổi gen gồm những giấy tờ gì?
75232,fold_4,1,1,>100,1.0,1.0,0,"Trường của cơ quan nhà nước có tài liệu đào tạo, bồi dưỡng do ai biên soạn?"
85430,fold_0,2,3,1,1.0,1.0,0,Thủ tục xem xét thỏa thuận về chế độ tài sản của vợ chồng bị vô hiệu như thế nào?
81118,fold_0,1,1,68,1.0,1.0,0,Quyền và nghĩa vụ của người ký chuyển nhượng được quy định như thế nào?
76862,fold_2,1,7,>100,1.0,1.0,0,"Việc giám định quyền tác giả, quyền liên quan cần đảm bảo được nguyên tắc gì?"
108802,fold_1,1,24,9,1.0,1.0,0,Trợ cấp tuất được hiểu như thế nào?
116058,fold_1,1,4,>100,1.0,1.0,0,Cán bộ làm việc tại trụ sở cơ quan Bộ Tài nguyên và Môi trường phải giao tiếp ứng xử như thế nào?
76740,fold_0,1,>100,2,1.0,1.0,0,Hồ sơ đăng ký chào bán cổ phiếu lần đầu ra công chúng của công ty cổ phần bao gồm những gì?
46544,fold_4,1,10,3,1.0,1.0,0,Nếu như chấp hành tốt quyết định thu hồi đất có được hỗ trợ thêm không?
73220,fold_2,1,2,15,1.0,1.0,0,Cầu giao thông nông thôn được vận hành khai thác được quy định như thế nào?
101506,fold_0,1,1,1,1.0,1.0,0,Ai có thẩm quyền thông qua báo cáo xếp loại hiệu quả hoạt động của Quỹ đầu tư phát triển địa phương?
8136,fold_4,1,16,12,1.0,1.0,0,Thời hiệu xử lý kỷ luật lao động đối với người lao động đang nghỉ ốm đau là bao lâu?
34628,fold_3,1,38,20,1.0,1.0,0,Chứng chỉ hành nghề xây dựng có hiệu lực mấy năm?
17064,fold_3,1,1,49,1.0,1.0,0,Việc thành lập Văn phòng Thừa phát lại được thực hiện như thế nào?
66102,fold_2,2,1,16,1.0,1.0,0,Thuế suất thuế GTGT mới nhất 2023?
33300,fold_4,1,4,18,1.0,1.0,0,Sửa chữa làm sai lệch nội dung của kết quả kiểm nghiệm mẫu giống cây trồng thì tổ chức bị xử phạt thế nào?
12654,fold_4,1,2,30,1.0,1.0,0,Xử lý kỷ luật đối với người có thẩm quyền giải quyết khiếu nại được quy định như thế nào?
131974,fold_2,1,1,3,1.0,1.0,0,Tổ chức nước ngoài có được góp vốn thành lập công ty chứng khoán tại Việt Nam khi không đáp ứng đủ điều kiện hay không?
23638,fold_4,1,1,1,1.0,1.0,0,Hành vi nào bị nghiêm cấm trong hoạt động kiểm toán nội bộ trong hệ thống Bảo hiểm xã hội Việt Nam?
92294,fold_0,1,60,7,1.0,1.0,0,Phụ cấp và khoản kinh phí đối với những người hoạt động không chuyên trách được quy định như thế nào?
89438,fold_3,1,>100,31,1.0,1.0,0,Quyền và trách nhiệm của Ban quản lý khu bảo tồn biển được quy định như thế nào?
108120,fold_2,1,4,2,1.0,1.0,0,Thủ tục cấp chứng chỉ hành nghề đo đạc và bản đồ hạng II cho cá nhân thực hiện như thế nào?
116664,fold_1,1,2,7,1.0,1.0,0,Xử lý đơn tố cáo hành vi vi phạm pháp luật trong các lĩnh vực quản lý nhà nước ngành Lao động Thương binh và Xã hội thực hiện như thế nào?
120264,fold_2,1,68,5,1.0,1.0,0,Quân nhân chuyên nghiệp có thuộc đối tượng bắt buộc tham gia bảo hiểm xã hội hay không?
48286,fold_2,1,1,10,1.0,1.0,0,Để phương tiện giao thông đường sắt có thể tham gia giao thông thì cần đáp ứng được những điều kiện gì?
153452,fold_3,1,>100,2,1.0,1.0,0,Những người nào có quyền ra quyết định tạm giam bị can?
164282,fold_4,1,17,55,1.0,1.0,0,Cơ sở dữ liệu trị giá hải quan là gì?
54900,fold_1,1,1,3,1.0,1.0,0,"Lập, phê duyệt kế hoạch cải tạo, xây dựng lại nhà chung cư thực hiện như thế nào?"
111000,fold_0,1,68,42,1.0,1.0,0,Lừa thuê xe rồi mang đi cầm cố có được xem xét hưởng án treo không?
69900,fold_1,1,1,1,1.0,1.0,0,"Cơ quan hành chính nhà nước nào có thẩm quyền tiếp nhận phản ánh, kiến nghị về quy định hành chính bằng văn bản?"
45528,fold_4,1,3,2,1.0,1.0,0,Đối tượng nào được mượn thiết bị vô tuyến điện?
121578,fold_0,1,3,1,1.0,1.0,0,Khi muốn hủy phôi thụ tinh trong ống nghiệm có cần phải có sự đồng ý của cả hai vợ chồng đã ly hôn không?
89056,fold_3,1,18,4,1.0,1.0,0,Việc xây dựng nội quy về công tác phòng chống cháy nổ tại cảng hàng không ra sao?
65140,fold_1,1,2,42,1.0,1.0,0,"Giấy chứng nhận đăng ký doanh nghiệp, nội dung giấy chứng nhận đăng ký doanh nghiệp theo quy định pháp luật"
126112,fold_3,1,10,54,1.0,1.0,0,Các trường hợp bị thu hồi đất do vi phạm pháp luật về đất đai theo Dự thảo Luật Đất đai (Sửa đổi)?
168342,fold_1,1,6,7,1.0,1.0,0,Nộp thuế GTGT tại đâu?
123230,fold_4,1,2,>100,1.0,1.0,0,Chế độ báo cáo công tác dân tộc khi được ban hành phải đảm bảo những nguyên tắc nào?
135186,fold_2,1,2,>100,1.0,1.0,0,Các quy định về quản lý xe đạp điện phải tuân thủ theo những gì?
83252,fold_3,1,38,>100,1.0,1.0,0,Mức hưởng BHXH một lần được tính như thế nào?
68112,fold_3,2,5,2,1.0,1.0,0,Có phải tất cả chứng khoán cơ cấu của thành viên lập quỹ hoán đổi danh mục phải được phong tỏa tại VSDC không?
115162,fold_3,1,1,>100,1.0,1.0,0,Danh mục sách giáo khoa lớp 7 năm 2022 - 2023 các môn giáo dục thể chất và hoạt động trải nghiệm gồm những sách nào?
47126,fold_3,2,4,1,1.0,1.0,0,Nguyên liệu sữa đầu vào nhập khẩu dùng cho sản xuất có phải chịu thuế giá trị gia tăng không?
108670,fold_4,2,23,5,1.0,1.0,0,"Việc giao, gửi thông báo quyết định phục hồi điều tra trong vụ án hình sự được quy định như thế nào?"
114842,fold_2,1,1,1,1.0,1.0,0,Mỗi người hướng dẫn tập luyện môn Fitness được hướng dẫn tối đa bao nhiêu người trong một buổi tập?
62912,fold_4,1,16,1,1.0,1.0,0,Sau khi Giấy phép thăm dò khoáng sản hết hiệu lực tổ chức thăm dò khoáng sản có nghĩa vụ gì?
162222,fold_3,1,>100,15,1.0,1.0,0,Thời hạn quy hoạch đối với quy hoạch phân khu xây dựng khu chế xuất được xác định trên cơ sở nào? Bản vẽ của đồ án quy hoạch có tỷ lệ bao nhiêu?
96172,fold_3,1,2,9,1.0,1.0,0,Nguyên tắc tổ chức và hoạt động của Hội Sinh vật cảnh Việt Nam là gì?
121880,fold_2,1,1,16,1.0,1.0,0,Tài sản góp vốn khi thành lập doanh nghiệp có thể bao gồm những loại tài sản nào?
150712,fold_3,1,1,1,1.0,1.0,0,Người phát ngôn và cung cấp thông tin của Bộ khoa học và Công nghệ có được từ chối cung cấp thông tin khi nội dung câu hỏi vượt thẩm quyền hay không?
57332,fold_1,1,13,2,1.0,1.0,0,Hồ sơ đề xuất chỉ định thầu dự án tìm kiếm thăm dò và khai thác dầu khí gồm những gì?
163638,fold_4,1,>100,7,1.0,1.0,0,Chủ hộ kinh doanh bị bắt đi cai nghiện bắt buộc thì Giấy chứng nhận đăng ký hộ kinh doanh liệu có bị thu hồi hay không? Quy định về việc chấm dứt hoạt động của hộ kinh doanh như nào?
74638,fold_3,1,1,92,1.0,1.0,0,Biển trực ban hình sự trong Công an nhân dân được quy định có hình dạng như thế nào và làm bằng chất liệu gì?
24206,fold_0,1,3,1,1.0,1.0,0,Cơ quan nào có quyền xét chọn cá nhân có đủ tiêu chuẩn xét tặng danh hiệu Nghệ nhân ưu tú?
96834,fold_2,1,3,>100,1.0,1.0,0,"Tiêu chuẩn cụ thể đối với giảng viên trong các cơ sở đào tạo, bồi dưỡng cán bộ, công chức, viên chức được quy định như thế nào?"
59230,fold_2,2,1,5,1.0,1.0,0,Khi nào thì phải tạm giam ở khu riêng người phạm tội cướp giật tài sản theo quy định?
93674,fold_0,1,1,>100,1.0,1.0,0,Quyết định miễn tiền sử dụng đất sẽ do ai ban hành?
134616,fold_1,1,2,31,1.0,1.0,0,Thời hạn và trình tự quyết toán ngân sách nhà nước được quy định ra sao?
16970,fold_2,1,1,7,1.0,1.0,0,"Khi được cấp quyền kết nối, chia sẻ thông tin trong Cơ sở dữ liệu quốc gia về xử lý vi phạm hành chính cơ quan quản lý dữ liệu chuyên ngành có trách nhiệm gì?"
68806,fold_2,1,17,1,1.0,1.0,0,Khi tạm giữ tang vật liên quan đến hành vi trốn thuế trưởng đoàn thanh tra thuế có phải lập biên bản tạm giữ không?
96116,fold_4,1,1,4,1.0,1.0,0,Cơ sở khám chữa bệnh có những nghĩa vụ gì đối với bảo hiểm trách nhiệm trong khám chữa bệnh?
49276,fold_0,1,6,>100,1.0,1.0,0,"Mẫu văn bản đăng ký góp vốn, mua cổ phần, mua phần vốn góp của nhà đầu tư nước ngoài được quy định như thế nào?"
33900,fold_4,1,1,1,1.0,1.0,0,"Nghi lễ đón, tiếp Phó Nguyên thủ quốc gia đồng thời là lãnh đạo Đảng cầm quyền thăm chính thức theo hai chức danh là gì?"
156440,fold_0,1,50,2,1.0,1.0,0,"Nhiệm vụ trong xây dựng và phát triển Chính phủ điện tử, Chính phủ số?"
39742,fold_3,1,28,2,1.0,1.0,0,Vật liệu dùng để đóng gói bên ngoài khi vận chuyển máy bơm ly tâm ra sao?
115740,fold_0,1,13,19,1.0,1.0,0,Công dân có hành vi trốn thực hiện nghĩa vụ tham gia Dân quân tự vệ sẽ bị xử phạt như thế nào?
58898,fold_1,1,3,3,1.0,1.0,0,"Quy định về xử lý kỷ luật đối với cán bộ, công chức, viên chức trong thi hành pháp luật về xử lý vi phạm hành chính"
93164,fold_4,1,42,2,1.0,1.0,0,Những khoản chi tài trợ cho giáo dục nào sẽ không được trừ khi tính thuế thu nhập doanh nghiệp?
105812,fold_1,1,1,>100,1.0,1.0,0,Thời hạn giữ chức vụ của lãnh đạo cơ quan báo chí là bao lâu?
68908,fold_1,1,56,>100,1.0,1.0,0,Chất cải tạo môi trường có cần được công bố hợp quy hay không?
127426,fold_0,1,37,17,1.0,1.0,0,Người mẹ tiếp tay cho người tình hiếp dâm con gái 9 tuổi của mình thì có bị xem là đồng phạm không?
20554,fold_3,1,3,72,1.0,1.0,0,Hồ sơ thành lập quỹ từ thiện năm 2023 như thế nào?
166416,fold_2,1,4,90,1.0,1.0,0,Bộ phận Một cửa là gì?
458,fold_3,1,2,1,1.0,1.0,0,Thương nhân phân phối xăng dầu tự do được điều chỉnh giá bán lẻ xăng dầu hay không?
26314,fold_4,1,1,17,1.0,1.0,0,"Doanh nghiệp nhỏ và vừa muốn bổ sung hoặc sửa đổi biểu mẫu, tên và nội dung các chỉ tiêu của Báo cáo tài chính thì cần xin ai?"
78092,fold_0,1,2,1,1.0,1.0,0,"Khiếu nại và giải quyết khiếu nại quyết định của Hội đồng trọng tài về việc không có thỏa thuận trọng tài, thỏa thuận trọng tài vô hiệu, thỏa thuận trọng tài không thể thực hiện được, thẩm quyền của Hội đồng trọng tài"
69508,fold_4,1,1,7,1.0,1.0,0,Thừa phát lại có thể hướng dẫn tối đa bao nhiêu người tập sự trong cùng một khoảng thời gian?
47072,fold_3,1,3,1,1.0,1.0,0,Hội nghị tập thể lãnh đạo lần 1 trong thủ tục bổ nhiệm người đứng đầu Văn phòng Đảng - Đoàn thể thuộc Bộ GDĐT do ai chủ trì và có những ai?
47232,fold_3,1,11,>100,1.0,1.0,0,Người không quốc tịch cư trú tại Việt Nam bị mất giấy phép xuất nhập cảnh có thể xin cấp lại ở cơ quan nào?
37312,fold_0,2,1,52,1.0,1.0,0,Người phát ngôn của Viện kiểm sát nhân dân cấp huyện được hưởng quyền lợi gì và có trách nhiệm như thế nào?
90902,fold_3,2,1,5,1.0,1.0,0,Ban Chỉ đạo phòng chống dịch bệnh động vật cấp tỉnh được thành lập trong trường hợp nào?
107868,fold_0,1,4,5,1.0,1.0,0,Các trường hợp nào được xem là trường hợp bất khả kháng để điều chỉnh hợp đồng xây dựng?
122522,fold_1,1,1,72,1.0,1.0,0,Tổ chức bộ máy của Trường Đào tạo và Bồi dưỡng nghiệp vụ kiểm toán được quy định như thế nào?
110726,fold_2,1,5,17,1.0,1.0,0,Bao lâu thì được nhận thẻ căn cước công dân xin cấp đổi?
82596,fold_0,1,99,3,1.0,1.0,0,Có được phép chuyển mục đích sử dụng đất từ đất tín ngưỡng cụ thể là đất nhà thờ họ sang đất ở không?
18670,fold_4,1,1,1,1.0,1.0,0,Sau khi tốt nghiệp ngành nguội chế tạo trình độ trung cấp thì người học phải có kỹ năng ngoại ngữ như thế nào?
26306,fold_3,1,>100,23,1.0,1.0,0,Chủ hộ kinh doanh có thể thuê người khác quản lý kinh doanh của hộ kinh doanh không?
114602,fold_3,1,1,21,1.0,1.0,0,Khi triển khai chính sách hỗ trợ bảo hiểm nông nghiệp thì doanh nghiệp bảo hiểm phải bảo đảm đầy đủ các yêu cầu nào?
19394,fold_4,1,9,23,1.0,1.0,0,Mức hưởng bảo hiểm xã hội một lần được quy định như thế nào?
83588,fold_4,2,1,1,1.0,1.0,0,Có những điểm mới nào về đăng ký doanh nghiệp tại Thông tư 02/2023/TT-BKHĐT?
106484,fold_0,1,7,>100,1.0,1.0,0,Ngân hàng Nhà nước quyết định giảm đồng loạt các mức lãi suất tiền gửi nào?
83314,fold_1,1,2,3,1.0,1.0,0,Thẩm quyền và trách nhiệm chứng thực theo quy định pháp luật
38960,fold_4,1,>100,>100,0.0,0.0,0,Xác định ngày nghỉ hàng năm khi chuyển công tác như thế nào?
140508,fold_1,1,>100,>100,0.0,0.0,0,Quy định về mở cửa xe ô tô
36624,fold_4,1,1,1,1.0,1.0,0,Hồ sơ đề nghị bổ nhiệm giám định viên pháp y và giám định viên pháp y tâm thần hiện nay được quy định như thế nào?
123912,fold_0,1,>100,1,1.0,1.0,0,Tác dụng và quy chuẩn kỹ thuật của chập tiêu quy định ra sao?
164894,fold_3,1,11,7,1.0,1.0,0,Sổ đăng bạ tàu bay Việt Nam có được công khai nội dung không?
11130,fold_0,1,20,35,1.0,1.0,0,Các trường hợp sửa đổi văn bằng bảo hộ
42500,fold_2,1,7,5,1.0,1.0,0,Người điều khiển xe máy xả khí thải vượt mức quy định thì bị phạt bao nhiêu tiền?
150402,fold_2,1,14,1,1.0,1.0,0,Mức truy cứu trách nhiệm hình sự đối với người phạm tội tàng trữ trái phép vật liệu hạt nhân có tổ chức được quy định thế nào?
40232,fold_0,1,2,3,1.0,1.0,0,"Đơn vị nào trực thuộc Báo Bảo hiểm xã hội có nhiệm vụ nộp lưu chiểu, tổ chức phát hành báo đến bạn đọc?"
40894,fold_1,1,2,1,1.0,1.0,0,Tập đoàn Điện lực Việt Nam xử lý như thế nào khi điều chỉnh tiền điện bình quân giảm so với giá bán điện bình quân hiện hành?
168622,fold_2,1,1,>100,1.0,1.0,0,Nhiệm vụ của Hội Luật gia Việt Nam là gì?
155472,fold_0,1,2,64,1.0,1.0,0,Báo cáo kết quả thanh tra của Kiểm toán nhà nước được tổng hợp trên cơ sở nào?
62338,fold_2,1,5,2,1.0,1.0,0,Tài khoản 515 doanh thu hoạt động tài chính dùng để phản ánh các khoản thu nào?
141518,fold_4,1,5,1,1.0,1.0,0,"Các hành vi nào nghiêm cấm cán bộ, công chức được phân công thực hiện thủ tục hành chính?"
128790,fold_4,1,1,2,1.0,1.0,0,Phẫu thuật bắc cầu động mạch chủ kết hợp can thiệp khác trên tim là như thế nào?
152600,fold_4,1,3,1,1.0,1.0,0,"Có những hình thức tổ chức cuộc thi, liên hoan các loại hình nghệ thuật biểu diễn nào theo quy định?"
119656,fold_4,1,>100,3,1.0,1.0,0,"Tòa án nhân dân lựa chọn các vụ án nào để tổ chức xét xử lưu động nhằm phổ biến, giáo dục pháp luật cho nhân dân?"
31698,fold_1,1,2,1,1.0,1.0,0,Xe tập lái của cơ sở đào tạo lái xe quân sự phải đáp ứng những tiêu chuẩn nào?
161492,fold_3,1,2,1,1.0,1.0,0,"Cơ cấu tổ chức của Ủy ban nhân dân thị xã, thành phố thuộc tỉnh, thành phố thuộc thành phố trực thuộc trung ương"
65390,fold_4,1,>100,27,1.0,1.0,0,Trong việc tổ chức thực hiện cung cấp dịch vụ thông tin công cộng thì đơn vị cung cấp dịch vụ thông tin công cộng có những trách nhiệm gì?
27536,fold_0,1,1,42,1.0,1.0,0,Quy hoạch đô thị là gì? Nhiệm vụ quy hoạch là gì?
140478,fold_3,1,1,3,1.0,1.0,0,Tàu biển nước ngoài đã qua sử dụng khi đăng ký tại Việt Nam thì bị giới hạn về tuổi như thế nào?
165434,fold_0,2,4,>100,0.5,0.5,0,"Kiểm soát viên Tổng công ty Lâm nghiệp Việt Nam phải đáp ứng được các tiêu chuẩn, điều kiện thế nào?"
126442,fold_2,1,1,15,1.0,1.0,0,Mới nhất mẫu điều lệ công ty đại chúng năm 2022?
152130,fold_4,2,1,1,0.5,0.5,0,"Thông tư 41/2023/TT-BQP về mức lương cơ sở, phụ cấp quân hàm?"
30792,fold_4,1,13,32,1.0,1.0,0,"Đẩy mạnh áp thêm các lệ phí, phí trong quản lý môi trường biển đúng không?"
105740,fold_2,1,1,>100,1.0,1.0,0,Người đứng đầu Kiểm toán nhà nước có trách nhiệm như thế nào?
94042,fold_0,1,1,1,1.0,1.0,0,Đối với gói thầu thuốc biệt dược gốc hoặc tương đương điều trị việc gửi báo cáo tình hình thực hiện đấu thầu theo hình thức nào?
73084,fold_4,1,8,35,1.0,1.0,0,Trình tự thực hiện kiểm tra trước hoàn thuế sau áp dụng cho hàng hóa xuất nhập khẩu được thực hiện như thế nào?
131354,fold_4,1,17,4,1.0,1.0,0,Hai bên nam nữ chưa đăng ký kết hôn thì một bên có được quyền đòi lại sính lễ đã trao cho bên kia trước đó hay không?
115436,fold_4,1,1,1,1.0,1.0,0,Nguyên tắc hoạt động của Hội Nuôi dưỡng đường tĩnh mạch và đường tiêu hóa Việt Nam là gì?
41644,fold_1,2,1,1,1.0,1.0,0,Thời gian chốt báo cáo định kỳ Bộ Tư pháp là khi nào?
167242,fold_0,1,21,1,1.0,1.0,0,Phác đồ điều trị viêm quanh răng tiến triển chậm có mấy bước?
50018,fold_2,1,19,1,1.0,1.0,0,Không niêm yết giá vé vận tải hành khách tại các bến tàu thủy bị xử phạt như thế nào?
100560,fold_1,1,2,6,1.0,1.0,0,Thời gian thực hiện một cuộc thanh tra chuyên ngành về đóng bảo hiểm xã hội được quy định như thế nào?
29048,fold_1,2,15,5,1.0,1.0,0,Thủ tục cấp Giấy chứng nhận quyền sử dụng đất do cơ sở tôn giáo đang sử dụng như thế nào?
75982,fold_3,1,>100,18,1.0,1.0,0,Sau khi chấm dứt hiệu lực văn bản hợp tác quốc tế thì đơn vị nào có trách nhiệm báo cáo kết quả thực hiện?
28170,fold_0,1,7,9,1.0,1.0,0,"Hồ sơ, trình tự đề nghị thay đổi nội dung, phạm vi hoạt động của quỹ tín dụng nhân dân như thế nào?"
44488,fold_4,1,5,88,1.0,1.0,0,Kỹ thuật viên đường bộ hạng 2 cần đáp ứng tiêu chuẩn về đạo đức nghề nghiệp thế nào?
114712,fold_0,1,5,7,1.0,1.0,0,Công ty tài chính được phép thực hiện hoạt động bảo lãnh ngân hàng không?
46108,fold_3,1,3,2,1.0,1.0,0,Không hành nghề dược trong thời gian bao lâu thì bị thu hồi chứng chỉ hành nghề dược?
66560,fold_4,1,49,47,1.0,1.0,0,Viên chức đang trong thời gian chịu xử lý kỷ luật thì có được xem xét giới thiệu quy hoạch không?
143238,fold_0,1,>100,3,1.0,1.0,0,"Chế độ đối với người tham gia lực lượng phòng thủ dân sự không thuộc đối tượng tham gia BHXH, BHYT bị ốm đau được quy định ra sao?"
4214,fold_3,1,3,1,1.0,1.0,0,"Xác định, phong tỏa tài sản của người phạm tội rửa tiền"
107080,fold_3,1,>100,23,1.0,1.0,0,Đơn phương chấm dứt hợp đồng gia công dựa trên những căn cứ nào?
45366,fold_0,1,41,2,1.0,1.0,0,Công ty nhận lại người lao động nữ mang thai khi hết thời hạn tạm hoãn thực hiện hợp đồng lao động được quy định thế nào?
146230,fold_1,1,>100,10,1.0,1.0,0,Ai có trách nhiệm lập hồ sơ giám định lần đầu đối với trường hợp khám giám định phúc quyết?
64198,fold_2,1,1,8,1.0,1.0,0,"Biểu mẫu thống kê công tác giải quyết tố giác, tin báo tội phạm và kiến nghị khởi tố của cơ quan điều tra Viện kiểm sát nhân dân hiện nay?"
155850,fold_3,1,3,1,1.0,1.0,0,Chỉ đạo NHNN khẩn trương tháo gỡ khó khăn cho thị trường bất động sản và triển khai hiệu quả gói tín dụng 120.000 tỷ đồng?
39306,fold_2,1,1,1,1.0,1.0,0,Biên phòng cửa khẩu cảng từ chối cấp Giấy phép cho người nước ngoài xuống tàu thuyền nước ngoài neo đậu tại cảng trong trường hợp nào?
147026,fold_1,1,7,1,1.0,1.0,0,"Xem xét quyết định việc xác minh, thu thập tài liệu theo thủ tục giám đốc thẩm trong vụ án hình sự có thuộc quyền của Phó Viện trưởng Viện kiểm sát nhân dân không?"
117350,fold_1,1,9,1,1.0,1.0,0,Ngân hàng Nhà nước sẽ có những quyền hạn gì đối với ngân hàng thương mại được kiểm soát đặc biệt?
165346,fold_0,1,1,>100,1.0,1.0,0,Mở khóa tài khoản định danh điện tử như thế nào?
136300,fold_4,1,5,10,1.0,1.0,0,Đề cương khảo sát trong bước chuẩn bị kiểm toán được lập gồm những nội dung gì?
102682,fold_3,1,>100,>100,0.0,0.0,0,Xin nghỉ nhưng công ty không đồng ý thì xử lý thế nào?
89012,fold_4,1,39,1,1.0,1.0,0,Gia hạn Giấy chứng nhận thực hành tốt sản xuất thuốc thú y có phải nộp lệ phí hay không?
45398,fold_1,1,2,28,1.0,1.0,0,Xây dựng phương án chia liên hiệp hợp tác xã do cơ quan nào thực hiện?
81566,fold_1,1,49,13,1.0,1.0,0,Nguyên tắc tài chính trong vận hành hoạt động của đơn vị sự nghiệp?
138100,fold_4,1,1,2,1.0,1.0,0,Hội thi giáo viên làm tổng phụ trách Đội giỏi cấp huyện ở trường trung học cơ sở do ai có quyền tổ chức?
12238,fold_1,1,12,>100,1.0,1.0,0,Tạm hoãn thi ielts và nhiều chứng chỉ quốc tế?
58866,fold_4,1,1,>100,1.0,1.0,0,Những trường hợp nào thì công ty tài chính không phải thực hiện dự trữ bắt buộc?
165482,fold_3,1,1,1,1.0,1.0,0,Chủ tịch Hội Hữu nghị Việt Nam và Lào có trách nhiệm như thế nào?
55508,fold_3,3,2,24,0.3333333333333333,0.3333333333333333,0,Chủ nhiệm chuyên trách trong UBKT các cấp thuộc Đảng bộ Quân đội được hưởng phụ cấp trách nhiệm thế nào?
75162,fold_1,1,15,46,1.0,1.0,0,Doanh nghiệp không làm thủ tục điều chỉnh Giấy chứng nhận đủ điều kiện kinh doanh dịch vụ kiểm toán khi có thay đổi phải điều chỉnh bị xử phạt bao nhiêu tiền?
12732,fold_3,1,4,3,1.0,1.0,0,Tuổi được hưởng lương hưu khi tham gia bảo hiểm xã hội tự nguyện?
112344,fold_2,1,2,>100,1.0,1.0,0,Khi phát hiện việc giải quyết khiếu nại vi phạm pháp luật thì xử lý thế nào?
118434,fold_1,2,19,5,1.0,1.0,0,Hòa giải khi ly hôn được quy định như thế nào?
119742,fold_4,1,3,4,1.0,1.0,0,Sống chung không đăng ký kết hôn có vi phạm điều cấm của pháp luật hay không?
117680,fold_3,1,1,1,1.0,1.0,0,Chức năng của Viện Chính sách và Chiến lược phát triển nông nghiệp nông thôn là gì?
150602,fold_4,1,2,15,1.0,1.0,0,Ủy ban nhân dân tỉnh có trách nhiệm gì trong việc áp dụng tiêu chuẩn chức danh nghề nghiệp đối với viên chức chuyên ngành công tác xã hội?
73554,fold_4,1,14,2,1.0,1.0,0,Cản trở người tiêu dùng đơn phương chấm dứt thực hiện hợp đồng đã giao kết có bị phạt tiền không?
50820,fold_0,1,>100,7,1.0,1.0,0,Xử lý khi chấm dứt hợp đồng tín dụng trước thời hạn?
15608,fold_1,1,1,29,1.0,1.0,0,Công việc có thời hạn từ đủ 01 tháng trở lên có được ký hợp đồng lao động bằng văn bản không?
106608,fold_0,1,2,40,1.0,1.0,0,Đối tượng nào được phát hành chứng chỉ tiền gửi?
18498,fold_4,1,2,8,1.0,1.0,0,Ngoài Ủy ban nhân dân còn có những tổ chức nào có thể thực hiện chứng thực?
116524,fold_4,1,27,1,1.0,1.0,0,Trường hợp nào Sở giao dịch chứng khoán từ chối chấp thuận tư cách thành viên giao dịch đặc biệt?
139340,fold_2,2,1,1,1.0,1.0,0,Đơn vị trực thuộc của Công ty mẹ Tập đoàn Công nghiệp Viễn thông Quân đội có những quyền và trách nhiệm gì?
59324,fold_1,1,1,63,1.0,1.0,0,Viện kiểm sát nhân dân có nhiệm vụ gì? Nguyên tắc tổ chức và hoạt động của Viện kiểm sát nhân dân quy định ra sao?
140002,fold_1,1,3,19,1.0,1.0,0,Trường hợp Tổng Giám đốc Nhà xuất bản Lao động Xã hội xin từ chức thì ai có quyền xem xét và quyết định?
82450,fold_2,1,4,>100,1.0,1.0,0,Thủ tục thay đổi họ tên như thế nào?
79170,fold_4,3,1,1,1.0,1.0,0,Thực hiện bầu cử trong đại hội công đoàn các cấp tiến tới đại hội 13 công đoàn Việt Nam nhiệm kỳ 2023-2028 như thế nào?
19176,fold_0,1,1,2,1.0,1.0,0,Doanh nghiệp kinh doanh đặt cược chậm trả thưởng cho khách hàng trúng thưởng bị phạt ra sao?
16142,fold_3,1,1,2,1.0,1.0,0,Giấy chứng nhận Trinh sát viên của Cảnh sát biển Việt Nam có thời hạn sử dụng bao nhiêu năm?
137474,fold_2,1,1,2,1.0,1.0,0,Tiến hành kiểm tra trình độ kỹ năng nghề nhân viên kỹ thuật trong quân đội theo những phương pháp nào?
156752,fold_4,1,1,>100,1.0,1.0,0,Công chức được bổ nhiệm vào ngạch thống kê viên chính có bắt buộc tốt nghiệp đại học chuyên ngành thống kê không?
99514,fold_3,1,>100,4,1.0,1.0,0,Bệnh cúm lợn có gây nguy cơ tử vong cao cho lợn mắc bệnh hay không?
43916,fold_4,1,5,2,1.0,1.0,0,Bộ Giáo dục và Đào tạo có thẩm quyền phê duyệt đề án liên kết tổ chức thi cấp chứng chỉ năng lực ngoại ngữ của nước ngoài hay không?
109416,fold_2,1,45,4,1.0,1.0,0,Học mầm non phải đóng bao nhiêu tiền học phí?
119350,fold_3,1,3,1,1.0,1.0,0,"Thời gian thông báo sản phẩm quảng cáo trên bảng quảng cáo, băng-rôn trước khi thực hiện quảng cáo là bao nhiêu này?"
81306,fold_2,1,2,>100,1.0,1.0,0,Tiền thuê đất được tính dựa trên căn cứ nào?
66516,fold_4,1,>100,54,1.0,1.0,0,Thu hồi Giấy chứng nhận đăng ký hoạt động văn phòng đại diện theo đề nghị của cơ quan có thẩm quyền quy định như thế nào?
3940,fold_1,1,1,1,1.0,1.0,0,Thuế suất thuế nhập khẩu ưu đãi đặc biệt được áp dụng với mặt hàng gạo và lá thuốc lá khô xuất xứ từ Campuchia từ thời điểm nào?
110594,fold_1,1,1,1,1.0,1.0,0,Các hành vi bị nghiêm cấm để bảo vệ chế độ hôn nhân và gia đình?
63100,fold_0,1,35,72,1.0,1.0,0,Tăng cường các biện pháp bảo đảm an ninh như thế nào để phát triển kinh tế xã hội?
120106,fold_1,1,1,14,1.0,1.0,0,"Định giá sản phẩm, dịch vụ thủy lợi khác làm cơ sở để thực hiện những gì?"
145004,fold_2,1,1,25,1.0,1.0,0,"Phân bổ dự toán kinh phí hỗ trợ sử dụng sản phẩm, dịch vụ công ích thủy lợi như thế nào?"
105904,fold_0,1,4,15,1.0,1.0,0,Ly hôn là gì?
23016,fold_1,1,1,73,1.0,1.0,0,Nhà nước đưa ra quyết định tuyển dụng viên chức dựa trên những căn cứ nào?
5592,fold_3,1,7,1,1.0,1.0,0,Khung năng lực của chuyên viên cao cấp về khai thác bay của Cục hàng không Việt Nam ra sao?
19410,fold_0,1,6,8,1.0,1.0,0,Người thả neo tàu thuyền trong phạm vi hành lang bảo vệ an toàn đường cáp điện ngầm bị xử phạt hành chính bao nhiêu tiền?
123664,fold_0,1,9,4,1.0,1.0,0,"Hồ sơ, thủ tục đề nghị cấp Giấy chứng nhận xuất xứ hàng hóa giáp lưng được pháp luật quy định như thế nào?"
165254,fold_1,1,1,25,1.0,1.0,0,Nguyên tắc trong hoạt động thủy lợi được quy định thế nào?
152974,fold_4,1,1,60,1.0,1.0,0,Trang phục của cán bộ Cục Hàng hải Việt Nam bao gồm những loại trang phục nào?
76308,fold_3,1,1,21,1.0,1.0,0,Thừa phát lại phải thực hiện những công việc gì để tổ chức thi hành án?
73848,fold_1,1,>100,2,1.0,1.0,0,Muốn đề nghị xóa đăng ký văn bản IDERA thì cần chuẩn bị hồ sơ gì?
9786,fold_4,1,>100,>100,0.0,0.0,0,Chủ tịch Ủy ban nhân dân tỉnh có quyền lập biên bản vi phạm hành chính với doanh nghiệp công nghiệp giao sản phẩm động viên công nghiệp không bảo đảm chất lượng theo chỉ tiêu không?
14088,fold_3,1,1,74,1.0,1.0,0,Danh mục hồ sơ nhân sự quy hoạch của Kiểm toán nhà nước bao gồm những nội dung gì?
98634,fold_4,3,3,19,1.0,1.0,0,Nhà nước thu hồi đất trong những trường hợp nào?
2986,fold_0,1,1,>100,1.0,1.0,0,Quy định về việc trả con dấu như thế nào?
85628,fold_3,1,>100,>100,0.0,0.0,0,"Lịch nghỉ tết âm lịch 2023 chính thức của cán bộ, công chức, viên chức?"
31674,fold_3,1,1,2,1.0,1.0,0,Nội dung thi và hình thức thi giáo viên dạy giỏi trung cấp chuyên nghiệp như thế nào?
110606,fold_1,1,18,4,1.0,1.0,0,"Cán bộ đi chiến trường B, C, K trong thời kỳ chống Mỹ cứu nước có được trợ cấp một lần hay không?"
2642,fold_1,1,1,71,1.0,1.0,0,Tổng công ty đầu tư và kinh doanh vốn nhà nước thực hiện đầu tư vốn theo các hình thức nào nào?
162564,fold_2,1,1,4,1.0,1.0,0,Doanh nghiệp có thể tự xây dựng biểu mẫu sổ kế toán cho riêng mình hay không?
3762,fold_0,1,1,2,1.0,1.0,0,Điều kiện về quản lý chất lượng của cơ sở sản xuất trang thiết bị y tế có chứa chất ma túy và tiền chất là gì?
121012,fold_1,2,1,8,1.0,1.0,0,Đóng bảo hiểm xã hội cho người lao động làm việc với 2 hợp đồng lao động trở lên được pháp luật quy định như thế nào?
157094,fold_0,1,1,4,1.0,1.0,0,"Xây dựng, phê duyệt kế hoạch tiến hành kiểm tra việc sử dụng số liệu, thông tin thống kê nhà nước được quy định như thế nào?"
70908,fold_4,1,1,4,1.0,1.0,0,Việc khai thác tài sản kết cấu hạ tầng hàng hải được thực hiện theo những phương thức nào? Có thể khai thác trực tiếp không?
122532,fold_2,1,2,1,1.0,1.0,0,Vợ chồng trong thời kỳ hôn nhân có thể chia tài sản chung thành tài sản riêng không?
66336,fold_0,1,1,2,1.0,1.0,0,"Khi hoạt động báo chí tại cơ quan Quân đội, phóng viên nước ngoài không thường trú tại Việt Nam phải mang theo những gì?"
1674,fold_0,1,1,3,1.0,1.0,0,Sự đồng ý của chủ thể dữ liệu trong xử lý dữ liệu cá nhân chỉ có hiệu lực trong trường hợp nào?
81088,fold_0,2,29,2,1.0,1.0,0,Trách nhiệm bảo hành công trình xây dựng mới thuộc về nhà thầu thi công hay chủ đầu tư?
28866,fold_0,1,>100,4,1.0,1.0,0,Kiểu dáng công nghiệp là gì?
125078,fold_0,1,1,3,1.0,1.0,0,Kinh doanh vàng tây có phải đăng ký với Ngân hàng Nhà nước không?
145126,fold_4,1,2,>100,1.0,1.0,0,Nguồn thu từ đoàn phí và kinh phí công đoàn cơ sở được sử dụng vào mục đích ra sao?
37826,fold_1,3,17,2,0.6666666666666666,0.6666666666666666,0,Thiết bị điện tử gia dụng bao gồm những thiết bị nào?
23814,fold_0,2,1,4,1.0,1.0,0,Trong thời gian nào Thẩm tra viên thi hành án dân sự không được tính hưởng phụ cấp trách nhiệm theo nghề?
156904,fold_0,1,>100,35,1.0,1.0,0,Hồ sơ cấp lại sổ bảo hiểm xã hội do thay đổi thông tin bao gồm những gì?
30636,fold_4,1,1,27,1.0,1.0,0,Tiêu chuẩn để được Nhà nước bổ nhiệm thừa phát lại là gì?
82328,fold_3,1,96,1,1.0,1.0,0,Hồ sơ đăng ký chào bán trái phiếu ra công chúng gồm những gì?
138540,fold_3,1,1,2,1.0,1.0,0,Đánh giá tổng hợp an toàn thấm trong quá trình kiểm định đập thuộc công trình thủy lợi sẽ có những mức độ nào?
63466,fold_2,1,7,19,1.0,1.0,0,Khai quyết toán thuế thu nhập cá nhân là gì?
29840,fold_3,1,2,1,1.0,1.0,0,Công chức của các đơn vị sự nghiệp công lập thuộc Bộ Tài chính không được thanh toán công tác phí trong trường hợp nào?
65418,fold_0,2,3,3,1.0,1.0,0,Giảm 20% phí đăng ký giao dịch bảo đảm đối với tàu bay từ 01/7/2023?
81938,fold_3,1,1,2,1.0,1.0,0,Giải pháp và tổ chức để thực hiện phương án quản lý rừng bền vững đối với rừng đặc dụng trên thực tế như thế nào?
133878,fold_0,1,>100,26,1.0,1.0,0,Không có căn cước công dân để làm thủ tục sang tên đất đúng hạn thì có phải bồi thường hay không?
99710,fold_3,1,1,19,1.0,1.0,0,Tự ý cấp điện sinh hoạt cho cá nhân khác bị xử phạt như thế nào?
53334,fold_4,1,1,>100,1.0,1.0,0,Hội Thống kê Việt Nam hoạt đông nhằm mục đích gì?
64810,fold_1,1,1,50,1.0,1.0,0,Thẩm quyền tuyển dụng viên chức thuộc về ai?
12848,fold_0,1,2,5,1.0,1.0,0,Công ty cổ phần muốn chào bán trái phiếu chuyển đổi ra thị trường quốc tế thì cần đáp ứng những điều kiện gì?
56694,fold_3,1,32,1,1.0,1.0,0,Dụng cụ được khử khuẩn tiệt khuẩn bằng phương pháp làm sạch cần thực hiện trong giai đoạn nào?
5768,fold_0,1,21,9,1.0,1.0,0,Phương pháp RT PCR để chẩn đoán bệnh còi ở tôm được thực hiện dựa trên nguyên tắc nào?
15068,fold_0,1,1,67,1.0,1.0,0,Có bao nhiêu loại bệnh truyền nhiễm hiện nay?
32534,fold_2,1,80,>100,1.0,1.0,0,Truy cập hệ thống camera trái phép có bị truy cứu trách nhiệm hình sự hay không?
29082,fold_3,1,3,31,1.0,1.0,0,Nơi nộp thuế thu nhập doanh nghiệp
1682,fold_1,1,1,81,1.0,1.0,0,Khi xây dựng công lệnh tốc độ trên đường sắt quốc gia cần đáp ứng những yêu cầu nào?
121496,fold_0,1,6,>100,1.0,1.0,0,Đại học quốc gia xây dựng hệ thống thông tin và trang thiết bị khoa học như thế nào?
46254,fold_3,1,8,9,1.0,1.0,0,Bộ trưởng Bộ Nội vụ được ủy quyền Thứ trưởng ký các văn bản thuộc thẩm quyền của mình trong trường hợp nào?
148354,fold_2,1,8,5,1.0,1.0,0,Phó bí thư tỉnh ủy được sử dụng nhà ở công vụ có tiêu chuẩn như thế nào?
113442,fold_2,1,4,3,1.0,1.0,0,Nội dung chi của khoản thu Chi phí sử dụng dịch vụ đối với Báo Đấu thầu là gì?
18416,fold_1,2,7,5,1.0,1.0,0,"Cách thức, hồ sơ và thủ tục đăng ký tác quyền đối với các tác phẩm âm nhạc?"
141652,fold_1,1,1,4,1.0,1.0,0,"Người Việt Nam định cư ở nước ngoài có được mua, nhận chuyển nhượng, thuê, thuê mua các loại bất động sản không?"
33780,fold_2,1,5,>100,1.0,1.0,0,Thủ tục đề nghị cấp giấy phép bưu chính có thể thực hiện thông qua cổng dịch vụ trực tuyến không?
121846,fold_1,1,>100,8,1.0,1.0,0,Hồ sơ để cơ sở giáo dục khác thực hiện chương trình giáo dục tiểu học bao gồm những gì?
31740,fold_0,1,1,>100,1.0,1.0,0,Các loại hợp đồng làm việc của viên chức theo quy định hiện nay như thế nào?
40678,fold_0,1,6,3,1.0,1.0,0,Văn bản đến của Ngân hàng Nhà nước Việt Nam có cần phải được đăng ký vào cơ sở dữ liệu quản lý văn bản đến trên máy tính không?
74526,fold_0,1,4,1,1.0,1.0,0,Quan trắc viên tài nguyên môi trường hạng 2 thực hiện các nhiệm vụ gì?
148138,fold_3,1,8,1,1.0,1.0,0,Không sử dụng ngân sách nhà nước để bắn pháo hoa Tết Âm lịch 2023
30912,fold_4,1,1,>100,1.0,1.0,0,"Trình tự, thủ tục đánh giá, xếp loại chất lượng cán bộ như thế nào?"
118266,fold_3,1,1,8,1.0,1.0,0,"Những hành vi bị nghiêm cấm trong thi đua, khen thưởng tại Luật Thi đua, khen thưởng 2022?"
134754,fold_1,1,33,7,1.0,1.0,0,Điều kiện kinh doanh thuốc cổ truyền theo quy định pháp luật
36592,fold_4,1,1,1,1.0,1.0,0,Các quyền và nghĩa vụ của Văn phòng Thừa phát lại được quy định ra sao?
94472,fold_4,1,4,23,1.0,1.0,0,"Trình tự, thủ tục thay đổi nội dung thông tin của chứng thư số được thực hiện như thế nào?"
106512,fold_1,1,40,10,1.0,1.0,0,Chứng từ thực hiện kiến nghị giảm dự toán chi thường xuyên của Kiểm toán nhà nước bao gồm những gì?
130178,fold_1,1,9,1,1.0,1.0,0,Thời hạn cho vay chứng khoán theo thỏa thuận giữa các bên tối đa là bao nhiêu ngày?
166256,fold_3,1,5,1,1.0,1.0,0,Phí thẩm định hồ sơ cấp giấy chứng nhận quyền sử dụng đất trên địa bàn tỉnh Bắc Giang hiện nay?
7906,fold_3,1,>100,1,1.0,1.0,0,"Đánh giá thay đổi, bổ sung việc đáp ứng GACP được thực hiện trong trường hợp nào?"
76814,fold_1,1,18,1,1.0,1.0,0,Tính bắt cháy mặt nạ trùm toàn bộ khuôn mặt loại 2 và loại 3 phải đạt yêu cầu gì?
143624,fold_1,1,>100,52,1.0,1.0,0,"Hộ gia đình, cá nhân khi được cấp quyền truy cập khai thác thông tin dữ liệu trên mạng có trách nhiệm như thế nào?"
98408,fold_4,1,2,1,1.0,1.0,0,Chứng thư số của cá nhân được cấp bởi tổ chức cung cấp dịch vụ chứng thực chữ ký số chuyên dùng Chính phủ được gia hạn mấy lần?
54548,fold_1,1,3,4,1.0,1.0,0,"Đại hội đại biểu Hội Nhà báo tỉnh, thành phố trực thuộc trung ương được triệu tập định kỳ bao lâu?"
24058,fold_4,1,15,1,1.0,1.0,0,Trách nhiệm của người chỉ huy chữa cháy sau khi đã dập tắt đám cháy là gì?
47312,fold_3,1,>100,3,1.0,1.0,0,Thời gian hưởng chế độ khi thực hiện các biện pháp tránh thai là bao nhiêu ngày?
120030,fold_0,1,1,6,1.0,1.0,0,Cán bộ sau khi luân chuyển có thể bị bố trí chức vụ thấp hơn chức danh luân chuyển trong trường hợp nào?
123618,fold_2,1,3,4,1.0,1.0,0,"Các chương trình giáo dục, đào tạo dạy học nào được tổ chức thực hiện tại Trung tâm giáo dục nghề nghiệp, giáo dục thường xuyên?"
103132,fold_0,1,1,>100,1.0,1.0,0,Người lao động đóng bảo hiểm xã hội trong 20 năm 7 tháng có được hưởng bảo hiểm xã hội một lần không?
63498,fold_1,1,2,54,1.0,1.0,0,Trợ cấp thôi việc đối với công chức cấp huyện không hoàn thành nhiệm vụ hai năm liên tiếp được thanh toán khi nào?
168106,fold_1,1,10,4,1.0,1.0,0,Người sử dụng hóa chất quá thời hạn sử dụng để chế biến thực phẩm sẽ bị xử phạt hành chính thế nào?
22028,fold_2,1,>100,3,1.0,1.0,0,Công chức nghỉ không hưởng lương trong thời gian bị tạm đình chỉ công tác để phục vụ cho công tác điều tra đúng không?
82160,fold_1,1,5,63,1.0,1.0,0,Mẫu cam kết không vi phạm những nội dung và hành vi bị nghiêm cấm trong hoạt động điện ảnh được quy định như thế nào?
98582,fold_4,1,4,>100,1.0,1.0,0,Tiêu chuẩn đối với người làm công tác cơ yếu là gì?
130952,fold_1,1,1,4,1.0,1.0,0,"Tài sản của trường đại học tư thục hoạt động không vì lợi nhuận được quản lý, sử dụng theo nguyên tắc nào?"
60304,fold_2,1,3,46,1.0,1.0,0,Hành vi hành chính và hành vi hành chính bị kiện là gì?
70342,fold_0,1,17,20,1.0,1.0,0,Cơ quan nào có quyền lập biên bản bắt người trong trường hợp phạm tội quả tang?
89634,fold_3,1,1,1,1.0,1.0,0,Thời gian đào tạo thi nâng hạng giấy phép lái xe của các hạng lên FC là bao lâu?
6010,fold_0,1,1,8,1.0,1.0,0,Quân nhân chuyên nghiệp dự bị để được hưởng phụ cấp phải có thời gian tại đơn vị dự bị động viên từ bao lâu trở lên?
118786,fold_1,1,2,1,1.0,1.0,0,Giáo viên đã thực hiện giảng dạy 2 năm có được hưởng phụ cấp thâm niên không?
115962,fold_2,1,2,3,1.0,1.0,0,Trường hợp nào thì người sử dụng lao động có thể kỷ luật sa thải người lao động?
39106,fold_3,1,1,66,1.0,1.0,0,Người học ngành lập trình máy tính trình độ trung cấp phải có mức độ tự chủ và trách nhiệm như thế nào?
82016,fold_2,1,2,>100,1.0,1.0,0,Cơ quan thường trực giúp việc cho Hội đồng và Thường trực Hội đồng Thi đua Khen thưởng Trung ương có những nhiệm vụ như thế nào?
128100,fold_3,1,51,3,1.0,1.0,0,Nội dung hợp đồng BCC theo pháp Luật Đầu tư 2023 bao gồm những gì?
159276,fold_3,1,12,1,1.0,1.0,0,Thỏa ước lao động tập thể của doanh nghiệp được coi là ký kết thành công khi nào?
56928,fold_1,1,23,13,1.0,1.0,0,"Phạm nhân là người nước ngoài có được gặp, tiếp xúc lãnh sự không?"
151810,fold_1,1,1,5,1.0,1.0,0,Mẹ nên chọn mua sữa bột cho bé dưới 12 tháng tuổi với hàm lượng Vitamin A như thế nào thì mới phù hợp?
149514,fold_4,1,1,1,1.0,1.0,0,Cá nhân nước ngoài gửi hồ sơ đề nghị cấp phép nghiên cứu khoa học trong vùng biển Việt Nam bằng phương thức nào?
133320,fold_1,1,1,>100,1.0,1.0,0,"Người giám sát, chỉ huy thực hiện công việc liên quan đến không gian hạn chế có trách nhiệm thế nào?"
166656,fold_4,1,1,1,1.0,1.0,0,Dự toán của dự án đầu tư ứng dụng công nghệ thông tin sử dụng nguồn vốn ngân sách nhà nước sẽ được điều chỉnh trong những trường hợp nào?
83436,fold_2,1,9,28,1.0,1.0,0,Nơi thực hiện công chứng hợp đồng thế chấp bất động sản là ở đâu?
3500,fold_2,1,9,2,1.0,1.0,0,"Ủy ban nhân dân cấp tỉnh có trách nhiệm gì trong việc phối hợp kết nối, chia sẻ thông tin, dữ liệu giữa các cơ sở dữ liệu tài nguyên và môi trường?"
24416,fold_1,1,17,2,1.0,1.0,0,Thiết bị dụng cụ cần thiết nào cần chuẩn bị khi tiến hành chẩn đoán bệnh còi ở tôm bằng phương pháp RT PCR cho tôm giống có triệu chứng bệnh?
115798,fold_3,1,17,34,1.0,1.0,0,Nguyên tắc phát ngôn và cung cấp thông tin cho báo chí được quy định như thế nào?
126360,fold_3,1,1,2,1.0,1.0,0,"Xử lý bằng hình thức khai trừ đối với đảng viên vi phạm quy định lĩnh vực tài chính, ngân hàng?"
77574,fold_1,1,1,4,1.0,1.0,0,Công thức tính tiền cấp quyền khai thác tài nguyên nước trong chăn nuôi được quy định ra sao?
48980,fold_4,1,27,1,1.0,1.0,0,Những hành vi nào được xem là quấy rối tình dục tại nơi làm việc?
90162,fold_2,1,4,1,1.0,1.0,0,Dịch vụ công trực tuyến mức độ 2 có được cung cấp đầy đủ các biểu mẫu điện tử không tương tác không?
94170,fold_1,3,2,2,1.0,1.0,0,Thủ tục cấp giấy phép nhập khẩu thuốc lá tại cửa hàng miễn thuế có thể bị bãi bỏ?
120752,fold_0,1,7,15,1.0,1.0,0,"Cơ sở giáo dục bồi dưỡng thường xuyên phối hợp với Sở Giáo dục và Đào tạo, Phòng Giáo dục và Đào tạo dựa trên cơ chế nào trong việc thực hiện bồi dưỡng thường xuyên?"
90450,fold_3,1,1,10,1.0,1.0,0,Trung tâm Hỗ trợ đào tạo và Cung ứng nhân lực trực thuộc Bộ Giáo dục và Đào tạo có tư cách pháp nhân không?
56052,fold_0,1,1,17,1.0,1.0,0,"Tổ chức, cá nhân được cấp giấy phép xây dựng công trình ngầm trong phạm vi bảo vệ công trình thủy lợi có những quyền và nghĩa vụ gì?"
155816,fold_4,1,1,1,1.0,1.0,0,Yêu cầu đối với hồ sơ công bố đủ điều kiện sản xuất trang thiết bị y tế
165140,fold_0,1,4,>100,1.0,1.0,0,Trường hợp người nộp thuế phát sinh nghĩa vụ khai thuế thuộc trách nhiệm quản lý của cơ quan thuế khác thì xử lý như thế nào?
109538,fold_2,1,2,34,1.0,1.0,0,Quy trình lấy phiếu tín nhiệm tại Hội đồng nhân dân được thực hiện như thế nào?
126664,fold_4,1,11,6,1.0,1.0,0,Không đóng cửa xe ô tô khi chạy có bị giam bằng lái không?
19876,fold_2,1,18,>100,1.0,1.0,0,Nhiệm vụ của giáo viên được quy định như thế nào?
143720,fold_4,1,7,2,1.0,1.0,0,Nhà chung cư hỗn hợp được hiểu là gì? Nhà chung cư hỗn hợp có gì khác so với nhà chung cư bình thường?
68314,fold_0,1,3,34,1.0,1.0,0,Một số mã loại hình nhập khẩu?
4982,fold_4,1,90,85,1.0,1.0,0,Hội đồng tiền lương quốc gia có tổng cộng bao nhiêu thành viên?
150902,fold_3,1,57,17,1.0,1.0,0,"Cơ quan điều tra vụ việc phòng vệ thương mại có các nhiệm vụ, quyền hạn gì?"
114552,fold_0,1,67,1,1.0,1.0,0,Người học ngành dược trình độ cao đẳng phải có mức độ tự chủ và trách nhiệm như thế nào?
151720,fold_1,1,3,7,1.0,1.0,0,Các trường hợp bị thu hồi Chứng chỉ hành nghề dược là những trường hợp nào?
86340,fold_3,1,49,>100,1.0,1.0,0,Hồ sơ chứng minh đã đầu tư vào đất để xác định chi phí đầu tư vào đất còn lại được quy định thế nào?
121784,fold_1,1,1,9,1.0,1.0,0,Trường hợp nào được bảo lưu bảo hiểm thất nghiệp?
34542,fold_3,1,4,2,1.0,1.0,0,Hồ sơ đề nghị cấp lại Giấy phép sử dụng vũ khí quân dụng bị hư hỏng tại Cục Cảnh sát quản lý hành chính về trật tự xã hội gồm những gì?
114884,fold_3,1,2,1,1.0,1.0,0,"Tổ chức tín dụng giao dịch, mua bán vàng miếng với Ngân hàng Nhà nước phải đặt cọc thế nào?"
167418,fold_1,1,2,>100,1.0,1.0,0,Tiêu hủy tiền giả không áp dụng đối với trường hợp nào?
64430,fold_4,1,1,4,1.0,1.0,0,"Các hoạt động kiểm toán nội bộ được thực hiện có nhằm mục tiêu phòng ngừa, xử lý rủi ro của đơn vị hay không?"
133846,fold_4,1,1,1,1.0,1.0,0,"Trong quan hệ với đơn vị Điều tra, đơn vị trinh sát có trách nhiệm như thế nào khi hoạt động Điều tra hình sự?"
50318,fold_2,1,2,6,1.0,1.0,0,"Mức xử phạt tối đa đối với cá nhân vi phạm về phòng, chống tệ nạn xã hội"
34736,fold_0,1,1,1,1.0,1.0,0,"Mục tiêu của chương trình ""Nghiên cứu phát triển và ứng dụng công nghệ thông tin phục vụ phát triển Chính phủ số và đô thị thông minh”?"
71330,fold_2,1,12,13,1.0,1.0,0,Xác định dự toán gói thầu đối với dự án đã được phê duyệt dự toán xây dựng công trình như thế nào?
83322,fold_1,1,5,1,1.0,1.0,0,"Trình tự tiếp nhận hồ sơ cấp chứng chỉ CITES mẫu vật tiền Công ước mẫu vật các loài động vật, thực vật hoang dã nguy cấp như thế nào?"
71296,fold_4,1,1,1,1.0,1.0,0,Thanh tra viên Công an nhân dân có bắt buộc tốt nghiệp đại học ngành công an không?
120988,fold_4,1,24,33,1.0,1.0,0,Phương án kỹ thuật khảo sát xây dựng bao gồm những gì?
158210,fold_0,1,2,12,1.0,1.0,0,Nội dung đăng ký khai sinh cho trẻ gồm những gì?
137784,fold_4,1,2,>100,1.0,1.0,0,Công ty không ký hợp đồng lao động cho người lao động có được không?
160604,fold_2,1,1,1,1.0,1.0,0,Khi vận hành máng trượt tại khu vui chơi thực hiện công tác đảm bảo an toàn như thế nào?
110956,fold_4,1,9,1,1.0,1.0,0,"Người, đồ vật ra vào khu vực hạn chế trong hoạt động hàng không dân dụng bị kiểm tra an ninh hàng không những nội dung gì?"
53230,fold_4,2,16,29,1.0,1.0,0,Quyền và nghĩa vụ của chủ tịch Doanh nghiệp nhà nước?
104770,fold_2,1,1,1,1.0,1.0,0,Điều lệ quỹ hưu trí do doanh nghiệp quản lý quỹ hưu trí ban hành cần có những nội dung gì?
56750,fold_0,1,9,>100,1.0,1.0,0,Thủ tục cấp giấy chứng nhận kiến thức về an toàn thực phẩm được quy định như thế nào?
45842,fold_4,1,4,>100,1.0,1.0,0,"Điều kiện về cơ sở vật chất, thiết bị trong quy trình giám định độ tuổi trên người sống là gì?"
142528,fold_3,1,12,32,1.0,1.0,0,Trường hợp người lao động không thuộc đối tượng tham gia bảo hiểm xã hội bắt buộc thì xử lý như thế nào?
61776,fold_4,1,19,59,1.0,1.0,0,Tội đánh bạc được quy định như thế nào trong pháp luật Việt Nam?
16886,fold_0,1,3,>100,1.0,1.0,0,Tình hình sử dụng lao động phải được báo cáo về cơ quan nào theo quy định pháp luật hiện nay?
24614,fold_1,1,5,2,1.0,1.0,0,Chi nhánh doanh nghiệp kiểm toán nước ngoài tại Việt Nam bị đình chỉ kinh doanh dịch vụ kiểm toán phải ngừng kinh doanh dịch vụ kiểm toán từ khi nào?
87542,fold_1,1,16,>100,1.0,1.0,0,Quy định về thẩm quyền ra quyết định thanh tra chuyên ngành đất đai theo kế hoạch như thế nào?
14980,fold_2,1,2,7,1.0,1.0,0,Ai là người đại diện theo pháp luật của Viện Kiến trúc quốc gia?
71528,fold_3,1,4,1,1.0,1.0,0,"Bộ phận tiếp nhận và xử lý thông tin báo cháy, sự cố, tai nạn gồm những đơn vị nào?"
86222,fold_0,1,1,23,1.0,1.0,0,"Các yếu tố cấu thành trong công thức giá cơ sở xăng dầu được xây dựng, điều chỉnh dựa trên nguyên tắc nào?"
68976,fold_2,1,3,14,1.0,1.0,0,Cơ quan nào là cơ quan thường trực của Ủy ban Tiêu chuẩn Thực phẩm Việt Nam?
157506,fold_0,1,>100,>100,0.0,0.0,0,Phó Trưởng ban Ban Chỉ đạo Đổi mới và Phát triển doanh nghiệp phải làm những công việc nào?
31808,fold_2,2,1,1,1.0,1.0,0,"Cơ sơ quan nào có trách nhiệm tổ chức thực hiện Kế hoạch tăng cường giáo dục lý tưởng cách mạng, đạo đức cho thanh thiếu niên?"
85110,fold_3,1,1,3,1.0,1.0,0,Có được cấp bản sao văn bản công chứng khi có yêu cầu không?
40258,fold_0,1,6,2,1.0,1.0,0,Kế hoạch khai thác sớm trong hoạt động dầu khí được nhà thầu thực hiện thủ tục sửa đổi trong những trường hợp nào?
143588,fold_3,1,2,1,1.0,1.0,0,Xét thăng cấp bậc hàm Đại tá lên Thiếu tướng Công an nhân dân theo quy định hiện nay cần bao nhiêu năm?
59198,fold_4,1,1,32,1.0,1.0,0,Nếu xin được Quyết định tạm đình chỉ chấp hành hình phạt tù thì anh trai tôi sẽ được tạm đình chỉ chấp hành trong bao lâu?
22160,fold_4,1,10,11,1.0,1.0,0,Nguyên tắc khấu trừ thuế GTGT đầu vào?
110318,fold_3,1,9,16,1.0,1.0,0,Giấy phép môi trường của các dự án đầu tư nhóm 1 có giá trị bao lâu?
11882,fold_3,1,>100,7,1.0,1.0,0,Tập thể lãnh đạo thảo luận và biểu quyết nhân sự trong quy trình bổ nhiệm cấp phó của người đứng đầu Viện Khoa học như thế nào?
14554,fold_2,1,13,58,1.0,1.0,0,Nguyên tắc ghi nhãn đối với thực phẩm như thế nào?
159814,fold_0,1,8,12,1.0,1.0,0,Cơ cấu tổ chức của Ủy ban nhân dân tỉnh được quy định ra sao?
120536,fold_2,1,1,5,1.0,1.0,0,Bí mật Nhà nước của Bộ Văn hóa Thể thao và Du lịch đương nhiên giải mật trong những trường hợp nào?
49114,fold_4,2,1,4,1.0,1.0,0,Đối tượng nào được hưởng chế độ phụ cấp ưu đãi nghề khi hoạt động biểu diễn nghệ thuật trong quân đội?
71462,fold_0,1,1,1,1.0,1.0,0,Nghĩa vụ của Hiệp hội Các nhà đầu tư Việt Nam sang Lào được quy định thế nào?
153020,fold_0,1,26,6,1.0,1.0,0,Tiêu chuẩn để được tặng Huy chương Hữu nghị được quy định ra sao?
51618,fold_2,1,11,21,1.0,1.0,0,Trường hợp thanh niên có hành vi trốn nghĩa vụ quân sự có thể bị truy cứu trách nhiệm hình sự không?
145654,fold_4,1,1,18,1.0,1.0,0,Không xử phạt vi phạm hành chính về thuế đối với những trường hợp nào?
18788,fold_1,1,1,3,1.0,1.0,0,Quyền nhân thân trong pháp luật về sở hữu trí tuệ được quy định ra sao?
56730,fold_0,1,1,1,1.0,1.0,0,"Kinh phí tổ chức Lễ trao tặng Giải thưởng Thương hiệu vàng Thực phẩm Việt Nam cho các doanh nghiệp sản xuất, kinh doanh thực phẩm an toàn được lấy từ đâu?"
111248,fold_4,1,2,24,1.0,1.0,0,Thủ tục đăng ký khai sinh cho trẻ em sinh ra tại Malaysia về Việt Nam sinh sống được thực hiện như thế nào?
3790,fold_1,1,15,2,1.0,1.0,0,Việc trao tặng Huân chương Bảo vệ Tổ quốc hạng nhất đối với Bộ Chỉ huy Quân sự tỉnh được thực hiện theo quy trình thế nào?
136326,fold_0,1,3,2,1.0,1.0,0,Quy định về nội dung cơ sở dữ liệu về nhà ở quốc gia?
66728,fold_3,1,1,>100,1.0,1.0,0,Việc đánh giá kết quả thực hiện nhiệm vụ KHCN cấp quốc gia được thực hiện theo những nguyên tắc nào?
125488,fold_3,1,3,10,1.0,1.0,0,Khai thác cát trái phép bị xử lý như thế nào?
9394,fold_0,1,3,28,1.0,1.0,0,Mặt sau Chứng minh viên chức quốc phòng thể hiện những thông tin gì?
91608,fold_0,1,10,2,1.0,1.0,0,Người học ngành công nghệ kỹ thuật nhiệt trình độ trung cấp phải có mức độ tự chủ và trách nhiệm như thế nào?
80250,fold_4,1,5,2,1.0,1.0,0,"Trong các cơ sở cai nghiện ma túy bắt buộc thì chế độ ăn, uống, mặc ra sao?"
98184,fold_4,2,4,3,1.0,1.0,0,Tháo gương chiếu hậu của xe máy có bị phạt hay không?
165794,fold_2,1,1,1,1.0,1.0,0,Dưa quả tươi được làm lạnh sơ bộ để vận chuyển và bảo quản lạnh như thế nào?
88006,fold_3,1,4,32,1.0,1.0,0,Các điều kiện nào cần đáp ứng để được hưởng chế độ tại nạn lao động?
90412,fold_2,1,3,1,1.0,1.0,0,Cán bộ khoa học trẻ đủ điều kiện áp dụng chính sách thu hút tạo nguồn cán bộ là những đối tượng nào?
17150,fold_2,1,1,6,1.0,1.0,0,Phương thức giao dịch thuế điện tử là gì?
119814,fold_1,2,>100,>100,0.0,0.0,0,Điều kiện để cấp Giấy phép khai thác đồi đất đỏ được quy định như thế nào?
139844,fold_0,1,1,24,1.0,1.0,0,"Việc nhận hồ sơ giải quyết thủ tục hành chính của tổ chức, cá nhân được thực hiện tại đâu?"
123530,fold_0,1,>100,5,1.0,1.0,0,Phụ nữ mang thai phạm tội có được hoãn thi hành án phạt tù không?
145272,fold_0,1,66,1,1.0,1.0,0,"Pháp luật quy định như thế nào về việc quản lý đối với máy, thiết bị có yêu cầu nghiêm ngặt về an toàn lao động sử dụng trong thi công xây dựng?"
12680,fold_1,1,4,1,1.0,1.0,0,Kinh doanh bãi cắm trại du lịch nhưng không có nhân viên bảo vệ trực khi có khách thì bị xử phạt thế nào?
120126,fold_3,1,6,5,1.0,1.0,0,Gia đình của người nghiện ma túy cung cấp tài liệu cho cơ quan thụ lý như thế nào?
98170,fold_2,1,2,1,1.0,1.0,0,Việc báo cáo kết quả kiểm tra hoạt động đầu tư nước ngoài được thực hiện trong thời gian nào?
153318,fold_3,1,1,>100,1.0,1.0,0,Các hoạt động liên kết giáo dục quốc phòng và an ninh sẽ được quản lý như thế nào?
57888,fold_0,1,2,1,1.0,1.0,0,"Quy định về cứu hộ loài thuộc Danh mục loài nguy cấp, quý, hiếm được ưu tiên bảo vệ như thế nào?"
89034,fold_0,1,2,1,1.0,1.0,0,Tài sản của trường phổ thông tư thục có bao gồm tài sản ban đầu của thành viên góp vốn không?
75890,fold_2,1,1,51,1.0,1.0,0,Hội đồng tiêu hủy tiền của Ngân hàng Nhà nước do ai thành lập và thành viên gồm những ai?
126246,fold_3,1,1,21,1.0,1.0,0,Việc tổ chức thu phí thẩm định điều kiện kinh doanh trong hoạt động kiểm định kỹ thuật an toàn lao động do cơ quan nào thực hiện?
107576,fold_0,1,67,1,1.0,1.0,0,"Trình tự, cách thức thực hiện thủ tục giải quyết hưởng lương hưu, trợ cấp hàng tháng ra sao?"
143406,fold_0,2,1,21,1.0,1.0,0,Thời hạn bảo hộ tên thương mại quy định thế nào?
91700,fold_2,1,1,3,1.0,1.0,0,Khi nào người lao động nước ngoài tại Việt Nam được xem là chuyên gia kỹ thuật để được cấp giấy phép lao động?
21306,fold_3,1,>100,83,1.0,1.0,0,Chủ quản hệ thống thông tin quan trọng quốc gia không thực hiện đánh giá rủi ro an toàn thông tin mạng theo định kỳ bị xử phạt thế nào?
146332,fold_0,1,4,1,1.0,1.0,0,"Phương tiện, dụng cụ dùng vào việc sản xuất hoặc sử dụng trái phép chất ma túy là gì?"
84160,fold_2,1,1,15,1.0,1.0,0,Nội dung văn bản đề nghị cho ý kiến về đề xuất ký kết thỏa thuận quốc tế bao gồm những gì?
13752,fold_3,1,2,>100,1.0,1.0,0,Có được cấp Giấy chứng nhận Bảo vệ dân phố để chứng minh chức danh trong trường hợp cần thiết khi làm nhiệm vụ hay không?
8246,fold_3,1,2,3,1.0,1.0,0,"Không chăm sóc, nuôi dưỡng đối tượng bảo trợ xã hội thì cơ sở trợ giúp xã hội bị xử phạt bao nhiêu tiền?"
112188,fold_1,1,1,3,1.0,1.0,0,Giám đốc Nhà Văn hóa Lao động do ai quyết định bổ nhiệm và miễn nhiệm?
5182,fold_0,1,1,>100,1.0,1.0,0,Quản lý hoạt động xét nghiệm theo các nguyên tắc nào?
37602,fold_3,1,38,1,1.0,1.0,0,"Nội dung hợp đồng, điều kiện ký hợp đồng khám bệnh, chữa bệnh bảo hiểm y tế đối với cơ sở khám bệnh, chữa bệnh theo quy định pháp luật"
43564,fold_4,1,4,7,1.0,1.0,0,"Bác sỹ y học cổ truyền, phục hồi chức năng thì cần quá trình thực hành tại bệnh viện là bao lâu?"
162770,fold_0,1,36,2,1.0,1.0,0,Bị can bị áp dụng biện pháp bắt buộc chữa bệnh có thuộc trường hợp tách vụ án hình sự trong giai đoạn truy tố không?
76288,fold_2,1,>100,>100,0.0,0.0,0,Mức phạt tối đa về trang thông tin điện tử là bao nhiêu?
63610,fold_4,1,46,3,1.0,1.0,0,Thành phần hồ sơ trình quyết định chủ trương chuyển mục đích sử dụng rừng sản xuất có quy mô 700 ha sang mục đích khác gồm những gì?
162560,fold_4,1,>100,>100,0.0,0.0,0,Có bao nhiêu hình thức tổ chức hoạt động văn hóa văn nghệ?
83124,fold_1,1,21,14,1.0,1.0,0,Trưởng các phòng thuộc Viện kiểm sát việc giải quyết các vụ án hành chính có nhiệm vụ gì?
81908,fold_1,1,1,>100,1.0,1.0,0,Văn phòng tỉnh ủy là cơ quan gì?
141640,fold_0,1,1,1,1.0,1.0,0,Điều trị bảo tồn trật khớp vai thì người bệnh và hồ sơ của họ chuẩn bị như thế nào?
19658,fold_2,1,15,87,1.0,1.0,0,Tiêu chuẩn cụ thể đối với một số chức danh khác thuộc khối cơ quan Quốc hội?
45590,fold_2,1,1,1,1.0,1.0,0,Danh sách cử tri có quyền bỏ phiếu trưng cầu ý dân được lập như thế nào?
168556,fold_2,1,>100,16,1.0,1.0,0,Việc tổ chức hội nghị cung cấp thông tin về phát triển sản phẩm trên môi trường mạng được thực hiện theo quy mô như thế nào?
162868,fold_2,1,27,87,1.0,1.0,0,Thủ tục xử phạt khi vi phạm giao thông trong trường hợp không đeo tai nghe
148954,fold_4,1,2,>100,1.0,1.0,0,Cơ sở kinh doanh thực phẩm tại chợ đầu mối có cần phải lưu giữ thông tin liên quan đến việc mua bán thực phẩm hay không?
78528,fold_0,1,14,1,1.0,1.0,0,Tập tài liệu Tòa án cấp tái thẩm ban hành trong hồ sơ kiểm sát khi Viện kiểm sát giải quyết đơn đề nghị kháng nghị tái thẩm gồm những tài liệu gì?
74398,fold_0,1,3,12,1.0,1.0,0,"Khi tham gia tố tụng, đương sự có quyền được nhận bản án hay không?"
7130,fold_3,1,31,1,1.0,1.0,0,"Yêu cầu, điều kiện thực hiện thủ tục chấp thuận gia hạn trực tiếp nhận và chi trả ngoại tệ của tổ chức kinh tế là gì?"
137040,fold_1,2,27,1,1.0,1.0,0,Được thi sát hạch cấp chứng chỉ hành nghề kiến trúc trực tuyến từ 20/6/2023 theo quy định mới có đúng không?
116964,fold_0,1,14,21,1.0,1.0,0,Có phải tất cả công dân trong độ tuổi sẽ được cấp số định danh cá nhân và thẻ căn cước công dân gắn chíp điện tử?
137112,fold_0,1,1,17,1.0,1.0,0,Dịch vụ vận chuyển chất thải rắn sinh hoạt đô thị có phải dịch vụ công ích đô thị hay không?
87304,fold_0,1,1,15,1.0,1.0,0,Trình tự thực hiện thủ tục chuyển nhượng toàn bộ dự án bất động sản do Thủ tướng Chính phủ quyết định việc đầu tư được quy định ra sao?
32744,fold_1,1,3,1,1.0,1.0,0,Việc xác định tung tích nạn nhân trong vụ tai nạn giao thông đường thủy nội địa được thực hiện như thế nào?
137310,fold_4,1,12,2,1.0,1.0,0,Mức xử phạt đối với hành vi xả nước thải vào lòng đất thông qua các giếng đào như thế nào?
42636,fold_3,1,16,2,1.0,1.0,0,Doanh nghiệp cung cấp dịch vụ trò chơi điện tử G1 có hình ảnh xúc phạm anh hùng dân tộc thì bị xử phạt thế nào?
81812,fold_0,1,10,2,1.0,1.0,0,Phẫu thuật vết thương phần mềm tổn thương thần kinh giữa được chỉ định thực hiện khi nào?
30306,fold_0,1,7,>100,1.0,1.0,0,Thế nào là thức ăn đường phố?
88582,fold_1,1,2,7,1.0,1.0,0,"Điều kiện thay đổi, cải chính hộ tịch theo quy định pháp luật"
138132,fold_0,1,1,1,1.0,1.0,0,Cơ quan nào là cơ quan thường trực Hội đồng thẩm định loài động vật hoang dã thuộc Danh mục loài nguy cấp?
163234,fold_4,2,1,31,1.0,1.0,0,Điều kiện thi hoặc xét tuyển chức danh nghề nghiệp giáo viên là gì?
136016,fold_1,1,1,5,1.0,1.0,0,Nếu nhận hai trẻ em trở lên là anh chị em ruột làm con nuôi thì người nhận nuôi con nuôi nước ngoài có được giảm lệ phí đăng ký nuôi con nuôi không?
22612,fold_1,1,>100,9,1.0,1.0,0,Người tập sự viên chức trong thời gian tập sự người hướng dẫn tập sự không?
30468,fold_4,2,1,82,1.0,1.0,0,"Lương của người quản lý doanh nghiệp có cổ phần, vốn góp của nhà nước có được trả trong trường hợp doanh nghiệp kinh doanh thua lỗ không?"
8302,fold_1,1,1,1,1.0,1.0,0,Việc phổ biến kế hoạch tiến hành thanh tra chuyên ngành hải quan cho thành viên đoàn thanh tra được thực hiện như thế nào?
67556,fold_4,1,>100,6,1.0,1.0,0,Trình tự giải quyết kháng cáo quá hạn vụ án hình sự như thế nào?
113494,fold_1,1,1,99,1.0,1.0,0,Kinh doanh bất động sản là gì?
68776,fold_3,1,1,>100,1.0,1.0,0,Thẩm tra viên chính tại Tòa án quân sự quân khu được hưởng phụ cấp trách nhiệm theo nghề không?
138372,fold_1,1,9,15,1.0,1.0,0,Cán bộ cấp huyện được bao nhiêu phần trăm số người được triệu tập ở các hội nghị đồng ý thì trình cấp có thẩm quyền xem xét bổ nhiệm lại?
107118,fold_2,1,32,17,1.0,1.0,0,Tạm thời chuyển công nhân sang làm công việc khác so với hợp đồng lao động phải báo trước mấy ngày?
5634,fold_2,1,2,20,1.0,1.0,0,Bổ nhiệm công chứng viên được thực hiện như thế nào?
128600,fold_3,1,1,1,1.0,1.0,0,Bổ sung quy định cách tính và thực hiện bù trừ số tiền nộp phạt chênh lệch?
164992,fold_4,1,4,8,1.0,1.0,0,Xây dựng công trình không đúng quy hoạch xây dựng có phải là hành vi bị cấm hay không?
167436,fold_1,1,>100,8,1.0,1.0,0,Người làm chứng đi công tác xa không có nhà thì giấy triệu tập người làm chứng được gửi như thế nào?
120604,fold_3,1,1,1,1.0,1.0,0,"Nguyên tắc xác định giá cho thuê, giá khởi điểm để đấu giá cho thuê, chuyển nhượng có thời hạn quyền khai thác tài sản kết cấu hạ tầng giao thông, thủy lợi như thế nào?"
49190,fold_4,1,1,>100,1.0,1.0,0,Tổng hợp nội dung báo cáo tài chính của doanh nghiệp có vốn đầu tư nước ngoài như thế nào?
27576,fold_4,1,18,10,1.0,1.0,0,Thiết bị đo đếm nước do cơ quan nào có kiểm chuẩn và niêm phong?
29220,fold_0,1,1,36,1.0,1.0,0,Theo quy định của pháp luật nhà giáo phải đáp ứng các tiêu chuẩn nào?
78740,fold_4,1,4,1,1.0,1.0,0,"Yêu cầu đối với việc phối trộn phụ gia thực phẩm, phụ gia thực phẩm hỗn hợp như thế nào?"
14004,fold_3,1,1,33,1.0,1.0,0,Hội đồng Tư vấn chính sách tài chính quốc gia có cơ cấu như thế nào?
92126,fold_3,1,8,2,1.0,1.0,0,"Thứ trưởng, Phó chủ nhiệm Ủy ban Dân tộc có trách nhiệm và quyền hạn gì trong phạm vi công việc được phân công?"
17134,fold_1,1,1,56,1.0,1.0,0,Đối tượng được hưởng phụ cấp công vụ bao gồm những ai?
162684,fold_2,1,1,>100,1.0,1.0,0,Người đứng đầu Học viện trực thuộc Bộ Quốc phòng có trách nhiệm gì khi tiếp công dân?
56728,fold_1,1,1,>100,1.0,1.0,0,Định nghĩa sản phẩm in đã được sửa đổi như thế nào?
128956,fold_4,1,1,6,1.0,1.0,0,Quỹ hỗ trợ phát triển Y tế và Giáo dục Việt Nam có tư cách pháp nhân hay không?
106464,fold_2,1,1,>100,1.0,1.0,0,Mức hỗ trợ học nghề đối với người lao động tham gia bảo hiểm thất nghiệp được pháp luật quy định như thế nào?
133548,fold_0,2,2,22,1.0,1.0,0,Trường trung học phổ thông quy định về việc chi và sử dụng khoản thu từ dạy thêm học thêm cho giáo viên như thế nào?
78056,fold_0,3,90,9,1.0,1.0,0,Tình hình triển khai Chương trình phục hồi và phát triển kinh tế - xã hội như thế nào?
126126,fold_3,1,1,1,1.0,1.0,0,Phẫu thuật nối tắt tĩnh mạch chủ điều trị bệnh tim bẩm sinh phức tạp chỉ định cho người bệnh khi nào?
50332,fold_3,1,30,1,1.0,1.0,0,Kiểm soát viên của Tổng công ty Thuốc lá Việt Nam không thực hiện nghĩa vụ được giao trong 02 tháng liên tục thì có bị cách chức hay không?
69122,fold_4,1,2,28,1.0,1.0,0,Làm thủ tục khai sinh khi mất giấy đăng ký kết hôn như thế nào?
714,fold_0,1,3,5,1.0,1.0,0,Việc bảo đảm bình đẳng giới trong trợ giúp pháp lý nhằm mục tiêu gì?
4948,fold_1,1,3,20,1.0,1.0,0,Các hóa chất thuộc danh mục hóa chất cấm được pháp luật quy định như thế nào?
155506,fold_0,1,9,9,1.0,1.0,0,Giấy chứng nhận kết hôn có hiệu lực khi nào theo quy định của pháp luật?
10694,fold_3,1,59,1,1.0,1.0,0,Bên nhận ký cược có quyền yêu cầu bên ký cược chấm dứt việc bán tài sản ký cược không?
163682,fold_4,1,1,1,1.0,1.0,0,Hội đồng điều phối Vùng Thủ đô thực hiện hoạt động điều phối thông qua các phương thức nào?
15436,fold_0,1,2,1,1.0,1.0,0,"Các tổ chức, cá nhân ủng hộ Quỹ vì biển đảo Việt Nam trong trường hợp không giao trực tiếp có thể gửi bằng hình thức nào khác?"
14926,fold_4,1,1,1,1.0,1.0,0,Thủ tục xử lý hồ sơ yêu cầu ra quyết định bắt buộc chuyển giao quyền sử dụng sáng chế được thực hiện như thế nào?
81224,fold_3,2,1,1,1.0,1.0,0,Di chúc có thể bị hủy không? Người giữ di chúc có thể hủy di chúc hợp pháp đã được lập trước đó hay không?
155408,fold_2,1,16,>100,1.0,1.0,0,Thời hạn giải quyết thủ tục đăng ký nhận cha mẹ con bằng hình thức online là trong bao lâu?
112282,fold_2,1,10,26,1.0,1.0,0,Trợ giúp viên pháp lý hướng dẫn tập sự phải đáp ứng những yêu cầu nào?
34580,fold_0,1,55,>100,1.0,1.0,0,Chuyển đổi vị trí công tác được thực hiện như thế nào?
85794,fold_4,1,16,62,1.0,1.0,0,Tuyển sinh lớp 10 theo các phương thức nào?
153138,fold_1,1,20,10,1.0,1.0,0,Thẻ bảo hiểm y tế do cơ quan bảo hiểm xã hội phát hành bao gồm những thông tin gì?
80594,fold_3,1,10,82,1.0,1.0,0,Hồ sơ công chức được cơ quan nhà nước bảo quản theo chế độ nào?
79522,fold_4,1,3,12,1.0,1.0,0,Công tác xây dựng đề án đánh giá khoáng sản bao gồm những công việc gì?
24106,fold_3,1,77,14,1.0,1.0,0,Cơ sở chế biến thủy sản khi thực hiện chế biến sản phẩm thủy sản đông lạnh cần đáp ứng những yêu cầu gì?
163864,fold_4,1,9,>100,1.0,1.0,0,Thủ tục khai báo tạm trú cho người nước ngoài sinh sống tại Việt Nam thực hiện như thế nào?
48602,fold_3,1,44,44,1.0,1.0,0,Việc huy động vốn của Trung tâm Lưu ký Chứng khoán Việt Nam phải đảm bảo tuân thủ những nguyên tắc gì?
4420,fold_4,1,1,1,1.0,1.0,0,Xây dựng các chính sách liên quan đến dinh dưỡng nhằm đáp ứng các vấn đề dinh dưỡng mới nổi và cấp thiết
146548,fold_3,1,1,>100,1.0,1.0,0,"Hệ số, số lượng và cơ cấu loại cán bộ trong công tác quy hoạch?"
103192,fold_3,1,20,6,1.0,1.0,0,Chuyển đất trồng lúa sang đất trồng cây lâu năm có phải xin phép cơ quan nhà nước không?
46256,fold_4,1,17,21,1.0,1.0,0,"Khi thực hiện các hoạt động trợ giúp pháp lý, tổ chức thực hiện trợ giúp pháp lý có trách nhiệm gì?"
92370,fold_4,1,15,2,1.0,1.0,0,Quy định chung về việc làm việc trên cao trong thi công xây dựng như thế nào?
68122,fold_2,1,1,1,1.0,1.0,0,"Có mấy hình thức thanh toán trong các giao dịch mua bán, trao đổi hàng hóa và dịch vụ thương mại giữa thương nhân Việt Nam và thương nhân Campuchia?"
140262,fold_3,1,1,3,1.0,1.0,0,Nguyên tắc thực hiện tinh giản biên chế gồm những gì?
32300,fold_3,1,6,36,1.0,1.0,0,Giám đốc ngân hàng có thể dùng tài sản của mình để bảo đảm cho bên thứ ba vay vốn không?
117450,fold_3,1,14,>100,1.0,1.0,0,Khi sử dụng đất trồng lúa để xây dựng nhà mồ cho cả dòng họ thì cần lưu ý những vấn đề gì?
163336,fold_2,1,30,>100,1.0,1.0,0,Điều chỉnh môn học Lịch sử từ môn học lựa chọn thuộc nhóm môn Khoa học xã hội) trở thành môn học bắt buộc?
90424,fold_1,1,4,4,1.0,1.0,0,Có được vay ngoại tệ để trả tiền nhập khẩu hàng hóa không?
126802,fold_4,1,1,43,1.0,1.0,0,Việc chứng thực chữ ký được thực hiện theo thủ tục như thế nào?
52634,fold_1,1,1,2,1.0,1.0,0,Nếu mua chung cư người nước ngoài có được quyền mua toàn bộ số nhà trong chung cư không?
102500,fold_3,1,7,7,1.0,1.0,0,Khi ly hôn thì vợ chồng được quyền lưu cư trong thời hạn bao lâu?
114252,fold_1,1,2,3,1.0,1.0,0,Giám đốc Công an tỉnh có quyền xử phạt kiểm định viên chất lượng giáo dục nghề nghiệp làm sai lệch nội dung hồ sơ đánh giá ngoài không?
32856,fold_2,1,2,2,1.0,1.0,0,"Cơ quan nào được quản lý phương tiện, thiết bị kỹ thuật nghiệp vụ trong lĩnh vực giao thông?"
160990,fold_2,1,7,32,1.0,1.0,0,Việc cha mẹ không gửi tiền chăm lo cho con chưa thành niên sẽ bị xử phạt vi phạm hành chính thế nào?
121588,fold_4,1,2,9,1.0,1.0,0,Công trình kiến trúc có giá trị được phân thành mấy loại?
47188,fold_3,1,42,67,1.0,1.0,0,Va chạm giao thông không bị thiệt hại thì có phải bồi thường?
116970,fold_0,1,11,10,1.0,1.0,0,"Mức phạt tiền chung đối với cá nhân, tổ chức khi vi phạm giao thông"
56318,fold_3,1,3,51,1.0,1.0,0,Trách nhiệm của cơ sở khám bệnh chữa bệnh đối với hồ sơ bệnh án của bệnh nhân như thế nào?
19334,fold_1,1,>100,67,1.0,1.0,0,Thế nào là trái phiếu chuyển đổi?
20222,fold_1,1,4,27,1.0,1.0,0,"Có bao nhiêu hình thức để phản ánh, kiến nghị về quy định hành chính của Bảo hiểm xã hội Việt Nam?"
33298,fold_0,1,>100,94,1.0,1.0,0,Việc thông báo Quyết định gia hạn điều tra được thực hiện như thế nào?
127488,fold_2,1,30,96,1.0,1.0,0,Người chơi đá gà vào dịp Tết Âm lịch bị phạt hành chính bao nhiêu tiền?
139676,fold_1,2,1,3,1.0,1.0,0,Cha mẹ chưa đăng ký kết hôn thì có bị buộc phải nộp giấy chứng nhận kết hôn mới có thể đăng ký khai sinh cho con hay không?
86138,fold_2,1,52,7,1.0,1.0,0,Lao động nữ đi làm lại sau sinh được nghỉ mỗi ngày mấy phút trong thời gian làm việc? Có bị trừ lương không?
29978,fold_4,1,10,>100,1.0,1.0,0,Công ty được trả lương qua tài khoản cá nhân của người lao động được mở tại ngân hàng không?
58318,fold_1,1,1,9,1.0,1.0,0,Hội viên của Hội Hữu nghị Việt Nam và Cu Ba có các nhiệm vụ như thế nào?
98112,fold_3,1,9,4,1.0,1.0,0,Tội sử dụng trái phép vũ khí quân dụng có mấy khung hình phạt?
147664,fold_0,1,1,1,1.0,1.0,0,Trong mua bán hàng hóa quốc tế thì người mua có mất quyền đòi bồi thường thiệt hại khi họ sử dụng quyền dùng một biện pháp bảo hộ pháp lý khác không?
153106,fold_4,1,1,1,1.0,1.0,0,Cơ quan nào có trách nhiệm xây dựng cơ sở dữ liệu ảnh viễn thám quốc gia?
121612,fold_3,1,1,>100,1.0,1.0,0,Ủy ban kinh tế của Quốc hội bao gồm những ai?
58244,fold_1,2,27,4,1.0,1.0,0,Thủ tục gia hạn đất nông nghiệp trồng cây lâu năm đối với hộ gia đình như thế nào?
82694,fold_3,1,2,4,1.0,1.0,0,Phương thức đóng bảo hiểm xã hội mà đối với đối tượng tham gia bảo hiểm xã hội tự nguyện như thế nào?
34782,fold_2,1,1,4,1.0,1.0,0,Tiêu chí đăng ký xét chọn sản phẩm đạt Thương hiệu quốc gia Việt Nam là gì?
134980,fold_2,1,5,60,1.0,1.0,0,Trình tự đổi giấy phép lái xe được quy định cụ thể như thế nào?
2588,fold_1,1,1,1,1.0,1.0,0,Kỷ niệm chương Vì sự nghiệp Tư pháp được xét tặng theo nguyên tắc nào?
160356,fold_0,1,6,14,1.0,1.0,0,Cơ quan có thẩm quyền thu hồi đất gồm những cơ quan nào?
3010,fold_4,1,1,7,1.0,1.0,0,Khi luật sư phải tham gia tố tụng theo yêu cầu của cơ quan tiến hành tố tụng thì mức thù lao chi trả cho luật sư đó được xác định như thế nào?
147506,fold_2,1,1,58,1.0,1.0,0,Trình tự Quốc hội phê chuẩn điều ước quốc tế tại kỳ họp Quốc hội được quy định thế nào?
134062,fold_2,1,1,5,1.0,1.0,0,Cơ quan thi hành án hình sự không được kê biên tài sản đối với những loại tài sản nào của pháp nhân thương mại?
71684,fold_4,1,17,>100,1.0,1.0,0,Muốn trở thành nhân viên thủ quỹ trong cơ quan hành chính nhà nước phải đáp ứng những tiêu chuẩn nào về năng lực?
153648,fold_4,1,3,31,1.0,1.0,0,Người có công với cách mạng được vay vốn ưu đãi để kinh doanh không?
149648,fold_2,1,1,1,1.0,1.0,0,Cơ cấu tổ chức của Hội Hỗ trợ gia đình liệt sĩ Việt Nam gồm những cơ quan nào?
27024,fold_4,1,3,4,1.0,1.0,0,Có bị tước bằng lái xe ô tô không theo quy định của pháp luật?
91152,fold_3,1,1,1,1.0,1.0,0,"Khi tổ chức thi đấu và biểu diễn môn Lân Sư Rồng trong nhà, trang thiết bị thi đấu và biểu diễn được chuẩn bị như thế nào?"
145274,fold_4,1,3,26,1.0,1.0,0,Ai có quyền khởi kiện vụ án?
112086,fold_4,2,1,3,1.0,1.0,0,Học sinh trường giáo dưỡng sẽ bị xử lý kỷ luật theo hình thức nào nếu che giấu hành vi vi phạm của học sinh khác?
66126,fold_2,1,12,7,1.0,1.0,0,Hồ sơ hoàn thuế thu nhập cá nhân bao gồm những nội dung gì? Có thể nộp hồ sơ hoàn thuế thu nhập cá nhân ở những nơi nào?
24376,fold_4,1,1,1,1.0,1.0,0,Chức năng của Ban Quản lý Lăng Chủ tịch Hồ Chí Minh là gì?
11456,fold_0,1,4,37,1.0,1.0,0,Có thể đăng ký xin cấp lại thẻ căn cước công dân gắn chip ở đâu khi làm mất thẻ căn cước công dân?
91948,fold_1,1,1,>100,1.0,1.0,0,Viện Khoa học Lao động và Xã hội có được hợp tác nghiên cứu khoa học với các tổ chức nước ngoài không?
3584,fold_3,1,1,18,1.0,1.0,0,Điều kiện được cấp chứng chỉ kiểm toán viên năng lượng là gì?
92974,fold_0,1,4,24,1.0,1.0,0,Học sinh trung học cơ sở có được dùng điểm trung bình ở trường cũ tính điểm trung bình cả năm ở trường mới không?
126048,fold_3,1,4,2,1.0,1.0,0,Biểu thuế nhập khẩu ưu đãi đặc biệt của Việt Nam để thực hiện Hiệp định EVFTA hiện nay được quy định thế nào?
29638,fold_1,1,1,1,1.0,1.0,0,Ban Thư ký Hội đồng Cạnh tranh làm việc theo chế độ nào?
128348,fold_2,1,>100,>100,0.0,0.0,0,Chỉ huy trưởng có được quản lý đồng thời nhiều công trình?
75000,fold_0,1,24,57,1.0,1.0,0,Nhiệm vụ và quyền hạn của Bộ Văn hóa Thể thao và Du lịch về điện ảnh được quy định như thế nào?
71952,fold_3,1,5,>100,1.0,1.0,0,Kiểm toán viên chính được quy định như thế nào?
45228,fold_2,1,59,3,1.0,1.0,0,Thỏa thuận mượn nợ bằng miệng có người làm chứng và có đoạn ghi âm thì có được xem là hợp đồng vay tài sản hợp pháp không?
95826,fold_2,1,>100,17,1.0,1.0,0,"Khi hết thời gian tập sự, người tập sự phải báo cáo kết quả tập sự những nội dung gì?"
40074,fold_0,1,10,65,1.0,1.0,0,Có được điều chỉnh hợp đồng xây dựng khi gặp các trường hợp bất khả kháng hay không?
19274,fold_2,1,2,3,1.0,1.0,0,Người được giảm tạm ứng án phí ly hôn có đương nhiên được giảm án phí không?
16408,fold_4,1,1,17,1.0,1.0,0,Trường hợp nào thì được miễn nộp thuế thu nhập cá nhân?
86008,fold_2,1,53,16,1.0,1.0,0,Biên bản nghiệm thu công trình xây dựng gồm những nội dung gì và ai phải ký vào biên bản nghiệm thu công trình xây dựng đưa vào sử dụng?
106492,fold_1,2,30,2,1.0,1.0,0,Thủ tục cấp lại thẻ BHYT như thế nào?
158360,fold_3,1,3,51,1.0,1.0,0,Người lao động bị tai nạn lao động có được cấp thẻ bảo hiểm y tế miễn phí không?
30888,fold_1,2,4,1,1.0,1.0,0,Thời gian xét tặng Huy chương Quân kỳ quyết thắng là khi nào?
145556,fold_1,2,23,4,1.0,1.0,0,"Trong hồ sơ kiểm sát việc xem xét quyết định của Tòa án cấp sơ thẩm bị kháng nghị, tập tài liệu do Tòa án cấp phúc thẩm ban hành gồm những tài liệu gì?"
92966,fold_3,1,13,52,1.0,1.0,0,Đánh bài trong 3 mùng tết có thể bị đi tù hay không?
10936,fold_4,1,1,>100,1.0,1.0,0,Cần có các giấy tờ chứng minh quyền sử dụng đất nào để được cấp Giấy phép ở tỉnh Hòa Bình?
63656,fold_2,1,1,1,1.0,1.0,0,Các bước xác định giá trị của tài sản là kết quả của nhiệm vụ khoa học và công nghệ?
78104,fold_1,1,9,1,1.0,1.0,0,Mạng bưu chính công cộng khi cung cấp dịch vụ bưu chính KT1 phải đáp ứng yêu cầu gì?
122700,fold_2,1,4,>100,1.0,1.0,0,Chức trách của kiểm toán viên cao cấp được pháp luật quy định như thế nào?
142590,fold_4,1,1,1,1.0,1.0,0,Chánh án Tòa án nhân dân cấp tỉnh tiến hành thực hiện kiểm tra đối với lĩnh vực công tác nào của đối tượng kiểm tra?
97186,fold_0,1,1,>100,1.0,1.0,0,Việc lưu trữ hồ sơ kiểm sát được thực hiện ra sao?
65618,fold_0,1,1,12,1.0,1.0,0,Khung chương trình huấn luyện sơ cấp cứu chữ thập đỏ cụ thể được thực hiện như thế nào?
110096,fold_3,1,1,23,1.0,1.0,0,Thành phần của Hội đồng thẩm định ngành về chương trình giáo dục trung cấp chuyên nghiệp bao gồm những ai?
44128,fold_0,1,1,1,1.0,1.0,0,Quỹ vì người nghèo của thành phố Hồ Chí Minh có phương thức hỗ trợ nào?
25862,fold_1,1,3,3,1.0,1.0,0,Người sử dụng lao động có được giữ lương của người lao động khi đơn phương chấm dứt hợp đồng không?
20330,fold_2,1,13,26,1.0,1.0,0,Để công khai thông tin gồm những hình thức nào? Có bao gồm công khai trên phương tiện thông tin đại chúng không?
16580,fold_1,1,1,1,1.0,1.0,0,Cơ quan nào có quyền quyết định điều chỉnh chủ trương đầu tư dự án PPP khi thay đổi địa điểm của dự án?
115586,fold_0,1,4,5,1.0,1.0,0,Người học ngành may thời trang trình độ trung cấp muốn tốt nghiệp thì phải hoàn thành tối thiểu bao nhiêu tín chỉ?
145762,fold_2,1,57,>100,1.0,1.0,0,Quyền của Ban kiểm soát trong Doanh nghiệp nhà nước là gì?
87142,fold_2,1,13,1,1.0,1.0,0,"Người học ngành thiết kế thời trang trình độ cao đẳng phải có khả năng học tập, nâng cao trình độ như thế nào?"
144270,fold_2,1,1,1,1.0,1.0,0,Cơ quan nào có trách nhiệm giải quyết hồ sơ cấp Giấy Chứng nhận lưu hành tự do (CFS) đối với hàng hóa xuất khẩu trong lĩnh vực thông tin và truyền thông?
53878,fold_3,2,1,1,1.0,1.0,0,Quy cách cờ Đảng Cộng sản Việt Nam được quy định như thế nào?
94000,fold_3,1,13,72,1.0,1.0,0,Quyền và nghĩa vụ của luật sư được quy định như thế nào?
147052,fold_2,1,2,1,1.0,1.0,0,Giáo viên để lộ bài kiểm tra cấp chứng chỉ tiếng dân tộc thiểu số thì bị xử lý vi phạm như thế nào?
68206,fold_0,1,6,1,1.0,1.0,0,Tổ chức tín dụng là hợp tác xã phải thực hiện kiểm toán độc lập lại trong trường hợp nào?
167724,fold_1,1,6,1,1.0,1.0,0,Đổ rác thải ra công trình thủy lợi có bị xử phạt vi phạm hành chính không?
119610,fold_3,1,41,19,1.0,1.0,0,Bài thi vòng 1 trong thi tuyển công chức cấp huyện được được làm trên máy tính hay trên giấy?
159232,fold_3,1,3,81,1.0,1.0,0,Trường hợp nào không được xem là định giá lại tài sản trong tố tụng hình sự?
150908,fold_0,2,4,4,1.0,1.0,0,Bản đồ địa hình có được đăng ký bảo hộ quyền tác giả hay không?
167372,fold_0,1,28,2,1.0,1.0,0,"Người trên 18 tuổi có còn bị áp dụng biện pháp giáo dục tại xã, phường, thị trấn nữa hay không?"
39838,fold_0,1,1,>100,1.0,1.0,0,Trách nhiệm và quyền hạn của Vụ trưởng Vụ Tổ chức cán bộ thuộc Bộ Tài chính quy định ra sao?
85576,fold_3,1,>100,50,1.0,1.0,0,Bị can và hội thẩm có mối quan hệ họ hàng với nhau thì có được thay đổi hội thẩm không?
58374,fold_3,1,1,92,1.0,1.0,0,Lựa chọn công chứng đối với hợp đồng ủy quyền thì việc công chứng thực hiện như thế nào?
150452,fold_4,1,1,2,1.0,1.0,0,Điều kiện cho người bị kết án phạt tù được hưởng án treo là gì?
161632,fold_4,1,2,1,1.0,1.0,0,Việc lập hồ sơ bổ nhiệm cấp phó của người đứng đầu Văn phòng thuộc Bộ GDĐT thực hiện như thế nào?
99622,fold_0,1,16,>100,1.0,1.0,0,"Việc kê khai, thu, nộp, quyết toán phí thẩm định cấp, cấp lại, điều chỉnh Giấy phép môi trường trên địa bàn Thành phố Hồ Chí Minh được thực hiện như thế nào?"
58996,fold_2,1,1,1,1.0,1.0,0,Suất tiêu hao năng lượng của cơ sở sản xuất nhựa kỹ thuật đang hoạt động cao hơn định mức tiêu hao năng lượng thì xử lý như thế nào?
100004,fold_0,1,1,5,1.0,1.0,0,"Người phạm tội mua bán, chiếm đoạt bộ phận cơ thể người gây chết người sẽ bị truy cứu trách nhiệm hình sự thế nào?"
27478,fold_4,1,4,68,1.0,1.0,0,12 trường hợp phải đăng ký biến động đất đai?
82966,fold_1,1,1,>100,1.0,1.0,0,Để đăng ký hỗ trợ đối với Quỹ Phát triển khoa học và công nghệ Bộ Quốc phòng thì cần đáp ứng những điều kiện gì?
70014,fold_3,1,1,2,1.0,1.0,0,Cơ cấu tổ chức của Tạp chí Thanh tra như thế nào?
154496,fold_2,1,8,1,1.0,1.0,0,Đoàn kiểm tra cần hoàn thành công tác kiểm tra việc lựa chọn nhà thầu của chủ đầu tư trong thời hạn bao nhiêu ngày đối với trường hợp phức tạp?
159502,fold_1,2,25,>100,1.0,1.0,0,Trách nhiệm của Hội đồng lao động là gì?
142336,fold_4,1,1,1,1.0,1.0,0,Quy định về giá đất chưa sử dụng trên địa bàn tỉnh Vĩnh Phúc?
59788,fold_4,1,3,>100,1.0,1.0,0,"Đề xuất quy định chuẩn mực đạo đức về năng lực và sự chuyên cần của cán bộ, công chức và viên chức như thế nào?"
118668,fold_1,1,1,15,1.0,1.0,0,Đồng phạm trong tội danh phá rối an ninh có được hưởng án treo hay không?
13006,fold_1,1,20,>100,1.0,1.0,0,Đảng viên được đánh giá hoàn thành xuất sắc khi đáp ứng điều kiện nào?
66356,fold_3,1,74,2,1.0,1.0,0,Trường hợp nào thì được chuyển tiếp đăng ký thế chấp quyền tài sản phát sinh từ hợp đồng mua bán nhà ở hoặc từ hợp đồng mua bán tài sản khác gắn liền với đất?
117046,fold_3,1,2,1,1.0,1.0,0,Đoàn Chủ tịch Hội Cựu thanh niên xung phong Việt Nam bao gồm những ai?
68608,fold_2,1,6,1,1.0,1.0,0,Ai có quyền quyết định giao chỉ tiêu huấn luyện binh sĩ dự bị hạng hai?
107014,fold_1,1,2,5,1.0,1.0,0,Hội Mỹ thuật Việt Nam có những quyền hạn gì theo quy định của pháp luật?
16528,fold_1,1,16,>100,1.0,1.0,0,Trái phiếu doanh nghiệp được hiểu như thế nào?
4644,fold_0,1,63,>100,1.0,1.0,0,Phải đáp ứng những điều kiện nào để được bổ nhiệm Thẩm phán năm 2023?
9866,fold_4,2,14,6,1.0,1.0,0,Người bị kỷ luật có được bổ nhiệm làm Hiệu trưởng trường trung học phổ thông hay không?
81668,fold_1,1,1,>100,1.0,1.0,0,Có cần phải xin chủ trương đầu tư trước khi đầu tư hay không?
100022,fold_1,1,1,3,1.0,1.0,0,Tờ trình Chủ tịch nước bổ nhiệm Kiểm sát viên Viện Kiểm sát quân sự Trung ương phải kèm theo những giấy tờ gì?
54492,fold_3,1,1,>100,1.0,1.0,0,Người làm gốm Bát Tràng muốn được công nhận danh hiệu nghệ nhân thì phải đáp ứng những tiêu chuẩn nào?
67502,fold_3,1,37,>100,1.0,1.0,0,"Để làm cơ sở từ chối tiếp người trong tình trạng say xỉn, người tiếp công dân cần làm gì?"
1870,fold_0,1,1,1,1.0,1.0,0,Giấy ủy quyền của cá nhân nước ngoài cho cá nhân nước ngoài khác để được công nhận và sử dụng tại Việt Nam có cần được hợp pháp hóa lãnh sự không?
128590,fold_1,1,1,1,1.0,1.0,0,"Viên chức Bộ Tài chính thuộc dân tộc có nguy cơ suy giảm dân số sinh con thứ ba thì có bị xem là vi phạm chính sách dân số, kế hoạch hóa gia đình không?"
136926,fold_0,1,1,94,1.0,1.0,0,Điều kiện để thành lập công ty chứng khoán được quy định như thế nào? Sử dụng ngoại tệ để góp vốn thành lập công ty được không?
136442,fold_2,1,1,1,1.0,1.0,0,Thủ tục xóa đăng ký phương tiện phục vụ vui chơi giải trí dưới nước được thực hiện trình tự như thế nào?
3936,fold_4,1,20,2,1.0,1.0,0,Thí sinh thi tốt nghiệp THPT được rời khỏi phòng thi sớm đối với những môn thi nào theo quy định?
132150,fold_0,1,57,1,1.0,1.0,0,Người yêu cầu tuyên bố một người mất tích vắng mặt tại phiên họp giải quyết thì tòa án có đình chỉ giải quyết yêu cầu đó không?
145684,fold_0,1,>100,4,1.0,1.0,0,Giám định điều kiện thanh toán thuốc có nội dung gì?
115334,fold_0,1,1,1,1.0,1.0,0,Chủ trương đầu tư dự án PPP thuộc phạm vi quản lý của địa phương có được điều chỉnh khi thay đổi địa điểm của dự án không?
152904,fold_4,1,2,1,1.0,1.0,0,Người cán bộ Kiểm sát có những yêu cầu chung gì?
158958,fold_4,1,2,2,1.0,1.0,0,Mục đích và yêu cầu của việc tổ chức lấy ý kiến về dự thảo Luật Đất đai (sửa đổi) là gì?
118268,fold_2,1,1,1,1.0,1.0,0,"Nội dung việc hoàn thiện hệ sinh thái phục vụ kết nối, khai thác, bổ sung làm giàu dữ liệu dân cư"
31880,fold_2,1,2,1,1.0,1.0,0,Muốn đăng ký bằng tin nhắn cho phương tiện thủy nội địa vào bến thủy nội địa thì thực hiện như thế nào?
40186,fold_2,1,1,1,1.0,1.0,0,Điều kiện được tách thửa đất tỉnh Lào Cai?
62950,fold_1,1,2,22,1.0,1.0,0,Vấn đề bảo vệ nước dưới đất được quy định thế nào?
8204,fold_2,1,27,98,1.0,1.0,0,"Điều kiện thành lập trại tôm, cá giống?"
20110,fold_4,1,1,5,1.0,1.0,0,Ban kiểm soát Quỹ Phát triển vì cộng đồng có nhiệm kỳ bao nhiêu năm?
52186,fold_2,1,2,1,1.0,1.0,0,Công bố 05 quy chuẩn kỹ thuật quốc gia về chất lượng môi trường xung quanh?
18490,fold_4,1,2,2,1.0,1.0,0,"Thẩm phán tiến hành thủ tục phá sản có nhiệm vụ, quyền hạn như thế nào?"
55394,fold_4,2,2,6,0.5,0.5,0,Kinh phí khuyến nông địa phương được sử dụng cho hoạt động khuyến nông do ai quản lý?
134566,fold_2,1,6,2,1.0,1.0,0,Người sử dụng lao động có được phép sử dụng người lao động mang thai từ tháng thứ 07 làm việc vào ban đêm không?
111208,fold_0,1,46,1,1.0,1.0,0,Khi nào viên chức tập sự được bổ nhiệm vào chức danh nghề nghiệp?
69600,fold_0,1,17,23,1.0,1.0,0,Thời hạn sử dụng thẻ bảo hiểm y tế là bao lâu?
55152,fold_3,1,4,6,1.0,1.0,0,Hướng dẫn một số nhiệm vụ quan trọng thúc đẩy triển khai chuyển đổi số năm 2022?
76932,fold_4,1,1,1,1.0,1.0,0,Người chơi đặt cược tại các cơ sở kinh doanh đặt cược có những quyền và nghĩa vụ gì?
100778,fold_2,1,3,1,1.0,1.0,0,Trình tự thủ tục và hồ sơ đề nghị cấp Giấy phép vận tải đường bộ quốc tế giữa Việt Nam và Campuchia quy định như thế nào?
63920,fold_1,1,14,1,1.0,1.0,0,Hồ sơ trình Thủ tướng Chính phủ phê duyệt kết quả chào thầu cạnh tranh dự án tìm kiếm thăm dò và khai thác dầu khí gồm những gì?
70520,fold_1,1,4,3,1.0,1.0,0,Người nộp thuế đã chết có được cơ quan thuế khoanh nợ và xóa nợ tiền chậm nộp hay không?
86176,fold_4,1,13,2,1.0,1.0,0,Khi nào người bệnh được chỉ định phẫu thuật gãy xương bàn ngón tay?
144138,fold_4,1,12,>100,1.0,1.0,0,Mã số thuế của doanh nghiệp sau khi đã đóng mã số thuế thì có được sử dụng tiếp không?
90064,fold_3,1,52,2,1.0,1.0,0,Nhà thầu nước ngoài sau khi liên danh với nhà thầu Việt Nam thì có được cấp giấy phép hoạt động xây dựng không?
40624,fold_4,1,1,6,1.0,1.0,0,Đơn vị nào thay mặt Ban Chấp hành Trung ương Hội Thần kinh học Việt Nam quản lý tài chính của Hội?
126310,fold_0,1,1,2,1.0,1.0,0,Cơ quan nào có thẩm quyền xét tặng Giải thưởng Hồ Chí Minh về khoa học và công nghệ?
63848,fold_1,1,1,3,1.0,1.0,0,Khi nào không phải thông báo thực hiện khuyến mại giảm giá?
101426,fold_1,1,1,1,1.0,1.0,0,"Tuyển chọn, đào tạo, huấn luyện, bồi dưỡng và bố trí sử dụng cán bộ, chiến sĩ Cảnh sát cơ động?"
112620,fold_1,1,88,8,1.0,1.0,0,Chức danh Phó Tổng Cục trưởng Tổng cục Hải quan phải đáp ứng tiêu chuẩn về trình độ chuyên môn nghiệp vụ như thế nào?
159766,fold_1,1,10,>100,1.0,1.0,0,Các chức danh nghề nghiệp viên chức gồm những gì?
54150,fold_2,1,1,>100,1.0,1.0,0,Khi thực hiện việc kết nối với mạng Ngân hàng Nhà nước thì cần đáp ứng những yêu cầu nào?
49054,fold_0,1,1,>100,1.0,1.0,0,Người lao động có được phép thỏa thuận không tham gia bảo hiểm xã hội với người sử dụng lao động không?
56156,fold_1,1,>100,1,1.0,1.0,0,Công dân có thể chọn đơn vị quản lý cơ sở dữ liệu quốc gia về dân cư không?
52830,fold_4,1,1,1,1.0,1.0,0,"Khi thực hiện đánh giá xếp loại chất lượng công chức của Bộ Tài chính, người có thẩm quyền căn cứ vào những nội dung nào?"
55072,fold_4,1,1,7,1.0,1.0,0,Trách nhiệm của cơ quan thẩm quyền tiến hành tố tụng hình sự được quy định thế nào?
166902,fold_1,1,23,30,1.0,1.0,0,Xử lý thế nào với tội lây truyền HIV cho người khác?
72924,fold_0,1,2,10,1.0,1.0,0,Doanh nghiệp có vốn đầu tư nước ngoài sử dụng đất trong Khu công nghệ cao có được cấp Giấy chứng nhận quyền sử dụng đất không?
1306,fold_1,1,1,91,1.0,1.0,0,Tư cách pháp lý của Cảng vụ hàng hải quy định thế nào?
65458,fold_3,1,>100,9,1.0,1.0,0,Lợn mắc bệnh lở mồm long móng do tác nhân nào gây nên?
62314,fold_1,1,1,>100,1.0,1.0,0,"Mục tiêu đào tạo, bồi dưỡng công chức trong cơ quan nhà nước được pháp luật quy định như thế nào?"
139082,fold_4,1,>100,33,1.0,1.0,0,"Bảng lương viên chức năm 2022 đối với viên chức loại B, C như thế nào?"
98412,fold_0,1,2,3,1.0,1.0,0,"Trình tự, thủ tục giảm tiền thuê đất, thuê mặt nước năm 2022 cho người bị ảnh hưởng bởi Covid ra sao?"
139486,fold_1,1,9,1,1.0,1.0,0,Làm phách bài thi tốt nghiệp THPT theo phương thức nào?
91144,fold_1,1,7,66,1.0,1.0,0,Thẩm quyền cấp giấy phép xây dựng được pháp luật quy định như thế nào?
1098,fold_4,1,12,3,1.0,1.0,0,Quyền lưu cư của vợ sau khi ly hôn nếu người chồng là bên nhận tài sản chung là căn nhà được quy định ra sao?
111824,fold_3,1,>100,72,1.0,1.0,0,Sở Giao dịch hàng hóa không thiết lập hệ thống kiểm soát nội bộ bị phạt bao nhiêu?
142886,fold_1,1,1,1,1.0,1.0,0,Chủ tịch Hội đồng quản lý đơn vị sự nghiệp công lập trong lĩnh vực thông tin truyền thông có trách nhiệm và quyền hạn gì?
149172,fold_3,1,2,33,1.0,1.0,0,Công ty cổ phần là gì?
123488,fold_0,2,1,1,1.0,1.0,0,Người tham gia hoạt động vui chơi giải trí dưới nước có trách nhiệm gì?
84716,fold_3,1,2,2,1.0,1.0,0,Các tổ chức nào thu phí lệ phí trong lĩnh vực ngoại giao?
153018,fold_0,2,1,10,1.0,1.0,0,Thủ tục chuyển nhượng văn phòng công chứng tư nhân thực hiện như thế nào?
94318,fold_0,1,35,4,1.0,1.0,0,Người làm chứng trong vụ án hình sự nếu vắng mặt thì Hội đồng xét xử có ra quyết định hoãn phiên tòa không?
9662,fold_0,1,1,93,1.0,1.0,0,Tài sản không chia của hợp tác xã được hình thành từ những nguồn nào?
71284,fold_2,1,1,>100,1.0,1.0,0,Cơ sở kinh doanh thực phẩm tại chợ đầu mối nông lâm thủy sản cần phải tuân thủ những yêu cầu nào để đảm bảo an toàn thực phẩm?
98664,fold_1,2,1,3,1.0,1.0,0,"Tình tiết giảm nhẹ, tình tiết tăng nặng trong xử phạt vi phạm hành chính trong lĩnh vực cạnh tranh như thế nào?"
162332,fold_1,1,6,2,1.0,1.0,0,Người phạm tội cướp tài sản có bị áp dụng hình phạt cấm cư trú không?
129248,fold_2,1,1,4,1.0,1.0,0,Những hành vi nào bị nghiêm cấm trong hoạt động đấu giá tài sản công?
132108,fold_3,1,3,2,1.0,1.0,0,Chuyển nhượng quyền sử dụng đất sản xuất nông nghiệp trong khu vực rừng phòng hộ cho người không sinh sống trong khu vực rừng phòng hộ đó thì bị xử phạt vi phạm hành chính bao nhiêu?
16000,fold_3,1,3,10,1.0,1.0,0,Chứa chấp tài sản do người khác phạm tội mà có thì có bị truy cứu trách nhiệm hình sự hay không?
97748,fold_1,1,3,>100,1.0,1.0,0,Như thế nào được gọi là công ty luật nước ngoài?
118158,fold_1,1,1,41,1.0,1.0,0,Lực lượng cảnh sát cơ động được áp dụng biện pháp vũ trang trong những trường hợp nào?
90126,fold_4,1,4,1,1.0,1.0,0,Quy trình chuẩn bị tinh trùng để thụ tinh trong ống nghiệm được diễn ra như thế nào?
41822,fold_1,1,1,1,1.0,1.0,0,Ai có nghĩa vụ nộp đơn yêu cầu mở thủ tục phá sản đối với công ty trách nhiệm hữu hạn hai thành viên?
108224,fold_3,1,7,3,1.0,1.0,0,Khi người bệnh được phẫu thuật thay khớp gối toàn bộ xong thì việc theo dõi tình trạng sức khỏe được thực hiện như thế nào?
123690,fold_1,1,20,>100,1.0,1.0,0,Giải quyết kiến nghị trong đấu thầu được quy định như thế nào?
98364,fold_4,1,2,2,1.0,1.0,0,Không mua bảo hiểm cho khách du lịch thì doanh nghiệp kinh doanh dịch vụ lữ hành bị phạt bao nhiêu tiền?
86476,fold_3,1,65,10,1.0,1.0,0,Khách sạn niêm yết biển báo về phòng cháy và chữa cháy không đúng quy cách có thể bị xử phạt như thế nào?
39224,fold_1,1,25,13,1.0,1.0,0,Hộ kinh doanh có thể sử dụng hóa đơn điện tử trong những trường hợp nào?
7200,fold_3,1,1,31,1.0,1.0,0,"Thẩm quyền thu hồi, hủy bỏ giấy tờ hộ tịch thuộc về cơ quan nào?"
46624,fold_4,1,1,8,1.0,1.0,0,Nội dung sát hạch lái xe theo quy định hiện nay được thực hiện như thế nào?
125122,fold_4,1,1,>100,1.0,1.0,0,Thành lập bản đồ hành chính các cấp dựa trên những tài liệu nào?
20576,fold_4,1,2,1,1.0,1.0,0,Nội dung và thủ tục kiểm tra kinh phí nộp trả giảm khác tại các đơn vị sử dụng kinh phí khi thực hiện kiểm toán Chương trình mục tiêu Quốc gia như thế nào?
50632,fold_2,1,1,1,1.0,1.0,0,Mục đích xác định vùng đệm của khu bảo tồn đất ngập nước là gì?
74750,fold_4,1,1,36,1.0,1.0,0,Đối tượng nào được ưu tiên tuyển dụng làm nhân viên bảo vệ tại doanh nghiệp nhà nước?
105832,fold_2,1,2,11,1.0,1.0,0,"Trường hợp cán bộ kiêm nhiệm chức danh chủ tịch, phó chủ tịch công đoàn cấp trên cơ sở thì phụ cấp được tính như thế nào?"
135356,fold_4,2,48,27,1.0,1.0,0,Hình phạt đối với hành vi thách cưới quá cao được quy định ra sao?
42484,fold_3,1,1,1,1.0,1.0,0,Cơ sở lần đầu công bố đủ điều kiện điều trị nghiện chất dạng thuốc phiện theo phương thức điện tử về Sở Y tế thực hiện thủ tục ra sao?
125552,fold_0,1,1,1,1.0,1.0,0,Để thay đổi mật khẩu tài khoản đăng nhập vào phần mềm quản lý công chức Thi hành án dân sự có cần thay đổi mật khẩu thư điện tử công vụ không?
100138,fold_0,1,1,1,1.0,1.0,0,"Để được tham gia xét chọn danh hiệu Doanh nghiệp đổi mới công nghệ tiêu biểu, doanh nghiệp phải đáp ứng những điều kiện nào?"
9072,fold_3,1,2,1,1.0,1.0,0,"Đề xuất quy định về hoạt động mua bán, trao đổi hàng hóa của Thương nhân thực hiện qua cửa khẩu phụ, lối mở biên giới?"
125544,fold_3,1,5,6,1.0,1.0,0,Trường tiểu học có bắt buộc phải thành lập câu lạc bộ thể thao không?
130294,fold_1,1,9,5,1.0,1.0,0,Hạn chế quyền làm cha đối với con chưa thành niên trong trường hợp nào và ai có quyền yêu cầu Tòa án?
103566,fold_1,1,1,6,1.0,1.0,0,Những tranh chấp dân sự nào thuộc thẩm quyền giải quyết của Tòa án theo quy định tại Bộ luật Tố tụng dân sự?
135564,fold_4,1,2,1,1.0,1.0,0,Quy trình khi nhận các loại văn bản từ hộp thư điện tử chung của từng đơn vị thuộc Ủy ban Dân tộc như thế nào?
130900,fold_2,1,72,1,1.0,1.0,0,Nội dung kiểm tra nhà nước về chất lượng thức ăn chăn nuôi nhập khẩu sau thông quan?
99328,fold_2,1,3,3,1.0,1.0,0,Các trường hợp trẻ em cần chăm sóc thay thế?
6624,fold_4,1,4,6,1.0,1.0,0,Nội dung đo đạc và bản đồ về biên giới quốc gia gồm những nội dung nào? Cơ quan nào tổ chức thực hiện đo đạc và bản đồ về biên giới quốc gia?
83676,fold_3,1,1,>100,1.0,1.0,0,Viên chức có được góp vốn vào công ty hay không?
131814,fold_0,1,1,7,1.0,1.0,0,Ngân hàng Chính sách Xã hội được hoạt động ngoại hối trong nước mà không phải xin chấp thuận trong trường hợp nào?
98868,fold_3,1,1,1,1.0,1.0,0,Cơ quan nào có thẩm quyền cấp giấy phép xây dựng tại Phú Yên?
97718,fold_2,1,1,3,1.0,1.0,0,Nhập khẩu thiết bị hạt nhân nhưng không có giấy phép thì tổ chức bị xử phạt vi phạm hành chính thế nào?
14518,fold_4,1,1,41,1.0,1.0,0,Để trở thành chuyên gia giám định cổ vật cần có ít nhất bao nhiêu năm thực hiện hoạt động sưu tầm cổ vật?
60094,fold_3,1,1,1,1.0,1.0,0,Cơ quan nào của Bộ Quốc phòng tiếp nhận thông tin đường dây nóng Việt Nam và Trung Quốc về các vụ việc phát sinh đột xuất của hoạt động nghề cá trên biển?
88812,fold_4,1,36,9,1.0,1.0,0,Hồ sơ thực hiện việc chuyển quyền sở hữu chứng khoán sau khi có ý kiến chấp thuận của Ủy ban Chứng khoán Nhà nước
72998,fold_3,2,>100,3,1.0,1.0,0,Ai là người chủ trì vận động xây dựng Quỹ Đền ơn đáp nghĩa?
103532,fold_3,1,3,3,1.0,1.0,0,Có những loại án phí nào trong vụ án dân sự?
11032,fold_0,1,31,>100,1.0,1.0,0,Những vấn đề cần lưu ý khi nộp hồ sơ làm thủ tục chấm dứt giám hộ?
45330,fold_4,1,21,>100,1.0,1.0,0,Bệnh nấm phổi do Aspergillus gây ra ở gà có phải là bệnh truyền nhiễm hay không?
111250,fold_3,1,6,60,1.0,1.0,0,Ban chủ nhiệm xây dựng định mức kinh tế kỹ thuật có những trách nhiệm và quyền hạn gì?
19108,fold_3,1,4,75,1.0,1.0,0,Thời gian giải quyết thủ tục trợ cấp chết đối với Dân quân tự vệ không tham gia BHXH là bao lâu?
51930,fold_0,3,1,4,1.0,1.0,0,Nguồn kinh phí thực hiện chế độ phụ cấp độc hại với nhà giáo dạy thực hành tại cơ sở giáo dục nghề nghiệp công lập đến từ đâu?
111762,fold_4,1,26,1,1.0,1.0,0,"Thủ tục miễn nhiệm, thu hồi thẻ giám định viên tư pháp xây dựng ở địa phương như thế nào?"
47894,fold_3,2,11,1,1.0,1.0,0,Cần chuẩn bị những giấy tờ gì khi thực hiện thủ tục cấp Giấy phép khảo nghiệm thuốc bảo vệ thực vật?
127250,fold_3,1,16,26,1.0,1.0,0,"Trường hợp giải quyết khiếu nại lần hai không thỏa đáng, người lao động có được khởi kiện ra tòa án không?"
120782,fold_1,1,1,1,1.0,1.0,0,"Quy trình lập, khai thác phần mềm quản lý hồ sơ công chức của các đơn vị thuộc Bộ Giáo dục và Đào tạo được tổ chức theo mô hình nào?"
22276,fold_4,1,2,57,1.0,1.0,0,Khi giao kết hợp đồng lao động phải tuân thủ theo nguyên tắc nào?
34186,fold_1,1,10,1,1.0,1.0,0,Điều kiện để công ty đại chúng được hủy bỏ niêm yết chứng khoán tự nguyện là gì?
112186,fold_2,1,10,28,1.0,1.0,0,Nhiệm vụ của Vụ kiểm toán nội bộ Ngân hàng Nhà nước Việt Nam được quy định như thế nào?
141960,fold_3,1,2,35,1.0,1.0,0,Hiểu thế nào về thăm dò khoáng sản?
114192,fold_2,1,1,>100,1.0,1.0,0,Kế hoạch triển khai đề án 06 của Bộ Nội vụ đã đề ra lộ trình thực hiện các nhiệm vụ nào?
30624,fold_4,2,2,1,1.0,1.0,0,"Theo quy định mới, kỳ thị, trù dập người tố cáo doping là vi phạm Bộ luật phòng, chống doping thế giới đúng không?"
116652,fold_1,1,8,1,1.0,1.0,0,Học ngành điều hành tour du lịch trình độ cao đẳng sau khi tốt nghiệp có thể làm những công việc nào?
2400,fold_4,1,9,4,1.0,1.0,0,Trong hồ sơ mời thầu có được phép yêu cầu nhà thầu phải nộp hàng mẫu khi tham gia dự thầu hay không?
19288,fold_3,4,1,>100,1.0,1.0,0,Thanh tra viên quốc phòng phải có đủ tiêu chuẩn chung như thế nào?
41392,fold_1,1,3,1,1.0,1.0,0,"Để đảm bảo an toàn phòng chống cháy nổ thì Tòa án nhân dân tối cao có thể áp dụng các biện pháp phòng chống nào tại cơ quan, đơn vị?"
93242,fold_1,1,1,6,1.0,1.0,0,Việc lưu giữ hồ sơ về các hoạt động liên quan đến ma túy được quy định thế nào?
93186,fold_0,1,6,6,1.0,1.0,0,Người học ngành dịch vụ thú y trình độ trung cấp phải có mức độ tự chủ và trách nhiệm như thế nào?
139686,fold_3,1,2,55,1.0,1.0,0,"Việc khám bệnh, chữa bệnh cho người khuyết tật tại Việt Nam được quy định như thế nào?"
14950,fold_4,1,>100,12,1.0,1.0,0,"Điều kiện, trình tự cấp giấy phép nhập khẩu, giấy phép khảo nghiệm được quy định ra sao?"
13664,fold_0,1,3,89,1.0,1.0,0,"Các thành viên của Hội đồng bầu cử quốc gia có nhiệm vụ, quyền hạn như thế nào?"
95494,fold_4,1,2,>100,1.0,1.0,0,Quyền của chủ đầu tư trong công trình xây dựng được quy định như thế nào?
113954,fold_3,1,7,5,1.0,1.0,0,"Đảng viên có lời nói, hành động đe dọa đến tính mạng người tố cáo sẽ bị xử lý như thế nào?"
97962,fold_3,1,8,2,1.0,1.0,0,"Hành vi che, dán biển số xe ô tô để trốn tránh phạt nguội sẽ bị xử lý như thế nào?"
134842,fold_2,1,37,33,1.0,1.0,0,Lệ phí tách hộ năm 2023 là bao nhiêu?
159728,fold_4,1,2,83,1.0,1.0,0,"Hành vi xúc phạm, bôi nhọ danh dự, nhân phẩm của người khác bị xử phạt như thế nào theo pháp luật hình sự?"
104718,fold_2,1,>100,11,1.0,1.0,0,Phân loại dự án nhóm C theo những tiêu chí nào?
158968,fold_4,1,1,2,1.0,1.0,0,Điều kiện cần đảm bảo đối với các hệ thống camera màn hình của xe ô tô là gì?
153524,fold_2,1,1,8,1.0,1.0,0,Chế độ lương vào thời gian nghỉ hè của giáo viên mầm non như thế nào?
91226,fold_3,1,8,4,1.0,1.0,0,Tổ chức sản xuất thức ăn chăn nuôi có cần phải có người phụ trách kỹ thuật có trình độ đại học trở lên trong chuyên ngành chăn nuôi không?
44682,fold_2,1,1,1,1.0,1.0,0,Nghĩa vụ của người chỉ huy tàu bay được pháp luật quy định như thế nào?
43406,fold_4,1,4,2,1.0,1.0,0,Cơ quan nào có thẩm quyền quyết định kiểm tra báo cáo quyết toán kinh doanh hàng hóa đưa vào bán tại cửa hàng miễn thuế?
63242,fold_0,1,2,68,1.0,1.0,0,"Hoạt động điều tra, đánh giá đất đai được thực hiện dựa trên nguyên tắc gì?"
145708,fold_0,1,3,1,1.0,1.0,0,Người hủy hoại di vật của tử sỹ sau đó tự thú thì được giảm nhẹ trách nhiệm hình sự không?
165326,fold_0,1,3,22,1.0,1.0,0,Thời hạn cung cấp dữ liệu đất đai là bao lâu?
93236,fold_1,1,64,2,1.0,1.0,0,Đối với hàng hóa nhập khẩu thì Giấy chứng nhận lưu hành tự do (CFS) cần đáp ứng những yêu cầu gì?
89950,fold_2,1,1,7,1.0,1.0,0,Mỗi đơn vị bầu cử đại biểu Quốc hội được bầu bao nhiêu đại biểu Quốc hội?
124580,fold_4,1,4,7,1.0,1.0,0,Tiêu chuẩn về thành phần Ban quản trị nhà chung cư như thế nào?
70304,fold_4,1,1,4,1.0,1.0,0,Lập biên bản kiểm định kỹ thuật an toàn thang máy với nội dung như thế nào?
97004,fold_4,2,1,4,1.0,1.0,0,Tín hiệu bằng âm thanh và thiết bị báo cháy bằng âm thanh được hiểu như thế nào?
69214,fold_0,1,>100,>100,0.0,0.0,0,Đòi nợ thuê có chịu xử phạt hành chính không?
126612,fold_3,1,8,1,1.0,1.0,0,Thủ tục giải quyết đăng ký biện pháp bảo đảm đối với tàu biển được thực hiện thế nào?
152834,fold_4,2,2,1,1.0,1.0,0,Kế hoạch tổ chức lựa chọn nhà thầu cho gói thầu thuốc y tế thực hiện theo hình thức chào hàng cạnh tranh thông thường như thế nào?
73150,fold_4,2,1,35,1.0,1.0,0,"Từ 09/02/2023, tổ chức tín dụng đã được phép mua lại khoản nợ đã bán trong những trường hợp nào?"
114510,fold_0,1,2,>100,1.0,1.0,0,"Ngoài đoàn phí do đoàn viên đóng, tài chính công đoàn còn được hình thành từ những nguồn thu nào khác?"
134762,fold_4,1,10,>100,1.0,1.0,0,Bảo vệ trong đơn vị sự nghiệp công lập có được ký hợp đồng làm việc không?
32202,fold_4,1,6,1,1.0,1.0,0,Doanh nghiệp có lập được khoản dự phòng nợ phải thu khó đòi khi hồ sơ không có đối chiếu công nợ hay không?
25784,fold_2,2,1,2,1.0,1.0,0,Lái tàu cần đáp ứng tiêu chuẩn nào?
25952,fold_2,1,1,2,1.0,1.0,0,"Các doanh nghiệp cung cấp dịch vụ viễn thông, Internet có trách nhiệm gì trong việc bảo đảm an toàn thông tin mạng, an ninh thông tin cho thiết bị camera giám sát?"
13366,fold_2,2,1,3,1.0,1.0,0,Các trường hợp không được hưởng bảo hiểm y tế theo quy định pháp luật
82514,fold_4,1,2,1,1.0,1.0,0,"Hậu quả của giao dịch dân sự do người đại diện xác lập, thực hiện vượt quá phạm vi đại diện được quy định như thế nào?"
117900,fold_0,1,5,3,1.0,1.0,0,Phụ lục CITES là gì và bao gồm những loại phụ lục nào?
82360,fold_0,1,>100,1,1.0,1.0,0,Hội đồng thành viên SCIC có quyền quyết định các giải pháp phát triển thị trường và công nghệ của SCIC không?
15408,fold_1,1,1,40,1.0,1.0,0,Doanh nghiệp đầu tư vào nông nghiệp cần chuẩn bị hồ sơ gồm những gì và trình tự đề nghị hỗ trợ như thế nào?
125840,fold_0,1,3,2,1.0,1.0,0,Trường hợp nào phải cắm mốc chỉ giới phạm vi bảo vệ công trình thủy lợi?
126988,fold_2,1,3,2,1.0,1.0,0,Cục Biến đổi khí hậu có nhiệm vụ và quyền hạn gì trong việc giảm nhẹ phát thải khí nhà kính?
119848,fold_2,1,>100,85,1.0,1.0,0,Chủ chó đánh người nhập viện thì phạm tội gì?
128458,fold_4,1,5,39,1.0,1.0,0,Thời hạn thanh tra hành chính của cấp huyện là bao lâu?
101874,fold_0,1,>100,7,1.0,1.0,0,Quyết định chấp thuận tư cách thành viên giao dịch đặc biệt của ngân hàng thương mại do cơ quan nào ban hành?
113868,fold_0,1,3,2,1.0,1.0,0,Quy định về trang thiết bị của Bộ phận Tiếp nhận và Trả kết quả giải quyết thủ tục hành chính?
70864,fold_0,1,15,>100,1.0,1.0,0,"Trình tự, thủ tục đăng ký nội quy lao động được quy định như thế nào?"
110724,fold_3,1,3,3,1.0,1.0,0,"Trách nhiệm của người yêu cầu chứng thực hợp đồng, giao dịch và người thực hiện chứng thực hợp đồng, giao dịch được quy định như thế nào?"
30962,fold_1,2,15,13,0.5,0.5,0,Phó Chủ tịch Hội đồng nhân dân xã được hưởng phụ cấp chức vụ lãnh đạo so với mức lương cơ sở là bao nhiêu?
48490,fold_2,1,2,22,1.0,1.0,0,Điều kiện để người sử dụng lao động được sử dụng người lao động làm thêm giờ là gì?
125012,fold_4,1,1,3,1.0,1.0,0,"Ai phải nộp phí tuyển dụng, dự thi nâng ngạch, thăng hạng công chức, viên chức?"
63664,fold_1,2,2,1,1.0,1.0,0,Nếu vợ bán đất là tài sản riêng trong thời kỳ hôn nhân thì tiền bán đất có được coi là tài sản riêng trong thời kỳ hôn nhân không?
161222,fold_3,2,2,10,1.0,1.0,0,Thanh tra giáo dục không được kiểm tra quá 01 lần/tháng đối với một đối tượng kiểm tra kể từ 24/5/2023 đúng không?
124372,fold_4,1,1,1,1.0,1.0,0,Xác định thị phần của nhóm doanh nghiệp liên kết như thế nào?
94818,fold_1,1,3,3,1.0,1.0,0,Điều kiện khi xây dựng cửa hàng xăng dầu là gì?
29648,fold_2,1,7,12,1.0,1.0,0,Dự án đầu tư xây dựng và kinh doanh kết cấu hạ tầng khu chế xuất là dự án thế nào?
134434,fold_0,1,8,18,1.0,1.0,0,"Trường hợp công chức được cấp có thẩm quyền cử đi học tập trung thì việc đánh giá, xếp loại chất lượng được căn cứ vào đâu?"
123830,fold_2,1,1,10,1.0,1.0,0,Thẩm quyền quyết định đầu tư đối với Quỹ đầu tư phát triển địa phương thuộc về ai?
88658,fold_3,1,71,12,1.0,1.0,0,07 bộ môn chuyên thể thao nào sẽ được các trường THPT Chuyên năng khiếu thể dục thể thao trên địa bàn TP. Hồ Chí Minh tuyển sinh?
130524,fold_1,1,10,1,1.0,1.0,0,Doanh nghiệp mua bán nợ phối hợp với Tổ chức bán đấu giá xác định những thông tin cơ bản nào về việc đấu giá lô cổ phần kèm nợ phải thu?
109550,fold_3,1,4,2,1.0,1.0,0,Sau khi tốt nghiệp ngành sửa chữa thiết bị may trình độ trung cấp người học phải có kỹ năng ngoại ngữ như thế nào?
160944,fold_4,1,1,31,1.0,1.0,0,Mức đóng quỹ bảo hiểm xã hội của người lao động nước ngoài làm việc tại Việt Nam là bao nhiêu?
125504,fold_2,1,6,1,1.0,1.0,0,"Nhiệm vụ và quyền hạn của nhân viên gác đường ngang, gác cầu chung đường sắt?"
111222,fold_3,1,9,5,1.0,1.0,0,Tổ chức thi người đẹp có sử dụng trang phục phản cảm thì bị xử phạt vi phạm hành chính bao nhiêu tiền?
161752,fold_0,1,2,24,1.0,1.0,0,Huấn luyện viên thể thao chuyên nghiệp không có bằng tốt nghiệp đại học thể dục thể thao bị xử phạt như thế nào? Sử dụng huấn luyện viên thể thao chuyên nghiệp không có bằng tốt nghiệp đại học thể dục thể thao bị xử phạt như thế nào?
119908,fold_0,2,8,7,1.0,1.0,0,"Năm 2023, có một môn chính dưới 8.0 thì có được học sinh giỏi không?"
9048,fold_0,1,1,23,1.0,1.0,0,Hồ sơ kiểm định xe máy xếp dỡ trong Bộ Quốc phòng tại cơ sở kiểm định sẽ gồm những gì?
133740,fold_2,1,1,1,1.0,1.0,0,Hồ sơ đề nghị khen thưởng đột xuất tập thể của Cục trưởng Cục Hải quan tỉnh gửi Cục trưởng Cục Hải quan gồm những tài liệu gì?
113922,fold_2,1,1,1,1.0,1.0,0,Người mua trong hợp đồng mua bán hàng hóa quốc tế có bắt buộc phải thanh toán tiền hàng trước khi họ có thể kiểm tra hàng hóa không?
155680,fold_0,1,1,>100,1.0,1.0,0,Bộ máy kế toán được tổ chức như thế nào?
125068,fold_1,1,1,>100,1.0,1.0,0,Người khuyết tật được hiểu như thế nào?
162466,fold_4,1,6,21,1.0,1.0,0,Hồ sơ hưởng bảo hiểm xã hội 1 lần đối với người nước ngoài được quy định như thế nào?
148318,fold_4,1,15,4,1.0,1.0,0,"Gói thầu thẩm định giá, xác định giá đất được áp dụng loại hợp đồng nào?"
44626,fold_4,1,1,65,1.0,1.0,0,"Quản lý hoạt động xét nghiệm đối với các cơ sở khám bệnh, chữa bệnh phải đảm bảo những nguyên tắc nào?"
144696,fold_4,1,1,43,1.0,1.0,0,Yêu cầu trợ giúp pháp lý không đáp ứng đủ điều kiện quy định thì Trung tâm trợ giúp pháp lý nhà nước thì cần xử lý như thế nào?
16164,fold_2,1,44,4,1.0,1.0,0,Cha vợ có phải đóng thuế thu nhập cá nhân khi được con rể cũ tặng cho nhà và đất hay không?
119884,fold_0,2,1,1,1.0,1.0,0,Hộ gia đình có người hoạt động cách mạng trước năm 1945 được hỗ trợ về nhà ở với mức ngân sách tối đa là bao nhiêu?
151594,fold_1,1,14,9,1.0,1.0,0,"Trường cao đẳng nghề không công bố ngưỡng đầu vào đối với ngành, nghề đào tạo thì bị xử phạt thế nào?"
148452,fold_1,1,4,>100,1.0,1.0,0,Nhà đầu tư nước ngoài có quyền góp vốn vào tổ chức kinh tế không?
73840,fold_1,1,9,1,1.0,1.0,0,"Thời hạn hiệu lực chứng chỉ năng lực điều tra khảo sát, rà phá bom mìn vật nổ của các tổ chức cá nhân trong bao lâu?"
87518,fold_0,1,1,4,1.0,1.0,0,Người tham gia đóng bảo hiểm xã hội tự nguyện từ ngày 4/12/2019 có được Nhà nước hỗ trợ tiền đóng bảo hiểm xã hội hay không?
14136,fold_0,3,>100,6,1.0,1.0,0,Người dưới 18 tuổi sử dụng ma túy có bị xử lý như thế nào?
150778,fold_3,1,2,13,1.0,1.0,0,Muốn nhờ Văn phòng công chứng lưu giữ di chúc thì tốn bao nhiêu tiền?
126342,fold_2,1,1,1,1.0,1.0,0,Các những hình thức tổ chức hoạt động thương mại điện tử nào?
47138,fold_2,1,5,6,1.0,1.0,0,Người tham gia bảo hiểm y tế theo hộ gia đình có được chuyển nơi khám chữa bệnh lần đầu hay không?
48610,fold_0,1,6,10,1.0,1.0,0,Có thể yêu cầu ngân hàng thương mại cấp Giấy xác nhận mang ngoại tệ tiền mặt ra nước ngoài hay không?
3128,fold_0,1,7,2,1.0,1.0,0,Giấy chứng nhận đăng ký thuốc bảo vệ thực vật có bị thu hồi không?
113964,fold_4,1,4,4,1.0,1.0,0,Việc xử lý nước thải chăn nuôi của cơ sở chăn nuôi trang trại được quy định như thế nào?
43764,fold_3,2,10,1,1.0,1.0,0,Giấy phép thăm dò khoáng sản còn hiệu lực 02 tháng mới nộp hồ sơ đề nghị gia hạn Giấy phép thăm dò khoáng sản thì có được gia hạn hay không?
66444,fold_3,1,96,>100,1.0,1.0,0,"Mẫu đơn đề nghị gia hạn sử dụng đất ngoài khu công nghệ cao, khu kinh tế là mẫu nào?"
109546,fold_2,1,41,2,1.0,1.0,0,Việc theo dõi và xử trí biến chứng sau phẫu thuật nối thông túi lệ mũi qua đường rạch da như thế nào?
108260,fold_3,1,9,1,1.0,1.0,0,"Trong quá trình quản lý vũ khí, công cụ hỗ trợ, người quản lý vũ khí, công cụ hỗ trợ phải quản lý các loại giấy phép nào?"
42012,fold_0,1,2,1,1.0,1.0,0,Cơ quan có thẩm quyền nào thực hiện bổ nhiệm viên chức nhà nước vào chức danh thẩm kế viên hạng IV?
4782,fold_4,1,5,2,1.0,1.0,0,Khi tiếp công dân đến kiến nghị thì người tiếp công dân trong ngành Kiểm sát nhân dân cần yêu cầu công dân cung cấp những giấy tờ gì?
95654,fold_2,1,23,2,1.0,1.0,0,"Nhà đầu tư được mời đến đàm phán, hoàn thiện hợp đồng nhưng không đến thì nhà đầu tư có được nhận lại bảo đảm dự thầu không?"
14802,fold_1,1,12,5,1.0,1.0,0,Các tải trọng gây ra bởi các chuyển động thẳng đứng khi thiết kế kết cấu của thiết bị xếp dỡ phát sinh do nguyên nhân gì?
157254,fold_3,1,11,3,1.0,1.0,0,Thừa phát lại cho người khác sử dụng thẻ thừa phát lại để hành nghề thì bị xử phạt vi phạm hành chính thế nào?
54028,fold_3,1,1,77,1.0,1.0,0,Nhiệm vụ và quyền hạn của Chủ nhiệm Ủy ban pháp luật của Quốc hội quy định thế nào?
82474,fold_1,1,1,3,1.0,1.0,0,Tỷ lệ nợ xấu bao nhiêu thì Quỹ bảo lãnh tín dụng cho doanh nghiệp vừa và nhỏ bị giải thể?
158612,fold_3,1,1,1,1.0,1.0,0,Giờ chuẩn giảng dạy đối với giảng viên cơ hữu thuộc Trường Đào tạo và Bồi dưỡng nghiệp vụ kiểm toán là gì?
65544,fold_3,1,2,4,1.0,1.0,0,Để trở thành Kiểm soát viên Tập đoàn Dầu khí Việt Nam cần đáp ứng những điều kiện tiêu chuẩn nào?
41328,fold_1,1,2,13,1.0,1.0,0,"Các trường hợp nào khi tổ chức, cá nhân khai thác, sử dụng tài nguyên nước thì không phải đăng ký, không phải xin phép?"
44136,fold_2,1,2,13,1.0,1.0,0,Mẫu bảng kê các chứng từ thanh toán qua tài khoản thanh toán tại Ngân hàng Nhà nước như thế nào?
150884,fold_3,1,1,2,1.0,1.0,0,Việc sử dụng quỹ khen thưởng của Công ty mẹ Tập đoàn Công nghiệp Viễn thông Quân đội được thực hiện theo quy chế nào?
132502,fold_0,1,74,89,1.0,1.0,0,Mẫu tờ khai thuế bảo vệ môi trường năm 2023?
17078,fold_2,1,1,2,1.0,1.0,0,Viện Nghiên cứu Da và Giầy có trụ sở chính ở đâu?
102328,fold_2,1,>100,9,1.0,1.0,0,"Hồ sơ mời thầu thi công về phòng cháy, chữa cháy có bao gồm yêu cầu nhà thầu tham gia phải có chứng chỉ thi công và phòng cháy chữa cháy không?"
153954,fold_3,1,1,67,1.0,1.0,0,Thời gian đi nghĩa vụ quân sự theo quy định mới nhất hiện nay là bao lâu?
121948,fold_3,1,1,1,1.0,1.0,0,"Hội Khoa học phát triển nguồn nhân lực, nhân tài Việt Nam có tư cách pháp nhân không?"
87034,fold_0,1,16,1,1.0,1.0,0,Người học ngành Logistics trình độ cao đẳng phải có mức độ tự chủ và trách nhiệm như thế nào?
99796,fold_3,1,1,>100,1.0,1.0,0,Chủ tịch Ủy ban nhân dân tỉnh có thẩm quyền ra quyết định điều động công chức trong phạm vi mình quản lý không?
105160,fold_4,1,60,2,1.0,1.0,0,Thủ tục đăng ký tạm thời tàu bay mang quốc tịch Việt Nam ra sao?
44880,fold_2,1,1,87,1.0,1.0,0,Việc chuyển người bệnh từ tuyến dưới lên tuyến trên phải đảm bảo đáp ứng những điều kiện gì?
63832,fold_1,1,2,1,1.0,1.0,0,Mức tiền thưởng đối với cá nhân phát hiện tài sản chìm đắm là bao nhiêu?
158910,fold_1,1,>100,>100,0.0,0.0,0,Người đứng đầu Kho bạc Nhà nước là ai?
116208,fold_4,1,1,1,1.0,1.0,0,Nguồn kinh phí và mức hỗ trợ khuyến nông khi tham gia liên kết gắn sản xuất với tiêu thụ sản phẩm nông nghiệp thực hiện theo quy định nào?
92602,fold_2,1,3,6,1.0,1.0,0,Nguyên tắc lập và trình bày Bản thuyết minh Báo cáo tài chính năm của doanh nghiệp được quy định như thế nào?
15156,fold_3,1,13,>100,1.0,1.0,0,Phóng hỏa đốt nhà người khác bị xử phạt vi phạm hành chính bao nhiêu?
150042,fold_0,1,14,1,1.0,1.0,0,Việc xác định tỷ lệ lợi ích trực tiếp giữa cổ đông không kiểm soát và công ty mẹ được thực hiện như thế nào?
155990,fold_3,1,4,1,1.0,1.0,0,Cơ sở kinh doanh thương mại được gọi là Siêu thị kinh doanh tổng hợp hạng II cần đáp ứng những tiêu chuẩn gì?
147246,fold_0,1,1,1,1.0,1.0,0,Giải pháp cấp bách trước mắt nhằm giảm ùn ứ và thúc đẩy xuất khẩu nông sản tại các cửa khẩu biên giới phía Bắc là gì?
134418,fold_2,1,4,5,1.0,1.0,0,Mức thanh toán bảo hiểm y tế cho người tham gia bảo hiểm y tế theo hộ gia đình là bao nhiêu?
8394,fold_1,1,>100,30,1.0,1.0,0,Hồ sơ hưởng chế độ thai sản cần chuẩn bị những gì?
51744,fold_3,1,7,28,1.0,1.0,0,Biên tập Cổng Thông tin điện tử Bộ Thông tin và Truyền thông có trách nhiệm như thế nào?
39172,fold_1,1,16,2,1.0,1.0,0,Thư ký Hội đồng xét thăng hạng chức danh nghề nghiệp viên chức có trách nhiệm gì trong việc tổng hợp và quyết định kết quả xét thăng hạng?
84740,fold_2,1,5,2,1.0,1.0,0,Trình tự thủ tục công bố đóng bến cảng quy định thế nào?
92544,fold_2,1,1,19,1.0,1.0,0,Tiếp tục hoạt động khi giấy phép hoạt động điện lực đã hết thời hạn sử dụng thì tổ chức hoạt động điện lực sẽ bị xử phạt vi phạm hành chính bao nhiêu?
32940,fold_0,1,1,7,1.0,1.0,0,Cửa khẩu biên giới đất liền có những loại nào?
38208,fold_4,1,3,1,1.0,1.0,0,Giấy phép sử dụng vật liệu nổ công nghiệp đã được cấp thuộc thẩm quyền giải quyết của Sở Công Thương hết hạn được cấp lại theo trình tự nào?
73624,fold_1,1,41,22,1.0,1.0,0,Căn cứ xác lập quyền đại diện theo quy định pháp luật
59834,fold_3,1,3,>100,1.0,1.0,0,Nội dung bồi dưỡng công chức cấp tỉnh gồm những nội dung gì?
165092,fold_0,2,1,>100,1.0,1.0,0,Ai có thẩm quyền giải quyết khiếu nại của giáo viên?
101886,fold_2,1,11,1,1.0,1.0,0,Học ngành biểu diễn nhạc cụ phương tây trình độ cao đẳng sau khi tốt nghiệp sẽ có những kỹ năng gì?
96156,fold_4,1,4,2,1.0,1.0,0,Kết quả lựa chọn nhà thầu theo phương thức một giai đoạn một túi hồ sơ được thẩm định như thế nào?
109814,fold_3,1,8,4,1.0,1.0,0,Đài Truyền hình Việt Nam được truyền phát tin cảnh báo thiên tai của cơ quan nào?
8862,fold_0,1,22,2,1.0,1.0,0,Tạm thời đưa người cai nghiện ra khỏi cơ sở cai nghiện bắt buộc theo yêu cầu của cơ quan tiến hành tố tụng hình sự
3680,fold_4,1,>100,82,1.0,1.0,0,Hồ sơ khám giám định tổng hợp bao gồm những giấy tờ gì?
157640,fold_4,1,3,10,1.0,1.0,0,"Cục Di sản văn hóa có quyền cấp phép thăm dò, khai quật khảo cổ không?"
48062,fold_0,1,8,1,1.0,1.0,0,Quân nhân chuyên nghiệp có được nghỉ hưu trước hạn hay không?
2470,fold_2,1,1,4,1.0,1.0,0,Người được tạm trú trong khu vực cửa khẩu được quy định gồm những ai?
135628,fold_3,2,1,11,1.0,1.0,0,Thủ tục cấp thẻ cộng tác viên trợ giúp pháp lý được thực hiện như thế nào theo quy định hiện nay?
112614,fold_0,1,1,1,1.0,1.0,0,"Mẫu tờ khai đề nghị cấp, gia hạn hộ chiếu ngoại giao, hộ chiếu công vụ, công hàm đề nghị phía nước ngoài cấp thị thực mới nhất như thế nào?"
138008,fold_4,1,26,22,1.0,1.0,0,Hưởng xong bảo hiểm thất nghiệp mới nộp hồ sơ thai sản thì có được không?
55130,fold_0,1,1,33,1.0,1.0,0,Đối tượng nào được hưởng phụ cấp trách nhiệm thanh tra viên? Mức hưởng là bao nhiêu?
100436,fold_1,1,>100,>100,0.0,0.0,0,Khi nào áp dụng quy định mới tại Nghị định 33/2023/NĐ-CP?
32172,fold_1,1,13,>100,1.0,1.0,0,Hồ sơ đề nghị miễn học phí đối với sinh viên khuyết tật cần những giấy tờ nào?
38892,fold_1,1,4,1,1.0,1.0,0,Chánh Thanh tra Sở Tài nguyên và Môi trường được quyền xử phạt tổ chức khai thác khoáng sản không thông báo về trình độ chuyên môn của Giám đốc điều hành mỏ cho cơ quan có thẩm quyền không?
127240,fold_1,1,3,4,1.0,1.0,0,Nhãn hiệu muốn được bảo hộ cần xác lập quyền nào thuộc nhóm quyền sở hữu trí tuệ?
139300,fold_3,1,6,9,1.0,1.0,0,Mẫu bản kiểm điểm Đảng viên
12470,fold_3,1,1,13,1.0,1.0,0,Quyền hạn của Hội Kế toán địa chất Việt Nam là gì?
112402,fold_3,1,2,97,1.0,1.0,0,"Khi xác định chỉ số giá xây dựng, yêu cầu về thông tin giá thị trường của các yếu tố đầu vào như thế nào?"
68650,fold_0,1,1,1,1.0,1.0,0,Bào chế thuốc cổ truyền phải đáp ứng những tiêu chuẩn gì?
123116,fold_2,1,1,5,1.0,1.0,0,Đài Khí tượng Thủy văn khu vực Việt Bắc có cơ cấu tổ chức như thế nào?
31782,fold_2,1,2,3,1.0,1.0,0,Việc lưu trữ thông tin khách hàng của các tổ chức tín dụng được quy định thế nào?
164460,fold_0,1,30,9,1.0,1.0,0,"Công chức cấp Trung ương được cử biệt phái được hưởng những chế độ, chính sách như thế nào?"
88852,fold_4,2,9,2,1.0,1.0,0,Việc huấn luyện an toàn vệ sinh lao động nhóm 3 có phải thực hiện đào tạo riêng cho từng công việc không?
22806,fold_4,2,1,6,1.0,1.0,0,Cơ quan quản lý Nhà nước về báo chí trong Bộ Quốc phòng là cơ quan nào?
7920,fold_0,1,6,12,1.0,1.0,0,Thế nào là ly hôn?
35030,fold_3,1,15,9,1.0,1.0,0,Mã chứng khoán trong nước được sử dụng thống nhất khi nào theo quy định pháp luật hiện nay?
83358,fold_0,1,1,2,1.0,1.0,0,Thành phần Hội đồng thẩm định hồ sơ khoa học di sản văn hóa phi vật thể để đưa vào Danh mục di sản văn hóa phi vật thể quốc gia gồm những ai?
33714,fold_3,1,1,2,1.0,1.0,0,Trung tâm Công nghệ thông tin của Bộ Văn hóa Thể thao và Du lịch có nhiệm vụ và quyền hạn gì trong việc bảo đảm an toàn thông tin mạng?
138920,fold_1,1,7,56,1.0,1.0,0,Đất nằm trong lộ giới có được bồi thường khi nhà nước thu hồi đất hay không?
2478,fold_1,1,1,1,1.0,1.0,0,Thời hạn tái chiết khấu công cụ chuyển nhượng là bao lâu?
60842,fold_4,1,>100,>100,0.0,0.0,0,Quy định về mức phụ cấp cho nhân viên hiện nay ra sao?
122990,fold_3,1,35,4,1.0,1.0,0,Mức phạt cho hành vi không lưu giữ hồ sơ về khảo nghiệm giống cây trồng đúng quy định là bao nhiêu?
7376,fold_1,1,>100,6,1.0,1.0,0,"Hồ sơ miễn thuế TNCN khi chuyển nhượng, thừa kế, quà tặng là bất động sản theo Thông tư 43/2023/TT-BTC gồm những gì?"
158316,fold_2,1,2,56,1.0,1.0,0,Phạm vi điều chỉnh của Luật Xây dựng 2014 là gì?
1660,fold_2,1,1,40,1.0,1.0,0,Ai có thẩm quyền đăng ký lại khai sinh?
71732,fold_1,1,7,82,1.0,1.0,0,Văn bản đi của Ngân hàng Nhà nước Việt Nam có nguyên tắc như thế nào?
144324,fold_3,1,>100,>100,0.0,0.0,0,Danh mục các khu vực được phép thực hiện phân lô bán nền do cơ quan nào công bố?
60116,fold_4,1,1,18,1.0,1.0,0,Cơ quan nào có trách nhiệm thành lập Hội đồng thẩm định giá khi thực hiện thẩm định giá tài sản nhà nước?
103814,fold_1,1,1,1,1.0,1.0,0,Lựu quả tươi hạng đặc biệt chứa trong mỗi bao gói có cần cùng kích cỡ và chất lượng không?
64550,fold_1,1,>100,15,1.0,1.0,0,"Thẩm quyền quyết định miễn, giảm, tạm hoãn và thời hạn được miễn, giảm, tạm hoãn thuộc về ai?"
84292,fold_0,1,2,>100,1.0,1.0,0,Đăng ký giấy hoạt động tôn giáo như thế nào?
39582,fold_1,1,>100,3,1.0,1.0,0,Quân nhân chuyên nghiệp đang đóng bảo hiểm xã hội khi vợ sinh con được nghỉ việc hưởng chế độ thai sản như thế nào?
116188,fold_2,1,1,>100,1.0,1.0,0,Việc áp dụng biện pháp giáo dục tại địa phương được thực hiện dựa trên những nguyên tắc nào?
147098,fold_3,1,>100,>100,0.0,0.0,0,Nộp hồ sơ ghi nhận nhà xưởng mới lên Giấy chứng nhận quyền sử dụng đất tại UBND xã để giải quyết có được không?
82848,fold_0,1,1,73,1.0,1.0,0,Có được công chứng Giấy chứng nhận do nước ngoài cấp không?
30184,fold_1,1,4,52,1.0,1.0,0,Nhận hối lộ trong quá trình thanh tra có vi phạm pháp luật không?
105992,fold_3,1,6,>100,1.0,1.0,0,Nhà ở xã hội phân cho cán bộ trong Quân Đội bao nhiêu lâu mới được bán?
61504,fold_1,1,11,2,1.0,1.0,0,Khi lai tạo được giống thủy sản mới thì có thể xin bổ sung vào Danh mục loài thủy sản được phép kinh doanh tại Việt Nam hay không?
152344,fold_1,1,1,3,1.0,1.0,0,Người tham gia dự thi chứng chỉ hành nghề dịch vụ làm thủ tục về thuế theo hình thức thi trên máy tính thì có thời gian làm bài bao lâu?
164726,fold_4,1,1,7,1.0,1.0,0,"Tổ chức niêm yết cổ phiếu có cần công bố đơn từ nhiệm của thành viên Hội đồng quản trị, Ban kiểm soát từ nhiệm không?"
66408,fold_3,1,1,6,1.0,1.0,0,Thẩm quyền cho phép khai thác dữ liệu của kho lưu trữ Bộ tài nguyên và môi trường sẽ được quy định ra sao?
94918,fold_3,1,29,5,1.0,1.0,0,Giảm định mức tiết dạy đối với giáo viên các cấp được quy định như thế nào?
18556,fold_0,1,1,1,1.0,1.0,0,Thủ tục thẩm định nội dung đồ chơi trẻ em nhập khẩu theo cơ chế một cửa quốc gia như thế nào?
19772,fold_3,1,10,18,1.0,1.0,0,Trình độ ngoại ngữ và Trình độ tin học của nhà giáo dạy tích hợp trình độ cao đẳng như thế nào để đảm bảo tiêu chí về năng lực chuyên môn?
58778,fold_3,1,10,4,1.0,1.0,0,Khi xảy ra thảm họa môi trường trong khu vực biên giới biển thì người phát hiện có phải kịp thời thông báo cho trạm Biên phòng không?
149356,fold_4,1,22,26,1.0,1.0,0,Các chỉ tiêu theo từng mục tiêu cụ thể đến năm 2025?
23962,fold_2,1,35,5,1.0,1.0,0,Hoạt động vượt quá phạm vi chuyên môn lĩnh vực trong chứng chỉ hành nghề khám chữa bệnh thì cá nhân bị xử phạt như thế nào?
46232,fold_0,1,1,1,1.0,1.0,0,"Ai có thẩm quyền ký giấy chuyển tuyến khám bệnh, chữa bệnh giữa các cơ sở khám chữa bệnh?"
57994,fold_3,1,1,1,1.0,1.0,0,"Ai có thẩm quyền quyết định việc cử, điều chỉnh, rút lực lượng Việt Nam tham gia hoạt động gìn giữ hòa bình Liên hợp quốc?"
30128,fold_4,1,12,>100,1.0,1.0,0,Quyết toán thuế TNCN là làm theo từng năm hay là cộng dồn các năm?
52332,fold_4,1,>100,32,1.0,1.0,0,Quản lý chất lượng và kiểm soát sản phẩm môi trường khô và các thành phần bổ sung như thế nào?
116766,fold_4,1,>100,9,1.0,1.0,0,Giấy phép trang bị vũ khí thể thao tại Cục Cảnh sát QLHC về TTXH được cấp sau bao lâu?
99498,fold_3,1,1,44,1.0,1.0,0,"Trình tự, thủ tục quyết định trưng dụng tài sản bằng lời nói được pháp luật quy định như thế nào?"
86590,fold_1,1,12,6,1.0,1.0,0,Đạo đức nghề nghiệp của kiểm soát viên khí tượng thủy văn hạng 4 được quy định như thế nào?
14294,fold_1,1,93,14,1.0,1.0,0,"Học sinh bị nhiễm Covid-19 cần thực hiện những biện pháp nào để phòng, chống lây nhiễm?"
36838,fold_0,2,40,1,1.0,1.0,0,Trường hợp người bị kết án tử hình không làm đơn xin ân giảm hình phạt tử hình mà chỉ có đơn kêu oan thì có được coi là đủ điều kiện để thi hành án tử hình không?
103378,fold_0,1,1,1,1.0,1.0,0,Mục tiêu cụ thể đối với trẻ em trong chương trình “Hỗ trợ phát triển giáo dục mầm non vùng khó khăn giai đoạn 2022 - 2030” là gì?
112128,fold_0,3,6,1,0.6666666666666666,0.6666666666666666,0,Mức lương của cán bộ công chức cấp huyện loại A1 hiện nay là bao nhiêu?
56122,fold_0,1,>100,52,1.0,1.0,0,Có được đánh bài ăn tiền trong 3 mùng tết mà không bị xử phạt hành chính hay không?
147564,fold_0,2,3,7,1.0,1.0,0,Hội đồng tư vấn cấp Chứng chỉ hành nghề dược Bộ Y tế phải có ít nhất bao nhiêu thành viên?
133254,fold_1,1,>100,6,1.0,1.0,0,"Người báo tin, tố giác có được cơ quan tiếp nhận giữ bí mật về thông tin cá nhân hay không?"
52,fold_0,1,1,5,1.0,1.0,0,Tổ chức tham mưu giúp Giám đốc Viện Khoa học Nông nghiệp Việt Nam thực hiện nhiệm vụ gì?
93220,fold_1,1,3,1,1.0,1.0,0,Tổ chức kinh doanh rượu bia có độ cồn từ 15 độ trở lên thì có được thực hiện việc khuyến mại hay không?
101994,fold_0,1,2,1,1.0,1.0,0,Công tác phòng chống bạo lực gia đình được Nhà nước đảm bảo thực hiện từ nguồn kinh phí nào?
81222,fold_1,1,1,6,1.0,1.0,0,"Lập dự toán, quản lý, sử dụng và quyết toán kinh phí bảo đảm cho công tác xây dựng văn bản và hoàn thiện hệ thống pháp luật tại Thông tư 338/2016/TT-BTC?"
92254,fold_2,2,29,3,0.5,0.5,0,Nhiệm vụ trọng tâm để thực hiện mục tiêu quốc gia giai đoạn 2021-2025 trong chương trình công tác năm 2023 là gì?
156428,fold_0,3,3,>100,1.0,1.0,0,Tỷ lệ tăng lương cơ sở là bao nhiêu?
132046,fold_2,1,1,93,1.0,1.0,0,Cơ cấu tổ chức của Hội Tin học Việt Nam gồm những cơ quan nào?
37860,fold_4,1,2,2,1.0,1.0,0,Không có nhân viên trực 24 giờ mỗi ngày thì tổ chức kinh doanh biệt thự du lịch bị xử phạt thế nào?
70648,fold_2,1,3,>100,1.0,1.0,0,Cơ quan thụ lý vụ việc vi phạm hành chính có quyền yêu cầu người vi phạm giải trình không?
63060,fold_3,1,1,2,1.0,1.0,0,Tiếp nhận hồ sơ trưng cầu hoặc yêu cầu giám định pháp y tâm thần bằng hình thức giám định trên hồ sơ được thực hiện như thế nào?
54628,fold_3,3,1,26,1.0,1.0,0,Cần chuẩn bị những giấy tờ gì khi thực hiện thủ tục đề nghị cấp Giấy chứng nhận nguồn gốc thủy sản khai thác?
146874,fold_1,1,2,1,1.0,1.0,0,"Tiêu chuẩn, định mức sử dụng xe ô tô tại đơn vị lực lượng vũ trang nhân dân phục vụ công tác chung như thế nào?"
110710,fold_1,1,1,4,1.0,1.0,0,Đầu tư Forex có phải là đầu tư ngoại hối không?
70264,fold_3,1,18,13,1.0,1.0,0,Hội đồng xét tặng Giải thưởng Môi trường Việt Nam đối với các tổ chức khoa học và công nghệ do ai thành lập?
132808,fold_1,1,24,5,1.0,1.0,0,Quy định chung về đảm bảo an toàn chất nổ?
59676,fold_1,1,>100,1,1.0,1.0,0,Chính trị viên Ban Chỉ huy Quân sự cấp xã không được tính hưởng phụ cấp thâm niên trong thời gian nào?
10926,fold_0,1,1,10,1.0,1.0,0,Giữa bị can và bị cáo trong tố tụng hình sự khác nhau như thế nào?
82870,fold_3,1,46,1,1.0,1.0,0,Sở Tài nguyên và Môi trường có thẩm quyền cấp đổi cấp lại giấy chứng nhận quyền sử dụng đất không?
155532,fold_2,1,44,2,1.0,1.0,0,Công ty cổ phần năm trước kinh doanh không có lãi thì có thể chào bán cổ phiếu lần đầu ra công chúng không?
120658,fold_4,1,20,7,1.0,1.0,0,Ra nước ngoài định cư thì được hưởng trợ cấp bảo hiểm xã hội hàng tháng ra sao?
45742,fold_0,1,>100,12,1.0,1.0,0,Hồ sơ hưởng chế độ ốm đau khi nằm viện 06 ngày cần những gì?
23662,fold_4,1,1,1,1.0,1.0,0,Đăng kiểm viên tàu cá có những hạng nào?
74820,fold_3,1,2,2,1.0,1.0,0,Phương pháp khấu hao theo số dư giảm dần với tài sản cố định là gì?
20094,fold_2,1,1,5,1.0,1.0,0,Bộ Quốc phòng có trách nhiệm thế nào trong hoạt động khắc phục hậu quả bom mìn vật nổ sau chiến tranh?
145888,fold_2,2,42,11,1.0,1.0,0,Hồ sơ cấp lại thẻ bảo hiểm y tế mới nhất bao gồm những nội dung gì?
99014,fold_3,1,55,>100,1.0,1.0,0,Xử lý kỷ luật lao động đối với người lao động đang nuôi con nhỏ dưới 12 tháng tuổi thì công ty sẽ bị xử phạt như thế nào theo quy định mới nhất hiện nay?
21920,fold_1,1,7,4,1.0,1.0,0,Trường hợp nào kết nạp người vào Đảng và công nhận đảng viên chính thức sai quy định?
118874,fold_4,1,1,6,1.0,1.0,0,Cá nhân được công nhận là hội viên liên kết của Hội Hỗ trợ khắc phục hậu quả bom mìn Việt Nam cần đáp ứng được tiêu chuẩn gì?
19178,fold_0,1,2,22,1.0,1.0,0,Trường hợp nào sẽ giao các cơ quan thực hiện chức năng thanh tra chuyên ngành?
11956,fold_0,1,8,3,1.0,1.0,0,Điều kiện công nhận tốt nghiệp THPT là gì?
22212,fold_0,1,1,3,1.0,1.0,0,Đơn đề nghị đặt tiền để bảo đảm của người thân thích của bị can được gửi đến đâu?
128744,fold_2,1,3,1,1.0,1.0,0,Chủ phương tiện đưa xe cho người bị tước giấy phép lái xe thì bị xử lý như thế nào?
166594,fold_0,1,1,6,1.0,1.0,0,Kế hoạch cấp nước an toàn khu vực nông thôn cấp tỉnh có những nội dung gì?
106554,fold_0,1,30,43,1.0,1.0,0,Điều kiện cấp Giấy phép vệ sinh an toàn thực phẩm đối với cửa hàng mỳ cay là gì?
163840,fold_2,1,1,1,1.0,1.0,0,Bố trí thí nghiệm để đánh giá phản ứng của giống lúa với bệnh đạo ôn bằng phương pháp khảo nghiệm có kiểm soát như thế nào?
45068,fold_4,1,4,12,1.0,1.0,0,Phó Trưởng các phòng trực thuộc Vụ Pháp chế Kiểm toán Nhà nước được quy định như thế nào?
5442,fold_4,1,5,13,1.0,1.0,0,Phải đóng bảo hiểm công trình xây dựng với mức tiền tối thiểu là bao nhiêu?
148816,fold_0,1,7,1,1.0,1.0,0,Danh sách cử tri tham gia bầu cử Trưởng khu phố tỉnh Bắc Ninh được lập như thế nào?
47700,fold_4,1,53,1,1.0,1.0,0,Tại phiên họp chính thức của hội đồng thẩm định báo cáo đánh giá tác động môi trường có yêu cầu chủ dự án đầu tư phải có mặt không?
144340,fold_0,1,10,3,1.0,1.0,0,Hồ sơ và trình tự thủ tục đăng ký làm thành viên giao dịch đặc biệt được quy định như thế nào?
109402,fold_2,1,3,>100,1.0,1.0,0,Nhiệm vụ của Sở Tài chính về quản lý ngân sách nhà nước theo quy định mới nhất năm 2022 như thế nào?
85436,fold_1,1,1,1,1.0,1.0,0,Thành phần Hội đồng xét tặng danh hiệu Nghệ nhân Ưu tú trong lĩnh vực nghề thủ công mỹ nghệ cấp tỉnh gồm những ai?
65758,fold_1,1,42,>100,1.0,1.0,0,Chưa có căn cước công dân gắn chip thì phải làm sao?
14422,fold_3,1,>100,3,1.0,1.0,0,Quyết định giám đốc thẩm bản án hình sự phúc thẩm có được thay đổi trước ngay tại phiên tòa không?
166080,fold_2,1,44,83,1.0,1.0,0,Người nước ngoài được cử sang làm việc tại Việt Nam theo hợp đồng phái cử thì kê khai tính thuế thế nào?
123160,fold_4,1,63,2,1.0,1.0,0,Công chức thuộc đơn vị Kiểm toán Nhà nước Khu vực được hưởng những thu nhập tăng thêm thông qua hình thức gì?
143854,fold_0,1,15,8,1.0,1.0,0,Trình độ đào tạo đối với giáo viên trung học cơ sở hạng 2 công lập kể từ ngày 30/5/2023 phải đáp ứng tiêu chuẩn nào?
102404,fold_2,1,2,2,1.0,1.0,0,Thủ tục đề cử tại Quy chế bầu cử trong Đảng?
96878,fold_0,1,5,2,1.0,1.0,0,Kinh doanh dịch vụ karaoke sau khi bố trí về phòng cháy và chữa cháy thì có phải chờ cơ quan có thẩm quyền nghiệm thu mới được hoạt động hay không?
140812,fold_0,1,2,3,1.0,1.0,0,Hồ sơ đề nghị chấp thuận ứng cử viên Lãnh sự danh dự nước ngoài tại Việt Nam gồm những giấy tờ gì?
143646,fold_2,1,2,2,1.0,1.0,0,Đăng ký thực hiện nghĩa vụ tham gia Dân quân tự vệ như thế nào?
33322,fold_2,1,2,10,1.0,1.0,0,Viên chức có được hưởng phụ cấp trong thời gian được bổ nhiệm viên chức quản lý hay không?
108796,fold_3,1,34,2,1.0,1.0,0,Tiêu chuẩn về năng lực chuyên môn nghiệp vụ và trình độ đào tạo đối với ngạch kiểm ngư viên trung cấp?
143876,fold_0,1,1,56,1.0,1.0,0,Tiếp nhận khoản tài trợ vào Quỹ Phát triển doanh nghiệp nhỏ và vừa là công trình xây dựng cơ bản như thế nào?
99670,fold_3,1,1,1,1.0,1.0,0,Thừa phát lại không bảo quản cẩn thận hồ sơ công việc trong quá trình giải quyết các yêu cầu thì có được xem là vi phạm quy tắc đạo đức nghề nghiệp không?
54592,fold_0,1,1,1,1.0,1.0,0,Cơ quan có thẩm quyền cấp Thẻ giám định viên sở hữu công nghiệp?
97934,fold_4,1,3,2,1.0,1.0,0,Thực hiện giới hạn phạm vi điều tra bán phá giá thì biên độ bán phá giá được cơ quan điều tra áp dụng như thế nào?
91262,fold_4,1,12,2,1.0,1.0,0,Doanh nghiệp mua bán nợ có trách nhiệm như thế nào khi bán đấu giá công khai hoặc chào hàng cạnh tranh lô cổ phần kèm nợ phải thu của mình?
31854,fold_3,1,1,85,1.0,1.0,0,Quản lý và vận hành phần mềm Thống kê y tế dựa theo nguyên tắc nào?
81912,fold_3,1,4,19,1.0,1.0,0,Thời gian tập sự hành nghề Thừa phát lại theo quy định hiện nay là bao lâu?
143020,fold_3,1,>100,1,1.0,1.0,0,Phải điều trị và theo dõi khi phẫu thuật ghép màng ối điều trị dính mi cầu như thế nào?
116412,fold_0,1,>100,1,1.0,1.0,0,Thời gian nghỉ hè có được hưởng phụ cấp công tác lâu năm không?
6092,fold_4,2,35,2,1.0,1.0,0,Nếu có đủ điều kiện áp dụng thủ tục rút gọn trong vụ án hình sự mà Cơ quan điều tra không ra quyết định áp dụng thì Viện kiểm sát có trách nhiệm gì?
109144,fold_2,1,1,1,1.0,1.0,0,Thời hiệu xử phạt vi phạm hành chính đối với người chiếm đoạt nguồn gen cây trồng trong khu bảo tồn là bao lâu?
61940,fold_4,1,>100,36,1.0,1.0,0,"Chống thất thu đối với doanh nghiệp, cá nhân kinh doanh trong lĩnh vực thương mại, dịch vụ, nhất là chống thất thu thuế trong kinh doanh, chuyển nhượng bất động sản?"
24246,fold_0,1,>100,2,1.0,1.0,0,"Tiêu chuẩn về năng lực chuyên môn, nghiệp vụ của Kiểm tra viên chính hải quan?"
131780,fold_0,1,6,3,1.0,1.0,0,Thủ tục thành lập văn phòng đại diện tại Việt Nam của tổ chức du lịch nước ngoài được quy định như thế nào?
99416,fold_3,1,1,8,1.0,1.0,0,Quy trình thực hiện đăng ký tàu biển của cơ quan đăng ký tàu biển được quy định như thế nào?
45736,fold_0,1,1,>100,1.0,1.0,0,Hiểu như thế nào về ngân sách nhà nước?
145546,fold_3,1,1,18,1.0,1.0,0,Trường Đại học Khoa học và Công nghệ Hà Nội công bố trên trang web của Trường những thông tin gì?
9582,fold_0,1,2,23,1.0,1.0,0,Diện tích đất tối thiểu để được tách thửa đối với đất nông nghiệp tỉnh Nam Định là bao nhiêu?
65882,fold_4,1,2,1,1.0,1.0,0,Việc biểu quyết thông qua nghị quyết Hội đồng thành viên Tổng công ty lương thực miền Bắc có số phiếu ngang nhau thì giải quyết thế nào?
81098,fold_2,1,20,37,1.0,1.0,0,Thuốc hướng thần phát cho người bệnh có bị hủy khi người bệnh chết đi hay không?
150692,fold_3,1,8,4,1.0,1.0,0,Thời gian làm thủ tục tàu thuyền rời cảng biển là bao lâu?
118488,fold_2,1,14,8,1.0,1.0,0,Khi có tai nạn lao động xảy ra tại nơi làm việc thì ai là người có trách nhiệm khai báo tai nạn lao động?
14964,fold_0,1,2,3,1.0,1.0,0,Hiện tại muốn đăng ký kết hôn thì có xin lại Giấy xác nhận tình trạng hôn nhân được không?
