row_index,qid,question,char_len,word_len,count_dieu,count_khoan,count_diem,count_chuong,count_muc,instrument_luat,instrument_bo_luat,instrument_nghi_dinh,instrument_thong_tu,instrument_quyet_dinh,instrument_nghi_quyet,instrument_phap_lenh,instrument_hien_phap,has_explicit_legal_locator,has_instrument_number,has_year,has_version_cue,has_cross_ref_cue,instrument_type_count,has_numeric_expression,has_entity_hint,archetype
0,44474,Thực hiện thông quan hàng hóa nhập khẩu phải kiểm tra chuyên ngành theo cơ chế một cửa quốc gia như thế nào?,108,23,0,0,0,0,0,0,0,0,0,0,0,0,0,0,0,0,0,1,0,0,0,GENERAL_SEMANTIC
1,77938,"Việc vận chuyển, giao, nhận tài liệu, vật chứa bí mật nhà nước được quy định như thế nào?",89,19,0,0,0,0,0,0,0,0,0,0,0,0,0,0,0,0,0,0,0,0,0,GENERAL_SEMANTIC
2,33616,Đi nghĩa vụ quân sự mà làm mất súng có thể ở tù hay không?,58,15,0,0,0,0,0,0,0,0,0,0,0,0,0,0,0,0,0,0,0,0,0,GENERAL_SEMANTIC
3,49422,Tiêu chuẩn về trình độ đào tạo của giảng viên giáo dục nghề nghiệp chính (hạng II) là gì?,89,19,0,0,0,0,0,0,0,0,0,0,0,0,0,0,0,0,0,0,0,0,0,CONDITION
4,16594,Người sản xuất chế biến chè có cần phải được tập huấn kiến thức về vệ sinh an toàn thực phẩm hay không?,103,23,0,0,0,0,0,0,0,0,0,0,0,0,0,0,0,0,0,0,0,0,0,GENERAL_SEMANTIC
5,30314,Sàn giao dịch bất động sản là gì? Các điều kiện cần thiết để thành lập sàn giao dịch bất động sản?,98,22,0,0,0,0,0,0,0,0,0,0,0,0,0,0,0,0,0,0,0,0,0,CONDITION
6,77048,Văn phòng Trung ương Đảng có trách nhiệm quản lý trung tâm mạng thông tin diện rộng của Đảng thế nào?,101,21,0,0,0,0,0,0,0,0,0,0,0,0,0,0,0,0,0,0,0,0,0,GENERAL_SEMANTIC
7,132310,Người đại diện theo pháp luật của công ty trách nhiệm hữu hạn một thành viên Quản lý tài sản của các tổ chức tín dụng Việt Nam là ai?,133,30,0,0,0,0,0,1,0,0,0,0,0,0,0,0,0,0,0,1,1,0,1,CROSS_REFERENCE
8,52596,"Đơn yêu cầu bắt giữ tàu biển phải bao gồm những tài liệu, chứng cứ kèm theo nào?",80,18,0,0,0,0,0,0,0,0,0,0,0,0,0,0,0,0,0,1,0,0,0,CONDITION
9,154962,Nghĩa vụ của cơ sở tôn giáo trong việc sử dụng đất do nhà nước giao quyền sử dụng là gì?,88,21,0,0,0,0,0,0,0,0,0,0,0,0,0,0,0,0,0,0,0,0,0,DEFINITION
10,81198,"Điều kiện, thủ tục thành lập; điều kiện hoạt động giáo dục; sáp nhập, chia tách, đình chỉ hoạt động, giải thể trường tiểu học và các cơ sở giáo dục khác ra sao?",160,34,0,0,0,0,0,0,0,0,0,0,0,0,0,0,0,0,0,0,0,0,0,PROCEDURE
11,129660,Công khai báo cáo tài chính của Cục Đăng kiểm Việt Nam được quy định như thế nào?,81,18,0,0,0,0,0,0,0,0,0,0,0,0,0,0,0,0,0,0,0,0,0,GENERAL_SEMANTIC
12,154966,Có các chất phụ gia thực phẩm nào được phép sử dụng?,52,12,0,0,0,0,0,0,0,0,0,0,0,0,0,0,0,0,0,0,0,0,0,CONDITION
13,163000,Trường hợp nào không được nâng lương trước hạn dù có thành tích xuất sắc?,73,15,0,0,0,0,0,0,0,0,0,0,0,0,0,0,0,0,0,0,0,0,0,ELIGIBILITY
14,8894,Trái phiếu chính quyền địa phương được phát hành theo phương thức nào?,70,13,0,0,0,0,0,0,0,0,0,0,0,0,0,0,0,0,0,1,0,0,0,GENERAL_SEMANTIC
15,151714,Phụ cấp trách nhiệm đối với kế toán viên của các đơn vị kế toán trong lĩnh vực kế toán nhà nước được quy định như thế nào?,122,28,0,0,0,0,0,0,0,0,0,0,0,0,0,0,0,0,0,0,0,0,0,PROCEDURE
16,135654,"Điều kiện, hồ sơ đăng ký thường trú tại chỗ ở hợp pháp do thuê, mượn, ở nhờ được quy định như thế nào?",102,24,0,0,0,0,0,0,0,0,0,0,0,0,0,0,0,0,0,0,0,0,0,PROCEDURE
17,100548,Thành viên giao dịch đặc biệt bị đình chỉ hoạt động giao dịch trong trường hợp nào?,83,17,0,0,0,0,0,0,0,0,0,0,0,0,0,0,0,0,0,0,0,0,0,ELIGIBILITY
18,29034,Thợ máy trực ca trên tàu biển Việt Nam có nhiệm vụ gì?,54,13,0,0,0,0,0,0,0,0,0,0,0,0,0,0,0,0,0,0,0,0,0,GENERAL_SEMANTIC
19,130422,Phụ trách kế toán là gì?,24,6,0,0,0,0,0,0,0,0,0,0,0,0,0,0,0,0,0,0,0,0,0,DEFINITION
20,128820,Người điều khiển xe máy vận chuyển hàng hóa cần đảm bảo kích thước hàng hóa được vận chuyển như thế nào?,104,22,0,0,0,0,0,0,0,0,0,0,0,0,0,0,0,0,0,0,0,0,0,GENERAL_SEMANTIC
21,142944,Đối tượng được thu thập thông tin về cầu lao động là ai?,56,13,0,0,0,0,0,0,0,0,0,0,0,0,0,0,0,0,0,0,0,0,0,CONDITION
22,165418,Quảng cáo nước rửa tay diệt khuẩn 99% cần phải đảm bảo những thông tin gì?,74,16,0,0,0,0,0,0,0,0,0,0,0,0,0,0,0,0,0,0,0,1,0,GENERAL_SEMANTIC
23,68716,"Giám đốc, Phó Giám đốc Cảng vụ hàng không do ai bổ nhiệm hay miễn nhiễm?",72,16,0,0,0,0,0,0,0,0,0,0,0,0,0,0,0,0,0,0,0,0,0,GENERAL_SEMANTIC
24,32236,Bảng giá đất có được sử dụng làm căn cứ để tính giá trị quyền sử dụng đất để trả cho người tự nguyện trả lại đất cho Nhà nước hay không?,136,32,0,0,0,0,0,0,0,0,0,0,0,0,0,0,0,0,0,1,0,0,0,CONDITION
25,45250,"Tiêu chuẩn để được làm hiệu trưởng trường trung cấp, trường cao đẳng là gì?",75,15,0,0,0,0,0,0,0,0,0,0,0,0,0,0,0,0,0,0,0,0,0,PROCEDURE
26,153148,Khai thác gỗ rừng trồng thông thường do Nhà nước là đại diện chủ sở hữu có thuộc trường hợp phê duyệt phương án khai thác hay không?,132,28,0,0,0,0,0,0,0,0,0,0,0,0,0,0,0,0,0,0,0,0,0,GENERAL_SEMANTIC
27,160472,Thủ tục cấp Giấy phép kinh doanh vật liệu nổ công nghiệp được thực hiện như thế nào?,84,18,0,0,0,0,0,0,0,0,0,0,0,0,0,0,0,0,0,0,0,0,0,PROCEDURE
28,62006,Tổ chức đánh giá độc lập về Hệ thống bảo đảm gỗ hợp pháp Việt Nam thực hiện đánh giá định kỳ bao nhiêu tháng một lần?,117,27,0,0,0,0,0,0,0,0,0,0,0,0,0,0,0,0,0,0,0,0,1,NUMERICAL_THRESHOLD
29,64204,Sử dụng phương tiện điện tử để phạm tội đánh bạc có thể bị phạt bao nhiêu năm tù?,81,19,0,0,0,0,0,0,0,0,0,0,0,0,0,0,0,0,0,0,0,0,0,SANCTION
30,52962,Xe chở vật liệu xây dựng rơi vãi xuống đường gây tai nạn giao thông có bị xử lý hình sự không?,94,22,0,0,0,0,0,0,0,0,0,0,0,0,0,0,0,0,0,0,0,0,0,GENERAL_SEMANTIC
31,118074,Nhiệm vụ và quyền hạn của Tổng cục Phòng chống thiên tai là gì?,63,14,0,0,0,0,0,0,0,0,0,0,0,0,0,0,0,0,0,0,0,0,0,DEFINITION
32,93968,Cấp lại giấy phép hoạt động bến thủy nội địa thuộc phạm vi quản lý của Bộ Quốc phòng theo trình tự như thế nào?,111,25,0,0,0,0,0,0,0,0,0,0,0,0,0,0,0,0,0,1,0,0,0,PROCEDURE
33,69912,"Có cấm điều khiển xe máy, xe đạp đi hàng ngang trên đường hay không?",68,15,0,0,0,0,0,0,0,0,0,0,0,0,0,0,0,0,0,0,0,0,0,GENERAL_SEMANTIC
34,36348,Việc công nhận kho ngoại quan được thực hiện theo trình tự nào?,63,13,0,0,0,0,0,0,0,0,0,0,0,0,0,0,0,0,0,1,0,0,0,PROCEDURE
35,29236,Muốn làm bác sỹ y học dự phòng hạng II thì cần phải làm bác sỹ y học dự phòng hạng III trong bao nhiêu năm?,107,26,0,0,0,0,0,0,0,0,0,0,0,0,0,0,0,0,0,0,0,0,0,NUMERICAL_THRESHOLD
36,109812,"Thời gian bồi dưỡng, huấn luyện nghiệp vụ cứu nạn, cứu hộ là khi nào?",69,15,0,0,0,0,0,0,0,0,0,0,0,0,0,0,0,0,0,0,0,0,0,GENERAL_SEMANTIC
37,59554,Sau khi bảo quản bơ quả tươi có cần đưa vào làm lạnh hay không?,63,15,0,0,0,0,0,0,0,0,0,0,0,0,0,0,0,0,0,0,0,0,0,GENERAL_SEMANTIC
38,126574,"Khi kết nối Cơ sở dữ liệu quốc gia về dân cư thì cơ quan, tổ chức có được phép lấy các thông tin về đời sống riêng tư, bí mật cá nhân hay không?",144,35,0,0,0,0,0,0,0,0,0,0,0,0,0,0,0,0,0,0,0,0,1,CONDITION
39,34872,Đổi thẻ bảo hiểm y tế nơi khám chữa bệnh ban đầu được không?,60,14,0,0,0,0,0,0,0,0,0,0,0,0,0,0,0,0,0,0,0,0,0,GENERAL_SEMANTIC
40,69478,Thành viên Hội đồng thi làm mất bài thi của thí sinh thì giải quyết như thế nào?,80,18,0,0,0,0,0,0,0,0,0,0,0,0,0,0,0,0,0,0,0,0,0,PROCEDURE
41,140384,"Nguyên tắc trao đổi, cung cấp thông tin trong hoạt động giám sát an toàn hệ thống thông tin như thế nào?",104,22,0,0,0,0,0,0,0,0,0,0,0,0,0,0,0,0,0,0,0,0,0,PROCEDURE
42,55700,Ai có trách nhiệm lập dự toán kinh phí hỗ trợ hoạt động của Đoàn Hội thẩm quân nhân?,84,19,0,0,0,0,0,0,0,0,0,0,0,0,0,0,0,0,0,0,0,0,0,GENERAL_SEMANTIC
43,37944,"Công tác sàng lọc, đưa đảng viên ra khỏi Đảng được thực hiện thực hiện định kỳ vào khoảng thời gian nào?",104,22,0,0,0,0,0,0,0,0,0,0,0,0,0,0,0,0,0,0,0,0,0,GENERAL_SEMANTIC
44,160062,Bệnh tay chân miệng được chia thành mấy mức độ? Bệnh nhân được điều trị bệnh tay chân miệng ngoại trú tại nhà khi nào?,118,25,0,0,0,0,0,0,0,0,0,0,0,0,0,0,0,0,0,0,0,0,0,NUMERICAL_THRESHOLD
45,59458,Nộp thuế giá trị gia tăng tại đâu?,34,8,0,0,0,0,0,0,0,0,0,0,0,0,0,0,0,0,0,0,0,0,0,PROCEDURE
46,59724,Người nộp thuế là nhà thầu nước ngoài phải tuân thủ những quy định nào?,71,15,0,0,0,0,0,0,0,0,0,0,0,0,0,0,0,0,0,0,0,0,1,PROCEDURE
47,84070,Khu du lịch cấp tỉnh cần có hệ thống cơ sở lưu trú du lịch đáp ứng tối thiểu bao nhiêu lượt khách lưu trú mỗi năm?,114,27,0,0,0,0,0,0,0,0,0,0,0,0,0,0,0,0,0,0,0,0,0,PROCEDURE
48,165886,"Thực hiện dân chủ trong công tác phòng cháy, chữa cháy và cứu nạn, cứu hộ phải đảm bảo các nguyên tắc nào?",106,23,0,0,0,0,0,0,0,0,0,0,0,0,0,0,0,0,0,0,0,0,0,GENERAL_SEMANTIC
49,9088,"Nguyên tắc đánh giá, xếp loại chất lượng công chức, viên chức như thế nào?",74,15,0,0,0,0,0,0,0,0,0,0,0,0,0,0,0,0,0,0,0,0,0,GENERAL_SEMANTIC
50,91430,Trường hợp nào không xử phạt vi phạm hành chính?,48,10,0,0,0,0,0,0,0,0,0,0,0,0,0,0,0,0,0,0,0,0,0,SANCTION
51,168090,Công trình hạ tầng kỹ thuật bao gồm những công trình nào?,57,12,0,0,0,0,0,0,0,0,0,0,0,0,0,0,0,0,0,0,0,0,0,GENERAL_SEMANTIC
52,2230,Việc công bố sản phẩm mỹ phẩm hiện nay phải đảm bảo những quy định nào?,71,16,0,0,0,0,0,0,0,0,0,0,0,0,0,0,0,0,0,0,0,0,0,GENERAL_SEMANTIC
53,124126,Khi nào đơn phương chấm dứt hợp đồng lao động trái pháp luật?,61,13,0,0,0,0,0,1,0,0,0,0,0,0,0,0,0,0,0,0,1,0,0,GENERAL_SEMANTIC
54,156702,Giảng viên chuyên trách giảng dạy hoàn thành xuất sắc nhiệm vụ đào tạo sơ cấp lý luận chính trị tại Trung tâm chính trị cấp huyện có được đề nghị khen thưởng không?,164,34,0,0,0,0,0,0,0,0,0,0,0,0,0,0,0,0,0,0,0,0,0,PROCEDURE
55,121672,Hợp đồng bảo hiểm quy định những nội dung gì? Trách nhiệm bảo hiểm phát sinh vào thời điểm nào?,95,20,0,0,0,0,0,0,0,0,0,0,0,0,0,0,0,0,0,0,0,0,0,GENERAL_SEMANTIC
56,160538,"Mẫu thông báo về việc bổ sung, cập nhật thông tin đăng ký doanh nghiệp?",71,15,0,0,0,0,0,0,0,0,0,0,0,0,0,0,0,0,1,0,0,0,1,PROCEDURE
57,48262,Hồ sơ đề nghị giải quyết hưởng chế độ dưỡng sức sau khi sẩy thai được pháp luật quy định như thế nào?,101,23,0,0,0,0,0,1,0,0,0,0,0,0,0,0,0,0,0,0,1,0,0,PROCEDURE
58,30518,Bảo đảm nguồn lực tài chính quốc phòng có phải là nhiệm vụ chi của ngân sách trung ương hay không?,98,21,0,0,0,0,0,0,0,0,0,0,0,0,0,0,0,0,0,0,0,0,0,GENERAL_SEMANTIC
59,104260,Nghĩa vụ của doanh nghiệp bảo hiểm trong hoạt động đầu tư xây dựng quy định như thế nào?,88,19,0,0,0,0,0,0,0,0,0,0,0,0,0,0,0,0,0,0,0,0,1,GENERAL_SEMANTIC
60,47934,Thủ tục xem xét cho từ chức đối với người quản lý doanh nghiệp thuộc Bộ Giao thông vận tải được thực hiện như thế nào?,118,26,0,0,0,0,0,0,0,0,0,0,0,0,0,0,0,0,0,0,0,0,1,PROCEDURE
61,77180,Thế nào là kế hoạch thanh tra? Kế hoạch thanh tra bao gồm những gì?,67,15,0,0,0,0,0,0,0,0,0,0,0,0,0,0,0,0,0,0,0,0,0,DEFINITION
62,153498,Đối với phi công quân sự cấp 3 thì việc cấp Giấy chứng nhận cấp kỹ thuật phi công thuộc thẩm quyền của ai?,106,24,0,0,0,0,0,0,0,0,0,0,0,0,0,0,0,0,0,0,0,1,0,PROCEDURE
63,167370,Giấy thông hành có thời hạn sử dụng trong bao lâu?,50,11,0,0,0,0,0,0,0,0,0,0,0,0,0,0,0,0,0,0,0,0,0,NUMERICAL_THRESHOLD
64,22946,Việc khám nghiệm tử thi trong vụ án hình sự được quy định như thế nào?,70,16,0,0,0,0,0,0,0,0,0,0,0,0,0,0,0,0,0,0,0,0,0,GENERAL_SEMANTIC
65,151268,Quy tắc ứng xử nơi công cộng của Viên chức của Bộ Xây dựng được quy định như thế nào?,85,20,0,0,0,0,0,0,0,0,0,0,0,0,0,0,0,0,0,0,0,0,0,GENERAL_SEMANTIC
66,115956,Thời hạn để người nước ngoài cần đăng ký tạm trú tại Việt Nam là bao lâu?,73,17,0,0,0,0,0,0,0,0,0,0,0,0,0,0,0,0,0,0,0,0,0,PROCEDURE
67,115738,"Tiêu chuẩn để làm nhân viên y tế thôn, bản được pháp luật quy định như thế nào?",79,18,0,0,0,0,0,1,0,0,0,0,0,0,0,0,0,0,0,0,1,0,0,CONDITION
68,73712,Khái niệm về sổ đỏ là gì?,25,7,0,0,0,0,0,0,0,0,0,0,0,0,0,0,0,0,0,0,0,0,0,DEFINITION
69,27310,Trình tự công nhận khu du lịch quốc gia gồm bao nhiêu bước thực hiện?,69,15,0,0,0,0,0,0,0,0,0,0,0,0,0,0,0,0,0,0,0,0,0,PROCEDURE
70,123232,Thỏa thuận quốc tế trong Quân đội nhân dân có thể bị chấm dứt khi nào?,70,16,0,0,0,0,0,0,0,0,0,0,0,0,0,0,0,0,0,0,0,0,0,GENERAL_SEMANTIC
71,126704,Pháp luật quy định việc tuyên truyền dịch vụ tư vấn sử dụng năng lượng tiết kiệm như thế nào?,93,20,0,0,0,0,0,1,0,0,0,0,0,0,0,0,0,0,0,0,1,0,0,GENERAL_SEMANTIC
72,74322,Tài xế chở quá trọng lượng hàng hóa so với giấy phép lưu hành bị phạt bao nhiêu tiền?,85,19,0,0,0,0,0,0,0,0,0,0,0,0,0,0,0,0,0,0,0,0,0,SANCTION
73,144010,Những hành vi nào xâm phạm chỉ dẫn địa lý?,42,10,0,0,0,0,0,0,0,0,0,0,0,0,0,0,0,0,0,0,0,0,0,GENERAL_SEMANTIC
74,4694,Thành viên đội dân phòng bị thương khi trực tiếp chữa cháy nhưng không tham gia bảo hiểm xã hội có được chi trả chi phí khám chữa bệnh không?,141,30,0,0,0,0,0,0,0,0,0,0,0,0,0,0,0,0,0,0,0,0,0,CONDITION
75,19146,Trong 24 giờ kể từ khi ra quyết định thay đổi quyết định khởi tố vụ án hình sự thì Cơ quan điều tra cần làm gì?,111,27,0,0,0,0,0,0,0,0,0,1,0,0,0,0,0,0,0,0,1,1,1,GENERAL_SEMANTIC
76,2910,Trường hợp nào không được chứng thực chữ ký?,44,9,0,0,0,0,0,0,0,0,0,0,0,0,0,0,0,0,0,0,0,0,0,ELIGIBILITY
77,160676,Điều kiện hưởng chế độ thai sản khi sinh đôi nhưng nghỉ việc trước sinh được pháp luật quy định như thế nào?,108,23,0,0,0,0,0,1,0,0,0,0,0,0,0,0,0,0,0,0,1,0,0,CONDITION
78,154332,Vụ Quan hệ quốc tế có chế độ xây dựng văn bản như thế nào?,58,15,0,0,0,0,0,0,0,0,0,0,0,0,0,0,0,0,0,0,0,0,0,GENERAL_SEMANTIC
79,148156,Doanh nghiệp phải nộp báo cáo tài chính cho những cơ quan nào?,62,13,0,0,0,0,0,0,0,0,0,0,0,0,0,0,0,0,0,0,0,0,1,PROCEDURE
80,132274,Thẩm quyền phê duyệt kế hoạch đào tạo bồi dưỡng kiểm toán viên nhà nước trung hạn thuộc về ai?,94,20,0,0,0,0,0,0,0,0,0,0,0,0,0,0,0,0,0,0,0,0,0,GENERAL_SEMANTIC
81,92300,Công chứng di chúc được quy định như thế nào?,45,10,0,0,0,0,0,0,0,0,0,0,0,0,0,0,0,0,0,0,0,0,0,GENERAL_SEMANTIC
82,61702,Hồ sơ đăng ký tham gia khóa bồi dưỡng nghề công chứng khi thuộc trường hợp được miễn đào tạo nghề công chứng gồm những tài liệu gì?,131,28,0,0,0,0,0,0,0,0,0,0,0,0,0,0,0,0,0,0,0,0,0,PROCEDURE
83,58652,Chủ tịch Ủy ban nhân dân cấp huyện được quyền xử phạt cơ sở tiêm chủng không bảo đảm an toàn trong khi tiêm chủng không?,120,26,0,0,0,0,0,0,0,0,0,0,0,0,0,0,0,0,0,0,0,0,1,SANCTION
84,129780,Quyền yêu cầu giải quyết ly hôn khi chồng không thừa nhận con,61,13,0,0,0,0,0,0,0,0,0,0,0,0,0,0,0,0,0,0,0,0,0,PROCEDURE
85,63300,"Yêu cầu về năng lực chuyên môn, nghiệp vụ đối với viên chức được bổ nhiệm chức danh thẩm kế viên hạng 1 thế nào?",112,25,0,0,0,0,0,0,0,0,0,0,0,0,0,0,0,0,0,0,0,1,0,CONDITION
86,65268,Nguồn kinh phí biên soạn tài liệu đào tạo hoạt động khuyến nông được lấy từ đâu?,80,17,0,0,0,0,0,0,0,0,0,0,0,0,0,0,0,0,0,0,0,0,0,GENERAL_SEMANTIC
87,122604,Sau khi tốt nghiệp ngành nguội sửa chữa máy công cụ trình độ trung cấp thì người học phải có được tối thiểu những kiến thức nào?,128,27,0,0,0,0,0,0,0,0,0,0,0,0,0,0,0,0,0,0,0,0,0,PROCEDURE
88,25944,Thời hạn nộp báo cáo tình hình sử dụng hóa đơn?,47,11,0,0,0,0,0,0,0,0,0,0,0,0,0,0,0,0,0,0,0,0,0,PROCEDURE
89,82818,Tác giả tác phẩm thuộc loại hình kịch múa được hưởng thêm nhuận bút khuyến khích khi nào?,89,18,0,0,0,0,0,0,0,0,0,0,0,0,0,0,0,0,0,0,0,0,0,ELIGIBILITY
90,43312,Xe ô tô đầu kéo kéo sơ mi rơ moóc muốn được vận chuyển container thì xin cấp phù hiệu gì?,89,21,0,0,0,0,0,0,0,0,0,0,0,0,0,0,0,0,0,0,0,0,0,PROCEDURE
91,59904,"Thực hiện đề án hỗ trợ học sinh, sinh viên khởi nghiệp theo các nhiệm vụ và giải pháp như thế nào?",98,22,0,0,0,0,0,0,0,0,0,0,0,0,0,0,0,0,0,1,0,0,0,GENERAL_SEMANTIC
92,145758,Sử dụng người chưa đủ 13 tuổi làm việc thì có cần phải có phiếu đồng ý của người đại diện theo pháp luật trong hợp đồng không?,126,28,0,0,0,0,0,1,0,0,0,0,0,0,0,0,0,0,0,1,1,1,0,CROSS_REFERENCE
93,57420,Thời hạn giải quyết hồ sơ được quy định ra sao?,47,11,0,0,0,0,0,0,0,0,0,0,0,0,0,0,0,0,0,0,0,0,0,PROCEDURE
94,41458,Nội dung quy định áp giá của bảng giá đất nhóm đất nông nghiệp trên địa bàn tỉnh Lạng Sơn?,90,20,0,0,0,0,0,0,0,0,0,0,0,0,0,0,0,0,0,0,0,0,0,GENERAL_SEMANTIC
95,11702,"Ban Thư ký Hội thi giảng viên giỏi nghiệp vụ sư phạm toàn quốc có nhiệm vụ, quyền hạn gì?",89,20,0,0,0,0,0,0,0,0,0,0,0,0,0,0,0,0,0,0,0,0,0,GENERAL_SEMANTIC
96,38602,Chi cục Hải quan quản lý kho có trách nhiệm như thế nào với việc chuyển loại xăng dầu trong kho ngoại quan xăng dầu?,116,25,0,0,0,0,0,0,0,0,0,0,0,0,0,0,0,0,0,0,0,0,0,GENERAL_SEMANTIC
97,151672,Việc đăng ký thay đổi vốn điều lệ được thực hiện theo quy định như thế nào?,75,17,0,0,0,0,0,0,0,0,0,0,0,0,0,0,0,0,0,1,0,0,0,PROCEDURE
98,77606,Tờ rơi in quảng cáo bột ngũ cốc dùng cho trẻ từ 12 đến dưới 24 tháng tuổi phải thể hiện những thông tin gì về sản phẩm?,119,28,0,0,0,0,0,0,0,0,0,0,0,0,0,0,0,0,0,0,0,1,0,GENERAL_SEMANTIC
99,160330,Thời gian khi tham gia huấn luyện dân quân tự vệ thường trực là trong bao lâu?,78,17,0,0,0,0,0,0,0,0,0,0,0,0,0,0,0,0,0,0,0,0,0,NUMERICAL_THRESHOLD
100,161300,"Kết quả đánh giá, xếp loại chất lượng công chức được xem là căn cứ để thực hiện những nội dung gì?",98,22,0,0,0,0,0,0,0,0,0,0,0,0,0,0,0,0,0,1,0,0,0,GENERAL_SEMANTIC
101,6770,Nội dung chi tiết của đào tạo cấp chứng chỉ chứng nhận chuyên môn về y tế lao động được quy định như thế nào?,109,25,0,0,0,0,0,0,0,0,0,0,0,0,0,0,0,0,0,0,0,0,0,PROCEDURE
102,5274,Góp vốn vào hợp tác xã bằng quyền sử dụng đất có được hay không?,64,15,0,0,0,0,0,0,0,0,0,0,0,0,0,0,0,0,0,0,0,0,0,CONDITION
103,74270,Bếp ăn tập thể có phải là cơ sở kinh doanh dịch vụ ăn uống không?,65,16,0,0,0,0,0,0,0,0,0,0,0,0,0,0,0,0,0,0,0,0,0,GENERAL_SEMANTIC
104,64744,Doanh nghiệp đầu tư ra nước ngoài trong lĩnh vực khai thác vàng muốn được cấp Giấy phép nhập khẩu vàng nguyên liệu cần đáp ứng những gì?,136,28,0,0,0,0,0,0,0,0,0,0,0,0,0,0,0,0,0,0,0,0,1,PROCEDURE
105,140792,Hồ sơ đăng ký tham gia khóa đào tạo nghề Thừa phát lại bao gồm những tài liệu gì?,81,19,0,0,0,0,0,0,0,0,0,0,0,0,0,0,0,0,0,0,0,0,0,PROCEDURE
106,1442,"Phát tán hình ảnh, video đồi trụy của người khác bị truy cứu trách nhiệm hình sự tội gì?",88,19,0,0,0,0,0,0,0,0,0,0,0,0,0,0,0,0,0,0,0,0,0,SANCTION
107,58880,Ban quản lý dự án đầu tư xây dựng có quyền và nghĩa vụ như thế nào?,67,17,0,0,0,0,0,0,0,0,0,0,0,0,0,0,0,0,0,0,0,0,0,GENERAL_SEMANTIC
108,53858,Người lao động vận hành cần máy bơm bê tông có cần phải có chứng chỉ về an toàn vệ sinh lao động gì không?,106,25,0,0,0,0,0,0,0,0,0,0,0,0,0,0,0,0,0,0,0,0,1,GENERAL_SEMANTIC
109,1872,Thủ tục ra khỏi Hiệp hội Vận tải ôtô Việt Nam được quy định thế nào?,68,16,0,0,0,0,0,0,0,0,0,0,0,0,0,0,0,0,0,0,0,0,0,PROCEDURE
110,118454,Thanh tra Bộ Công an sẽ tiến hành thanh tra đối với những đối tượng nào?,72,16,0,0,0,0,0,0,0,0,0,0,0,0,0,0,0,0,0,0,0,0,0,CONDITION
111,146948,Làm thế nào để thực hiện đăng ký bản quyền đối với logo công ty?,64,15,0,0,0,0,0,0,0,0,0,0,0,0,0,0,0,0,0,0,0,0,1,PROCEDURE
112,21760,Chữ ký số được sử dụng trong trường hợp nào?,44,10,0,0,0,0,0,0,0,0,0,0,0,0,0,0,0,0,0,0,0,0,0,ELIGIBILITY
113,126058,Miễn thị thực đối với người nước ngoài là vợ công dân Việt Nam cần đáp ứng những điều kiện gì?,94,21,0,0,0,0,0,0,0,0,0,0,0,0,0,0,0,0,0,0,0,0,0,CONDITION
114,18626,Doanh nghiệp đại lý dịch vụ viễn thông có thể từ chối cung cấp dịch vụ cho người sử dụng dịch vụ viễn thông trong trường hợp nào?,129,28,0,0,0,0,0,0,0,0,0,0,0,0,0,0,0,0,0,0,0,0,1,PROCEDURE
115,24958,Ai có trách nhiệm tổ chức đánh giá tài nguyên nước dưới đất?,60,13,0,0,0,0,0,0,0,0,0,0,0,0,0,0,0,0,0,0,0,0,1,GENERAL_SEMANTIC
116,4306,"Hồ sơ đề nghị chấp thuận chương trình, dự án theo cơ chế trao đổi, bù trừ tín chỉ các bon gồm những tài liệu gì?",112,26,0,0,0,0,0,0,0,0,0,0,0,0,0,0,0,0,0,1,0,0,0,PROCEDURE
117,5712,Người được giao thực hiện việc sao chụp tài liệu bí mật Nhà nước phải là những người nào?,89,19,0,0,0,0,0,0,0,0,0,0,0,0,0,0,0,0,0,0,0,0,0,GENERAL_SEMANTIC
118,84084,"Biển hiệu Tổng cục trong Công an nhân dân tại trụ sở cơ quan, đơn vị có hình dáng kích thước và chất liệu màu sắc như thế nào?",126,29,0,0,0,0,0,0,0,0,0,0,0,0,0,0,0,0,0,0,0,0,1,GENERAL_SEMANTIC
119,127538,Đơn đề nghị điều chỉnh giấy phép thăm dò nước dưới đất được thực hiện theo mẫu nào?,83,18,0,0,0,0,0,0,0,0,0,0,0,0,0,0,0,0,0,1,0,0,0,GENERAL_SEMANTIC
120,64542,"Quy định của pháp luật về giảm thuế đối với hàng hóa xuất khẩu, nhập khẩu?",74,16,0,0,0,0,0,1,0,0,0,0,0,0,0,0,0,0,0,0,1,0,0,GENERAL_SEMANTIC
121,170,Cơ quan nào có thẩm quyền đổi tên gọi của khu công nghiệp?,58,13,0,0,0,0,0,0,0,0,0,0,0,0,0,0,0,0,0,0,0,0,1,GENERAL_SEMANTIC
122,6264,"Người tham gia thanh tra, kiểm tra cần đáp ứng những điều kiện nào?",67,14,0,0,0,0,0,0,0,0,0,0,0,0,0,0,0,0,0,0,0,0,0,CONDITION
123,58106,Trong chiến lược phát triển năng lượng tái tạo để nâng cao tỷ lệ sử dụng năng lượng mặt trời thì phải có giải pháp như thế nào?,127,28,0,0,0,0,0,0,0,0,0,0,0,0,0,0,0,0,0,0,0,0,0,NUMERICAL_THRESHOLD
124,99640,Cơ sở để tính hưởng chế độ được quy định ra sao?,48,12,0,0,0,0,0,0,0,0,0,0,0,0,0,0,0,0,0,0,0,0,0,GENERAL_SEMANTIC
125,149310,Đối với kết luận giám định pháp y tâm thần bằng hình thức giám định tại chỗ mà có giám định viên không thống nhất thì xử lý như thế nào?,136,31,0,0,0,0,0,0,0,0,0,0,0,0,0,0,0,0,0,0,0,0,0,GENERAL_SEMANTIC
126,100080,Tổng giám đốc Tổng công ty Viễn thông MobiFone được đề nghị Hội đồng thành viên quyết định bổ nhiệm những chức danh nào?,120,24,0,0,0,0,0,0,0,0,0,1,0,0,0,0,0,0,0,0,1,0,1,GENERAL_SEMANTIC
127,119454,Hút thuốc lá điện tử ở cây xăng bị xử phạt vi phạm hành chính bao nhiêu tiền?,77,18,0,0,0,0,0,0,0,0,0,0,0,0,0,0,0,0,0,0,0,0,0,SANCTION
128,44448,Doanh nghiệp có được kinh doanh trở lại trước thời hạn đã thông báo tạm ngừng kinh doanh hay không?,99,20,0,0,0,0,0,0,0,0,0,0,0,0,0,0,0,0,0,0,0,0,1,CONDITION
129,135574,Hướng dẫn cách ghi văn bản yêu cầu bồi thường nhà nước như thế nào?,67,15,0,0,0,0,0,0,0,0,0,0,0,0,0,0,0,0,0,0,0,0,0,CONDITION
130,88862,Quy định về phòng ngừa và phân tầng điều trị sau nhiễm Covid-19 ở trẻ em?,73,17,0,0,0,0,0,0,0,0,0,0,0,0,0,0,0,0,0,0,0,1,0,GENERAL_SEMANTIC
131,111246,Giấy tiếp nhận hồ sơ và hẹn trả kết quả được gửi thông qua những hình thức nào?,79,18,0,0,0,0,0,0,0,0,0,0,0,0,0,0,0,0,0,0,0,0,0,PROCEDURE
132,122408,Mẫu Phiếu lý lịch tư pháp số 2 được quy định như thế nào?,57,14,0,0,0,0,0,0,0,0,0,0,0,0,0,0,0,0,0,0,0,1,0,GENERAL_SEMANTIC
133,138878,Việc lãnh lương của thành viên của Ủy ban về quyền của người khuyết tật được thực hiện trên cơ sở nào?,102,22,0,0,0,0,0,0,0,0,0,0,0,0,0,0,0,0,0,0,0,0,1,GENERAL_SEMANTIC
134,68252,Thủ tục giải quyết hồ sơ xin nhập quốc tịch Việt Nam?,53,12,0,0,0,0,0,0,0,0,0,0,0,0,0,0,0,0,0,0,0,0,0,PROCEDURE
135,132972,Trình tự thực hiện thủ tục đăng ký thay đổi khoản vay như thế nào?,66,15,0,0,0,0,0,0,0,0,0,0,0,0,0,0,0,0,0,0,0,0,0,PROCEDURE
136,94552,Cơ quan nào có thẩm quyền xử lý kỷ luật đối với viên chức?,58,14,0,0,0,0,0,1,0,0,0,0,0,0,0,0,0,0,0,0,1,0,1,GENERAL_SEMANTIC
137,78468,Tổng cục Quản lý đất đai làm việc theo chế độ gì? Nguyên tắc làm việc của Tổng cục như thế nào?,95,22,0,0,0,0,0,0,0,0,0,0,0,0,0,0,0,0,0,1,0,0,0,GENERAL_SEMANTIC
138,60996,"Đối tượng được sở hữu nhà ở và hình thức sở hữu nhà ở tại Việt Nam của tổ chức, cá nhân nước ngoài?",99,24,0,0,0,0,0,0,0,0,0,0,0,0,0,0,0,0,0,0,0,0,1,CONDITION
139,25074,Thủ tục làm lại giấy khai sinh trong trường hợp thất lạc hết giấy tờ tùy thân được quy định như thế nào?,104,23,0,0,0,0,0,0,0,0,0,0,0,0,0,0,0,0,0,0,0,0,0,PROCEDURE
140,140668,Đáp án đề thi lớp 10 chuyên Văn tại TP HCM năm 2023 2024? Tải đáp án đề thi chuyên Văn lớp 10 ở đâu?,100,25,0,0,0,0,0,0,0,0,0,0,0,0,0,0,0,1,0,0,0,1,0,GENERAL_SEMANTIC
141,27708,Hồ sơ hưởng chế độ tử tuất gồm những gì?,40,10,0,0,0,0,0,0,0,0,0,0,0,0,0,0,0,0,0,0,0,0,0,PROCEDURE
142,35908,Sản phẩm của đề tài nghiên cứu khoa học tham gia xét tặng Giải thưởng khoa học và công nghệ dành cho sinh viên phải được công bố dưới những hình thức nào?,154,33,0,0,0,0,0,0,0,0,0,0,0,0,0,0,0,0,0,0,0,0,0,GENERAL_SEMANTIC
143,24964,Để được cấp thẻ thành viên khi tham gia hoạt động bán hàng đa cấp cần đáp ứng điều kiện gì?,91,21,0,0,0,0,0,0,0,0,0,0,0,0,0,0,0,0,0,0,0,0,0,PROCEDURE
144,43840,Người nhà có được tham gia vào quá trình tố tụng dân sự tại tòa án theo quy định hiện nay không?,96,22,0,0,0,0,0,0,0,0,0,0,0,0,0,0,0,0,0,1,0,0,0,CONDITION
145,34950,Phương thức bay kiểm tra GBAS được thực hiện như thế nào?,57,12,0,0,0,0,0,0,0,0,0,0,0,0,0,0,0,0,0,0,0,0,0,GENERAL_SEMANTIC
146,167176,"Phun sơn, vẽ bậy lên tường nhà người khác có bị truy cứu trách nhiệm hình sự hay không?",87,19,0,0,0,0,0,0,0,0,0,0,0,0,0,0,0,0,0,0,0,0,0,SANCTION
147,11632,Sau khi ký kết thỏa thuận quốc tế trong Quân đội nhân dân nhân danh Nhà nước Văn phòng Bộ Quốc phòng có phải lưu trữ bản gốc không?,131,29,0,0,0,0,0,0,0,0,0,0,0,0,0,0,0,0,0,0,0,0,0,GENERAL_SEMANTIC
148,146414,Người giữ chức vụ Chủ tịch Hội Nông dân phường sẽ được xếp lương như thế nào? Có mấy bậc hệ số lương?,101,23,0,0,0,0,0,0,0,0,0,0,0,0,0,0,0,0,0,0,0,0,0,GENERAL_SEMANTIC
149,145992,"Tài liệu, thông tin được sử dụng làm bằng chứng kiểm toán trong các lĩnh vực kiểm toán gồm có những loại nào?",109,23,0,0,0,0,0,0,0,0,0,0,0,0,0,0,0,0,0,0,0,0,0,GENERAL_SEMANTIC
150,40498,Khái niệm về kiểm soát tài liệu?,32,7,0,0,0,0,0,0,0,0,0,0,0,0,0,0,0,0,0,0,0,0,0,DEFINITION
151,56820,Tổ chức khoa học và công nghệ công lập có chức năng gì?,55,13,0,0,0,0,0,0,0,0,0,0,0,0,0,0,0,0,0,0,0,0,1,GENERAL_SEMANTIC
152,19906,"Biểu mẫu thống kê kết quả điều tra, truy tố, xét xử sơ thẩm các vụ án hình sự hiện nay?",87,21,0,0,0,0,0,0,0,0,0,0,0,0,0,0,0,0,0,0,0,0,0,GENERAL_SEMANTIC
153,18924,Cơ quan nào có thẩm quyền cấp giấy xác nhận về vũ khí thô sơ?,61,15,0,0,0,0,0,0,0,0,0,0,0,0,0,0,0,0,0,0,0,0,1,PROCEDURE
154,159630,Cha mẹ giữ tiền của con có thể bị xử phạt như thế nào?,54,14,0,0,0,0,0,0,0,0,0,0,0,0,0,0,0,0,0,0,0,0,0,SANCTION
155,17974,Thời gian hưởng chế độ khi sinh con trong bảo hiểm xã hội?,58,13,0,0,0,0,0,0,0,0,0,0,0,0,0,0,0,0,0,0,0,0,0,GENERAL_SEMANTIC
156,30462,Điểm học phần quy đổi từ điểm số sang điểm chữ thực hiện như thế nào?,69,16,0,0,0,0,0,0,0,0,0,0,0,0,0,0,0,0,0,0,0,0,0,GENERAL_SEMANTIC
157,70202,Công ty có được xử lý kỷ luật đối với lao động nữ đang nuôi con nhỏ không?,74,18,0,0,0,0,0,1,0,0,0,0,0,0,0,0,0,0,0,0,1,0,1,CONDITION
158,45320,"Viên chức có những quyền lợi, nghĩa vụ gì?",42,9,0,0,0,0,0,0,0,0,0,0,0,0,0,0,0,0,0,0,0,0,0,GENERAL_SEMANTIC
159,19822,Thời điểm chuyển quyền sở hữu nhà ở được quy định như thế nào?,62,14,0,0,0,0,0,0,0,0,0,0,0,0,0,0,0,0,0,0,0,0,0,GENERAL_SEMANTIC
160,98314,Đối tượng nào phải nộp thuế thu nhập cá nhân?,45,10,0,0,0,0,0,0,0,0,0,0,0,0,0,0,0,0,0,0,0,0,1,PROCEDURE
161,124588,"Thanh tra Dân số, Gia đình và Trẻ em ở Trung ương sẽ chịu sự chỉ đạo trực tiếp của những cơ quan nào?",101,24,0,0,0,0,0,0,0,0,0,0,0,0,0,0,0,0,0,0,0,0,1,GENERAL_SEMANTIC
162,6208,Tủ điều khiển máy bơm nước chữa cháy là gì?,43,10,0,0,0,0,0,0,0,0,0,0,0,0,0,0,0,0,0,0,0,0,0,DEFINITION
163,167692,Thương nhân kinh doanh dịch vụ xăng dầu có quyền và nghĩa vụ thế nào?,69,15,0,0,0,0,0,0,0,0,0,0,0,0,0,0,0,0,0,0,0,0,0,GENERAL_SEMANTIC
164,12830,Doanh nghiệp hoạt động được 4 năm có đủ điều kiện được cấp Giấy chứng nhận doanh nghiệp khoa học và công nghệ không?,116,24,0,0,0,0,0,0,0,0,0,0,0,0,0,0,0,0,0,0,0,1,1,PROCEDURE
165,79742,Trách nhiệm của Hội thẩm được quy định như thế nào?,51,11,0,0,0,0,0,0,0,0,0,0,0,0,0,0,0,0,0,0,0,0,0,GENERAL_SEMANTIC
166,138574,Điều kiện tham gia đánh giá gói thầu công nghệ thông tin theo quy định pháp luật,80,17,0,0,0,0,0,1,0,0,0,0,0,0,0,0,0,0,0,1,1,0,0,CONDITION
167,70170,Chủ đầu tư có phải lập Báo cáo nghiên cứu khả thi đầu tư xây dựng không?,72,17,0,0,0,0,0,0,0,0,0,0,0,0,0,0,0,0,0,0,0,0,1,GENERAL_SEMANTIC
168,21674,Điều kiện hợp nhất pháp nhân có phải sẽ được quy định tại điều lệ hoạt động của pháp nhân đó?,93,21,0,0,0,0,0,0,0,0,0,0,0,0,0,0,0,0,0,1,0,0,0,CONDITION
169,19838,"Quản lý nước thải ở khu đô thị, khu dân cư tập trung",52,13,0,0,0,0,0,0,0,0,0,0,0,0,0,0,0,0,0,0,0,0,0,GENERAL_SEMANTIC
170,68698,Quy định của pháp luật về suất vốn đầu tư xây dựng?,51,12,0,0,0,0,0,1,0,0,0,0,0,0,0,0,0,0,0,0,1,0,0,GENERAL_SEMANTIC
171,37252,Công an nhân dân Việt Nam có trách nhiệm đấu tranh trong hoạt động xâm phạm an ninh quốc gia hay không?,103,22,0,0,0,0,0,0,0,0,0,0,0,0,0,0,0,0,0,0,0,0,0,GENERAL_SEMANTIC
172,135754,Thịt tươi của gia cầm theo quy định của pháp luật được hiểu thế nào?,68,15,0,0,0,0,0,1,0,0,0,0,0,0,0,0,0,0,0,1,1,0,0,CROSS_REFERENCE
173,116164,"Mẫu tờ khai đăng ký thuế tổng hợp người phụ thuộc của cá nhân có thu nhập từ tiền lương, tiền công được quy định như thế nào?",125,28,0,0,0,0,0,0,0,0,0,0,0,0,0,0,0,0,0,0,0,0,1,PROCEDURE
174,142292,Quy định về tuyến trình khen thưởng cấp Nhà nước như thế nào đối với Tổng Liên đoàn Lao động Việt Nam?,102,22,0,0,0,0,0,0,0,0,0,0,0,0,0,0,0,0,0,0,0,0,0,PROCEDURE
175,25942,"Chồng ngoại tình, vợ có được đơn phương ly hôn không?",53,11,0,0,0,0,0,0,0,0,0,0,0,0,0,0,0,0,0,0,0,0,0,CONDITION
176,1766,Nhà xây sau khi kết hôn trên đất mua trước khi kết hôn nhưng được cấp sổ trong thời gian hôn nhân sau khi ly hôn chia như thế nào?,130,30,0,0,0,0,0,0,0,0,0,0,0,0,0,0,0,0,0,0,0,0,0,PROCEDURE
177,49218,Hồ sơ đề nghị cấp Giấy phép tiến hành công việc bức xạ có những quy định chung nào?,83,19,0,0,0,0,0,0,0,0,0,0,0,0,0,0,0,0,0,0,0,0,0,PROCEDURE
178,121814,"Điều kiện thực hiện bồi thường đất do cộng đồng dân cư, cơ sở tôn giáo đang sử dụng như thế nào?",96,22,0,0,0,0,0,0,0,0,0,0,0,0,0,0,0,0,0,0,0,0,0,CONDITION
179,58418,Hồ sơ đề nghị cấp Giấy phép xe tập lái đối với xe quân sự bao gồm những thành phần nào?,87,21,0,0,0,0,0,0,0,0,0,0,0,0,0,0,0,0,0,0,0,0,0,PROCEDURE
180,98716,Chủ tịch Hội Nhà văn Việt Nam do ai có thẩm quyền bầu?,54,13,0,0,0,0,0,0,0,0,0,0,0,0,0,0,0,0,0,0,0,0,0,GENERAL_SEMANTIC
181,125758,"Trình tự hồ sơ, thủ tục giải quyết chế độ ưu đãi đối với người có công giúp đỡ cách mạng được pháp luật quy định như thế nào?",125,29,0,0,0,0,0,1,0,0,0,0,0,0,0,0,0,0,0,0,1,0,0,PROCEDURE
182,163734,"Đổi mới nội dung, phương thức lãnh đạo của tổ chức cơ sở đảng; nâng cao chất lượng sinh hoạt chi bộ?",100,22,0,0,0,0,0,0,0,0,0,0,0,0,0,0,0,0,0,0,0,0,1,GENERAL_SEMANTIC
183,6346,Thời hiệu xử phạt trường cao đẳng tuyển sinh sai đối tượng học trình độ cao đẳng là bao lâu?,92,20,0,0,0,0,0,0,0,0,0,0,0,0,0,0,0,0,0,0,0,0,0,SANCTION
184,15848,Viên chức lãnh sự chết thì thành viên gia đình sống cùng hộ với họ được hưởng các quyền ưu đãi và miễn trừ của mình đến khi nào?,128,29,0,0,0,0,0,0,0,0,0,0,0,0,0,0,0,0,0,0,0,0,0,ELIGIBILITY
185,23426,Giá cơ sở các mặt hàng xăng dầu tiêu dùng phổ biến trên thị trường do Bộ Công thương công bố là bao nhiêu?,106,24,0,0,0,0,0,0,0,0,0,0,0,0,0,0,0,0,0,0,0,0,0,NUMERICAL_THRESHOLD
186,115546,Mẫu Bảng kê giống cây trồng lâm nghiệp đối với cây giống mới nhất hiện nay?,75,16,0,0,0,0,0,0,0,0,0,0,0,0,0,0,0,0,1,0,0,0,0,GENERAL_SEMANTIC
187,37318,Bảo quản và thời gian lưu mẫu lấy kiểm tra chất lượng rau quả tươi phải tuân thủ theo điều kiện gì?,99,22,0,0,0,0,0,0,0,0,0,0,0,0,0,0,0,0,0,1,0,0,0,CONDITION
188,49182,Kết quả nghiên cứu hồ sơ vụ án hình sự của Kiểm sát viên phải báo cáo với ai và khi nào?,88,22,0,0,0,0,0,0,0,0,0,0,0,0,0,0,0,0,0,0,0,0,0,PROCEDURE
189,168458,Người đại diện sau khi bán hết phần vốn nhà nước tại doanh nghiệp được hưởng những chính sách nào?,98,20,0,0,0,0,0,0,0,0,0,0,0,0,0,0,0,0,0,0,0,0,1,ELIGIBILITY
190,52148,Quy trình giám định điều kiện thanh toán thuốc được thực hiện thế nào?,70,14,0,0,0,0,0,0,0,0,0,0,0,0,0,0,0,0,0,0,0,0,0,CONDITION
191,31686,Quyết định thả tàu bay để thi hành án dân sự phải có các nội dung nào theo quy định hiện nay?,93,22,0,0,0,0,0,0,0,0,0,1,0,0,0,0,0,0,0,1,1,0,0,CROSS_REFERENCE
192,152818,Tổ chức đăng ký và xét tuyển sớm được quy định như thế nào?,59,14,0,0,0,0,0,0,0,0,0,0,0,0,0,0,0,0,0,0,0,0,1,PROCEDURE
193,129890,Ai có trách nhiệm thông báo kết quả về việc miễn nhiệm chức danh Thẩm phán Tòa án nhân dân cấp tỉnh mà Hội đồng đã xem xét?,123,28,0,0,0,0,0,0,0,0,0,0,0,0,0,0,0,0,0,0,0,0,0,PROCEDURE
194,62200,Hồ sơ miễn nhiệm công chức Viện kiểm sát nhân dân gồm những gì?,63,14,0,0,0,0,0,0,0,0,0,0,0,0,0,0,0,0,0,0,0,0,0,PROCEDURE
195,79298,Giấy chứng nhận đủ điều kiện sản xuất thức ăn chăn nuôi được cấp lại trong trường hợp nào?,90,19,0,0,0,0,0,0,0,0,0,0,0,0,0,0,0,0,0,0,0,0,0,PROCEDURE
196,103676,Công ty trách nhiệm hữu hạn một thành viên có được sở hữu nhà ở tại Việt Nam không?,83,19,0,0,0,0,0,0,0,0,0,0,0,0,0,0,0,0,0,0,0,0,1,CONDITION
197,163322,Phụ cấp thâm niên nghề đối với sĩ quan quân đội được xác định như thế nào?,74,17,0,0,0,0,0,0,0,0,0,0,0,0,0,0,0,0,0,0,0,0,0,PROCEDURE
198,22036,Doanh nghiệp thực hiện đấu giá quyền sử dụng đất phải đảm bảo điều kiện gì?,75,16,0,0,0,0,0,0,0,0,0,0,0,0,0,0,0,0,0,0,0,0,1,CONDITION
199,154952,Hội Cựu thanh niên xung phong Việt Nam có những quyền hạn nào?,62,13,0,0,0,0,0,0,0,0,0,0,0,0,0,0,0,0,0,0,0,0,0,GENERAL_SEMANTIC
200,87294,Cấu trúc giáo trình đào tạo của trường trung cấp nghề được thiết kế như thế nào?,80,17,0,0,0,0,0,0,0,0,0,0,0,0,0,0,0,0,0,0,0,0,0,PROCEDURE
201,68472,Tổ chức điều chỉnh tăng giá bán lẻ ghi trên xuất bản phẩm nhưng không được sự đồng ý của giám đốc nhà xuất bản thì bị xử phạt thế nào?,134,31,0,0,0,0,0,0,0,0,0,0,0,0,0,0,0,0,0,0,0,0,1,SANCTION
202,61666,"Người lao động đi cai nghiện bắt buộc, công ty có được quyền đơn phương chấm dứt hợp đồng lao động không?",105,22,0,0,0,0,0,0,0,0,0,0,0,0,0,0,0,0,0,0,0,0,1,CONDITION
203,11780,Sau khi có kết luận của Hội đồng thẩm định chương trình đào tạo ai có thẩm quyền ký quyết định ban hành và áp dụng chương trình đào tạo?,136,30,0,0,0,0,0,0,0,0,0,1,0,0,0,0,0,0,0,0,1,0,0,GENERAL_SEMANTIC
204,125982,Trường hợp dự án đầu tư chia thành từng giai đoạn thì thực hiện như thế nào?,76,17,0,0,0,0,0,0,0,0,0,0,0,0,0,0,0,0,0,0,0,0,0,GENERAL_SEMANTIC
205,135520,Trách nhiệm của trưởng đoàn kiểm tra trước khi kết thúc kiểm tra đối với Nhà máy In tiền Quốc gia thế nào?,106,23,0,0,0,0,0,0,0,0,0,0,0,0,0,0,0,0,0,0,0,0,0,GENERAL_SEMANTIC
206,102716,Nhiệm vụ cơ bản của Hội đồng nghĩa vụ quân sự cấp tỉnh là gì?,61,15,0,0,0,0,0,0,0,0,0,0,0,0,0,0,0,0,0,0,0,0,0,PROCEDURE
207,33674,Trong thi đấu bóng đá 11 người thì quả giao bóng được thực hiện lại trong trường hợp nào?,89,19,0,0,0,0,0,0,0,0,0,0,0,0,0,0,0,0,0,0,0,1,0,ELIGIBILITY
208,112328,Nhiệm vụ của Quỹ Trò nghèo vùng cao được quy định như thế nào?,62,14,0,0,0,0,0,0,0,0,0,0,0,0,0,0,0,0,0,0,0,0,0,GENERAL_SEMANTIC
209,115974,Trường hợp nào bí mật nhà nước không còn được xem là bí mật nữa?,64,15,0,0,0,0,0,0,0,0,0,0,0,0,0,0,0,0,0,0,0,0,0,ELIGIBILITY
210,57830,Người trực tiếp sản xuất thực phẩm khi sử dụng trang bị trang phục bảo hộ phải tuân theo nguyên tắc gì?,103,22,0,0,0,0,0,0,0,0,0,0,0,0,0,0,0,0,0,1,0,0,0,GENERAL_SEMANTIC
211,164466,Xử phạt vi phạm hành chính đối với hành vi xâm phạm trái phép chỗ ở người khác,78,18,0,0,0,0,0,0,0,0,0,0,0,0,0,0,0,0,0,0,0,0,0,SANCTION
212,67078,"Ủy ban nhân dân cấp xã có những thẩm quyền gì trong việc lãnh đạo, chỉ đạo các trường học trên địa bàn?",103,23,0,0,0,0,0,0,0,0,0,0,0,0,0,0,0,0,0,0,0,0,1,PROCEDURE
213,97416,Thời hiệu xử phạt vi phạm hành chính đối với thuyền viên cho thuê chứng chỉ chuyên môn của mình là bao lâu?,107,23,0,0,0,0,0,0,0,0,0,0,0,0,0,0,0,0,0,0,0,0,0,SANCTION
214,38702,Khi kết thúc điều trị nắn chỉnh răng hai hàm sử dụng mắc cài sứ truyền thống cần thực hiện những việc gì?,105,23,0,0,0,0,0,0,0,0,0,0,0,0,0,0,0,0,0,0,0,0,0,GENERAL_SEMANTIC
215,145418,"Công tác chuẩn bị đề án, văn bản trình Ủy ban nhân dân huyện như thế nào?",73,17,0,0,0,0,0,0,0,0,0,0,0,0,0,0,0,0,0,0,0,0,1,GENERAL_SEMANTIC
216,18446,Trường hợp tổ chức cá nhân đã nộp tiền sử dụng khu vực biển nhưng bị thu hồi thì số tiền đã nộp cho thời gian chưa sử dụng được quy định thế nào?,145,34,0,0,0,0,0,0,0,0,0,0,0,0,0,0,0,0,0,0,0,0,1,PROCEDURE
217,132720,Nộp hồ sơ nghiên cứu để thẩm định gửi Hội đồng đạo đức trong nghiên cứu y sinh học cấp quốc gia bao gồm những nội dung gì?,122,28,0,0,0,0,0,0,0,0,0,0,0,0,0,0,0,0,0,0,0,0,0,PROCEDURE
218,28758,Văn phòng công chứng là gì? Thủ tục thành lập Văn Phòng công chứng được quy định thế nào?,89,19,0,0,0,0,0,0,0,0,0,0,0,0,0,0,0,0,0,0,0,0,0,PROCEDURE
219,159488,Chương trình công tác năm của các đơn vị thuộc Viện kiểm sát nhân dân cấp tỉnh được ban hành chậm nhất vào thời gian nào?,121,26,0,0,0,0,0,0,0,0,0,0,0,0,0,0,0,0,0,0,0,0,0,PROCEDURE
220,30714,Nội dung hoạt động khảo sát thực tế của đoàn đánh giá ngoài khi kiểm định chất lượng cơ sở giáo dục nghề nghiệp gồm những gì?,125,27,0,0,0,0,0,0,0,0,0,0,0,0,0,0,0,0,0,0,0,0,0,GENERAL_SEMANTIC
221,128132,Xe cơ giới trong Bộ Quốc phòng được cấp biển số tạm thời trong trường hợp nào?,78,17,0,0,0,0,0,0,0,0,0,0,0,0,0,0,0,0,0,0,0,0,0,PROCEDURE
222,8236,Ai có quyền kháng nghị bản án sơ thẩm trong tố tụng hình sự?,60,14,0,0,0,0,0,0,0,0,0,0,0,0,0,0,0,0,0,0,0,0,0,GENERAL_SEMANTIC
223,126052,Thủ tục công bố đủ điều kiện thực hiện hoạt động quan trắc môi trường lao động được quy định như thế nào?,105,23,0,0,0,0,0,0,0,0,0,0,0,0,0,0,0,0,0,0,0,0,0,PROCEDURE
224,64022,Quy trình phân tích nguy cơ dịch hại đối với vật thể thuộc diện kiểm dịch thực vật phải phân tích nguy cơ trước khi nhập khẩu vào Việt Nam gồm bao nhiêu giai đoạn?,163,35,0,0,0,0,0,0,0,0,0,0,0,0,0,0,0,0,0,0,0,0,0,NUMERICAL_THRESHOLD
225,133260,Giấy chứng nhận bảo hiểm bắt buộc trách nhiệm dân sự của chủ xe cơ giới gồm những nội dung gì?,94,21,0,0,0,0,0,0,0,0,0,0,0,0,0,0,0,0,0,0,0,0,0,GENERAL_SEMANTIC
226,15400,Các khoản thu chi của Hiệp hội Đầu tư xây dựng năng lượng Việt Nam được quy định như thế nào?,93,21,0,0,0,0,0,0,0,0,0,0,0,0,0,0,0,0,0,0,0,0,0,GENERAL_SEMANTIC
227,77110,"Tiêu chuẩn xét tặng danh hiệu ""Lao động tiên tiến"" cho cán bộ công chức cần đáp ứng những gì?",93,20,0,0,0,0,0,0,0,0,0,0,0,0,0,0,0,0,0,0,0,0,0,CONDITION
228,116212,Quy hoạch hạ tầng kỹ thuật đối với thành phố trực thuộc trung ương có được lập riêng thành đồ án hay không?,107,23,0,0,0,0,0,0,0,0,0,0,0,0,0,0,0,0,0,0,0,0,0,CONDITION
229,159312,Giám đốc Sở là người bị kiện trong vụ án hành chính thì có thể ủy quyền cho Chánh Văn phòng tham gia tố tụng được không?,120,27,0,0,0,0,0,0,0,0,0,0,0,0,0,0,0,0,0,0,0,0,0,GENERAL_SEMANTIC
230,157552,Việc lập báo cáo kế hoạch đầu tư công trung hạn 05 năm địa phương được dựa trên những nguyên tắc nào?,101,22,0,0,0,0,0,0,0,0,0,0,0,0,0,0,0,0,0,0,0,1,0,GENERAL_SEMANTIC
231,144866,Tội trốn tránh nghĩa vụ quân sự bị xử lý hình sự như thế nào?,61,15,0,0,0,0,0,0,0,0,0,0,0,0,0,0,0,0,0,0,0,0,0,GENERAL_SEMANTIC
232,128080,Đối tượng nào được cấp học bổng khuyến khích học tập?,53,11,0,0,0,0,0,0,0,0,0,0,0,0,0,0,0,0,0,0,0,0,0,PROCEDURE
233,98366,"Tổ chức tư vấn, dịch vụ quyền tác giả, quyền liên quan gồm những gì?",68,15,0,0,0,0,0,0,0,0,0,0,0,0,0,0,0,0,0,0,0,0,1,GENERAL_SEMANTIC
234,149626,Trình tự thực hiện thủ tục hạch toán vốn ODA vào ngân sách nhà nước trực tiếp tại Kho bạc Nhà nước được quy định thế nào?,121,27,0,0,0,0,0,0,0,0,0,0,0,0,0,0,0,0,0,0,0,0,0,PROCEDURE
235,121708,Cam kết bảo lãnh hết hiệu lực thì nghĩa vụ bảo lãnh có theo đó mà chấm dứt luôn hay không?,90,21,0,0,0,0,0,0,0,0,0,0,0,0,0,0,0,0,1,1,0,0,0,GENERAL_SEMANTIC
236,28154,Yêu cầu quản lý đối với lồng cầu quay số là gì?,47,12,0,0,0,0,0,0,0,0,0,0,0,0,0,0,0,0,0,0,0,0,0,CONDITION
237,36306,Chơi họ bị chủ họ giật tiền thì phải làm gì?,44,11,0,0,0,0,0,0,0,0,0,0,0,0,0,0,0,0,0,0,0,0,0,GENERAL_SEMANTIC
238,80168,Chủ đầu tư xây dựng nhà ở xã hội có những ưu đãi nào?,53,14,0,0,0,0,0,0,0,0,0,0,0,0,0,0,0,0,0,0,0,0,1,GENERAL_SEMANTIC
239,396,Ban chấp hành trung ương Hội An toàn và Vệ sinh lao động Việt Nam là cơ quan gì? Số lượng ủy viên Ban chấp hành trung ương Hội do ai ấn định?,141,33,0,0,0,0,0,0,0,0,0,0,0,0,0,0,0,0,0,0,0,0,1,GENERAL_SEMANTIC
240,53000,Thực hiện đánh giá độc tính của chất gây ô nhiễm trong chất nạo vét để nhận chìm ở biển phải tuân thủ quy định gì?,114,26,0,0,0,0,0,0,0,0,0,0,0,0,0,0,0,0,0,0,0,0,0,GENERAL_SEMANTIC
241,32108,Khi giao nhận để đưa thuốc nổ TNT vào kho thì thực hiện kiểm tra như thế nào?,77,18,0,0,0,0,0,0,0,0,0,0,0,0,0,0,0,0,0,0,0,0,0,GENERAL_SEMANTIC
242,127928,Quy định về lập quy trình vận hành công trình thủy lợi?,55,12,0,0,0,0,0,0,0,0,0,0,0,0,0,0,0,0,0,0,0,0,0,GENERAL_SEMANTIC
243,168386,Có thể đình chỉ hoạt động của cơ sở kinh doanh không đảm bảo an toàn về phòng cháy chữa cháy không?,99,22,0,0,0,0,0,0,0,0,0,0,0,0,0,0,0,0,0,0,0,0,0,GENERAL_SEMANTIC
244,4110,Nhiệm vụ của Hiệp hội Bia Rượu Nước giải khát Việt Nam là gì?,61,14,0,0,0,0,0,0,0,0,0,0,0,0,0,0,0,0,0,0,0,0,0,DEFINITION
245,106586,Người phạm tội trong thời gian chấp hành án phạt tù có lập công lớn thì có được xóa án tích theo diện đặc biệt không?,117,26,0,0,0,0,0,0,0,0,0,0,0,0,0,0,0,0,0,1,0,0,0,SANCTION
246,18898,Tăng lương cơ sở 2023 thì mức hưởng chế độ thai sản có tăng theo hay không?,75,17,0,0,0,0,0,0,0,0,0,0,0,0,0,0,0,1,0,1,0,1,0,NUMERICAL_THRESHOLD
247,99422,Có phải sau 6 tháng nộp hồ sơ hưởng chế độ thai sản mới nhận được tiền thai sản khi sinh con?,93,22,0,0,0,0,0,0,0,0,0,0,0,0,0,0,0,0,0,0,0,1,0,PROCEDURE
248,125272,Chi phí thực hiện bắt giữ tàu biển được thanh toán theo nguyên tắc nào theo quy định của pháp luật?,99,21,0,0,0,0,0,1,0,0,0,0,0,0,0,0,0,0,0,1,1,0,0,CROSS_REFERENCE
249,99302,Sinh viên mới tốt nghiệp đang ở quê muốn vào Sài Gòn để xin việc thì có được chứng thực sơ yếu lý lịch ở Sài Gòn không?,119,28,0,0,0,0,0,0,0,0,0,0,0,0,0,0,0,0,0,0,0,0,0,CONDITION
250,158122,Tổ chức kinh doanh chứng khoán có thể dùng các biện pháp khắc phục kiểm soát gì?,80,17,0,0,0,0,0,0,0,0,0,0,0,0,0,0,0,0,0,0,0,0,1,GENERAL_SEMANTIC
251,79342,Tên thương mại được bảo hộ khi đáp ứng các điều kiện nào?,57,13,0,0,0,0,0,0,0,0,0,0,0,0,0,0,0,0,0,0,0,0,0,CONDITION
252,54982,Bên vay chứng khoán có thể thực hiện gia hạn tối đa bao nhiêu ngày nếu dùng chứng khoán cho vay làm tải sản góp vốn?,116,26,0,0,0,0,0,0,0,0,0,0,0,0,0,0,0,0,0,0,0,0,0,PROCEDURE
253,143986,Thanh tra Bộ được sử dụng kinh phí được trích để chi cho những nội dung nào?,76,17,0,0,0,0,0,0,0,0,0,0,0,0,0,0,0,0,0,0,0,0,0,GENERAL_SEMANTIC
254,55262,Ai là người có quyền đề nghị thay đổi người bào chữa?,53,12,0,0,0,0,0,0,0,0,0,0,0,0,0,0,0,0,0,0,0,0,0,GENERAL_SEMANTIC
255,137620,Trách nhiệm của Hội đồng tư vấn đặc xá là gì?,45,11,0,0,0,0,0,0,0,0,0,0,0,0,0,0,0,0,0,0,0,0,0,DEFINITION
256,28114,Chủ quán karaoke thuê nhân viên 15 tuổi rót bia cho khách có phạm tội sử dụng người dưới 16 tuổi vào mục đích khiêu dâm không?,126,27,0,0,0,0,0,0,0,0,0,0,0,0,0,0,0,0,0,0,0,1,0,GENERAL_SEMANTIC
257,105874,"Việc lập, thẩm định và ban hành kế hoạch kiểm toán năm được thực hiện theo mấy bước?",84,18,0,0,0,0,0,0,0,0,0,0,0,0,0,0,0,0,0,1,0,0,0,GENERAL_SEMANTIC
258,164730,Việc thanh lý tài sản phải được thực hiện trong vòng bao lâu kể từ ngày có quyết định thanh lý tài sản của cấp có thẩm quyền?,125,28,0,0,0,0,0,0,0,0,0,1,0,0,0,0,0,0,0,0,1,0,0,PROCEDURE
259,147160,Chủ tịch Ủy ban Quốc gia về người cao tuổi Việt Nam có được sử dụng con dấu của Thủ tướng Chính phủ không?,106,24,0,0,0,0,0,0,0,0,0,0,0,0,0,0,0,0,0,0,0,0,1,CONDITION
260,43004,Tài sản không chia được khi chia liên hiệp hợp tác xã được xử lý như thế nào?,77,18,0,0,0,0,0,0,0,0,0,0,0,0,0,0,0,0,0,0,0,0,0,GENERAL_SEMANTIC
261,58594,Thanh toán khối lượng hoàn thành đối với các công việc được thực hiện không thông qua hợp đồng?,95,19,0,0,0,0,0,0,0,0,0,0,0,0,0,0,0,0,0,0,0,0,0,GENERAL_SEMANTIC
262,72708,Đối tượng áp dụng của bảo hiểm xã hội bắt buộc là ai?,53,13,0,0,0,0,0,0,0,0,0,0,0,0,0,0,0,0,0,0,0,0,0,CONDITION
263,150652,"Trình tự, thủ tục để được cấp giấy chứng nhận đủ điều kiện kinh doanh dịch vụ kiểm toán như thế nào?",100,22,0,0,0,0,0,0,0,0,0,0,0,0,0,0,0,0,0,0,0,0,0,PROCEDURE
264,150506,"Cách tính thời gian thực tế làm việc ở vùng đặc biệt khó khăn dùng để xác định hưởng các chế độ phụ cấp, trợ cấp như thế nào?",125,29,0,0,0,0,0,0,0,0,0,0,0,0,0,0,0,0,0,0,0,0,0,PROCEDURE
265,91952,Người tham gia bảo hiểm y tế hộ gia đình có được gia hạn thẻ bảo hiểm y tế trước ngày thẻ hết hạn hay không?,108,26,0,0,0,0,0,0,0,0,0,0,0,0,0,0,0,0,1,0,0,0,0,PROCEDURE
266,134264,Trung tâm Công nghệ thông tin của Bộ Văn hóa Thể thao và Du lịch có chức năng gì?,81,19,0,0,0,0,0,0,0,0,0,0,0,0,0,0,0,0,0,0,0,0,0,GENERAL_SEMANTIC
267,117478,"Thời gian thực hiện tuyển dụng quân nhân chuyên nghiệp, công nhân và viên chức quốc phòng là khi nào?",101,20,0,0,0,0,0,0,0,0,0,0,0,0,0,0,0,0,0,0,0,0,0,GENERAL_SEMANTIC
268,126208,"Trình tự thực hiện thủ tục hành chính mới về khai nộp vào ngân sách nhà nước đối với nguồn thu từ cổ phần hóa doanh nghiệp, đơn vị sự nghiệp công lập như thế nào?",162,36,0,0,0,0,0,0,0,0,0,0,0,0,0,0,0,0,0,0,0,0,1,PROCEDURE
269,140990,Lễ tang của cán bộ Quân đội đã thôi giữ chức vụ Tư lệnh Quân chủng thì ảnh của cán bộ này được để trong khung có kích thước bao nhiêu?,134,31,0,0,0,0,0,0,0,0,0,0,0,0,0,0,0,0,0,0,0,0,0,NUMERICAL_THRESHOLD
270,161400,Thời gian làm bài môn toán trong kỳ thi tốt nghiệp THPT 2023 là bao nhiêu phút?,79,17,0,0,0,0,0,0,0,0,0,0,0,0,0,0,0,1,0,0,0,1,0,NUMERICAL_THRESHOLD
271,126014,Chi hỗ trợ thực hiện các gói dịch vụ chăm sóc sức khỏe,54,13,0,0,0,0,0,0,0,0,0,0,0,0,0,0,0,0,0,0,0,0,0,GENERAL_SEMANTIC
272,160674,Bản sao chứng thực giấy tờ có tiếng nước ngoài có giá trị như thế nào?,70,16,0,0,0,0,0,0,0,0,0,0,0,0,0,0,0,0,0,0,0,0,0,GENERAL_SEMANTIC
273,156560,Người học ngành xây dựng cầu đường bộ trình độ cao đẳng sau khi tốt nghiệp có thể làm những công việc nào?,106,23,0,0,0,0,0,0,0,0,0,0,0,0,0,0,0,0,0,0,0,0,0,GENERAL_SEMANTIC
274,145044,Đối với giảng viên giáo dục nghề nghiệp cao cấp phải đáp ứng tiêu chuẩn gì về trình độ nghiệp vụ sư phạm?,105,23,0,0,0,0,0,0,0,0,0,0,0,0,0,0,0,0,0,0,0,0,0,PROCEDURE
275,14470,Bảng kê trích nộp các khoản theo lương của người lao động được quy định như thế nào?,84,18,0,0,0,0,0,0,0,0,0,0,0,0,0,0,0,0,0,1,0,0,1,PROCEDURE
276,78394,Nội dung thẩm định việc mở rộng khu kinh tế như thế nào?,56,13,0,0,0,0,0,0,0,0,0,0,0,0,0,0,0,0,0,0,0,0,0,GENERAL_SEMANTIC
277,45750,Thông tin trên cổng thông tin điện tử của Bộ Tư pháp có yêu cầu nào?,68,16,0,0,0,0,0,0,0,0,0,0,0,0,0,0,0,0,0,0,0,0,0,CONDITION
278,2848,Thông tin hải quan được thu thập lưu trữ để phục vụ những việc gì?,66,15,0,0,0,0,0,0,0,0,0,0,0,0,0,0,0,0,0,0,0,0,0,GENERAL_SEMANTIC
279,127690,Trách nhiệm chi trả đối với phụ cấp thu hút được quy định ra sao?,65,15,0,0,0,0,0,0,0,0,0,0,0,0,0,0,0,0,0,0,0,0,0,PROCEDURE
280,81036,"Người học ngành công nghệ chế tạo máy trình độ trung cấp phải có khả năng học tập, nâng cao trình độ như thế nào?",113,25,0,0,0,0,0,0,0,0,0,0,0,0,0,0,0,0,0,0,0,0,0,PROCEDURE
281,81546,Các cặp kết hôn đồng giới sẽ chia tài sản chung như thế nào khi ly hôn?,71,17,0,0,0,0,0,0,0,0,0,0,0,0,0,0,0,0,0,0,0,0,0,GENERAL_SEMANTIC
282,103738,Nguyên tắc khen thưởng quy định như thế nào?,44,9,0,0,0,0,0,0,0,0,0,0,0,0,0,0,0,0,0,0,0,0,0,GENERAL_SEMANTIC
283,84530,Sinh một lần ba con được hưởng chế độ thai sản như thế nào?,59,14,0,0,0,0,0,0,0,0,0,0,0,0,0,0,0,0,0,0,0,0,0,ELIGIBILITY
284,25342,Chánh án Tòa án nhân dân tối cao phải thực hiện tiếp công dân bao nhiêu ngày 01 tháng?,86,19,0,0,0,0,0,0,0,0,0,0,0,0,0,0,0,0,0,0,0,1,0,NUMERICAL_THRESHOLD
285,106354,Hồ sơ trình kế hoạch thu dọn công trình dầu khí điều chỉnh gồm có những giấy tờ gì?,83,19,0,0,0,0,0,0,0,0,0,0,0,0,0,0,0,0,0,0,0,0,0,PROCEDURE
286,53588,Thay đổi vốn đầu tư của dự án đầu tư bao nhiêu so với tổng mức đầu tư đã được phê duyệt thì không cần điều chỉnh giấy chứng nhận đăng ký đầu tư?,144,34,0,0,0,0,0,0,0,0,0,0,0,0,0,0,0,0,0,0,0,0,0,PROCEDURE
287,108220,"Thời gian thực hiện điều tra công nghiệp, xây dựng, thương mại, dịch vụ và vốn đầu tư ra sao?",93,20,0,0,0,0,0,0,0,0,0,0,0,0,0,0,0,0,0,0,0,0,0,GENERAL_SEMANTIC
288,35056,Chất lượng của lựu quả tươi hạng II được quy định như thế nào?,62,14,0,0,0,0,0,0,0,0,0,0,0,0,0,0,0,0,0,0,0,0,0,GENERAL_SEMANTIC
289,75638,Doanh nghiệp giảm vốn điều lệ thì có còn được hưởng ưu đãi thuế thu nhập doanh nghiệp nữa hay không?,100,21,0,0,0,0,0,0,0,0,0,0,0,0,0,0,0,0,0,0,0,0,1,ELIGIBILITY
290,131518,Hoạt động thanh tra chuyên ngành thường xuyên về bảo vệ môi trường là các hoạt động nào?,88,18,0,0,0,0,0,0,0,0,0,0,0,0,0,0,0,0,0,0,0,0,0,GENERAL_SEMANTIC
291,134464,Việc xác định nhà đầu tư trái phiếu chuyên nghiệp theo quy định tại Nghị định 65 và Nghị định 153 như thế nào?,110,24,0,0,0,0,0,0,0,1,0,0,0,0,0,0,0,0,0,1,1,1,0,CROSS_REFERENCE
292,117312,Chất lượng xoài quả tươi hạng I được quy định thế nào?,54,12,0,0,0,0,0,0,0,0,0,0,0,0,0,0,0,0,0,0,0,0,0,GENERAL_SEMANTIC
293,131630,Giá trị bản sao từ bản chính bằng đại học có thời hạn trong bao lâu?,68,16,0,0,0,0,0,0,0,0,0,0,0,0,0,0,0,0,0,0,0,0,0,NUMERICAL_THRESHOLD
294,16280,Thời lượng Chương trình giáo dục thường xuyên cấp trung học cơ sở,65,13,0,0,0,0,0,0,0,0,0,0,0,0,0,0,0,0,0,0,0,0,0,PROCEDURE
295,77098,Thân nhân người hiến xác được hưởng chế độ gì không?,52,11,0,0,0,0,0,0,0,0,0,0,0,0,0,0,0,0,0,0,0,0,0,ELIGIBILITY
296,7446,Thủ tướng Chính phủ đã có những chỉ đạo gì để ứng phó mưa lũ tại khu vực Bắc Bộ?,80,20,0,0,0,0,0,0,0,0,0,0,0,0,0,0,0,0,0,0,0,0,0,GENERAL_SEMANTIC
297,37432,"Hồ sơ khai thuế tháng, quý đối với tổ chức khai thuế thay, nộp thuế thay cho cá nhân năm 2023 gồm những gì?",107,24,0,0,0,0,0,0,0,0,0,0,0,0,0,0,0,1,0,0,0,1,1,PROCEDURE
298,36244,Bảo đảm thanh toán hợp đồng xây dựng được thực hiện khi nào?,60,13,0,0,0,0,0,0,0,0,0,0,0,0,0,0,0,0,0,0,0,0,0,GENERAL_SEMANTIC
299,158780,Thông báo tiến hành kiểm tra hoạt động đấu thầu định kỳ hiện nay được thực hiện theo mẫu nào?,93,20,0,0,0,0,0,0,0,0,0,0,0,0,0,0,0,0,0,1,0,0,0,GENERAL_SEMANTIC
300,134140,Khi có chiến tranh xảy ra thì người vận chuyển từ chối thực hiện hợp đồng vận chuyển hành khách và hành lý thì có phải bồi thường không?,136,29,0,0,0,0,0,0,0,0,0,0,0,0,0,0,0,0,0,0,0,0,0,GENERAL_SEMANTIC
301,9492,"Hồ sơ trình Thủ tướng Chính phủ về việc thành lập khu bảo tồn đất ngập nước cấp quốc gia có các giấy tờ, tài liệu gì?",117,27,0,0,0,0,0,0,0,0,0,0,0,0,0,0,0,0,0,0,0,0,0,PROCEDURE
302,70966,"Yêu cầu, điều kiện thực hiện thủ tục cấp giấy chứng nhận đủ điều kiện hoạt động kiểm định chất lượng giáo dục nghề nghiệp là gì?",128,27,0,0,0,0,0,0,0,0,0,0,0,0,0,0,0,0,0,0,0,0,0,PROCEDURE
303,56354,"Mức hưởng trợ cấp một lần, trợ cấp hằng tháng và trợ cấp phục vụ chế độ bảo hiểm xã hội tai nạn lao động tự nguyện được đề xuất ra sao?",135,32,0,0,0,0,0,0,0,0,0,0,0,0,0,0,0,0,0,0,0,0,0,PROCEDURE
304,127562,Tên công ty chứng khoán phải được đặt như thế nào mới phù hợp với quy định?,75,17,0,0,0,0,0,0,0,0,0,0,0,0,0,0,0,0,0,0,0,0,1,GENERAL_SEMANTIC
305,89020,Tổ chức giám định tư pháp theo vụ việc trong hoạt động khoa học và công nghệ được thực hiện ra sao?,99,22,0,0,0,0,0,0,0,0,0,0,0,0,0,0,0,0,0,1,0,0,1,GENERAL_SEMANTIC
306,120630,Để được cấp Giấy chứng nhận đủ điều kiện kinh doanh dược thì cần tuân thủ những điều kiện thế nào?,98,21,0,0,0,0,0,0,0,0,0,0,0,0,0,0,0,0,0,0,0,0,0,PROCEDURE
307,144942,Ban Thi đua Khen thưởng Trung ương trực thuộc Bộ Nội vụ có những đơn vị sự nghiệp nào?,86,19,0,0,0,0,0,0,0,0,0,0,0,0,0,0,0,0,0,0,0,0,0,GENERAL_SEMANTIC
308,90932,Đơn vị trực thuộc Bộ Khoa học và Công nghệ được phân cấp quản lý công chức phải đáp ứng những điều kiện gì?,107,24,0,0,0,0,0,0,0,0,0,0,0,0,0,0,0,0,0,0,0,0,0,PROCEDURE
309,18224,Việc giải quyết tài sản của vợ chồng khi ly hôn được thực hiện theo nguyên tắc nào?,83,18,0,0,0,0,0,0,0,0,0,0,0,0,0,0,0,0,0,1,0,0,0,PROCEDURE
310,120672,Lệ phí và phí là gì?,20,6,0,0,0,0,0,0,0,0,0,0,0,0,0,0,0,0,0,0,0,0,0,DEFINITION
311,80686,Pháp luật quy định về nguyên tắc trong nghiệp vụ kế toán như thế nào?,69,15,0,0,0,0,0,1,0,0,0,0,0,0,0,0,0,0,0,0,1,0,0,GENERAL_SEMANTIC
312,103940,Trường hợp nào giải thể doanh nghiệp?,37,7,0,0,0,0,0,0,0,0,0,0,0,0,0,0,0,0,0,0,0,0,1,ELIGIBILITY
313,83136,"Thủ tục xin giấy chứng nhận đăng ký hoạt động trung tâm dạy nghề chăm sóc sắc đẹp, vật lý trị liệu thực hiện thế nào?",117,26,0,0,0,0,0,0,0,0,0,0,0,0,0,0,0,0,0,0,0,0,0,PROCEDURE
314,130042,"Cơ quan tham mưu, giúp việc huyện ủy bao gồm những cơ quan nào?",63,14,0,0,0,0,0,0,0,0,0,0,0,0,0,0,0,0,0,0,0,0,1,GENERAL_SEMANTIC
315,4084,Kinh phí thực hiện chế độ trả lương dạy thêm giờ đối với giáo viên trung học cơ sở dạy bồi dưỡng học sinh giỏi ra sao?,118,27,0,0,0,0,0,0,0,0,0,0,0,0,0,0,0,0,0,0,0,0,0,GENERAL_SEMANTIC
316,8750,Người quản lý doanh nghiệp ngoài khu vực nhà nước có phải tham gia bồi dưỡng kiến thức quốc phòng an ninh không?,112,23,0,0,0,0,0,0,0,0,0,0,0,0,0,0,0,0,0,0,0,0,1,GENERAL_SEMANTIC
317,92524,Công tác đưa hoạt động chữ thập đỏ vào trường học để tiếp cận với thanh thiếu niên phải được thực hiện như thế nào?,115,25,0,0,0,0,0,0,0,0,0,0,0,0,0,0,0,0,0,0,0,0,0,GENERAL_SEMANTIC
318,4044,Cấp bậc quân hàm cao nhất đối với chức vụ Đại đội trưởng của sĩ quan Quân đội nhân dân Việt Nam là gì?,102,24,0,0,0,0,0,0,0,0,0,0,0,0,0,0,0,0,0,0,0,0,0,PROCEDURE
319,119130,Chức danh viên chức dinh dưỡng hạng 2 phải đáp ứng những tiêu chuẩn gì về đạo đức nghề nghiệp?,94,20,0,0,0,0,0,0,0,0,0,0,0,0,0,0,0,0,0,0,0,1,0,CONDITION
320,44790,Đối tượng nào được hỗ trợ vay vốn tham gia vào chuỗi giá trị?,61,14,0,0,0,0,0,0,0,0,0,0,0,0,0,0,0,0,0,0,0,0,0,CONDITION
321,164484,Chủ tịch Ủy ban nhân dân cấp huyện được quyền xử phạt người tổ chức sự kiện giới thiệu mỹ phẩm nhưng không thông báo tới cơ quan có thẩm quyền không?,149,32,0,0,0,0,0,0,0,0,0,0,0,0,0,0,0,0,0,0,0,0,1,SANCTION
322,139260,Giấy phép thiết lập mạng viễn thông công cộng hết thời hạn sử dụng thì doanh nghiệp viễn thông có được phép gia hạn không?,122,25,0,0,0,0,0,0,0,0,0,0,0,0,0,0,0,0,0,0,0,0,1,PROCEDURE
323,92426,Đăng ký nghĩa vụ quân sự lần đầu được pháp luật quy định như thế nào?,69,16,0,0,0,0,0,1,0,0,0,0,0,0,0,0,0,0,0,0,1,0,0,PROCEDURE
324,37358,Sẽ không còn thực hiện kiểm tra đối với trang phục bảo hộ trước khi giết mổ?,76,17,0,0,0,0,0,0,0,0,0,0,0,0,0,0,0,0,0,0,0,0,0,GENERAL_SEMANTIC
325,59394,Để xác định hưởng chế độ thì cần xác định thời gian làm việc ở vùng có điều kiện kinh tế đặc biệt khó khăn như thế nào?,119,28,0,0,0,0,0,0,0,0,0,0,0,0,0,0,0,0,0,0,0,0,0,CONDITION
326,116124,Thời gian làm việc theo quy định của pháp luật ra sao?,54,12,0,0,0,0,0,1,0,0,0,0,0,0,0,0,0,0,0,1,1,0,0,CROSS_REFERENCE
327,67414,Cơ quan nào có thẩm quyền quyết định đăng ký lại kết hôn có yếu tố nước ngoài?,78,18,0,0,0,0,0,0,0,0,0,1,0,0,0,0,0,0,0,0,1,0,1,PROCEDURE
328,96064,Dự toán chi tạo nguồn cải cách tiền lương thế nào?,50,11,0,0,0,0,0,0,0,0,0,0,0,0,0,0,0,0,0,0,0,0,0,GENERAL_SEMANTIC
329,7016,Nơi chế biến của nhà hàng lẩu nấm có ruồi xâm nhập sẽ bị xử phạt như thế nào?,77,19,0,0,0,0,0,0,0,0,0,0,0,0,0,0,0,0,0,0,0,0,0,SANCTION
330,70416,Sinh viên tốt nghiệp đại học loại xuất sắc thì có được ưu tiên tuyển chọn vào Công an nhân dân không?,101,22,0,0,0,0,0,0,0,0,0,0,0,0,0,0,0,0,0,0,0,0,0,CONDITION
331,122874,Hướng dẫn cách ghi mẫu Quyết định hoãn phiên họp sơ thẩm giải quyết việc dân sự chính xác?,90,19,0,0,0,0,0,0,0,0,0,1,0,0,0,0,0,0,0,0,1,0,0,PROCEDURE
332,91268,Quỹ Nước sạch và Bảo vệ môi trường Việt Nam có chức năng là gì?,63,15,0,0,0,0,0,0,0,0,0,0,0,0,0,0,0,0,0,0,0,0,0,DEFINITION
333,35574,Người được ủy quyền phát ngôn và cung cấp thông tin cho báo chí của Tổng cục Hải quan có quyền lợi gì?,102,23,0,0,0,0,0,0,0,0,0,0,0,0,0,0,0,0,0,0,0,0,0,PROCEDURE
334,51404,Định hướng phát triển giai đoạn 2024-2025 của lĩnh vực Chính phủ số và Chuyển đổi số quốc gia ra sao?,101,22,0,0,0,0,0,0,0,0,0,0,0,0,0,0,0,1,0,0,0,1,0,GENERAL_SEMANTIC
335,88588,Bộ Công thương phải công bố những thông tin nào về việc điều hành giá xăng dầu?,79,17,0,0,0,0,0,0,0,0,0,0,0,0,0,0,0,0,0,0,0,0,0,GENERAL_SEMANTIC
336,48706,Hội công chứng viên có phải là một trong những tổ chức xã hội nghề nghiệp của công chứng viên?,94,20,0,0,0,0,0,0,0,0,0,0,0,0,0,0,0,0,0,0,0,0,1,GENERAL_SEMANTIC
337,140522,"Công tác bảo đảm trật tự, an toàn giao thông, chống ùn tắc giao thông còn tồn tại những hạn chế nào?",100,22,0,0,0,0,0,0,0,0,0,0,0,0,0,0,0,0,0,0,0,0,0,GENERAL_SEMANTIC
338,10056,Thí nghiệm chuyên ngành xây dựng gồm các hoạt động gì?,54,11,0,0,0,0,0,0,0,0,0,0,0,0,0,0,0,0,0,0,0,0,0,GENERAL_SEMANTIC
339,134568,Trước khi đối tượng hết thời hạn chấp hành biện pháp đưa vào cơ sở cai nghiện bắt buộc bao nhiêu ngày thì cơ sở sẽ thông báo về địa phương?,139,31,0,0,0,0,0,0,0,0,0,0,0,0,0,0,0,0,0,0,0,0,0,CONDITION
340,8264,Xử phạt lỗi điều khiển xe ô tô chuyển làn đường không đúng nơi quy định như thế nào?,84,19,0,0,0,0,0,0,0,0,0,0,0,0,0,0,0,0,0,0,0,0,0,SANCTION
341,83488,"Chi tiết mức chi trả cho ban chấm thi tự luận, thẩm định bài thi tự luận, chấm thi trắc nghiệm trong kỳ thi nghề phổ thông tại Hà Nội là bao nhiêu?",147,33,0,0,0,0,0,0,0,0,0,0,0,0,0,0,0,0,0,0,0,0,0,NUMERICAL_THRESHOLD
342,122950,Đối tượng tham gia Chương trình bình ổn thị trường các mặt hàng thiết yếu?,74,15,0,0,0,0,0,0,0,0,0,0,0,0,0,0,0,0,0,0,0,0,0,CONDITION
343,74688,Doanh nghiệp viễn thông có vị trí thống lĩnh thị trường muốn ngừng kinh doanh dịch vụ nhưng không chấm dứt hoạt động thì cần đảm bảo những yêu cầu nào?,151,31,0,0,0,0,0,0,0,0,0,0,0,0,0,0,0,0,0,0,0,0,1,CONDITION
344,47744,"Quy định về việc yêu cầu về nhãn hiệu, xuất xứ hàng hóa ra sao?",63,15,0,0,0,0,0,0,0,0,0,0,0,0,0,0,0,0,0,0,0,0,0,CONDITION
345,79462,Hồ sơ đề nghị cấp Giấy phép bán lẻ thuốc lá phải đảm bảo có những loại giấy tờ nào?,83,20,0,0,0,0,0,0,0,0,0,0,0,0,0,0,0,0,0,0,0,0,0,PROCEDURE
346,98782,Nhà nước đã có những chính sách nào để bảo đảm về chăm sóc sức khỏe trẻ em?,75,18,0,0,0,0,0,0,0,0,0,0,0,0,0,0,0,0,0,0,0,0,0,GENERAL_SEMANTIC
347,140658,Doanh nghiệp kinh doanh trò chơi điện tử có thưởng dành cho người nước ngoài được tiết lộ bí mật thông tin trúng thưởng của người chơi trong trường hợp nào?,156,31,0,0,0,0,0,0,0,0,0,0,0,0,0,0,0,0,0,0,0,0,1,ELIGIBILITY
348,157570,"Các đơn vị, tổ chức ngoài Quân đội có được phép đăng ký tham gia đấu giá đối với tài sản nhà nước trong Bộ Quốc phòng không?",124,28,0,0,0,0,0,0,0,0,0,0,0,0,0,0,0,0,0,0,0,0,1,PROCEDURE
349,76108,Đối với các khoản nợ phải thu có gốc ngoại tệ thì Công ty mẹ Tập đoàn Công nghiệp Viễn thông Quân đội có trách nhiệm gì?,120,27,0,0,0,0,0,0,0,0,0,0,0,0,0,0,0,0,0,0,0,0,1,GENERAL_SEMANTIC
350,148672,Thêm 03 loại giấy tờ có giá được lưu ký tại Ngân hàng Nhà nước?,63,15,0,0,0,0,0,0,0,0,0,0,0,0,0,0,0,0,0,0,0,1,0,GENERAL_SEMANTIC
351,21958,Quy trình thu hồi thiết bị lưu khóa bí mật khi chứng thư số của thiết bị bị thu hồi được quy định thế nào?,106,25,0,0,0,0,0,0,0,0,0,0,0,0,0,0,0,0,0,0,0,0,0,GENERAL_SEMANTIC
352,126678,Hồ sơ đề nghị cấp hộ chiếu có gắn chíp điện tử lần đầu thì cần những loại giấy tờ nào?,86,21,0,0,0,0,0,0,0,0,0,0,0,0,0,0,0,0,0,0,0,0,0,PROCEDURE
353,64940,Hội viên chính thức Hội doanh nghiệp vừa và nhỏ Việt và Đức bị khai trừ ra khỏi Hội khi nào?,92,21,0,0,0,0,0,0,0,0,0,0,0,0,0,0,0,0,0,0,0,0,1,GENERAL_SEMANTIC
354,122008,"Nội dung chính sách ra sao, trình tự và thời gian thực hiện theo quy định pháp luật",83,18,0,0,0,0,0,1,0,0,0,0,0,0,0,0,0,0,0,1,1,0,0,PROCEDURE
355,2536,Việc tiếp nhận hồ sơ đề nghị sửa đổi bổ sung Quyết định giao khu vực biển trong thời hạn bao lâu?,97,22,0,0,0,0,0,0,0,0,0,1,0,0,0,0,0,0,1,0,1,0,0,PROCEDURE
356,87980,Đối tượng được trợ cấp xã hội hàng tháng có được cấp thẻ bảo hiểm y tế không?,77,18,0,0,0,0,0,0,0,0,0,0,0,0,0,0,0,0,0,0,0,0,0,PROCEDURE
357,76048,Ngoài lương được hưởng trong thời gian thi đấu huấn luyện viên và vận động viên còn được nhận những khoản nào khác?,115,23,0,0,0,0,0,0,0,0,0,0,0,0,0,0,0,0,0,0,0,0,0,ELIGIBILITY
358,165002,"Thời điểm kê khai tài sản, thu nhập là khi nào?",47,11,0,0,0,0,0,0,0,0,0,0,0,0,0,0,0,0,0,0,0,0,0,GENERAL_SEMANTIC
359,143242,Cấp điều độ có quyền điều khiển trong hệ thống điện quốc gia được hiểu như thế nào?,83,18,0,0,0,0,0,0,0,0,0,0,0,0,0,0,0,0,0,0,0,0,0,PROCEDURE
360,39130,Chi ngân sách nhà nước thực hiện theo nguyên tắc nào và có thể thực hiện chi ngân sách nhà nước bằng ngoại tệ không?,116,25,0,0,0,0,0,0,0,0,0,0,0,0,0,0,0,0,0,1,0,0,0,GENERAL_SEMANTIC
361,141574,Nguồn vốn của Quỹ hợp tác xã trung ương được sử dụng dựa trên nguyên tắc nào?,77,17,0,0,0,0,0,0,0,0,0,0,0,0,0,0,0,0,0,0,0,0,0,GENERAL_SEMANTIC
362,37696,Tổ chức có tiến bộ kỹ thuật công nghệ sinh học được công nhận cần thực hiện những trách nhiệm gì?,97,21,0,0,0,0,0,0,0,0,0,0,0,0,0,0,0,0,0,0,0,0,1,GENERAL_SEMANTIC
363,81050,Mẫu phiếu yêu cầu đăng ký biện pháp bảo đảm bằng tàu biển được quy định như thế nào?,84,19,0,0,0,0,0,0,0,0,0,0,0,0,0,0,0,0,0,0,0,0,0,PROCEDURE
364,40924,"Hồ sơ cấp Giấy chứng nhận đăng ký quyền xuất, nhập khẩu của thương nhân nước ngoài không hiện diện tại Việt Nam bao gồm những giấy tờ nào?",138,29,0,0,0,0,0,0,0,0,0,0,0,0,0,0,0,0,0,0,0,0,0,PROCEDURE
365,9438,Trình tự thủ tục và hồ sơ đăng ký sau khi đền bù và yêu cầu mở lối đi ngang qua đất người khác,94,24,0,0,0,0,0,0,0,0,0,0,0,0,0,0,0,0,0,0,0,0,0,PROCEDURE
366,140320,Công ty đại chúng mua lại cổ phiếu của chính mình theo yêu cầu của cổ đông thì có bắt buộc phải được Đại hội đồng cổ đông thông qua không?,138,31,0,0,0,0,0,0,0,0,0,0,0,0,0,0,0,0,0,1,0,0,1,CONDITION
367,4534,"Thẩm quyền xử phạt xử phạt xe chở vật liệu xây dựng làm rơi đất, đá ra đường là ai?",83,20,0,0,0,0,0,0,0,0,0,0,0,0,0,0,0,0,0,0,0,0,0,SANCTION
368,81068,Đăng ký thường trú tại chỗ ở mới thì cần phải có những giấy tờ gì?,66,16,0,0,0,0,0,0,0,0,0,0,0,0,0,0,0,0,0,0,0,0,0,PROCEDURE
369,137916,Việc bổ nhiệm CDNN đối với giáo viên được phân công giảng dạy các môn học khác với chuyên ngành được đào tạo thực hiện ra sao?,126,27,0,0,0,0,0,0,0,0,0,0,0,0,0,0,0,0,0,0,0,0,0,GENERAL_SEMANTIC
370,167444,Gửi đơn kháng cáo đến cơ quan nào?,34,8,0,0,0,0,0,0,0,0,0,0,0,0,0,0,0,0,0,0,0,0,1,GENERAL_SEMANTIC
371,47516,Trong và sau phẫu thuật cắt u mi có thể xảy ra những tai biến gì? Cách xử lý như thế nào?,89,22,0,0,0,0,0,0,0,0,0,0,0,0,0,0,0,0,0,0,0,0,0,GENERAL_SEMANTIC
372,142210,Liên hiệp hợp tác xã không thông báo cho cơ quan nhà nước khi thay đổi số lượng hợp tác xã thành viên thì có bị xử phạt hay không?,130,30,0,0,0,0,0,0,0,0,0,0,0,0,0,0,0,0,0,0,0,0,1,SANCTION
373,77068,Mượn nợ dùng sai mục đích thì có phạm tội chiếm đoạt tài sản?,61,14,0,0,0,0,0,0,0,0,0,0,0,0,0,0,0,0,0,0,0,0,0,GENERAL_SEMANTIC
374,6874,Tiêu chuẩn công nhận đạt chuẩn phổ cập giáo dục tiểu học ở mức độ 3 gồm những nội dung nào?,91,21,0,0,0,0,0,0,0,0,0,0,0,0,0,0,0,0,0,0,0,1,0,CONDITION
375,151450,Trường mầm non quốc tế tiếp nhận học sinh Việt Nam như thế nào?,63,14,0,0,0,0,0,0,0,0,0,0,0,0,0,0,0,0,0,0,0,0,0,GENERAL_SEMANTIC
376,38928,Kế hoạch thực hiện quy hoạch gồm những nội dung nào?,52,11,0,0,0,0,0,0,0,0,0,0,0,0,0,0,0,0,0,0,0,0,0,GENERAL_SEMANTIC
377,88800,"Khi thực hiện bản kê khai tài sản, thu nhập cần lưu ý điều gì?",62,15,0,0,0,0,0,0,0,0,0,0,0,0,0,0,0,0,0,0,0,0,0,GENERAL_SEMANTIC
378,66952,Nhà nước quy định như thế nào về quản lý công tác dân tộc?,58,14,0,0,0,0,0,0,0,0,0,0,0,0,0,0,0,0,0,0,0,0,0,GENERAL_SEMANTIC
379,8270,Trình tự thực hiện thủ tục chấp thuận thay đổi tên của tổ chức tín dụng phi ngân hàng như thế nào?,98,22,0,0,0,0,0,0,0,0,0,0,0,0,0,0,0,0,0,0,0,0,1,PROCEDURE
380,43676,"Trách nhiệm của người sử dụng lao động đối với thời giờ làm việc, thời giờ nghỉ ngơi đối với người lao động làm công việc vận hành, sửa chữa hệ thống đường ống phân phối khí và các công trình khí?",196,42,0,0,0,0,0,0,0,0,0,0,0,0,0,0,0,0,0,0,0,0,1,GENERAL_SEMANTIC
381,56482,Điều kiện đăng ký lưu trú cho người nước ngoài bằng phiếu khai báo tạm trú như thế nào và cơ quan nào có thẩm quyền giải quyết?,127,28,0,0,0,0,0,0,0,0,0,0,0,0,0,0,0,0,0,0,0,0,1,PROCEDURE
382,110684,Chương trình đào tạo luật sư phục vụ hội nhập quốc tế được giảng dạy theo những phương pháp nào?,96,20,0,0,0,0,0,1,0,0,0,0,0,0,0,0,0,0,0,1,1,0,0,CROSS_REFERENCE
383,91976,Chủ tịch Ủy ban nhân dân cấp huyện có quyền xử phạt vi phạm hành chính đối với hành vi của cơ sở y tế không công khai thông tin về mức độ rủi ro về trang thiết bị y tế không?,174,42,0,0,0,0,0,0,0,0,0,0,0,0,0,0,0,0,0,0,0,0,1,SANCTION
384,157024,Mức tính tiền chậm nộp và thời gian tính tiền chậm nộp tiền thuế thu nhập doanh nghiệp được quy định thế nào?,109,23,0,0,0,0,0,0,0,0,0,0,0,0,0,0,0,0,0,0,0,0,1,PROCEDURE
385,59330,Thủ tục cấp giấy xác nhận nhân sự của công dân Việt Nam ở nước ngoài gồm những bước nào?,88,20,0,0,0,0,0,0,0,0,0,0,0,0,0,0,0,0,0,0,0,0,0,PROCEDURE
386,103284,Điều chỉnh giấy chứng nhận đăng ký đầu tư trong hoạt động dầu khí khi nhà thầu chuyển quốc tịch công ty được thực hiện theo thủ tục như thế nào?,144,31,0,0,0,0,0,0,0,0,0,0,0,0,0,0,0,0,0,1,0,0,1,PROCEDURE
387,67768,Căn cứ vào đâu để tính lệ phí trước bạ đối với xe ô tô kinh doanh vận tải hành khách?,85,21,0,0,0,0,0,0,0,0,0,0,0,0,0,0,0,0,0,1,0,0,0,GENERAL_SEMANTIC
388,99032,Thủ tục đề nghị miễn chi phí giám định trong tố tụng dân sự thực hiện như thế nào?,82,19,0,0,0,0,0,0,0,0,0,0,0,0,0,0,0,0,0,0,0,0,0,PROCEDURE
389,15802,Điều kiện đăng ký dự tuyển công chức vào làm việc trong các đơn vị thuộc Thanh tra Chính phủ thế nào?,101,22,0,0,0,0,0,0,0,0,0,0,0,0,0,0,0,0,0,0,0,0,0,PROCEDURE
390,165594,Khi tham gia hoạt động chữ thập đỏ thì thanh thiếu niên sẽ có được quyền hạn gì?,80,18,0,0,0,0,0,0,0,0,0,0,0,0,0,0,0,0,0,0,0,0,0,CONDITION
391,134740,"Trình tự, thủ tục tăng vốn điều lệ của công ty chứng khoán được quy định như thế nào?",85,19,0,0,0,0,0,0,0,0,0,0,0,0,0,0,0,0,0,0,0,0,1,PROCEDURE
392,126942,Bay kiểm tra được phân loại gồm những hình thức nào?,52,11,0,0,0,0,0,0,0,0,0,0,0,0,0,0,0,0,0,0,0,0,0,GENERAL_SEMANTIC
393,61026,Có tử hình hai cô giáo bạo hành bé trai 17 tháng tuổi dẫn đến tử vong không?,76,18,0,0,0,0,0,0,0,0,0,0,0,0,0,0,0,0,0,0,0,1,0,GENERAL_SEMANTIC
394,79120,"Chế độ đối với người được điều động, huy động trực tiếp chữa cháy và phục vụ chữa cháy bị chết quy định ra sao?",111,25,0,0,0,0,0,0,0,0,0,0,0,0,0,0,0,0,0,0,0,0,0,GENERAL_SEMANTIC
395,138190,Ai là người báo cáo tiến độ của dự án nông nghiệp cho Lãnh đạo Bộ?,66,16,0,0,0,0,0,0,0,0,0,0,0,0,0,0,0,0,0,0,0,0,0,GENERAL_SEMANTIC
396,101766,Khi sửa chữa diện tích làm việc tại trụ sở cơ quan Bộ Giáo dục và Đào tạo có được làm sai lệnh thiết kế không?,110,26,0,0,0,0,0,0,0,0,0,0,0,0,0,0,0,0,0,0,0,0,1,CONDITION
397,108396,Nội dung kế hoạch quản lý chất lượng môi trường không khí?,58,12,0,0,0,0,0,0,0,0,0,0,0,0,0,0,0,0,0,0,0,0,0,GENERAL_SEMANTIC
398,40570,Đơn vị được tạm dừng đóng vào quỹ hưu trí và tử tuất thì có phải đóng quỹ BHXH không?,85,20,0,0,0,0,0,0,0,0,0,0,0,0,0,0,0,0,0,0,0,0,0,GENERAL_SEMANTIC
399,85758,Giấy chứng nhận vùng an toàn dịch bệnh động vật bị hư hỏng thì có được cấp lại không?,85,19,0,0,0,0,0,0,0,0,0,0,0,0,0,0,0,0,0,0,0,0,0,PROCEDURE
400,69752,Cán bộ công chức sau khi đi công tác nước ngoài có phải làm báo cáo kết quả chuyến đi cho cơ quan nhà nước có thẩm quyền không?,127,29,0,0,0,0,0,0,0,0,0,0,0,0,0,0,0,0,0,0,0,0,1,GENERAL_SEMANTIC
401,79956,Người lao động làm mất thẻ bảo hiểm y tế thì có được cấp lại thẻ hay không?,75,18,0,0,0,0,0,0,0,0,0,0,0,0,0,0,0,0,0,0,0,0,1,PROCEDURE
402,25174,Hoạt động thanh tra tài nguyên và môi trường gồm những nội dung nào?,68,14,0,0,0,0,0,0,0,0,0,0,0,0,0,0,0,0,0,0,0,0,0,GENERAL_SEMANTIC
403,132320,Đối tượng nào được tuyển thẳng vào lớp 10?,42,9,0,0,0,0,0,0,0,0,0,0,0,0,0,0,0,0,0,0,0,1,0,CONDITION
404,104494,Ai là người soạn thảo các dự thảo nghị quyết của Hội đồng nhân dân cấp xã?,74,17,0,0,0,0,0,0,0,0,0,0,1,0,0,0,0,0,0,0,1,0,0,PROCEDURE
405,86128,Doanh nghiệp bị cấm thực hiện những hoạt động nào sau khi có quyết định mở thủ tục phá sản?,91,20,0,0,0,0,0,0,0,0,0,1,0,0,0,0,0,0,0,0,1,0,1,PROCEDURE
406,122080,Nội dung chương trình của việc tập huấn về nghiệp vụ cho giáo viên dạy thực hành lái xe từ hạng A1 đến hạng A4 bao gồm những gì?,128,29,0,0,0,0,0,0,0,0,0,0,0,0,0,0,0,0,0,0,0,0,0,GENERAL_SEMANTIC
407,33026,Nguồn thu của Hội Cổ sinh Địa tầng Việt Nam được quy định thế nào?,66,15,0,0,0,0,0,0,0,0,0,0,0,0,0,0,0,0,0,0,0,0,0,GENERAL_SEMANTIC
408,5846,Trợ cấp mất việc làm khi kết thúc hợp đồng lao động được quy định như thế nào?,78,18,0,0,0,0,0,0,0,0,0,0,0,0,0,0,0,0,0,0,0,0,0,PROCEDURE
409,94682,Thành viên Ban Biên tập Cổng thông tin điện tử Bộ Tài chính sẽ nhận được những quyền lợi gì?,92,20,0,0,0,0,0,0,0,0,0,0,0,0,0,0,0,0,0,0,0,0,0,GENERAL_SEMANTIC
410,84410,Điều kiện chuyển khẩu sau khi ly hôn thuận tình được quy định như thế nào?,74,16,0,0,0,0,0,0,0,0,0,0,0,0,0,0,0,0,0,0,0,0,0,CONDITION
411,50346,Chèn ép thần kinh quay thường xảy ra ở vị trí nào nhất trong cơ thể?,68,16,0,0,0,0,0,0,0,0,0,0,0,0,0,0,0,0,0,0,0,0,0,GENERAL_SEMANTIC
412,57118,Khi hợp tác xã muốn trở thành thành viên của liên hiệp hợp tác xã thì cần phải đáp ứng những điều kiện nào?,107,24,0,0,0,0,0,0,0,0,0,0,0,0,0,0,0,0,0,0,0,0,0,CONDITION
413,65018,Cơ quan cấp chứng chỉ có trách nhiệm như thế nào về chứng chỉ đào tạo của Bộ Tư pháp?,85,20,0,0,0,0,0,0,0,0,0,0,0,0,0,0,0,0,0,0,0,0,1,PROCEDURE
414,39458,Quy trình đánh giá tổ chức kiểm định chất lượng giáo dục ra sao?,64,14,0,0,0,0,0,0,0,0,0,0,0,0,0,0,0,0,0,0,0,0,1,GENERAL_SEMANTIC
415,164474,Ban giám khảo kỳ thi sỹ quan hàng hải được thành lập như thế nào?,65,15,0,0,0,0,0,0,0,0,0,0,0,0,0,0,0,0,0,0,0,0,0,GENERAL_SEMANTIC
416,105828,Doanh nghiệp lựa chọn Trọng tài đua ngựa không tuân theo quy định pháp luật thì bị phạt bao nhiêu tiền?,103,21,0,0,0,0,0,1,0,0,0,0,0,0,0,0,0,0,0,1,1,0,1,SANCTION
417,28706,Hút cần sa bị phạt bao nhiêu tiền?,34,8,0,0,0,0,0,0,0,0,0,0,0,0,0,0,0,0,0,0,0,0,0,SANCTION
418,6936,Nơi chế biến của bếp ăn công ty thường xuyên có ruồi muỗi xuất hiện thì mức xử phạt như thế nào?,96,22,0,0,0,0,0,0,0,0,0,0,0,0,0,0,0,0,0,0,0,0,1,SANCTION
419,154008,"Chủ thể nào có trách nhiệm tổ chức lấy ý kiến đại diện cộng đồng dân cư và tổ chức, cá nhân liên quan trong khai thác, sử dụng tài nguyên nước?",143,32,0,0,0,0,0,0,0,0,0,0,0,0,0,0,0,0,0,0,0,0,1,GENERAL_SEMANTIC
420,36508,Cơ sở kinh doanh dược có được bán lẻ thuốc có giá cao hơn mức giá kê khai do chính cơ sở sản xuất thuốc đã kê khai không?,121,29,0,0,0,0,0,0,0,0,0,0,0,0,0,0,0,0,0,0,0,0,0,CONDITION
421,63526,Công an nhân dân và Cảnh sát nhân dân có phải là 1 lực lượng như nhau không? Phân biệt sự khác nhau giữa 02 đơn vị này?,119,28,0,0,0,0,0,0,0,0,0,0,0,0,0,0,0,0,0,0,0,1,0,GENERAL_SEMANTIC
422,30368,Không tố giác tội phạm có bị xử lý trách nhiệm hình sự hay không?,65,15,0,0,0,0,0,0,0,0,0,0,0,0,0,0,0,0,0,0,0,0,0,GENERAL_SEMANTIC
423,99280,Mức đóng bảo hiểm y tế thuộc phạm vi quản lý của Bộ Quốc phòng được quy định như thế nào?,89,21,0,0,0,0,0,0,0,0,0,0,0,0,0,0,0,0,0,0,0,0,0,NUMERICAL_THRESHOLD
424,126602,Hồ sơ đăng ký hoạt động sàn giao dịch công nghệ cần những loại giấy tờ gì?,74,17,0,0,0,0,0,0,0,0,0,0,0,0,0,0,0,0,0,0,0,0,0,PROCEDURE
425,167730,Chế độ phụ cấp đặc thù đối với lực lượng Cảnh vệ thuộc Bộ Quốc phòng áp dụng đối với các đối tượng nào?,103,24,0,0,0,0,0,0,0,0,0,0,0,0,0,0,0,0,0,0,0,0,0,PROCEDURE
426,15230,"Có phải tiêu hủy phân bón sản xuất không đúng loại, dạng phân bón không?",72,15,0,0,0,0,0,0,0,0,0,0,0,0,0,0,0,0,0,0,0,0,0,GENERAL_SEMANTIC
427,127320,Công ty trách nhiệm hữu hạn một thành viên giảm vốn điều lệ trong trường hợp nào?,81,17,0,0,0,0,0,0,0,0,0,0,0,0,0,0,0,0,0,0,0,0,1,ELIGIBILITY
428,83404,Xây dựng các tiêu chuẩn quốc gia về sử dụng năng lượng tái tạo như thế nào?,75,17,0,0,0,0,0,0,0,0,0,0,0,0,0,0,0,0,0,0,0,0,0,CONDITION
429,107210,Tàu thuyền có chiều dài 70m khi cập mạn tàu thuyền khác trong vùng nước cảng biển và khu vực quản lý của Cảng vụ hàng hải có cần sử dụng tàu lai để hỗ trợ không?,161,37,0,0,0,0,0,0,0,0,0,0,0,0,0,0,0,0,0,0,0,1,0,GENERAL_SEMANTIC
430,42258,Tiền lương tháng đóng bảo hiểm xã hội bắt buộc được pháp luật quy định như thế nào?,83,18,0,0,0,0,0,1,0,0,0,0,0,0,0,0,0,0,0,0,1,0,0,GENERAL_SEMANTIC
431,61120,"UBND cấp xã, đơn vị quân đội được giao giám sát, giáo dục người chấp hành hình phạt quản chế có thẩm quyền trừ vào thu nhập của người thi hành án không?",152,33,0,0,0,0,0,0,0,0,0,0,0,0,0,0,0,0,0,0,0,0,0,SANCTION
432,42218,Các biện pháp hạn chế khai thác nước dưới đất được áp dụng theo nguyên tắc nào?,79,17,0,0,0,0,0,0,0,0,0,0,0,0,0,0,0,0,0,1,0,0,0,GENERAL_SEMANTIC
433,59140,Được bố trí người lao động đang nuôi con dưới 12 tháng tuổi làm việc vào ban đêm trong trường hợp nào?,102,22,0,0,0,0,0,0,0,0,0,0,0,0,0,0,0,0,0,0,0,1,1,ELIGIBILITY
434,12346,Có được ký kết nhiều hợp đồng lao động xác định thời hạn liên tục?,66,15,0,0,0,0,0,0,0,0,0,0,0,0,0,0,0,0,0,0,0,0,0,CONDITION
435,56526,"Vi phạm về quảng cáo hóa chất, chế phẩm diệt côn trùng bị xử phạt như thế nào?",78,18,0,0,0,0,0,0,0,0,0,0,0,0,0,0,0,0,0,0,0,0,0,SANCTION
436,132580,Cục Bồi thường nhà nước thuộc Bộ Tư pháp có tư cách pháp nhân hay không?,72,16,0,0,0,0,0,0,0,0,0,0,0,0,0,0,0,0,0,0,0,0,0,GENERAL_SEMANTIC
437,121136,Đóng bảo hiểm y tế khi làm việc theo nhiều hợp đồng lao động ra sao?,68,16,0,0,0,0,0,0,0,0,0,0,0,0,0,0,0,0,0,1,0,0,0,GENERAL_SEMANTIC
438,35376,"Hình thức cung cấp thông tin liên quan đến bảo vệ an ninh quốc gia và bảo đảm trật tự, an toàn xã hội trong lĩnh vực tài chính là gì?",133,31,0,0,0,0,0,0,0,0,0,0,0,0,0,0,0,0,0,0,0,0,0,PROCEDURE
439,65684,Vi rút máy tính (phần mềm độc hại) là gì?,41,10,0,0,0,0,0,0,0,0,0,0,0,0,0,0,0,0,0,0,0,0,0,DEFINITION
440,120918,Trên hối phiếu đòi nợ có ghi cụm từ “không trả theo lệnh” thì có được chuyển nhượng hối phiếu đó không?,103,22,0,0,0,0,0,0,0,0,0,0,0,0,0,0,0,0,0,1,0,0,0,CONDITION
441,121026,Trình tự cấp giấy chứng nhận đăng ký quyền liên quan được thực hiện như thế nào?,80,17,0,0,0,0,0,0,0,0,0,0,0,0,0,0,0,0,0,0,0,0,0,PROCEDURE
442,49282,Phương pháp tài sản trong định giá doanh nghiệp,47,9,0,0,0,0,0,0,0,0,0,0,0,0,0,0,0,0,0,0,0,0,1,GENERAL_SEMANTIC
443,78202,Ai có thẩm quyền tổ chức việc lập bản đồ địa chính ở nước ta theo Luật đất đai?,79,19,0,0,0,0,0,1,0,0,0,0,0,0,0,0,0,0,0,1,1,0,1,CROSS_REFERENCE
444,41516,Trách nhiệm của chủ đầu tư dự án xây dựng nhà ở thương mại được quy định ra sao?,80,19,0,0,0,0,0,0,0,0,0,0,0,0,0,0,0,0,0,0,0,0,1,GENERAL_SEMANTIC
445,155448,Giấy phép hoạt động dịch vụ đưa người lao động Việt Nam đi làm việc ở nước ngoài được cấp lại có phải thực hiện niêm yết không?,127,28,0,0,0,0,0,0,0,0,0,0,0,0,0,0,0,0,0,0,0,0,1,PROCEDURE
446,85464,"Tổ chức sản xuất, kinh doanh giống cây trồng lâm nghiệp đối với lô cây giống phải lập và lưu những giấy tờ gì?",110,24,0,0,0,0,0,0,0,0,0,0,0,0,0,0,0,0,0,0,0,0,1,GENERAL_SEMANTIC
447,127666,Đề thi tốt nghiệp THPT được vận chuyển và bàn giao như thế nào?,63,14,0,0,0,0,0,0,0,0,0,0,0,0,0,0,0,0,0,0,0,0,0,GENERAL_SEMANTIC
448,162876,Người giải quyết tố cáo làm việc với người tố cáo như thế nào để giải quyết tố cáo trong hoạt động tư pháp?,107,24,0,0,0,0,0,0,0,0,0,0,0,0,0,0,0,0,0,0,0,0,0,PROCEDURE
449,20658,Chứng thư thẩm định giá là gì?,30,7,0,0,0,0,0,0,0,0,0,0,0,0,0,0,0,0,0,0,0,0,0,DEFINITION
450,150824,Trang phục Thuế Việt Nam cấp cho công chức Thuế do ai có thẩm quyền trang bị?,77,17,0,0,0,0,0,0,0,0,0,0,0,0,0,0,0,0,0,0,0,0,0,PROCEDURE
451,41646,Chuyển nhượng hối phiếu đòi nợ bằng hình thức chuyển giao được áp dụng trong những trường hợp nào?,98,19,0,0,0,0,0,0,0,0,0,0,0,0,0,0,0,0,0,0,0,0,0,ELIGIBILITY
452,91348,Vụ Tổ chức cán bộ có quyền phê duyệt quyết định cử các đoàn đi đào tạo ngắn hạn ở nước ngoài hay không?,103,24,0,0,0,0,0,0,0,0,0,1,0,0,0,0,0,0,0,0,1,0,1,GENERAL_SEMANTIC
453,2878,Công việc của Chi cục trưởng thuộc Sở là gì?,44,10,0,0,0,0,0,0,0,0,0,0,0,0,0,0,0,0,0,0,0,0,0,DEFINITION
454,5190,Chủ tịch Hội doanh nghiệp vừa và nhỏ Việt Đức có quyền hạn và nhiệm vụ như thế nào?,83,19,0,0,0,0,0,0,0,0,0,0,0,0,0,0,0,0,0,0,0,0,1,GENERAL_SEMANTIC
455,164980,"Ngược đãi, hành hạ ông bà, cha mẹ, vợ chồng, con, cháu, người có công nuôi dưỡng có thể đi bị phạt bao nhiêu tiền?",114,25,0,0,0,0,0,0,0,0,0,0,0,0,0,0,0,0,0,0,0,0,0,SANCTION
456,32268,"Ngành, nghề sản xuất nào không được khuyến khích phát triển tại làng nghề?",74,14,0,0,0,0,0,0,0,0,0,0,0,0,0,0,0,0,0,0,0,0,0,GENERAL_SEMANTIC
457,108542,Người phạm tội vận chuyển trái phép vũ khí quân dụng được xóa án tích khi nào?,78,17,0,0,0,0,0,0,0,0,0,0,0,0,0,0,0,0,0,0,0,0,0,GENERAL_SEMANTIC
458,2742,Sinh viên sư phạm chuyển sang học ngành học khác thì có phải bồi hoàn kinh phí hỗ trợ không?,92,20,0,0,0,0,0,0,0,0,0,0,0,0,0,0,0,0,0,0,0,0,0,GENERAL_SEMANTIC
459,20572,Cửa hàng kinh doanh thực phẩm nhỏ lẻ cần tuân thủ những điều kiện gì về bảo đảm an toàn thực phẩm?,98,22,0,0,0,0,0,0,0,0,0,0,0,0,0,0,0,0,0,0,0,0,0,CONDITION
460,71412,Biển báo hiệu đường sắt trong khu vực cầu chung được bố trí ra sao?,67,15,0,0,0,0,0,0,0,0,0,0,0,0,0,0,0,0,0,0,0,0,0,GENERAL_SEMANTIC
461,84212,Khi nào thì một người bị tuyên bố là người mất năng lực hành vi dân sự?,71,17,0,0,0,0,0,0,0,0,0,0,0,0,0,0,0,0,0,0,0,0,0,GENERAL_SEMANTIC
462,110274,Trong thời gian nghỉ hưu ở tuổi cao hơn viên chức có được giữ chức vụ lãnh đạo không?,85,19,0,0,0,0,0,0,0,0,0,0,0,0,0,0,0,0,0,0,0,0,0,CONDITION
463,27908,Cách thức đánh giá tuân thủ pháp luật đối với người khai hải quan như thế nào?,78,17,0,0,0,0,0,1,0,0,0,0,0,0,0,0,0,0,0,0,1,0,0,GENERAL_SEMANTIC
464,1982,Cục Phòng chống tệ nạn xã hội thuộc Bộ nào?,43,10,0,0,0,0,0,0,0,0,0,0,0,0,0,0,0,0,0,0,0,0,0,GENERAL_SEMANTIC
465,167982,Hội đồng thẩm định ngành về chương trình giáo dục trung cấp chuyên nghiệp làm việc theo nguyên tắc nào?,103,20,0,0,0,0,0,0,0,0,0,0,0,0,0,0,0,0,0,1,0,0,0,PROCEDURE
466,16810,"Công chức chuyển công tác, đơn vị nào đánh giá, xếp loại?",57,12,0,0,0,0,0,0,0,0,0,0,0,0,0,0,0,0,0,0,0,0,0,GENERAL_SEMANTIC
467,67254,"Áp dụng biện pháp kỹ thuật đối với hàng hóa xuất khẩu, nhập khẩu như thế nào?",77,17,0,0,0,0,0,0,0,0,0,0,0,0,0,0,0,0,0,0,0,0,0,GENERAL_SEMANTIC
468,95648,Em ruột của người chồng chết có được hưởng thừa kế từ người chồng đã chết không?,80,17,0,0,0,0,0,0,0,0,0,0,0,0,0,0,0,0,0,0,0,0,0,CONDITION
469,105552,"Hồ sơ yêu cầu chấm dứt, hủy bỏ hiệu lực văn bằng bảo hộ gồm những giấy tờ gì?",77,19,0,0,0,0,0,0,0,0,0,0,0,0,0,0,0,0,0,0,0,0,0,PROCEDURE
470,83200,Để thực hiện việc tách hộ khẩu thì cá nhân phải chuẩn bị hồ sơ như thế nào và thủ tục thực hiện ra sao?,103,25,0,0,0,0,0,0,0,0,0,0,0,0,0,0,0,0,0,0,0,0,1,PROCEDURE
471,66084,Con riêng của bố có được hưởng di sản thừa kế của mẹ kế hay không?,66,16,0,0,0,0,0,0,0,0,0,0,0,0,0,0,0,0,0,0,0,0,0,CONDITION
472,7108,Xử lý thế nào trong trường hợp tổ chức tín dụng không trả hết nợ của khoản vay tái cấp vốn đúng hạn?,100,23,0,0,0,0,0,0,0,0,0,0,0,0,0,0,0,0,0,0,0,0,1,PROCEDURE
473,53972,Tổ chức kinh tế có vốn đầu tư nước ngoài là gì?,47,12,0,0,0,0,0,0,0,0,0,0,0,0,0,0,0,0,0,0,0,0,1,DEFINITION
474,43700,Thời hiệu xử phạt vi phạm hành chính đối với hành vi dùng công cụ gây thương tích cho thành viên gia đình là bao nhiêu năm?,123,27,0,0,0,0,0,0,0,0,0,0,0,0,0,0,0,0,0,0,0,0,0,SANCTION
475,34312,Hồ sơ đề nghị sửa đổi giấy phép thiết lập mạng viễn thông dùng riêng do thay đổi phạm vi thiết lập mạng cần những gì?,117,26,0,0,0,0,0,0,0,0,0,0,0,0,0,0,0,0,1,0,0,0,0,PROCEDURE
476,136600,Ai có quyền tổ chức bồi dưỡng nghiệp vụ cho Thư ký viên tại Tòa án quân sự trung ương?,86,20,0,0,0,0,0,0,0,0,0,0,0,0,0,0,0,0,0,0,0,0,1,GENERAL_SEMANTIC
477,36076,"Công nghệ cán, kéo kim loại trình độ trung cấp là ngành nghề như thế nào?",73,16,0,0,0,0,0,0,0,0,0,0,0,0,0,0,0,0,0,0,0,0,0,PROCEDURE
478,14372,Khi nhận được tin báo vụ tai nạn giao thông thì Lãnh đạo trực chỉ huy thuộc Cục Cảnh sát giao thông phải xử lý như thế nào?,123,28,0,0,0,0,0,0,0,0,0,0,0,0,0,0,0,0,0,0,0,0,0,GENERAL_SEMANTIC
479,140100,Trưởng đoàn thanh tra chuyên ngành của Bộ Giao thông vận tải có quyền xử phạt hãng hàng không không thực hiện vận chuyển hành khách là người khuyết tật theo quy định không?,172,34,0,0,0,0,0,0,0,0,0,0,0,0,0,0,0,0,0,1,0,0,0,SANCTION
480,117858,Hội đồng quản lý Quỹ bảo tồn di sản Huế làm việc theo chế độ gì? Nội dung cuộc họp Hội đồng quản lý Quỹ có phải ghi thành biên bản không?,137,32,0,0,0,0,0,0,0,0,0,0,0,0,0,0,0,0,0,1,0,0,0,GENERAL_SEMANTIC
481,113048,Thời hiệu xử phạt đối với tổ chức đăng trên trang thông tin điện tử tổng hợp các tác phẩm văn học mà không được sự đồng ý của tác giả là bao lâu?,145,34,0,0,0,0,0,0,0,0,0,0,0,0,0,0,0,0,0,0,0,0,1,SANCTION
482,13048,Bộ Văn hóa Thể thao và Du lịch có trách nhiệm gì trong việc phối hợp thực hiện đưa bảo vật quốc gia đưa ra nước ngoài có thời hạn để trưng bày?,143,33,0,0,0,0,0,0,0,0,0,0,0,0,0,0,0,0,0,0,0,0,0,NUMERICAL_THRESHOLD
483,75124,Các thông tin được cung cấp theo yêu cầu gồm những gì?,54,12,0,0,0,0,0,0,0,0,0,0,0,0,0,0,0,0,0,1,0,0,0,PROCEDURE
484,97764,"Để được cấp mã số kinh doanh tạm nhập, tái xuất thì cần chuẩn bị hồ sơ và thực hiện quy trình như thế nào?",106,25,0,0,0,0,0,0,0,0,0,0,0,0,0,0,0,0,0,0,0,0,0,PROCEDURE
485,161636,Việc thực hiện thu dọn công trình dầu khí được quy định như thế nào?,68,15,0,0,0,0,0,0,0,0,0,0,0,0,0,0,0,0,0,0,0,0,0,GENERAL_SEMANTIC
486,29252,Mở niêm phong vật chứng xong có cần niêm phong lại hay không?,61,13,0,0,0,0,0,0,0,0,0,0,0,0,0,0,0,0,0,0,0,0,0,GENERAL_SEMANTIC
487,105168,Không thông báo công khai quyết định mở thủ tục phá sản đối với doanh nghiệp thì doanh nghiệp bị xử phạt thế nào?,113,24,0,0,0,0,0,0,0,0,0,1,0,0,0,0,0,0,0,0,1,0,1,SANCTION
488,137852,Làm thế nào để được hưởng bảo hiểm xã hội một lần?,50,12,0,0,0,0,0,0,0,0,0,0,0,0,0,0,0,0,0,0,0,0,0,ELIGIBILITY
489,160190,Quyết định thanh tra lại vụ việc do Đoàn thanh tra của Bảo hiểm xã hội Việt Nam thực hiện căn cứ vào đâu?,105,24,0,0,0,0,0,0,0,0,0,1,0,0,0,0,0,0,0,1,1,0,0,CROSS_REFERENCE
490,140538,Số đăng ký và kẻ số đăng ký trên phương tiện theo quy định pháp luật,68,16,0,0,0,0,0,1,0,0,0,0,0,0,0,0,0,0,0,1,1,0,0,PROCEDURE
491,162374,Phiên tòa trực tuyến là gì?,27,6,0,0,0,0,0,0,0,0,0,0,0,0,0,0,0,0,0,0,0,0,0,DEFINITION
492,88286,Muốn làm trưởng đoàn thanh tra chuyên ngành thì phải đáp ứng các tiêu chuẩn gì?,79,16,0,0,0,0,0,0,0,0,0,0,0,0,0,0,0,0,0,0,0,0,0,CONDITION
493,107414,Có yêu cầu trình độ ngoại ngữ đối với công chức giữ chức danh Giám đốc Sở Tài nguyên và Môi trường hay không?,109,24,0,0,0,0,0,0,0,0,0,0,0,0,0,0,0,0,0,0,0,0,0,CONDITION
494,118336,Hướng dẫn mới nhất về đăng ký giám hộ trực tiếp tại Ủy ban nhân dân cấp xã?,75,18,0,0,0,0,0,0,0,0,0,0,0,0,0,0,0,0,1,0,0,0,1,PROCEDURE
495,10648,"Hồ sơ, trình tự thực hiện thủ tục đề nghị chia, tách, sáp nhập trung tâm giáo dục nghề nghiệp trực thuộc bộ, cơ quan ngang bộ gồm những gì?",139,30,0,0,0,0,0,0,0,0,0,0,0,0,0,0,0,0,0,0,0,0,1,PROCEDURE
496,90212,"Thủ tục giao trả tài liệu, hiện vật di sản văn hóa đã gửi bảo tàng cho chủ sở hữu thực hiện như thế nào?",104,25,0,0,0,0,0,0,0,0,0,0,0,0,0,0,0,0,0,0,0,0,0,PROCEDURE
497,65064,Quyền và nghĩa vụ của người giám định tư pháp theo vụ việc trong lĩnh vực giao thông vận tải quy định thế nào?,110,24,0,0,0,0,0,0,0,0,0,0,0,0,0,0,0,0,0,1,0,0,0,GENERAL_SEMANTIC
498,30978,Hồ sơ đề nghị xét tặng danh hiệu Nghệ nhân Ưu tú trong lĩnh vực nghề thủ công mỹ nghệ do Hội đồng chuyên ngành cấp Bộ gửi Hội đồng cấp Nhà nước gồm những giấy tờ gì?,165,38,0,0,0,0,0,0,0,0,0,0,0,0,0,0,0,0,0,0,0,0,0,PROCEDURE
499,111770,Cơ quan nào có thẩm quyền ấn định thuế đối với hàng hóa xuất nhập khẩu?,71,16,0,0,0,0,0,0,0,0,0,0,0,0,0,0,0,0,0,0,0,0,1,GENERAL_SEMANTIC
500,156142,Phương pháp phân tích VEN có được áp dụng để phân tích việc sử dụng thuốc trong bệnh viện không?,96,20,0,0,0,0,0,0,0,0,0,0,0,0,0,0,0,0,0,0,0,0,0,CONDITION
501,135204,"Thời gian, chương trình đào tạo sĩ quan dự bị Quân đội nhân dân Việt Nam được quy định như thế nào?",99,22,0,0,0,0,0,0,0,0,0,0,0,0,0,0,0,0,0,0,0,0,0,GENERAL_SEMANTIC
502,81280,Nguyên tắc thực hiện hoạt động đầu tư của Quỹ đầu tư phát triển địa phương được quy định như thế nào?,101,22,0,0,0,0,0,0,0,0,0,0,0,0,0,0,0,0,0,0,0,0,0,GENERAL_SEMANTIC
503,15566,"Chức năng, nhiệm vụ, quyền hạn, tổ chức bộ máy của Phòng Kinh tế và Hạ tầng cấp huyện do ai quy định?",101,23,0,0,0,0,0,0,0,0,0,0,0,0,0,0,0,0,0,0,0,0,1,PROCEDURE
504,63028,Trình độ đào tạo tối thiểu mà nhân viên lễ tân kiêm phiên dịch hạng 3 trong quân đội phải đạt được?,99,22,0,0,0,0,0,0,0,0,0,0,0,0,0,0,0,0,0,0,0,1,0,NUMERICAL_THRESHOLD
505,42530,Thời hạn giải quyết đề nghị đăng ký hoạt động Trung tâm hòa giải thương mại là bao nhiêu ngày?,94,20,0,0,0,0,0,0,0,0,0,0,0,0,0,0,0,0,0,0,0,0,0,PROCEDURE
506,165838,Chuyên gia tham vấn cho Tổng Thư ký Quốc hội có thể được chi trả mức thù lao theo ngày hay không?,97,22,0,0,0,0,0,0,0,0,0,0,0,0,0,0,0,0,0,1,0,0,0,NUMERICAL_THRESHOLD
507,98294,"Chánh án Tòa án quân sự quân khu và tương đương do ai bổ nhiệm, miễn nhiệm?",75,17,0,0,0,0,0,0,0,0,0,0,0,0,0,0,0,0,0,0,0,0,0,GENERAL_SEMANTIC
508,138784,"Số lượng sách giáo khoa, sách nghiệp vụ của giáo viên, sách tham khảo trong thư viện cơ sở giáo dục trung học cơ sở phải có bao nhiêu bộ?",137,30,0,0,0,0,0,0,0,0,0,0,0,0,0,0,0,0,0,0,0,0,0,NUMERICAL_THRESHOLD
509,141328,Biên bản khám phương tiện có liên quan đến vụ tai nạn giao thông phải có những nội dung nào?,92,20,0,0,0,0,0,0,0,0,0,0,0,0,0,0,0,0,0,0,0,0,0,GENERAL_SEMANTIC
510,68128,Chủ tịch Hội đồng tư vấn về phân loại hàng hóa xuất khẩu đề xuất báo cáo cho Lãnh đạo Tổng cục Hải quan khi nào?,112,26,0,0,0,0,0,0,0,0,0,0,0,0,0,0,0,0,0,0,0,0,0,GENERAL_SEMANTIC
511,70876,"Hàng hóa xuất nhập khẩu để phục vụ đảm bảo an sinh xã hội, khắc phục hậu quả thiên tai được miễn thuế gồm những gì?",115,26,0,0,0,0,0,0,0,0,0,0,0,0,0,0,0,0,0,0,0,0,0,ELIGIBILITY
512,144638,Cơ cấu tổ chức của Quỹ Trò nghèo vùng cao được quy định thế nào?,64,15,0,0,0,0,0,0,0,0,0,0,0,0,0,0,0,0,0,0,0,0,1,GENERAL_SEMANTIC
513,137848,Mức chi hỗ trợ cho Ủy ban nhân dân cấp xã là bao nhiêu?,55,14,0,0,0,0,0,0,0,0,0,0,0,0,0,0,0,0,0,0,0,0,1,PROCEDURE
514,21314,Phương án hợp nhất liên hiệp hợp tác xã sẽ do ai xây dựng?,58,14,0,0,0,0,0,0,0,0,0,0,0,0,0,0,0,0,0,0,0,0,0,GENERAL_SEMANTIC
515,104214,Ủy ban nhân dân xã tổ chức triển khai cắm mốc giới ngoài thực địa có được thuê cá nhân tham gia thực hiện cắm mốc giới không?,125,28,0,0,0,0,0,0,0,0,0,0,0,0,0,0,0,0,0,0,0,0,1,CONDITION
516,59746,Vay vốn ưu đãi thực hiện chính sách nhà ở xã hội thì quy trình thủ tục thực hiện được quy định như thế nào?,107,25,0,0,0,0,0,0,0,0,0,0,0,0,0,0,0,0,0,0,0,0,0,PROCEDURE
517,23126,Thời hiệu xử phạt cơ sở giáo dục nghề nghiệp không lưu trữ hồ sơ về tổ chức bồi dưỡng nghiệp vụ sư phạm giáo dục nghề nghiệp là bao lâu?,136,31,0,0,0,0,0,0,0,0,0,0,0,0,0,0,0,0,0,0,0,0,1,SANCTION
518,99802,"Căn cứ để giao đất, cho thuê đất, cho phép chuyển mục đích sử dụng đất",70,16,0,0,0,0,0,0,0,0,0,0,0,0,0,0,0,0,0,1,0,0,0,GENERAL_SEMANTIC
519,165680,Xuất nhập khẩu là gì?,21,5,0,0,0,0,0,0,0,0,0,0,0,0,0,0,0,0,0,0,0,0,0,DEFINITION
520,84194,Điều kiện trở thành hội viên Hiệp hội Doanh nhân Việt Nam ở nước ngoài là gì?,77,17,0,0,0,0,0,0,0,0,0,0,0,0,0,0,0,0,0,0,0,0,0,CONDITION
521,26634,Giăng dây điện bẫy chuột làm chết người sẽ bị truy cứu trách nhiệm hình sự về tội danh gì?,90,20,0,0,0,0,0,0,0,0,0,0,0,0,0,0,0,0,0,0,0,0,0,SANCTION
522,112550,Thành phần tham dự cuộc họp kiểm điểm công chức gồm có những ai?,64,14,0,0,0,0,0,0,0,0,0,0,0,0,0,0,0,0,0,0,0,0,0,GENERAL_SEMANTIC
523,105048,Tòa án nào có thẩm quyền xét tính hợp pháp của cuộc đình công?,62,14,0,0,0,0,0,0,0,0,0,0,0,0,0,0,0,0,0,0,0,0,0,GENERAL_SEMANTIC
524,52472,Thủ tục tạm ngừng hoạt động kinh doanh của tổ chức tài chính vi mô được thực hiện như thế nào?,94,21,0,0,0,0,0,0,0,0,0,0,0,0,0,0,0,0,0,0,0,0,1,PROCEDURE
525,70078,Khởi công xây dựng công trình cần những điều kiện gì?,53,11,0,0,0,0,0,0,0,0,0,0,0,0,0,0,0,0,0,0,0,0,0,CONDITION
526,39428,"Trang phục khi tham dự lễ kỷ niệm 48 năm ngày Giải phóng miền Nam, thống nhất đất nước được pháp luật quy định như thế nào?",123,27,0,0,0,0,0,1,0,0,0,0,0,0,0,0,0,0,0,0,1,1,0,GENERAL_SEMANTIC
527,154274,Kinh doanh vận tải hành khách theo tuyến cố định là gì?,55,12,0,0,0,0,0,0,0,0,0,0,0,0,0,0,0,0,0,1,0,0,0,DEFINITION
528,57424,Các chế độ và nguyên tắc về bảo hiểm thất nghiệp theo quy định pháp luật,72,16,0,0,0,0,0,1,0,0,0,0,0,0,0,0,0,0,0,1,1,0,0,CROSS_REFERENCE
529,147540,Chứng thực sơ yếu lý lịch là gì?,32,8,0,0,0,0,0,0,0,0,0,0,0,0,0,0,0,0,0,0,0,0,0,DEFINITION
530,135202,Ủy viên Ban Thanh tra nhân dân Cơ quan Bộ Công Thương có trách nhiệm như thế nào?,81,18,0,0,0,0,0,0,0,0,0,0,0,0,0,0,0,0,0,0,0,0,1,GENERAL_SEMANTIC
531,11838,Tài sản đấu giá trong trường hợp chỉ có một người hồ sơ tham gia đấu giá thì cuộc bán đấu giá có được tổ chức không?,116,27,0,0,0,0,0,0,0,0,0,0,0,0,0,0,0,0,0,0,0,0,1,PROCEDURE
532,149108,"Những sửa đổi, bổ sung về quỹ phát triển đất tại Dự thảo Nghị định Sửa đổi, bổ sung nghị định hướng dẫn Luật Đất đai so với Nghị định 43/2014/NĐ-CP?",148,34,0,0,0,0,0,1,0,1,0,0,0,0,0,0,1,1,1,0,2,1,0,GENERAL_SEMANTIC
533,84962,"Công tác tìm kiếm, quy tập hài cốt liệt sĩ được phân cấp quản lý như thế nào?",77,18,0,0,0,0,0,0,0,0,0,0,0,0,0,0,0,0,0,0,0,0,0,PROCEDURE
534,118698,Mức phụ cấp ưu đãi nghề Hải quan hiện nay là bao nhiêu?,55,13,0,0,0,0,0,0,0,0,0,0,0,0,0,0,0,0,0,0,0,0,0,PROCEDURE
535,11158,"Hướng dẫn hồ sơ, thủ tục làm giấy chứng tử năm 2022?",52,12,0,0,0,0,0,0,0,0,0,0,0,0,0,0,0,1,0,0,0,1,0,PROCEDURE
536,29356,"Tiêu hủy tài liệu, vật chứa bí mật nhà nước được thực hiện như thế nào?",71,16,0,0,0,0,0,0,0,0,0,0,0,0,0,0,0,0,0,0,0,0,0,GENERAL_SEMANTIC
537,7680,Điều kiện đối với quy mô chăn nuôi trang trại,45,10,0,0,0,0,0,0,0,0,0,0,0,0,0,0,0,0,0,0,0,0,0,CONDITION
538,69854,Các mối quan hệ trong công việc của chuyên viên về hợp tác quốc tế là gì?,73,17,0,0,0,0,0,0,0,0,0,0,0,0,0,0,0,0,0,0,0,0,0,DEFINITION
539,88642,"Vi phạm quy định về quản lý sử dụng vũ khí, vật liệu nổ, công cụ hỗ trợ, pháo và đồ chơi nguy hiểm bị cấm",105,26,0,0,0,0,0,0,0,0,0,0,0,0,0,0,0,0,0,0,0,0,0,SANCTION
540,55470,Việc xác định biên chế công chức dựa trên những căn cứ nào?,59,13,0,0,0,0,0,0,0,0,0,0,0,0,0,0,0,0,0,1,0,0,0,GENERAL_SEMANTIC
541,124150,"Hồ sơ, thời hạn giải quyết thủ tục thay đổi họ tên như thế nào?",63,15,0,0,0,0,0,0,0,0,0,0,0,0,0,0,0,0,0,0,0,0,0,PROCEDURE
542,78844,Chủ nợ và doanh nghiệp mất khả năng thanh toán có được quyền thương lượng rút đơn yêu cầu mở thủ tục phá sản không?,115,25,0,0,0,0,0,0,0,0,0,0,0,0,0,0,0,0,0,0,0,0,1,PROCEDURE
543,111934,Hội đồng tiền lương quốc gia có chức năng gì?,45,10,0,0,0,0,0,0,0,0,0,0,0,0,0,0,0,0,0,0,0,0,0,GENERAL_SEMANTIC
544,31062,"Cha, mẹ bị hạn chế quyền nuôi con dưới 12 tháng tuổi trong trường hợp nào?",74,16,0,0,0,0,0,0,0,0,0,0,0,0,0,0,0,0,0,0,0,1,0,ELIGIBILITY
545,103610,Tờ khai Căn cước công dân (mẫu CC01) hiện nay được quy định như thế nào?,72,16,0,0,0,0,0,0,0,0,0,0,0,0,0,0,0,0,0,0,0,0,0,GENERAL_SEMANTIC
546,135906,Sửa đổi hay bổ sung nội dung kế hoạch tiến hành thanh tra chuyên ngành của lực lượng Công an nhân dân thực hiện trong những trường hợp nào?,139,29,0,0,0,0,0,0,0,0,0,0,0,0,0,0,0,0,1,0,0,0,0,ELIGIBILITY
547,166726,Việc khen thưởng “Xã đạt chuẩn văn hóa nông thôn mới” theo quy định của pháp luật,81,17,0,0,0,0,0,1,0,0,0,0,0,0,0,0,0,0,0,1,1,0,0,CROSS_REFERENCE
548,146620,"Chỉ thị 16 năm 2023 đặt ra các nhiệm vụ trọng tâm nào để thực hiện phòng ngừa, đấu tranh tội phạm tổ chức đánh bạc và đánh bạc?",127,29,0,0,0,0,0,0,0,0,0,0,0,0,0,0,0,1,0,0,0,1,1,GENERAL_SEMANTIC
549,103006,Xử lý số định danh cá nhân bị sai thông tin như thế nào?,56,14,0,0,0,0,0,0,0,0,0,0,0,0,0,0,0,0,0,0,0,0,1,GENERAL_SEMANTIC
550,60592,Tòa án cần liên hệ trước với Bộ Tư pháp để được hướng dẫn về việc lập hồ sơ khi phát sinh yêu cầu ủy thác thu thập chứng cứ cho các quốc gia thực hiện Công ước La hay?,167,40,0,0,0,0,0,0,0,0,0,0,0,0,0,0,0,0,0,0,0,0,0,PROCEDURE
551,99648,"Quy định về kiểm tra, giám sát và bảo trì giàn giáo và thang?",61,14,0,0,0,0,0,0,0,0,0,0,0,0,0,0,0,0,0,0,0,0,0,GENERAL_SEMANTIC
552,165432,Vùng trời phục vụ cho hoạt động bay đối với tàu bay không người lái được phân chia theo độ cao bay như thế nào?,111,25,0,0,0,0,0,0,0,0,0,0,0,0,0,0,0,0,0,1,0,0,0,GENERAL_SEMANTIC
553,138060,Hồ sơ đề nghị chấp thuận tổ chức lại công ty chứng khoán thành công ty trách nhiệm hữu hạn cần những giấy tờ nào?,113,25,0,0,0,0,0,0,0,0,0,0,0,0,0,0,0,0,0,0,0,0,1,PROCEDURE
554,5424,Giấy chứng nhận đăng ký hoạt động công nhận tổ chức đánh giá sự phù hợp có được cấp lại trong trường hợp bị rách không?,119,26,0,0,0,0,0,0,0,0,0,0,0,0,0,0,0,0,0,0,0,0,1,PROCEDURE
555,100640,Giám đốc Cảng vụ hàng không được cấp phát trang phục cấp theo niên hạn như thế nào?,83,18,0,0,0,0,0,0,0,0,0,0,0,0,0,0,0,0,0,1,0,0,0,PROCEDURE
556,45226,Khu vực bán vé ở bến xe khách phải tuân thủ những quy định gì?,62,15,0,0,0,0,0,0,0,0,0,0,0,0,0,0,0,0,0,0,0,0,0,GENERAL_SEMANTIC
557,149446,"Tổ xây dựng Báo cáo tổng kết, đánh giá việc thực hiện quy định tại Nghị quyết 30/2021/QH15 trình Quốc hội?",106,23,0,0,0,0,0,0,0,0,0,0,1,0,0,0,0,1,0,1,1,1,0,CROSS_REFERENCE
558,95008,Các bước tiến hành phẫu thuật nối thông túi lệ mũi qua đường rạch da như thế nào?,81,18,0,0,0,0,0,0,0,0,0,0,0,0,0,0,0,0,0,0,0,0,0,PROCEDURE
559,25582,Việc đăng ký thay đổi tàu biển được thực hiện khi nào?,54,12,0,0,0,0,0,0,0,0,0,0,0,0,0,0,0,0,0,0,0,0,0,PROCEDURE
560,50246,Đối tượng và những trường hợp được hoàn thuế giá trị gia tăng?,62,13,0,0,0,0,0,0,0,0,0,0,0,0,0,0,0,0,0,0,0,0,0,CONDITION
561,95876,Sự cố tàu bay là gì?,20,6,0,0,0,0,0,0,0,0,0,0,0,0,0,0,0,0,0,0,0,0,0,DEFINITION
562,168416,Thế nào là Công chức Tài chính kế toán cấp xã theo quy định pháp luật hiện nay?,79,18,0,0,0,0,0,1,0,0,0,0,0,0,0,0,0,0,0,1,1,0,0,PROCEDURE
563,101922,Cơ quan nào có quyền tiếp nhận văn bản yêu cầu thẩm định giá tài sản?,69,16,0,0,0,0,0,0,0,0,0,0,0,0,0,0,0,0,0,0,0,0,1,CONDITION
564,82490,"Nội dung và thời gian huấn luyện, bồi dưỡng nghiệp vụ về phòng cháy chữa cháy được quy định như thế nào?",104,22,0,0,0,0,0,0,0,0,0,0,0,0,0,0,0,0,0,0,0,0,0,GENERAL_SEMANTIC
565,139308,Đối tượng được vay tái cấp vốn từ ngân hàng nhà nước?,53,12,0,0,0,0,0,0,0,0,0,0,0,0,0,0,0,0,0,0,0,0,0,PROCEDURE
566,40866,Xe máy chuyên dùng quân sự được kiểm định ở đâu?,48,11,0,0,0,0,0,0,0,0,0,0,0,0,0,0,0,0,0,0,0,0,0,GENERAL_SEMANTIC
567,163228,Nội dung biên bản xử phạt vi phạm hành chính có phải mô tả hành vi vi phạm không?,81,19,0,0,0,0,0,0,0,0,0,0,0,0,0,0,0,0,0,0,0,0,0,SANCTION
568,97404,Đối tượng nào không chịu thuế giá trị gia tăng theo đề xuất mới nhất?,69,15,0,0,0,0,0,0,0,0,0,0,0,0,0,0,0,0,1,1,0,0,0,CONDITION
569,91230,Công ty ký hợp đồng liên doanh với cá nhân thì có phải nộp thuế thu nhập cá nhân không?,87,20,0,0,0,0,0,0,0,0,0,0,0,0,0,0,0,0,0,0,0,0,1,PROCEDURE
570,13472,Phẫu thuật điều trị khớp giả xương thuyền bằng mảnh ghép xương cuống mạch liền chỉ định cho trường hợp nào?,107,21,0,0,0,0,0,0,0,0,0,0,0,0,0,0,0,0,0,0,0,0,0,ELIGIBILITY
571,27372,Có xóa tên Đảng viên nếu Đảng viên không đóng Đảng phí ba tháng trong năm không?,80,17,0,0,0,0,0,0,0,0,0,0,0,0,0,0,0,0,0,0,0,0,0,GENERAL_SEMANTIC
572,38462,Kế hoạch kiểm tra công tác thi hành án dân sự trong quân đội được xác lập dựa trên căn cứ nào?,94,22,0,0,0,0,0,0,0,0,0,0,0,0,0,0,0,0,0,1,0,0,0,GENERAL_SEMANTIC
573,150922,Viên chức chưa xếp bậc lương cuối cùng trong chức danh nhưng có thông báo nghỉ hưu thì có được nâng bậc lương trước thời hạn không?,131,27,0,0,0,0,0,0,0,0,0,0,0,0,0,0,0,0,0,0,0,0,0,CONDITION
574,29370,"Cán bộ, công chức chấp hành quyết định trái pháp luật theo lệnh cấp trên thì có phải chịu trách nhiệm không?",108,22,0,0,0,0,0,1,0,0,0,1,0,0,0,0,0,0,0,1,2,0,0,PROCEDURE
575,95522,Sát hạch kỹ năng dừng tàu với thí sinh sát hạch thực hành lái tàu trên đường sắt chuyên dùng có những nội dung gì?,114,25,0,0,0,0,0,0,0,0,0,0,0,0,0,0,0,0,0,0,0,0,0,GENERAL_SEMANTIC
576,121576,Thời hạn cấp thẻ bảo hiểm y tế cho trẻ sơ sinh là bao lâu?,58,15,0,0,0,0,0,0,0,0,0,0,0,0,0,0,0,0,0,0,0,0,0,PROCEDURE
577,127176,Ban Chấp hành Hiệp hội có những quyền hạn gì?,45,10,0,0,0,0,0,0,0,0,0,0,0,0,0,0,0,0,0,0,0,0,0,GENERAL_SEMANTIC
578,102180,"Hồ sơ trình cấp có thẩm quyền và thời gian quyết định chủ trương đầu tư chương trình, dự án đầu tư công nhóm B, nhóm C",118,27,0,0,0,0,0,0,0,0,0,1,0,0,0,0,0,0,0,0,1,0,0,PROCEDURE
579,40980,"Tiêu chuẩn trong tiêu chí mục tiêu, quản lý và tài chính trong kiểm định chất lượng giáo dục nghề nghiệp đối với cơ sở đào tạo trình độ cao đẳng được xem là đạt yêu cầu khi nào?",177,39,0,0,0,0,0,0,0,0,0,0,0,0,0,0,0,0,0,0,0,0,0,CONDITION
580,108152,Người bị khiếu nại trong thi hành án dân sự có những quyền và nghĩa vụ gì?,74,17,0,0,0,0,0,0,0,0,0,0,0,0,0,0,0,0,0,0,0,0,0,GENERAL_SEMANTIC
581,1736,Trên chứng minh quân nhân chuyên nghiệp phải thể hiện được những thông tin nào?,79,15,0,0,0,0,0,0,0,0,0,0,0,0,0,0,0,0,0,0,0,0,0,GENERAL_SEMANTIC
582,121144,Người bệnh được chỉ định phẫu thuật tổn thương gân cơ chày sau khi nào?,71,15,0,0,0,0,0,0,0,0,0,0,0,0,0,0,0,0,0,0,0,0,0,GENERAL_SEMANTIC
583,150702,"Người sử dụng lao động có trách nhiệm gì trong việc bồi dưỡng, nâng cao tay nghề cho người lao động?",100,21,0,0,0,0,0,0,0,0,0,0,0,0,0,0,0,0,0,0,0,0,1,GENERAL_SEMANTIC
584,6028,"Hệ thống chỉ tiêu thống kê cấp tỉnh, cấp huyện, cấp xã có hình thành hệ thống thông tin thống kê quốc gia không?",112,24,0,0,0,0,0,0,0,0,0,0,0,0,0,0,0,0,0,0,0,0,0,PROCEDURE
585,116936,Mở quầy thuốc để kinh doanh có cần phải được cấp Giấy chứng nhận đủ điều kiện kinh doanh dược không?,100,21,0,0,0,0,0,0,0,0,0,0,0,0,0,0,0,0,0,0,0,0,0,PROCEDURE
586,167448,Có bắt buộc phải thông báo cho cơ quan lao động khi làm thêm giờ không?,71,16,0,0,0,0,0,0,0,0,0,0,0,0,0,0,0,0,0,0,0,0,1,GENERAL_SEMANTIC
587,120720,Cách thức thực hiện thủ tục giải quyết hưởng chế độ bệnh nghề nghiệp do bệnh tật tái phát như thế nào?,102,22,0,0,0,0,0,0,0,0,0,0,0,0,0,0,0,0,0,0,0,0,0,PROCEDURE
588,42086,Nội dung báo cáo kết quả kiểm định xây dựng?,44,10,0,0,0,0,0,0,0,0,0,0,0,0,0,0,0,0,0,0,0,0,0,GENERAL_SEMANTIC
589,73634,"Thời hạn gửi báo cáo tình hình xây dựng, quản lý, sử dụng nghĩa trang và cơ sở hỏa táng của Ủy ban nhân dân cấp tỉnh là khi nào?",128,30,0,0,0,0,0,0,0,0,0,0,0,0,0,0,0,0,0,0,0,0,1,PROCEDURE
590,162910,Khi vận hành Trang thông tin điện tử đấu giá trực tuyến thì tổ chức đấu giá có trách nhiệm gì?,94,21,0,0,0,0,0,0,0,0,0,0,0,0,0,0,0,0,0,0,0,0,1,GENERAL_SEMANTIC
591,116988,"Đánh giá kết quả học tập và rèn luyện của học sinh cấp 2, cấp 3 như thế nào?",76,19,0,0,0,0,0,0,0,0,0,0,0,0,0,0,0,0,0,0,0,1,0,PROCEDURE
592,140134,Quyền và nghĩa vụ của doanh nghiệp bảo hiểm bắt buộc trong đầu tư xây dựng được quy định như thế nào?,101,22,0,0,0,0,0,0,0,0,0,0,0,0,0,0,0,0,0,0,0,0,1,GENERAL_SEMANTIC
593,122514,Các chương trình hành động tiểu vùng chống sa mạc hóa tại các khu vực thuộc Châu Phi sẽ tập trung vào các vấn đề nào?,117,26,0,0,0,0,0,0,0,0,0,0,0,0,0,0,0,0,0,0,0,0,0,GENERAL_SEMANTIC
594,25070,Nghỉ ốm 5 ngày (có giấy ra viện) thì chế độ hưởng ốm đau sẽ được những gì?,74,18,0,0,0,0,0,0,0,0,0,0,0,0,0,0,0,0,0,0,0,1,0,GENERAL_SEMANTIC
595,81362,Bổ sung quy định quỹ hỗ trợ khi Nhà nước thu hồi đất do Ủy ban nhân dân cấp tỉnh thành lập?,91,22,0,0,0,0,0,0,0,0,0,0,0,0,0,0,0,0,1,0,0,0,1,PROCEDURE
596,50508,Khi nào thì người tham gia đấu giá được xem trực tiếp tài sản nhà nước trong Bộ Quốc phòng được đấu giá?,104,23,0,0,0,0,0,0,0,0,0,0,0,0,0,0,0,0,0,0,0,0,0,GENERAL_SEMANTIC
597,20584,Đề án thành lập quỹ tín dụng nhân dân được Hội nghị thành lập thông qua phải có những nội dung rõ ràng nào?,107,24,0,0,0,0,0,0,0,0,0,0,0,0,0,0,0,0,0,0,0,0,0,GENERAL_SEMANTIC
598,15154,Tổng cục Hải quan tổ chức cung cấp thông tin định kỳ cho báo chí thông qua những hình thức nào?,95,21,0,0,0,0,0,0,0,0,0,0,0,0,0,0,0,0,0,0,0,0,1,PROCEDURE
599,31264,Sĩ quan quân đội được thăng hoặc giáng cấp bậc quân hàm sĩ quan mỗi lần được bao nhiêu bậc?,91,20,0,0,0,0,0,0,0,0,0,0,0,0,0,0,0,0,0,0,0,0,0,PROCEDURE
600,39564,Mức hưởng trợ cấp phục vụ do suy giảm khả năng lao động là bao nhiêu theo quy định hiện nay?,92,21,0,0,0,0,0,0,0,0,0,0,0,0,0,0,0,0,0,1,0,0,0,PROCEDURE
601,69892,Có được ngăn cản việc kiểm soát của các cơ quan quản lý nhà nước chuyên ngành tại cửa khẩu không?,97,21,0,0,0,0,0,0,0,0,0,0,0,0,0,0,0,0,0,0,0,0,1,CONDITION
602,78504,Mẫu đề nghị chuyển nơi hưởng trợ cấp thất nghiệp của người lao động đang hưởng trợ cấp thất nghiệp?,99,20,0,0,0,0,0,0,0,0,0,0,0,0,0,0,0,0,0,0,0,0,1,PROCEDURE
603,58952,"Thủ tục nhận chăm sóc, nuôi dưỡng trẻ 10 tuổi mồ côi bố mẹ như thế nào?",71,17,0,0,0,0,0,0,0,0,0,0,0,0,0,0,0,0,0,0,0,1,0,PROCEDURE
604,55762,Trình tự thủ tục làm giấy khai sinh cho con gồm những gì?,57,13,0,0,0,0,0,0,0,0,0,0,0,0,0,0,0,0,0,0,0,0,0,PROCEDURE
605,7454,Thành phần Hội đồng tuyển sinh của trường trung cấp nghề gồm những ai?,70,14,0,0,0,0,0,0,0,0,0,0,0,0,0,0,0,0,0,0,0,0,0,PROCEDURE
606,61948,"Phụ lục tiêu chí, tiêu chuẩn chất lượng dịch vụ chỉnh lý tài liệu lưu trữ nền giấy và thu thập tài liệu lưu trữ ra sao?",119,27,0,0,0,0,0,0,0,0,0,0,0,0,0,0,0,0,0,0,0,0,0,CONDITION
607,75610,Trường hợp nào được miễn đào tạo nghề công chứng?,49,10,0,0,0,0,0,0,0,0,0,0,0,0,0,0,0,0,0,0,0,0,0,ELIGIBILITY
608,134664,Điều kiện chung tách thửa đất trên địa bàn tỉnh Long An,55,12,0,0,0,0,0,0,0,0,0,0,0,0,0,0,0,0,0,0,0,0,0,CONDITION
609,166724,Tài khoản định danh cho người dùng tại Cơ quan Bộ Tài chính được cấp trong bao lâu?,83,18,0,0,0,0,0,0,0,0,0,0,0,0,0,0,0,0,0,0,0,0,1,PROCEDURE
610,148622,"Trong thời gian tạm ngừng hoạt động kinh doanh, cá nhân kinh doanh phải tuân thủ quy định nào?",94,19,0,0,0,0,0,0,0,0,0,0,0,0,0,0,0,0,0,0,0,0,1,GENERAL_SEMANTIC
611,70766,"Thủ tục đăng ký thay đổi, sửa chữa sai sót nội dung biện pháp bảo đảm đã đăng ký",80,19,0,0,0,0,0,0,0,0,0,0,0,0,0,0,0,0,0,0,0,0,0,PROCEDURE
612,31260,Trong công tác phòng chống rửa tiền thì danh sách cá nhân nước ngoài có ảnh hưởng chính trị được cung cấp như thế nào?,118,25,0,0,0,0,0,0,0,0,0,0,0,0,0,0,0,0,0,0,0,0,1,PROCEDURE
613,58578,Thời gian gửi văn bản sửa đổi hồ sơ mời thầu đến các nhà thầu như thế nào?,74,18,0,0,0,0,0,0,0,0,0,0,0,0,0,0,0,0,1,0,0,0,1,PROCEDURE
614,137116,Để được thành lập thư viện tư nhân có phục vụ cộng đồng cần đáp ứng những điều gì?,82,19,0,0,0,0,0,0,0,0,0,0,0,0,0,0,0,0,0,0,0,0,0,GENERAL_SEMANTIC
615,155644,Nội dung phổ biến kiến thức quốc phòng và an ninh cho toàn dân như thế nào?,75,17,0,0,0,0,0,0,0,0,0,0,0,0,0,0,0,0,0,0,0,0,0,GENERAL_SEMANTIC
616,160784,Chẩn đoán bệnh cúm lợn bằng phản ứng ngăn trở ngưng kết hồng cầu chuột lang như thế nào?,88,19,0,0,0,0,0,0,0,0,0,0,0,0,0,0,0,0,0,0,0,0,0,GENERAL_SEMANTIC
617,75316,Những trường hợp nào sẽ xóa đăng ký tạm trú?,44,10,0,0,0,0,0,0,0,0,0,0,0,0,0,0,0,0,0,0,0,0,0,PROCEDURE
618,129756,Học ngành kế toán hành chính sự nghiệp trình độ cao đẳng thì khi tốt nghiệp có thể làm công việc nào?,101,22,0,0,0,0,0,0,0,0,0,0,0,0,0,0,0,0,0,0,0,0,0,GENERAL_SEMANTIC
619,153236,Người đứng đầu Ủy ban Chứng khoán Nhà nước cần đáp ứng tiêu chuẩn gì về năng lực và uy tín?,91,21,0,0,0,0,0,0,0,0,0,0,0,0,0,0,0,0,0,0,0,0,1,CONDITION
620,72916,Phí công chứng bao gồm những mức phí nào?,41,9,0,0,0,0,0,0,0,0,0,0,0,0,0,0,0,0,0,0,0,0,0,NUMERICAL_THRESHOLD
621,118604,Báo cáo kết quả thực hiện nhiệm vụ của thành viên Đoàn thanh tra chuyên ngành ngân hàng bao gồm những nội dung nào?,115,24,0,0,0,0,0,0,0,0,0,0,0,0,0,0,0,0,0,0,0,0,0,GENERAL_SEMANTIC
622,52614,Hạ sĩ quan quân đội có thể đăng ký khám chữa bệnh bảo hiểm y tế lần đầu tại các cơ sở khám chữa bệnh nào?,105,26,0,0,0,0,0,0,0,0,0,0,0,0,0,0,0,0,0,0,0,0,0,PROCEDURE
623,153572,"Đặt vó đánh bắt cá trên sông gây cản trở hoạt động di chuyển của tàu, thuyền bị xử phạt bao nhiêu tiền?",103,23,0,0,0,0,0,0,0,0,0,0,0,0,0,0,0,0,0,0,0,0,0,SANCTION
624,124950,Ban thẩm tra tư cách đại biểu Đại hội Đảng được quy định như thế nào?,69,16,0,0,0,0,0,0,0,0,0,0,0,0,0,0,0,0,0,0,0,0,0,GENERAL_SEMANTIC
625,95246,Hội viên chính thức Hội Bảo vệ quyền trẻ em Việt Nam có những quyền hạn nào?,76,17,0,0,0,0,0,0,0,0,0,0,0,0,0,0,0,0,0,0,0,0,0,GENERAL_SEMANTIC
626,154026,"Quy định về tư cách hợp lệ của nhà thầu, nhà đầu tư",51,13,0,0,0,0,0,0,0,0,0,0,0,0,0,0,0,0,0,0,0,0,1,GENERAL_SEMANTIC
627,33256,Phương thức thực hiện ký quỹ bảo vệ môi trường khi nhập khẩu phế liệu từ nước ngoài làm nguyên liệu sản xuất?,109,23,0,0,0,0,0,0,0,0,0,0,0,0,0,0,0,0,0,0,0,0,0,GENERAL_SEMANTIC
628,50340,Người có hành vi gây tổn thương cơ thể cho người khác bằng axit thì có thể bị xử phạt về tội gì?,96,23,0,0,0,0,0,0,0,0,0,0,0,0,0,0,0,0,0,0,0,0,0,SANCTION
629,144920,"Có 3 người con đều là liệt sĩ, vậy có đủ điều kiện để truy tặng danh hiệu “Bà mẹ Việt Nam anh hùng” không?",106,25,0,0,0,0,0,0,0,0,0,0,0,0,0,0,0,0,0,0,0,1,0,CONDITION
630,133758,Chứng minh trong vụ án dân sự về bảo vệ quyền lợi người tiêu dùng được thực hiện như thế nào?,93,21,0,0,0,0,0,0,0,0,0,0,0,0,0,0,0,0,0,0,0,0,0,GENERAL_SEMANTIC
631,90780,Vụ Kế hoạch Tài chính thuộc Bộ Y tế có nhiệm vụ và quyền hạn gì trong công tác quản lý phương thức chi trả chi phí dịch vụ y tế?,128,31,0,0,0,0,0,0,0,0,0,0,0,0,0,0,0,0,0,0,0,0,1,GENERAL_SEMANTIC
632,86908,Điều kiện của người lái xe tham gia giao thông là gì?,53,12,0,0,0,0,0,0,0,0,0,0,0,0,0,0,0,0,0,0,0,0,0,CONDITION
633,81870,Có thể chọn một thành viên cơ quan đại diện ngoại giao để làm người đứng đầu cơ quan đại diện tạm thời không?,109,24,0,0,0,0,0,0,0,0,0,0,0,0,0,0,0,0,0,0,0,0,1,GENERAL_SEMANTIC
634,66824,Cơ quan nào có thẩm quyền ra quyết định hủy phán quyết trọng tài?,65,14,0,0,0,0,0,0,0,0,0,1,0,0,0,0,0,0,0,0,1,0,1,GENERAL_SEMANTIC
635,31930,Hồ sơ đề nghị chấp thuận đổi tên của tổ chức tín dụng phi ngân hàng bao gồm những gì?,85,20,0,0,0,0,0,0,0,0,0,0,0,0,0,0,0,0,0,0,0,0,1,PROCEDURE
636,53280,Được phép bổ nhiệm bao nhiêu Phó Tổng giám đốc Tổng công ty lương thực miền Bắc?,80,17,0,0,0,0,0,0,0,0,0,0,0,0,0,0,0,0,0,0,0,0,1,CONDITION
637,143948,"Hồ sơ, thủ tục công nhận liệt sĩ đối với phi công Phòng không Không quân hy sinh trong thực hiện nhiệm vụ?",106,23,0,0,0,0,0,0,0,0,0,0,0,0,0,0,0,0,0,0,0,0,0,PROCEDURE
638,75296,Để thăng hạng kỹ thuận lên phi công giảng viên bay quân sự cấp 3 thì cần phải đáp ứng được những tiêu chuẩn nào?,112,25,0,0,0,0,0,0,0,0,0,0,0,0,0,0,0,0,0,0,0,1,0,PROCEDURE
639,61686,Cơ sở giáo dục khi thực hiện nhiệm vụ giáo dục thường xuyên thì có cần phải công khai danh sách báo cáo viên hay không?,119,26,0,0,0,0,0,0,0,0,0,0,0,0,0,0,0,0,0,0,0,0,0,GENERAL_SEMANTIC
640,148580,Người sử dụng lao động có được đơn phương chấm dứt hợp đồng lao động khi người lao động mang thai không?,104,22,0,0,0,0,0,0,0,0,0,0,0,0,0,0,0,0,0,0,0,0,1,CONDITION
641,150800,Mẫu sơ yếu lý lịch của người tham dự sát hạch kiểm định viên giáo dục đại học và cao đẳng sư phạm mới nhất hiện nay?,116,27,0,0,0,0,0,0,0,0,0,0,0,0,0,0,0,0,1,0,0,0,0,GENERAL_SEMANTIC
642,98328,Lệ phí trước bạ đối với xe ô tô cũ dưới 9 chỗ được quy định như thế nào?,72,19,0,0,0,0,0,0,0,0,0,0,0,0,0,0,0,0,0,0,0,1,0,GENERAL_SEMANTIC
643,28704,Cơ quan nào có trách nhiệm xác minh nơi cư trú của người sử dụng trái phép chất ma túy?,87,20,0,0,0,0,0,0,0,0,0,0,0,0,0,0,0,0,0,0,0,0,1,GENERAL_SEMANTIC
644,155626,Hòa giải viên lao động là ai?,29,7,0,0,0,0,0,0,0,0,0,0,0,0,0,0,0,0,0,0,0,0,0,GENERAL_SEMANTIC
645,164006,Ai có quyền bổ nhiệm Kiểm tra viên Viện kiểm sát nhân dân?,58,13,0,0,0,0,0,0,0,0,0,0,0,0,0,0,0,0,0,0,0,0,0,GENERAL_SEMANTIC
646,97834,Ban Tổ chức Hội thi giáo viên dạy giỏi trung cấp chuyên nghiệp gồm có những thành viên nào?,91,19,0,0,0,0,0,0,0,0,0,0,0,0,0,0,0,0,0,0,0,0,1,PROCEDURE
647,166834,"Cấp Giấy chứng nhận quyền sử dụng đất, quyền sở hữu nhà ở và tài sản khác gắn liền với đất cho hộ gia đình, cá nhân đang sử dụng đất mà không có giấy tờ về quyền sử dụng đất",173,41,0,0,0,0,0,0,0,0,0,0,0,0,0,0,0,0,0,0,0,0,1,PROCEDURE
648,131616,"Cơ sở khám bệnh, chữa bệnh tư nhân có nhận khám bảo hiểm y tế không?",68,16,0,0,0,0,0,0,0,0,0,0,0,0,0,0,0,0,0,0,0,0,0,GENERAL_SEMANTIC
649,123234,Ban đánh giá công tác học sinh sinh viên trường cao đẳng tiến hành tự đánh giá dựa trên những tiêu chí nào?,107,23,0,0,0,0,0,0,0,0,0,0,0,0,0,0,0,0,0,0,0,0,0,GENERAL_SEMANTIC
650,7294,Hội đồng quản lý trong tổ chức khoa học và công nghệ công lập có những thành viên nào?,86,19,0,0,0,0,0,0,0,0,0,0,0,0,0,0,0,0,0,0,0,0,1,GENERAL_SEMANTIC
651,153446,Viên chức có được nhận tiền trợ cấp thất nghiệp không?,54,11,0,0,0,0,0,0,0,0,0,0,0,0,0,0,0,0,0,0,0,0,0,PROCEDURE
652,51750,Thân nhân của người có công với cách mạng được hưởng các chính sách theo nguyên tắc gì?,87,18,0,0,0,0,0,0,0,0,0,0,0,0,0,0,0,0,0,1,0,0,0,ELIGIBILITY
653,118252,Trưởng đoàn thanh tra chuyên ngành cấp sở có quyền xử phạt tổ chức kinh doanh hoạt động thể thao không làm thủ tục cấp lại Giấy chứng nhận đủ điều kiện kinh doanh không?,169,35,0,0,0,0,0,0,0,0,0,0,0,0,0,0,0,0,0,0,0,0,1,SANCTION
654,83056,Chủ doanh nghiệp tư nhân cung cấp thông tin khách hàng cho người khác khi chưa có sự đồng ý có bị xử lý không?,110,25,0,0,0,0,0,0,0,0,0,0,0,0,0,0,0,0,0,0,0,0,1,PROCEDURE
655,53432,Cơ quan kiểm tra các hoạt động kinh doanh thuốc lá có trách nhiệm và quyền hạn thế nào?,87,19,0,0,0,0,0,0,0,0,0,0,0,0,0,0,0,0,0,0,0,0,1,GENERAL_SEMANTIC
656,162436,"Cơ quan nào thực hiện đào tạo, bồi dưỡng cán bộ, công chức, viên chức và người lao động cho ngành Giao thông vận tải?",117,25,0,0,0,0,0,0,0,0,0,0,0,0,0,0,0,0,0,0,0,0,1,GENERAL_SEMANTIC
657,87252,Chương trình đào tạo trình độ sơ cấp phải đảm bảo được những yêu cầu gì?,72,16,0,0,0,0,0,0,0,0,0,0,0,0,0,0,0,0,0,0,0,0,0,PROCEDURE
658,53406,Những mức chi liên quan tới thực hiện Chương trình mục tiêu quốc gia giảm nghèo bền vững?,89,18,0,0,0,0,0,0,0,0,0,0,0,0,0,0,0,0,0,0,0,0,0,NUMERICAL_THRESHOLD
659,10766,Đối với công chức dự thi nâng ngạch lên ngạch Cán sự chuyên ngành hành chính thì có những yêu cầu gì?,101,22,0,0,0,0,0,0,0,0,0,0,0,0,0,0,0,0,0,0,0,0,0,CONDITION
660,10164,Quá trình thiết kế trường dạy nghề cần đảm bảo tuân thủ các quy định chung nào?,79,17,0,0,0,0,0,0,0,0,0,0,0,0,0,0,0,0,0,0,0,0,0,GENERAL_SEMANTIC
661,19752,Nhiệm vụ chính của Phòng Kiểm toán môi trường thuộc Vụ Hợp tác quốc tế được quy định thế nào?,93,20,0,0,0,0,0,0,0,0,0,0,0,0,0,0,0,0,0,0,0,0,0,GENERAL_SEMANTIC
662,115756,Chi phí làm sổ đỏ bao gồm những gì?,35,9,0,0,0,0,0,0,0,0,0,0,0,0,0,0,0,0,0,0,0,0,0,GENERAL_SEMANTIC
663,70218,Cơ quan nào có thẩm quyền kiểm tra chất lượng cho sản phẩm xử lý môi trường nuôi trồng thủy sản?,96,21,0,0,0,0,0,0,0,0,0,0,0,0,0,0,0,0,0,0,0,0,1,GENERAL_SEMANTIC
664,113128,"Chế biến vị thuốc cổ truyền theo phương pháp cổ truyền, cơ sở khám bệnh, chữa bệnh có trách nhiệm gì?",101,21,0,0,0,0,0,0,0,0,0,0,0,0,0,0,0,0,0,1,0,0,0,GENERAL_SEMANTIC
665,40290,Thực hiện đề nghị cấp Giấy phép khảo nghiệm thuốc bảo vệ thực vật để đăng ký bổ sung khi có sự thay đổi về cách sử dụng bằng cách nào?,134,31,0,0,0,0,0,0,0,0,0,0,0,0,0,0,0,0,1,0,0,0,0,PROCEDURE
666,54714,"Cần chuẩn bị những giấy tờ gì khi thực hiện thủ tục đề nghị cấp giấy phép triển lãm mỹ thuật tại Cục Mỹ thuật, Nhiếp ảnh và Triển lãm?",134,30,0,0,0,0,0,0,0,0,0,0,0,0,0,0,0,0,0,0,0,0,0,PROCEDURE
667,94432,Mỗi người quảng cáo không được phép gửi quá bao nhiêu tin nhắn quảng cáo tới một số điện thoại?,95,20,0,0,0,0,0,0,0,0,0,0,0,0,0,0,0,0,0,0,0,0,0,CONDITION
668,21386,Hội đồng tư vấn xác định dự án khoa học và công nghệ đặt hàng cấp Bộ Quốc phòng mở phiên họp có bắt buộc Chủ tịch Hội đồng phải tham gia?,137,32,0,0,0,0,0,0,0,0,0,0,0,0,0,0,0,0,0,0,0,0,0,PROCEDURE
669,136130,Viện kiểm sát có quyền yêu cầu thay đổi Điều tra viên hay cán bộ điều tra không?,80,18,0,0,0,0,0,0,0,0,0,0,0,0,0,0,0,0,0,0,0,0,0,CONDITION
670,75954,Áp dụng quy chuẩn chuyên môn cho hoạt động giám định tư pháp?,61,13,0,0,0,0,0,0,0,0,0,0,0,0,0,0,0,0,0,0,0,0,0,GENERAL_SEMANTIC
671,151660,Thủ tục thu hồi Chứng chỉ hành nghề dược,40,9,0,0,0,0,0,0,0,0,0,0,0,0,0,0,0,0,0,0,0,0,0,PROCEDURE
672,54780,Kiểm toán viên là ai?,21,5,0,0,0,0,0,0,0,0,0,0,0,0,0,0,0,0,0,0,0,0,0,GENERAL_SEMANTIC
673,24448,Cơ quan nào có thẩm quyền cấp chứng chỉ hành nghề dịch vụ hỗ trợ ứng dụng năng lượng nguyên tử?,95,21,0,0,0,0,0,0,0,0,0,0,0,0,0,0,0,0,0,0,0,0,1,PROCEDURE
674,140826,Trường hợp cá nhân có hàng vi giả mạo chứng từ ngân hàng để chiếm đoạt tài sản thì có thực hiện nhận dạng rủi ro hoạt động không?,129,29,0,0,0,0,0,0,0,0,0,0,0,0,0,0,0,0,0,0,0,0,1,GENERAL_SEMANTIC
675,157938,Người nào phải nộp thuế thu nhập cá nhân?,41,9,0,0,0,0,0,0,0,0,0,0,0,0,0,0,0,0,0,0,0,0,1,PROCEDURE
676,33446,Chi phí hoạt động dịch vụ của Ngân hàng Hợp tác xã Việt Nam bao gồm những khoản chi nào?,88,20,0,0,0,0,0,0,0,0,0,0,0,0,0,0,0,0,0,0,0,0,0,GENERAL_SEMANTIC
677,49650,"Kích thước của cờ hiệu hải quan được trang bị trên xe ô tô kiểm tra, kiểm soát, giám sát hải quan như thế nào?",110,25,0,0,0,0,0,0,0,0,0,0,0,0,0,0,0,0,0,0,0,0,0,GENERAL_SEMANTIC
678,118618,Thời hạn công chứng tại các Văn phòng công chứng hiện nay là bao nhiêu?,71,15,0,0,0,0,0,0,0,0,0,0,0,0,0,0,0,0,0,0,0,0,0,NUMERICAL_THRESHOLD
679,156784,Giấy chứng nhận cơ sở đủ điều kiện an toàn thực phẩm sẽ được kiểm tra như thế nào?,82,19,0,0,0,0,0,0,0,0,0,0,0,0,0,0,0,0,0,0,0,0,0,CONDITION
680,45630,Đơn vị sự nghiệp công lập nhận chuyển nhượng có thời hạn quyền khai thác tài sản kết cấu hạ tầng cấp nước sạch thì sẽ có nghĩa vụ gì cần thực hiện?,147,33,0,0,0,0,0,0,0,0,0,0,0,0,0,0,0,0,0,0,0,0,0,PROCEDURE
681,110952,"Cách xác định quỹ tiền lương, thù lao, tiền thưởng đối với quỹ đổi mới công nghệ quốc gia từ ngày 15/8/2022?",108,24,0,0,0,0,0,0,0,0,0,0,0,0,0,0,0,1,0,0,0,1,0,GENERAL_SEMANTIC
682,21154,Chế độ làm việc của Hội đồng thẩm định Nhà nước Dự án đầu tư xây dựng công trình thủy điện Lai Châu như thế nào?,112,26,0,0,0,0,0,0,0,0,0,0,0,0,0,0,0,0,0,0,0,0,0,GENERAL_SEMANTIC
683,137312,"Trẻ em dưới 6 tuổi bị tim bẩm sinh phức tạp (đảo gốc động mạch), mổ hở sửa toàn bộ thì Hội đồng xác định mức độ khuyết tật từ chối đánh giá mức độ khuyết tật có đúng không?",172,40,0,0,0,0,0,0,0,0,0,0,0,0,0,0,0,0,0,0,0,1,0,NUMERICAL_THRESHOLD
684,65600,Người đăng ký dự tuyển công chức nộp Phiếu đăng ký dự tuyển tại đâu?,68,15,0,0,0,0,0,0,0,0,0,0,0,0,0,0,0,0,0,0,0,0,0,PROCEDURE
685,125238,Người có từ 02 quốc tịch có được đăng ký dự tuyển công chức nhà nước hay không theo quy định hiện nay?,102,23,0,0,0,0,0,0,0,0,0,0,0,0,0,0,0,0,0,1,0,1,0,PROCEDURE
686,89838,Chủ hộ kinh doanh có phải thực hiện các nghĩa vụ về thuế không?,63,14,0,0,0,0,0,0,0,0,0,0,0,0,0,0,0,0,0,0,0,0,1,GENERAL_SEMANTIC
687,44538,"Viên chức giữ chức danh kiểm nghiệm viên chăn nuôi hạng 3 phải đáp ứng những tiêu chuẩn nào về năng lực chuyên môn, nghiệp vụ?",126,26,0,0,0,0,0,0,0,0,0,0,0,0,0,0,0,0,0,0,0,1,0,CONDITION
688,111334,"Quy định về đổi mới mô hình tổ chức cơ sở đảng ở cơ quan đảng, nhà nước như thế nào?",84,21,0,0,0,0,0,0,0,0,0,0,0,0,0,0,0,0,0,0,0,0,1,GENERAL_SEMANTIC
689,151134,"Tổ chức, cá nhân được cấp giấy phép hoạt động của phương tiện thủy nội địa thô sơ trong phạm vi bảo vệ công trình thủy lợi có những quyền và nghĩa vụ gì?",153,34,0,0,0,0,0,0,0,0,0,0,0,0,0,0,0,0,0,0,0,0,1,PROCEDURE
690,69612,Sử dụng căn hộ chung cư vào mục đích không phải để ở có bị xử phạt không?,73,18,0,0,0,0,0,0,0,0,0,0,0,0,0,0,0,0,0,0,0,0,0,SANCTION
691,117020,Tòa án có thể quyết định áp dụng các biện pháp tư pháp nào đối với pháp nhân thương mại phạm tội?,97,22,0,0,0,0,0,0,0,0,0,1,0,0,0,0,0,0,0,0,1,0,0,GENERAL_SEMANTIC
692,165094,Độ phát triển và trạng thái của vải quả tươi phải đảm bảo những yêu cầu gì?,75,17,0,0,0,0,0,0,0,0,0,0,0,0,0,0,0,0,0,0,0,0,0,CONDITION
693,91448,Việc xếp lương và trả lương đối với công chức cấp trung ương loại B cần đáp ứng những nguyên tắc gì?,100,22,0,0,0,0,0,0,0,0,0,0,0,0,0,0,0,0,0,0,0,0,0,PROCEDURE
694,146666,Viên chức có được cấp hộ chiếu công vụ không?,45,10,0,0,0,0,0,0,0,0,0,0,0,0,0,0,0,0,0,0,0,0,0,PROCEDURE
695,19602,Người không trúng tuyển trong kỳ xét tuyển công chức vào làm việc trong các đơn vị thuộc Thanh tra Chính phủ có được bảo lưu kết quả không?,139,29,0,0,0,0,0,0,0,0,0,0,0,0,0,0,0,0,0,0,0,0,0,CONDITION
696,143998,Có bắt buộc thực hiện đăng ký phương thức vận hành hệ thống điện ngày hay không?,80,17,0,0,0,0,0,0,0,0,0,0,0,0,0,0,0,0,0,0,0,0,0,PROCEDURE
697,29434,Có thể làm thành viên của Hội đồng quản trị trong cùng một công ty cổ phần hai nhiệm kỳ liên tục hay không?,107,24,0,0,0,0,0,0,0,0,0,0,0,0,0,0,0,0,0,0,0,0,1,GENERAL_SEMANTIC
698,142154,Không báo cáo kết quả hoạt động của tổ chức khảo nghiệm phân bón bị phạt tối đa bao nhiêu tiền?,95,21,0,0,0,0,0,0,0,0,0,0,0,0,0,0,0,0,0,0,0,0,1,SANCTION
699,21830,Nguyên tắc chung về chế độ tài sản của vợ chồng theo quy định pháp luật,71,16,0,0,0,0,0,1,0,0,0,0,0,0,0,0,0,0,0,1,1,0,0,CROSS_REFERENCE
700,20870,Thủ tục bổ nhiệm Thừa phát lại theo quy định mới nhất hiện nay được thực hiện như thế nào?,90,20,0,0,0,0,0,0,0,0,0,0,0,0,0,0,0,0,1,1,0,0,0,PROCEDURE
701,82024,Hệ thống định mức xây dựng bao gồm những gì?,44,10,0,0,0,0,0,0,0,0,0,0,0,0,0,0,0,0,0,0,0,0,0,NUMERICAL_THRESHOLD
702,139016,"Những Thông tư, Nghị định nào hướng dẫn Luật Cạnh tranh 2018?",61,12,0,0,0,0,0,1,0,1,1,0,0,0,0,0,0,1,0,0,3,1,0,GENERAL_SEMANTIC
703,7254,Việc đánh giá hàng hóa đóng gói sẵn có đáp ứng đủ điều kiện quy định hay không sẽ do cơ quan nào thực hiện?,107,25,0,0,0,0,0,0,0,0,0,0,0,0,0,0,0,0,0,0,0,0,1,CONDITION
704,58248,Cho vay tiêu dùng là gì?,24,6,0,0,0,0,0,0,0,0,0,0,0,0,0,0,0,0,0,0,0,0,0,DEFINITION
705,56510,Trường hợp nào CSGT được xử phạt lỗi xe không chính chủ?,56,12,0,0,0,0,0,0,0,0,0,0,0,0,0,0,0,0,0,0,0,0,0,SANCTION
706,109096,Ban bố tình trạng khẩn cấp khi có dịch bệnh truyền nhiễm bao gồm những nội dung nào?,84,18,0,0,0,0,0,0,0,0,0,0,0,0,0,0,0,0,0,0,0,0,0,PROCEDURE
707,86810,Chủ tịch Hội đồng thành viên Tập đoàn Công nghiệp Than - Khoáng sản Việt Nam bị miễn nhiệm trong những trường hợp nào?,118,23,0,0,0,0,0,0,0,0,0,0,0,0,0,0,0,0,0,0,0,0,0,ELIGIBILITY
708,65712,"Thẩm quyền cấp, thu hồi chứng chỉ năng lực hoạt động xây dựng ra sao?",69,15,0,0,0,0,0,0,0,0,0,0,0,0,0,0,0,0,0,0,0,0,0,PROCEDURE
709,32656,Tổng giám đốc EVN có quyền quyết định các dự án đầu tư mua bán tài sản của EVN không?,85,20,0,0,0,0,0,0,0,0,0,1,0,0,0,0,0,0,0,0,1,0,0,GENERAL_SEMANTIC
710,160736,"Hồ sơ trình phê duyệt kết quả điều tra, đánh giá đất đai bao gồm những gì?",74,17,0,0,0,0,0,0,0,0,0,0,0,0,0,0,0,0,0,0,0,0,0,PROCEDURE
711,68984,"Đại lý, cửa hàng kinh doanh ô tô, xe máy xuất hóa đơn thấp hơn giá bán bị xử phạt hành chính như thế nào?",105,25,0,0,0,0,0,0,0,0,0,0,0,0,0,0,0,0,0,0,0,0,0,SANCTION
712,162134,Nội dung thẩm định chương trình đầu tư công được quy định như thế nào?,70,15,0,0,0,0,0,0,0,0,0,0,0,0,0,0,0,0,0,0,0,0,0,GENERAL_SEMANTIC
713,39300,Hội đồng nghiệm thu đề tài nghiên cứu khoa học cấp ngành thuế có bao nhiêu thành viên?,86,18,0,0,0,0,0,0,0,0,0,0,0,0,0,0,0,0,0,0,0,0,0,PROCEDURE
714,46794,Cơ quan nào có quyền xếp loại công chức cấp trung ương?,55,12,0,0,0,0,0,0,0,0,0,0,0,0,0,0,0,0,0,0,0,0,1,PROCEDURE
715,37188,Ban vì sự tiến bộ của phụ nữ Ủy ban Dân tộc có được phép sử dụng con dấu không?,79,20,0,0,0,0,0,0,0,0,0,0,0,0,0,0,0,0,0,0,0,0,1,CONDITION
716,29838,Những trường hợp nào văn bản xác nhận đăng ký khoản vay nước ngoài của doanh nghiệp không được Chính phủ bảo lãnh sẽ chấm dứt hiệu lực?,135,28,0,0,0,0,0,0,0,0,0,0,0,0,0,0,0,0,0,0,0,0,1,PROCEDURE
717,153530,Khi tàu biển Việt Nam gặp nạn thì thuyền trưởng phải thực hiện các công việc gì?,80,17,0,0,0,0,0,0,0,0,0,0,0,0,0,0,0,0,0,0,0,0,0,GENERAL_SEMANTIC
718,76156,Điều kiện hưởng chế độ thai sản khi đóng bảo hiểm xã hội gián đoạn ở hai công ty được pháp luật quy định như thế nào?,117,27,0,0,0,0,0,1,0,0,0,0,0,0,0,0,0,0,0,0,1,0,1,CONDITION
719,85740,"Trình tự, thủ tục lựa chọn chủ đầu tư dự án xây dựng nhà ở thương mại",69,17,0,0,0,0,0,0,0,0,0,0,0,0,0,0,0,0,0,0,0,0,1,PROCEDURE
720,29298,Cơ quan đại diện chủ sở hữu có quyền hạn gì về việc thành lập doanh nghiệp do Nhà nước nắm giữ 100% vốn điều lệ?,112,26,0,0,0,0,0,0,0,0,0,0,0,0,0,0,0,0,0,0,0,1,1,GENERAL_SEMANTIC
721,16188,"Kế hoạch xác minh tài sản, thu nhập hằng năm tại cơ quan, tổ chức, đơn vị phải có những nội dung gì?",100,23,0,0,0,0,0,0,0,0,0,0,0,0,0,0,0,0,0,0,0,0,1,GENERAL_SEMANTIC
722,85736,Biết rõ nguồn gốc hàng hóa có được do phạm tội mà có mà vẫn thực hiện mua bán hành hóa thì có bị xử phạt hay không?,115,28,0,0,0,0,0,0,0,0,0,0,0,0,0,0,0,0,0,0,0,0,0,SANCTION
723,145816,Học sinh đánh nhau bị xử lý hình sự khi nào?,44,11,0,0,0,0,0,0,0,0,0,0,0,0,0,0,0,0,0,0,0,0,0,GENERAL_SEMANTIC
724,60004,Phẫu thuật chỉnh bàn chân khoèo chỉ định trong trường hợp nào?,62,12,0,0,0,0,0,0,0,0,0,0,0,0,0,0,0,0,0,0,0,0,0,ELIGIBILITY
725,79938,Ép buộc trẻ em sử dụng ma túy có thể bị truy cứu trách nhiệm hình sự với mức án tù chung thân không?,100,24,0,0,0,0,0,0,0,0,0,0,0,0,0,0,0,0,0,0,0,0,0,SANCTION
726,54762,Hội thao giáo dục quốc phòng và an ninh sẽ thi phần hiểu biết chung như thế nào?,80,18,0,0,0,0,0,0,0,0,0,0,0,0,0,0,0,0,0,0,0,0,0,GENERAL_SEMANTIC
727,70174,Người lao động có thời gian tham gia bảo hiểm xã hội bắt buộc mà tự tử có được hưởng trợ cấp mai táng không?,108,25,0,0,0,0,0,0,0,0,0,0,0,0,0,0,0,0,0,0,0,0,1,PROCEDURE
728,155568,Các hành vi bị nghiêm cấm trong chăn nuôi được quy định ra sao?,63,14,0,0,0,0,0,0,0,0,0,0,0,0,0,0,0,0,0,0,0,0,0,GENERAL_SEMANTIC
729,6296,Công chức được điều động trong nội bộ ngành Kiểm toán Nhà nước thì được hưởng những chế độ chính sách gì?,105,22,0,0,0,0,0,0,0,0,0,0,0,0,0,0,0,0,0,0,0,0,0,ELIGIBILITY
730,139380,"Danh tiếng, chất lượng, đặc tính của sản phẩm mang chỉ dẫn địa lý?",66,14,0,0,0,0,0,0,0,0,0,0,0,0,0,0,0,0,0,0,0,0,0,GENERAL_SEMANTIC
731,8936,Điều kiện để được đánh giá hoàn thành tốt kết quả giáo dục của học sinh tiểu học là gì?,87,20,0,0,0,0,0,0,0,0,0,0,0,0,0,0,0,0,0,0,0,0,0,CONDITION
732,76836,Văn bản yêu cầu giám định tư pháp trong tố tụng dân sự được quy định ra sao?,76,18,0,0,0,0,0,0,0,0,0,0,0,0,0,0,0,0,0,0,0,0,0,CONDITION
733,118642,"Khi thu thập tài liệu, lập hồ sơ đề nghị áp dụng biện pháp xử lý hành chính đưa vào cơ sở cai nghiện bắt buộc cần tuân theo những nguyên tắc gì?",144,33,0,0,0,0,0,0,0,0,0,0,0,0,0,0,0,0,0,1,0,0,0,PROCEDURE
734,135290,Thừa năm đóng bảo hiểm xã hội được tính như thế nào?,52,12,0,0,0,0,0,0,0,0,0,0,0,0,0,0,0,0,0,0,0,0,0,GENERAL_SEMANTIC
735,56888,"Lợi ích phương án cắt giảm, đơn giản hóa dịch vụ giám định sở hữu công nghiệp là gì?",84,19,0,0,0,0,0,0,0,0,0,0,0,0,0,0,0,0,0,0,0,0,0,DEFINITION
736,73542,"Đối tượng thực hiện báo cáo, cơ quan nhận báo cáo, thời hạn gửi báo cáo ra sao?",79,18,0,0,0,0,0,0,0,0,0,0,0,0,0,0,0,0,0,0,0,0,1,CONDITION
737,89808,Nội dung giám sát tổng thể đầu tư gồm những gì?,47,11,0,0,0,0,0,0,0,0,0,0,0,0,0,0,0,0,0,0,0,0,0,GENERAL_SEMANTIC
738,105072,Thủ tục khai báo hóa chất nhập khẩu được quy định như thế nào?,62,14,0,0,0,0,0,0,0,0,0,0,0,0,0,0,0,0,0,0,0,0,0,PROCEDURE
739,82546,Mức phụ cấp đối với người tham gia phẫu thuật chuyên khoa nội loại II là bao nhiêu?,83,18,0,0,0,0,0,0,0,0,0,0,0,0,0,0,0,0,0,0,0,0,0,PROCEDURE
740,32470,Đơn vị được phân công chủ trì hoạt động đối ngoại tiếp khách nước ngoài của Lãnh đạo Tổng Cục thì cần chuẩn bị nội dung gì?,123,27,0,0,0,0,0,0,0,0,0,0,0,0,0,0,0,0,0,0,0,0,0,GENERAL_SEMANTIC
741,148206,Đề xuất mở rộng phạm vi đánh thuế bảo vệ môi trường đối với hàng hóa khi sử dụng gây ô nhiễm môi trường?,104,24,0,0,0,0,0,0,0,0,0,0,0,0,0,0,0,0,0,0,0,0,0,GENERAL_SEMANTIC
742,42386,Việc chuyển đổi vị trí công tác định kỳ đối với nhân viên thủ kho thuộc Bộ Quốc phòng thực hiện như thế nào?,108,24,0,0,0,0,0,0,0,0,0,0,0,0,0,0,0,0,0,0,0,0,0,GENERAL_SEMANTIC
743,114346,Thẩm phán Tòa án nhân dân cấp huyện được áp dụng chế độ phụ cấp trách nhiệm theo nghề như thế nào?,98,22,0,0,0,0,0,0,0,0,0,0,0,0,0,0,0,0,0,1,0,0,0,PROCEDURE
744,148564,Hồ sơ đăng ký thay đổi nội dung biện pháp bảo đảm bằng tàu biển đã đăng ký được quy định như thế nào?,101,24,0,0,0,0,0,0,0,0,0,0,0,0,0,0,0,0,0,0,0,0,0,PROCEDURE
745,20750,Những trường hợp nào thì được từ chối tiếp công dân?,52,11,0,0,0,0,0,0,0,0,0,0,0,0,0,0,0,0,0,0,0,0,0,ELIGIBILITY
746,125516,Mức lương tối thiểu vùng 2023 đóng BHXH là bao nhiêu?,53,11,0,0,0,0,0,0,0,0,0,0,0,0,0,0,0,1,0,0,0,1,0,NUMERICAL_THRESHOLD
747,21854,Hợp nhất công ty có làm chấm dứt tồn tại của công ty bị hợp nhất không?,71,17,0,0,0,0,0,0,0,0,0,0,0,0,0,0,0,0,0,0,0,0,1,GENERAL_SEMANTIC
748,54338,Pháp luật giới hạn số lượng ngoại tệ khi đi nước ngoài như thế nào?,67,15,0,0,0,0,0,1,0,0,0,0,0,0,0,0,0,0,0,0,1,0,0,GENERAL_SEMANTIC
749,36548,Người đại diện theo pháp luật của doanh nghiệp có thể đăng ký hoạt động bán hàng đa cấp cho doanh nghiệp không?,111,23,0,0,0,0,0,1,0,0,0,0,0,0,0,0,0,0,0,1,1,0,1,PROCEDURE
750,1796,Thủ tục xét tặng danh hiệu Nghệ nhân Nhân dân trong lĩnh vực nghề thủ công mỹ nghệ ở Hội đồng cấp Nhà nước được thực hiện theo mấy bước?,136,30,0,0,0,0,0,0,0,0,0,0,0,0,0,0,0,0,0,1,0,0,0,PROCEDURE
751,104118,Canh tác là gì?,15,4,0,0,0,0,0,0,0,0,0,0,0,0,0,0,0,0,0,0,0,0,0,DEFINITION
752,138636,Ai có thẩm quyền bổ nhiệm lãnh đạo Viện Quy hoạch Thuỷ lợi miền Nam?,68,15,0,0,0,0,0,0,0,0,0,0,0,0,0,0,0,0,0,0,0,0,0,GENERAL_SEMANTIC
753,129454,Xóa đăng ký biện pháp bảo đảm được thực hiện trong trường hợp nào?,66,14,0,0,0,0,0,0,0,0,0,0,0,0,0,0,0,0,0,0,0,0,0,PROCEDURE
754,153012,"Nguyên tắc gửi tin nhắn, cuộc gọi quảng cáo được quy định như thế nào?",70,15,0,0,0,0,0,0,0,0,0,0,0,0,0,0,0,0,0,0,0,0,0,GENERAL_SEMANTIC
755,143472,Mẫu báo cáo kết quả thanh tra chuyên ngành về hải quan mới nhất hiện nay? Báo cáo kết quả thanh tra có những nội dung chủ yếu nào?,130,29,0,0,0,0,0,0,0,0,0,0,0,0,0,0,0,0,1,0,0,0,0,GENERAL_SEMANTIC
756,118444,Báo Khoa học và Phát triển là cơ quan ngôn luận trực thuộc Bộ Khoa học và Công nghệ hiện nay đúng không?,104,23,0,0,0,0,0,0,0,0,0,0,0,0,0,0,0,0,0,0,0,0,1,GENERAL_SEMANTIC
757,167262,Hồ sơ đề nghị cấp nhanh số lưu hành gồm những thành phần nào?,61,14,0,0,0,0,0,0,0,0,0,0,0,0,0,0,0,0,0,0,0,0,0,PROCEDURE
758,69284,Chất lượng của dưa hấu quả tươi hạng I được quy định như thế nào?,65,15,0,0,0,0,0,0,0,0,0,0,0,0,0,0,0,0,0,0,0,0,0,GENERAL_SEMANTIC
759,161334,Công dân khiếu nại Chánh văn phòng Ủy ban nhân dân tỉnh với hành chậm xử lý đơn quá thời hạn thì ai sẽ có thẩm quyền giải quyết?,128,29,0,0,0,0,0,0,0,0,0,0,0,0,0,0,0,0,0,0,0,0,1,PROCEDURE
760,78416,Khi thay đổi nhận dạng do thẩm mỹ thì viên chức quốc phòng có được cấp đổi Chứng minh viên chức quốc phòng không?,113,24,0,0,0,0,0,0,0,0,0,0,0,0,0,0,0,0,0,0,0,0,0,PROCEDURE
761,95890,Chương trình phát triển tài sản trí tuệ đến năm 2030 được thực hiện bao gồm những nội dung nào?,95,20,0,0,0,0,0,0,0,0,0,0,0,0,0,0,0,1,0,0,0,1,0,GENERAL_SEMANTIC
762,144444,"Đoàn người thực hiện quảng cáo, hội thảo, hội nghị, hội chợ, triển lãm, tổ chức sự kiện, vật thể quảng cáo phải tuân thủ các quy định nào?",138,29,0,0,0,0,0,0,0,0,0,0,0,0,0,0,0,0,0,0,0,0,1,GENERAL_SEMANTIC
763,132350,Kinh doanh dịch vụ lữ hành quốc tế thì có kinh doanh dịch vụ lữ hành nội địa được không?,88,20,0,0,0,0,0,0,0,0,0,0,0,0,0,0,0,0,0,0,0,0,0,GENERAL_SEMANTIC
764,163184,Người lập di chúc có được yêu cầu tổ chức hành nghề công chứng lưu giữ di chúc của mình hay không?,98,22,0,0,0,0,0,0,0,0,0,0,0,0,0,0,0,0,0,0,0,0,1,CONDITION
765,142588,Hội đồng tư vấn xác định nhiệm vụ khoa học cấp bộ của Bộ Tư pháp làm việc theo nguyên tắc nào?,94,22,0,0,0,0,0,0,0,0,0,0,0,0,0,0,0,0,0,1,0,0,0,PROCEDURE
766,92110,Nếu tra soát thông tin thanh toán trực tuyến mà thông tin tra soát trên hệ thống Cổng Dịch vụ công có sự chênh lệch thì phải xử lý trong bao lâu?,145,32,0,0,0,0,0,0,0,0,0,0,0,0,0,0,0,0,0,0,0,0,0,NUMERICAL_THRESHOLD
767,110430,Đăng ký mã số mã vạch của doanh nghiệp cần chuẩn bị giấy tờ gì?,63,15,0,0,0,0,0,0,0,0,0,0,0,0,0,0,0,0,0,0,0,0,1,PROCEDURE
768,3032,Thời hiệu xử phạt đối với nhà xuất bản không ban hành quy chế nội bộ về thẩm định nội dung xuất bản phẩm nhập khẩu là bao lâu?,126,29,0,0,0,0,0,0,0,0,0,0,0,0,0,0,0,0,0,0,0,0,0,SANCTION
769,164984,Khi có dự báo xảy ra sự cố thiên tai thì cơ quan nào có trách nhiệm tổ chức và duy trì hoạt động của cơ quan thường trực Phòng chống thiên tai?,143,33,0,0,0,0,0,0,0,0,0,0,0,0,0,0,0,0,0,0,0,0,1,GENERAL_SEMANTIC
770,99822,"Nguyên tắc tính hao mòn, trích khấu hao tài sản cố định được quy định như thế nào?",82,18,0,0,0,0,0,0,0,0,0,0,0,0,0,0,0,0,0,0,0,0,0,GENERAL_SEMANTIC
771,105440,Cách xếp lương giáo viên tiểu học năm 2023 như thế nào?,55,12,0,0,0,0,0,0,0,0,0,0,0,0,0,0,0,1,0,0,0,1,0,GENERAL_SEMANTIC
772,7502,Hội đồng thi tuyển Điều tra viên ở Viện kiểm sát nhân dân tối cao gồm những ai?,79,18,0,0,0,0,0,0,0,0,0,0,0,0,0,0,0,0,0,0,0,0,0,GENERAL_SEMANTIC
773,113824,Phí làm hộ chiếu hết bao nhiêu tiền?,36,8,0,0,0,0,0,0,0,0,0,0,0,0,0,0,0,0,0,0,0,0,0,NUMERICAL_THRESHOLD
774,28922,Chánh Văn phòng Bộ của Bộ Nội vụ được phép trả lại văn bản của các cơ quan gửi đến Bộ trong trường hợp nào?,107,25,0,0,0,0,0,0,0,0,0,0,0,0,0,0,0,0,0,0,0,0,1,CONDITION
775,69966,Điều kiện của người lái xe tham gia giao thông được quy định như thế nào?,73,16,0,0,0,0,0,0,0,0,0,0,0,0,0,0,0,0,0,0,0,0,0,CONDITION
776,78158,Nguồn kinh phí miễn giảm học phí được thực hiện như thế nào?,60,13,0,0,0,0,0,0,0,0,0,0,0,0,0,0,0,0,0,0,0,0,0,GENERAL_SEMANTIC
777,101542,Điều kiện tuyển dụng công chức cấp xã là gì?,44,10,0,0,0,0,0,0,0,0,0,0,0,0,0,0,0,0,0,0,0,0,0,PROCEDURE
778,160530,Ban Thường trực Ủy ban Mặt trận Tổ quốc Việt Nam cấp xã họp thường kỳ mỗi tháng bao nhiêu lần?,94,21,0,0,0,0,0,0,0,0,0,0,0,0,0,0,0,0,0,0,0,0,1,PROCEDURE
779,106156,Hồ sơ đề nghị cấp bảo lãnh để vay vốn gửi Quỹ Đổi mới công nghệ quốc gia cần những gì?,86,21,0,0,0,0,0,0,0,0,0,0,0,0,0,0,0,0,0,0,0,0,0,PROCEDURE
780,17672,Tài nguyên nước được quy hoạch tổng thể như thế nào?,52,11,0,0,0,0,0,0,0,0,0,0,0,0,0,0,0,0,0,0,0,0,0,GENERAL_SEMANTIC
781,78060,Thuyết minh tài chính của đơn vị Ngân hàng Nhà nước Việt Nam được lập dựa trên những cơ sở nào?,95,21,0,0,0,0,0,0,0,0,0,0,0,0,0,0,0,0,0,0,0,0,0,GENERAL_SEMANTIC
782,129124,Mức phụ cấp ưu đãi nghề nghiệp được hưởng đối với người chỉ huy dàn nhạc giao hưởng nhạc vũ kịch là bao nhiêu?,110,24,0,0,0,0,0,0,0,0,0,0,0,0,0,0,0,0,0,0,0,0,0,PROCEDURE
783,53142,Website thương mại điện tử tự gắn nhãn “ Đã thông báo” nhưng không thực hiện thủ tục thông báo có bị xử phạt không?,115,24,0,0,0,0,0,0,0,0,0,0,0,0,0,0,0,0,0,0,0,0,0,SANCTION
784,121782,Có đóng bảo hiểm xã hội đối với khoản tiền thưởng kết quả kinh doanh đạt doanh số cho người lao động hay không?,111,24,0,0,0,0,0,0,0,0,0,0,0,0,0,0,0,0,0,0,0,0,1,GENERAL_SEMANTIC
785,78176,Thời gian sử dụng của một tài sản cố định vô hình được quy định ra sao?,71,17,0,0,0,0,0,0,0,0,0,0,0,0,0,0,0,0,0,0,0,0,0,GENERAL_SEMANTIC
786,7672,Việc công khai tài chính đối với các nguồn thu của Quỹ xã hội từ thiện Tấm lòng vàng được quy định thế nào?,107,24,0,0,0,0,0,0,0,0,0,0,0,0,0,0,0,0,0,0,0,0,0,GENERAL_SEMANTIC
787,139810,Quy định về rèn luyện trong kì nghỉ hè dành cho học sinh lớp 10 năm 2023 là gì?,79,19,0,0,0,0,0,0,0,0,0,0,0,0,0,0,0,1,0,0,0,1,0,DEFINITION
788,79272,Tổ chức đăng ký tuyển sinh và xét tuyển sớm,43,10,0,0,0,0,0,0,0,0,0,0,0,0,0,0,0,0,0,0,0,0,1,PROCEDURE
789,72216,Tiền đặt trước và xử lý tiền đặt trước trong đấu giá quy định ra sao?,69,16,0,0,0,0,0,0,0,0,0,0,0,0,0,0,0,0,0,0,0,0,0,GENERAL_SEMANTIC
790,79824,Người học ngành kỹ thuật xây dựng trình độ trung cấp sau khi tốt nghiệp có thể làm những công việc nào?,103,22,0,0,0,0,0,0,0,0,0,0,0,0,0,0,0,0,0,0,0,0,0,PROCEDURE
791,34762,Trên trang trong của báo chí có các nội dung phải ghi nào?,58,13,0,0,0,0,0,0,0,0,0,0,0,0,0,0,0,0,0,0,0,0,0,GENERAL_SEMANTIC
792,101392,Hội đồng lựa chọn dự án sản xuất phim có sử dụng ngân sách nhà nước được thành lập trong trường hợp nào?,104,23,0,0,0,0,0,0,0,0,0,0,0,0,0,0,0,0,0,0,0,0,0,ELIGIBILITY
793,87262,Quy định về quảng cáo mỹ phẩm,29,7,0,0,0,0,0,0,0,0,0,0,0,0,0,0,0,0,0,0,0,0,0,GENERAL_SEMANTIC
794,7296,Tiêu chuẩn và nhận biết tài sản cố định vô hình?,48,11,0,0,0,0,0,0,0,0,0,0,0,0,0,0,0,0,0,0,0,0,0,CONDITION
795,91298,Lễ chào cờ Tổ quốc là gì?,25,7,0,0,0,0,0,0,0,0,0,0,0,0,0,0,0,0,0,0,0,0,0,DEFINITION
796,18324,"Yêu cầu, điều kiện thực hiện thủ tục bổ nhiệm lại công chứng viên là gì?",72,16,0,0,0,0,0,0,0,0,0,0,0,0,0,0,0,0,0,0,0,0,0,PROCEDURE
797,165464,Tổ chức nào thực hiện đấu giá tài sản?,38,9,0,0,0,0,0,0,0,0,0,0,0,0,0,0,0,0,0,0,0,0,1,GENERAL_SEMANTIC
798,112680,Thế nào là xăng dầu và giá xăng dầu thế giới?,45,11,0,0,0,0,0,0,0,0,0,0,0,0,0,0,0,0,0,0,0,0,0,DEFINITION
799,101724,Cá nhân muốn vay vốn ngân hàng với mục đích đầu tư mua vàng thì có được ngân hàng cho vay không?,96,22,0,0,0,0,0,0,0,0,0,0,0,0,0,0,0,0,0,0,0,0,1,CONDITION
800,41286,Hành vi nào được xem là dấu hiệu đáng ngờ của lĩnh vực kinh doanh bảo hiểm nhân thọ trong phòng chống rửa tiền?,111,24,0,0,0,0,0,0,0,0,0,0,0,0,0,0,0,0,0,0,0,0,0,GENERAL_SEMANTIC
801,51294,Giám đốc Công an cấp tỉnh được quyền xử phạt người cản trở trẻ em bày tỏ nguyện vọng và tham gia vào các vấn đề về trẻ em không?,128,30,0,0,0,0,0,0,0,0,0,0,0,0,0,0,0,0,0,0,0,0,0,SANCTION
802,87630,Nhân viên vận hành hệ thống điện quốc gia phải báo cáo ngay cho Cấp điều độ có quyền điều khiển những thông tin gì khi máy cắt đường dây 500 kV nhảy sự cố?,155,35,0,0,0,0,0,0,0,0,0,0,0,0,0,0,0,0,0,0,0,1,0,PROCEDURE
803,71132,Để đăng ký thành lập quỹ thành viên thì cần phải đáp ứng những điều kiện nào?,77,17,0,0,0,0,0,0,0,0,0,0,0,0,0,0,0,0,0,0,0,0,0,PROCEDURE
804,146734,Cấp lại Giấy chứng nhận an toàn sinh học theo quy trình như thế nào?,68,15,0,0,0,0,0,0,0,0,0,0,0,0,0,0,0,0,0,1,0,0,0,PROCEDURE
805,114522,Việc chuyển vụ án để điều tra được thực hiện trong trường hợp nào?,66,14,0,0,0,0,0,0,0,0,0,0,0,0,0,0,0,0,0,0,0,0,0,ELIGIBILITY
806,154506,Giáo viên phải đảm nhiệm cộng tác viên thanh tra khi kiêm nhiệm cộng tác viên thanh tra giáo dục thì được giảm định mức tiết dạy là bao nhiêu?,142,30,0,0,0,0,0,0,0,0,0,0,0,0,0,0,0,0,0,0,0,0,0,NUMERICAL_THRESHOLD
807,135898,Đi đăng ký khai sinh cho con thì cần chuẩn bị những giấy tờ gì?,63,15,0,0,0,0,0,0,0,0,0,0,0,0,0,0,0,0,0,0,0,0,0,PROCEDURE
808,87734,Có bao nhiêu ngạch Thẩm phán theo quy định hiện nay?,52,11,0,0,0,0,0,0,0,0,0,0,0,0,0,0,0,0,0,1,0,0,0,NUMERICAL_THRESHOLD
809,136750,Độ tuổi được đứng tên trên Giấy chứng nhận quyền sử dụng đất được pháp luật quy định như thế nào?,97,21,0,0,0,0,0,1,0,0,0,0,0,0,0,0,0,0,0,0,1,0,0,GENERAL_SEMANTIC
810,140282,"Vốn nhà nước hỗ trợ xây dựng công trình, hệ thống cơ sở hạ tầng trong dự án PPP được bố trí từ các nguồn nào?",109,26,0,0,0,0,0,0,0,0,0,0,0,0,0,0,0,0,0,0,0,0,0,GENERAL_SEMANTIC
811,108774,Ai là người có trách nhiệm đi đăng ký khai sinh cho con?,56,13,0,0,0,0,0,0,0,0,0,0,0,0,0,0,0,0,0,0,0,0,0,PROCEDURE
812,23258,Đề xuất bổ sung quy định bảo vệ người tiêu dùng trên không gian mạng tại Luật Bảo vệ quyền lợi người tiêu dùng như thế nào?,123,27,0,0,0,0,0,1,0,0,0,0,0,0,0,0,0,0,1,0,1,0,0,GENERAL_SEMANTIC
813,95046,"Không nộp thuế thu nhập cá nhân, có thể bị xử phạt như thế nào?",63,15,0,0,0,0,0,0,0,0,0,0,0,0,0,0,0,0,0,0,0,0,1,SANCTION
814,100276,"Thủ tục thông báo, gửi thông tin, tài liệu liên quan đến người phạm tội như thế nào?",84,18,0,0,0,0,0,0,0,0,0,0,0,0,0,0,0,0,0,0,0,0,0,PROCEDURE
815,147040,Phạm vi giám sát trong Đảng của các tổ chức đảng được quy định thế nào?,71,16,0,0,0,0,0,0,0,0,0,0,0,0,0,0,0,0,0,0,0,0,1,GENERAL_SEMANTIC
816,74600,Thực hiện quản lý luồng không lưu sẽ có các giai đoạn nào?,58,13,0,0,0,0,0,0,0,0,0,0,0,0,0,0,0,0,0,0,0,0,0,GENERAL_SEMANTIC
817,11258,"Hồ sơ đề nghị cấp giấy phép sửa chữa, cải tạo nhà cần những giấy tờ gì?",71,17,0,0,0,0,0,0,0,0,0,0,0,0,0,0,0,0,0,0,0,0,0,PROCEDURE
818,3896,Chủ tịch Ủy ban nhân dân cấp huyện có quyền xử phạt doanh nghiệp cung cấp dịch vụ thư điện tử không báo cáo cơ quan có thẩm quyền về hệ thống lọc phần mềm độc hại không?,169,38,0,0,0,0,0,0,0,0,0,0,0,0,0,0,0,0,0,0,0,0,1,SANCTION
819,143102,Vợ có được nộp đơn ly hôn khi chồng bỏ nhà đi không có mặt ở địa phương không?,78,19,0,0,0,0,0,0,0,0,0,0,0,0,0,0,0,0,0,0,0,0,0,PROCEDURE
820,33522,Lãnh đạo cơ sở khám chữa bệnh có trách nhiệm thế nào để bảo đảm nguồn lực cho việc quản lý chất lượng xét nghiệm?,113,25,0,0,0,0,0,0,0,0,0,0,0,0,0,0,0,0,0,0,0,0,0,GENERAL_SEMANTIC
821,41324,Thanh toán tiền lãi trái phiếu Chính phủ bằng đồng Việt Nam vào thời gian nào?,78,16,0,0,0,0,0,0,0,0,0,0,0,0,0,0,0,0,0,0,0,0,0,GENERAL_SEMANTIC
822,103030,Mức lương cơ sở hiện nay là bao nhiêu?,38,9,0,0,0,0,0,0,0,0,0,0,0,0,0,0,0,0,0,0,0,0,0,NUMERICAL_THRESHOLD
823,41244,Người học ngành công nghệ chế biến chè trình độ trung cấp muốn tốt nghiệp phải hoàn thành tối thiểu bao nhiêu tín chỉ?,118,24,0,0,0,0,0,0,0,0,0,0,0,0,0,0,0,0,0,0,0,0,0,PROCEDURE
824,96102,Trường hợp vẫn trong độ tuổi nhập ngũ mà không tham gia nghĩa vụ quân sự có được xem là trốn tránh nghĩa vụ quân sự không?,122,27,0,0,0,0,0,0,0,0,0,0,0,0,0,0,0,0,0,0,0,0,0,CONDITION
825,39878,Trường phổ thông năng khiếu TDTT có phải xây dựng ký túc xá để hỗ trợ các học sinh có nhu cầu ở nội trú không?,110,26,0,0,0,0,0,0,0,0,0,0,0,0,0,0,0,0,0,0,0,0,0,GENERAL_SEMANTIC
826,87188,Thanh tra quốc phòng quân khu có phải tổng hợp báo cáo kết quả về công tác thanh tra thuộc phạm vi quản lý của quân khu không?,126,28,0,0,0,0,0,0,0,0,0,0,0,0,0,0,0,0,0,0,0,0,0,GENERAL_SEMANTIC
827,24840,Mẫu quyết định bổ sung Quyết định khởi tố bị can mới nhất hiện nay được quy định như thế nào?,93,21,0,0,0,0,0,0,0,0,0,1,0,0,0,0,0,0,1,0,1,0,0,GENERAL_SEMANTIC
828,71842,Doanh nghiệp nào có thẩm quyền thẩm định giá khởi điểm của tài sản bảo đảm cho khoản nợ xấu?,92,20,0,0,0,0,0,0,0,0,0,0,0,0,0,0,0,0,0,0,0,0,1,GENERAL_SEMANTIC
829,137736,Công chức nghệ thuật biểu diễn không được nhận phụ cấp ưu đãi nghề khi ngưng làm công tác biểu diễn nghệ thuật bao lâu?,119,25,0,0,0,0,0,0,0,0,0,0,0,0,0,0,0,0,0,0,0,0,0,PROCEDURE
830,24750,Trình độ chuyên môn của cán bộ tư pháp hộ tịch ở UBND cấp xã phải đáp ứng yêu cầu gì?,85,21,0,0,0,0,0,0,0,0,0,0,0,0,0,0,0,0,0,0,0,0,0,PROCEDURE
831,21742,Yêu cầu chung đối với chức danh âm thanh viên là gì?,52,12,0,0,0,0,0,0,0,0,0,0,0,0,0,0,0,0,0,0,0,0,0,CONDITION
832,55766,Điều kiện để được dự tuyển thi viên chức kế toán trường học là gì?,66,15,0,0,0,0,0,0,0,0,0,0,0,0,0,0,0,0,0,0,0,0,0,CONDITION
833,80236,"Các doanh nghiệp nhỏ và vừa nào trong cụm liên kết ngành thuộc lĩnh vực sản xuất, chế biến được lựa chọn hỗ trợ?",112,24,0,0,0,0,0,0,0,0,0,0,0,0,0,0,0,0,0,0,0,0,1,GENERAL_SEMANTIC
834,77310,"Tổ chức được giao quản lý, khai thác, sử dụng tài nguyên nước có trách nhiệm gì trong việc thực hành tiết kiệm, chống lãng phí?",127,26,0,0,0,0,0,0,0,0,0,0,0,0,0,0,0,0,0,0,0,0,1,GENERAL_SEMANTIC
835,24906,Cho phép cơ sở y tế sử dụng trang thiết bị y tế được tặng cho có đúng không?,76,19,0,0,0,0,0,0,0,0,0,0,0,0,0,0,0,0,0,0,0,0,0,GENERAL_SEMANTIC
836,36792,Viện kiểm sát tham gia phiên tòa tái thẩm xem xét kháng nghị của Chánh án Tòa án thì hồ sơ kiểm sát được lập có mấy tập tài liệu?,129,30,0,0,0,0,0,0,0,0,0,0,0,0,0,0,0,0,0,0,0,0,0,PROCEDURE
837,84832,"Quân nhân chuyên nghiệp, công nhân và viên chức quốc phòng có quyền, nghĩa vụ như thế nào?",90,18,0,0,0,0,0,0,0,0,0,0,0,0,0,0,0,0,0,0,0,0,0,GENERAL_SEMANTIC
838,118168,Video quảng cáo thuốc diệt ốc bươu vàng gây hại trên lúa nhưng không đưa ra những lưu ý khi sử dụng và bảo quản thuốc thì bị xử phạt như thế nào?,145,33,0,0,0,0,0,0,0,0,0,0,0,0,0,0,0,0,0,0,0,0,0,SANCTION
839,61454,Quy định về thủ tục thu hồi Chứng chỉ hành nghề dược,52,12,0,0,0,0,0,0,0,0,0,0,0,0,0,0,0,0,0,0,0,0,0,PROCEDURE
840,135430,Ngừng kinh doanh dịch vụ viễn thông khi chưa được Bộ Thông tin và Truyền thông chấp thuận thì doanh nghiệp bị xử phạt thế nào?,126,26,0,0,0,0,0,0,0,0,0,0,0,0,0,0,0,0,0,0,0,0,1,SANCTION
841,47998,Hội viên chính thức của Hội Y học lao động Việt Nam là ai?,58,14,0,0,0,0,0,0,0,0,0,0,0,0,0,0,0,0,0,0,0,0,0,GENERAL_SEMANTIC
842,107302,Ủy quyền chuyển nhượng quyền sử dụng đất được pháp luật quy định như thế nào?,77,16,0,0,0,0,0,1,0,0,0,0,0,0,0,0,0,0,0,0,1,0,0,GENERAL_SEMANTIC
843,80846,Ban quản lý khu bảo tồn biển nhà nước có quyền và trách nhiệm như thế nào?,74,17,0,0,0,0,0,0,0,0,0,0,0,0,0,0,0,0,0,0,0,0,0,GENERAL_SEMANTIC
844,16102,Ban Chỉ đạo thực hiện các dự án bôxit Tây Nguyên làm việc dựa theo nguyên tắc nào?,82,18,0,0,0,0,0,0,0,0,0,0,0,0,0,0,0,0,0,1,0,0,0,GENERAL_SEMANTIC
845,129716,Việc xác định mối quan hệ nhân quả giữa việc hàng hóa bị bán phá giá nhập khẩu vào Việt Nam với thiệt hại của ngành sản xuất trong nước được xác định như thế nào?,162,36,0,0,0,0,0,0,0,0,0,0,0,0,0,0,0,0,0,0,0,0,0,GENERAL_SEMANTIC
846,58448,Quy định về mẫu giấy đề nghị cấp lại giấy phép bưu chính như thế nào?,69,16,0,0,0,0,0,0,0,0,0,0,0,0,0,0,0,0,0,0,0,0,0,PROCEDURE
847,130282,"Người vận chuyển có trách nhiệm gì trong trường hợp một hành khách chết, bị thương?",83,16,0,0,0,0,0,0,0,0,0,0,0,0,0,0,0,0,0,0,0,0,0,GENERAL_SEMANTIC
848,136620,Chi thường xuyên không giao tự chủ và chi thực hiện nhiệm vụ khoa học và công nghệ tại đơn vị sự nghiệp công?,109,24,0,0,0,0,0,0,0,0,0,0,0,0,0,0,0,0,0,0,0,0,0,GENERAL_SEMANTIC
849,69294,Doanh nghiệp thuê kế toán trưởng không đáp ứng được các tiêu chuẩn quy định thì sẽ bị xử phạt vi phạm hành chính như thế nào?,125,27,0,0,0,0,0,0,0,0,0,0,0,0,0,0,0,0,0,0,0,0,1,SANCTION
850,9894,Đầu tư thành lập tổ chức kinh tế,32,8,0,0,0,0,0,0,0,0,0,0,0,0,0,0,0,0,0,0,0,0,1,GENERAL_SEMANTIC
851,149374,Trường hợp nào không áp dụng diện tích tối thiểu của thửa đất mới hình thành?,77,16,0,0,0,0,0,0,0,0,0,0,0,0,0,0,0,0,0,0,0,0,0,NUMERICAL_THRESHOLD
852,54268,Xe ô tô lắp 2 biển dài có bị xử lý phạt tiền không?,51,14,0,0,0,0,0,0,0,0,0,0,0,0,0,0,0,0,0,0,0,1,0,SANCTION
853,124252,Hợp tác xã bị sáp nhập chấm dứt tồn tại kể từ thời điểm nào?,60,15,0,0,0,0,0,0,0,0,0,0,0,0,0,0,0,0,0,0,0,0,0,GENERAL_SEMANTIC
854,59176,Thủ tục xin cấp phiếu lý lịch tư pháp số 2 hiện nay được quy định như thế nào? Có thể ủy quyền cho người khác làm thủ tục không?,128,30,0,0,0,0,0,0,0,0,0,0,0,0,0,0,0,0,0,0,0,1,0,PROCEDURE
855,153362,Tổ chức tài chính vi mô nộp báo cáo tài chính năm ở đâu?,56,14,0,0,0,0,0,0,0,0,0,0,0,0,0,0,0,0,0,0,0,0,1,PROCEDURE
856,110838,"Người học ngành công nghệ kỹ thuật môi trường trình độ cao đẳng phải có khả năng học tập, nâng cao trình độ như thế nào?",120,26,0,0,0,0,0,0,0,0,0,0,0,0,0,0,0,0,0,0,0,0,0,GENERAL_SEMANTIC
857,23924,Nguyên tắc làm việc của Hội đồng xét tặng Giải thưởng Môi trường Việt Nam được quy định như thế nào?,100,21,0,0,0,0,0,0,0,0,0,0,0,0,0,0,0,0,0,0,0,0,0,GENERAL_SEMANTIC
858,165920,Thông báo mời thầu trên hệ thống lựa chọn nhà thầu qua mạng như thế nào?,72,16,0,0,0,0,0,0,0,0,0,0,0,0,0,0,0,0,0,0,0,0,1,GENERAL_SEMANTIC
859,22928,Cán bộ công chức ngành y tế vì lý do sức khỏe có được từ chức không?,68,17,0,0,0,0,0,0,0,0,0,0,0,0,0,0,0,0,0,0,0,0,0,CONDITION
860,136388,Quản lý và sử dụng học phí được thực hiện ra sao?,49,12,0,0,0,0,0,0,0,0,0,0,0,0,0,0,0,0,0,0,0,0,0,GENERAL_SEMANTIC
861,15468,Hồ sơ khai quyết toán thuế TNDN đối với hãng vận tải nước ngoài gồm những gì?,77,17,0,0,0,0,0,0,0,0,0,0,0,0,0,0,0,0,0,0,0,0,0,PROCEDURE
862,56104,Những đối tượng phải quyết toán thuế thu nhập cá nhân?,54,11,0,0,0,0,0,0,0,0,0,0,0,0,0,0,0,0,0,0,0,0,1,CONDITION
863,80112,Thẻ bảo hiểm y tế được quy định như thế nào?,44,11,0,0,0,0,0,0,0,0,0,0,0,0,0,0,0,0,0,0,0,0,0,GENERAL_SEMANTIC
864,22346,Giá đất phi nông nghiệp khác và giá đất chưa sử dụng trên địa bàn TP Hà Nội được xác định ra sao?,97,23,0,0,0,0,0,0,0,0,0,0,0,0,0,0,0,0,0,0,0,0,0,GENERAL_SEMANTIC
865,17742,Trang thiết bị y tế trên tàu biển được phân loại như thế nào?,61,14,0,0,0,0,0,0,0,0,0,0,0,0,0,0,0,0,0,0,0,0,0,GENERAL_SEMANTIC
866,47172,Phồng và giả phồng động mạch chi là gì?,39,9,0,0,0,0,0,0,0,0,0,0,0,0,0,0,0,0,0,0,0,0,0,DEFINITION
867,141506,Trình tự và thủ tục đăng ký tham gia Giải thưởng xuất khẩu của Thủ tướng Chính phủ được thực hiện thế nào?,106,23,0,0,0,0,0,0,0,0,0,0,0,0,0,0,0,0,0,0,0,0,0,PROCEDURE
868,73140,Hồ sơ đăng ký thành viên giao dịch đặc biệt đối với ngân hàng thương mại gồm những giấy tờ gì?,94,21,0,0,0,0,0,0,0,0,0,0,0,0,0,0,0,0,0,0,0,0,0,PROCEDURE
869,119752,Văn bản báo cáo của Ban Tài chính thuộc Liên đoàn lao động cấp tỉnh có cần phải đóng dấu hay không?,99,22,0,0,0,0,0,0,0,0,0,0,0,0,0,0,0,0,0,0,0,0,0,PROCEDURE
870,85188,Thuế giá trị gia tăng,21,5,0,0,0,0,0,0,0,0,0,0,0,0,0,0,0,0,0,0,0,0,0,GENERAL_SEMANTIC
871,155176,"Mẫu Văn bản đề nghị chia, tách, sáp nhập trường cao đẳng công lập được thực hiện như thế nào theo quy định hiện nay?",116,25,0,0,0,0,0,0,0,0,0,0,0,0,0,0,0,0,0,1,0,0,0,GENERAL_SEMANTIC
872,33296,Việc tổ chức lễ hội được thực hiện theo nguyên tắc nào?,55,12,0,0,0,0,0,0,0,0,0,0,0,0,0,0,0,0,0,1,0,0,1,GENERAL_SEMANTIC
873,99788,Quy định điều kiện về thời gian công chức dự thi nâng ngạch kiểm tra viên thuế?,79,17,0,0,0,0,0,0,0,0,0,0,0,0,0,0,0,0,0,0,0,0,0,CONDITION
874,5740,"Ứng phó, khắc phục sự cố môi trường nước lưu vực sông được quy định thế nào?",76,17,0,0,0,0,0,0,0,0,0,0,0,0,0,0,0,0,0,0,0,0,0,GENERAL_SEMANTIC
875,136680,Nhiệm vụ của Hội Công nghiệp bê tông Việt Nam là gì?,52,12,0,0,0,0,0,0,0,0,0,0,0,0,0,0,0,0,0,0,0,0,0,DEFINITION
876,153240,Phương tiện sát hạch thực hành lái tàu cấp giấy phép lái tàu trên đường sắt dùng riêng của doanh nghiệp cần đáp ứng những yêu cầu gì?,133,28,0,0,0,0,0,0,0,0,0,0,0,0,0,0,0,0,0,0,0,0,1,PROCEDURE
877,52356,Công ty phát sinh giao dịch liên kết thực hiện nghĩa vụ nộp thuế dựa trên nguyên tắc nào?,89,19,0,0,0,0,0,0,0,0,0,0,0,0,0,0,0,0,0,0,0,0,1,PROCEDURE
878,5272,Trưởng đoàn thanh tra chuyên ngành Bộ Tư pháp có quyền xử phạt người giám định tư pháp không thực hiện giám định theo đúng nội dung yêu cầu giám định không?,156,32,0,0,0,0,0,0,0,0,0,0,0,0,0,0,0,0,0,1,0,0,0,SANCTION
879,137908,Quỹ Phát triển khoa học và công nghệ Bộ Quốc phòng hoạt động dựa trên những nguồn vốn nào?,90,19,0,0,0,0,0,0,0,0,0,0,0,0,0,0,0,0,0,0,0,0,0,GENERAL_SEMANTIC
880,97790,Vai trò của nông nghiệp trong sự phát triển của Quốc gia là gì?,63,14,0,0,0,0,0,0,0,0,0,0,0,0,0,0,0,0,0,0,0,0,0,DEFINITION
881,8076,Người học ngành thanh nhạc trình độ trung cấp sau khi tốt nghiệp phải đạt được những kỹ năng nào?,97,20,0,0,0,0,0,0,0,0,0,0,0,0,0,0,0,0,0,0,0,0,0,PROCEDURE
882,76300,Bao nhiêu tuổi thì được gọi là người cao tuổi để được nghi hưu?,63,14,0,0,0,0,0,0,0,0,0,0,0,0,0,0,0,0,0,0,0,0,0,NUMERICAL_THRESHOLD
883,43400,Quy trình nhập điểm bài thi tự luận của kỳ thi tốt nghiệp THPT được thực hiện theo mấy bước?,92,20,0,0,0,0,0,0,0,0,0,0,0,0,0,0,0,0,0,1,0,0,0,GENERAL_SEMANTIC
884,122748,Yêu cầu để được đăng ký dự thi nâng ngạch từ Thanh tra viên lên Thanh tra viên chính là gì?,91,21,0,0,0,0,0,0,0,0,0,0,0,0,0,0,0,0,0,0,0,0,0,PROCEDURE
885,11620,Đơn yêu cầu áp dụng biện pháp khẩn cấp tạm thời của Hội đồng trọng tài bao gồm những nội dung cơ bản nào?,105,24,0,0,0,0,0,0,0,0,0,0,0,0,0,0,0,0,0,0,0,0,0,PROCEDURE
886,52218,"Có thể vừa khiếu nại quyết định hành chính, vừa khởi kiện vụ án hành chính được không?",86,18,0,0,0,0,0,0,0,0,0,1,0,0,0,0,0,0,0,0,1,0,0,GENERAL_SEMANTIC
887,82538,Ai có trách nhiệm thực hiện giám sát hỗ trợ người bệnh thực hiện chế độ dinh dưỡng hàng ngày?,93,20,0,0,0,0,0,0,0,0,0,0,0,0,0,0,0,0,0,0,0,0,0,GENERAL_SEMANTIC
888,27462,"Ứng dụng công nghệ số, chuyển đổi số để nâng cao năng lực sản xuất kinh doanh, xúc tiến thương mại và phát triển du lịch làng nghề?",131,28,0,0,0,0,0,0,0,0,0,0,0,0,0,0,0,0,0,0,0,0,0,GENERAL_SEMANTIC
889,165212,Cấu trúc giáo trình đào tạo của trường cao đẳng nghề được thiết kế như thế nào?,79,17,0,0,0,0,0,0,0,0,0,0,0,0,0,0,0,0,0,0,0,0,0,GENERAL_SEMANTIC
890,101496,Đơn vị đăng kiểm tiến hành kiểm tra phương tiện chuyển đổi tàu biển thành phương tiện thủy nội địa để cấp Giấy chứng nhận an toàn kỹ thuật và bảo vệ môi trường trong thời gian bao lâu?,184,39,0,0,0,0,0,0,0,0,0,0,0,0,0,0,0,0,0,0,0,0,0,PROCEDURE
891,40410,Nguyên tắc công bố thông tin là gì?,35,8,0,0,0,0,0,0,0,0,0,0,0,0,0,0,0,0,0,0,0,0,0,DEFINITION
892,97972,Chi Hội cơ sở Hội Tuyển khoáng Việt Nam có nhiệm vụ như thế nào?,64,15,0,0,0,0,0,0,0,0,0,0,0,0,0,0,0,0,0,0,0,0,0,GENERAL_SEMANTIC
893,110134,Doanh nghiệp tư nhân được quy định như thế nào?,47,10,0,0,0,0,0,0,0,0,0,0,0,0,0,0,0,0,0,0,0,0,1,GENERAL_SEMANTIC
894,84512,Thời gian biệt tích từ bao lâu trở lên thì tòa án mới tuyên bố một người mất tích?,82,19,0,0,0,0,0,0,0,0,0,0,0,0,0,0,0,0,0,0,0,0,0,NUMERICAL_THRESHOLD
895,84184,Quỹ tín dụng nhân dân muốn giảm vốn điều lệ thì phải cần được chấp thuận đúng không?,84,18,0,0,0,0,0,0,0,0,0,0,0,0,0,0,0,0,0,0,0,0,0,GENERAL_SEMANTIC
896,24140,Phương tiện nổi của phương pháp khoan tay trong công trình thủy lợi cần đáp ứng những yêu cầu gì?,97,20,0,0,0,0,0,0,0,0,0,0,0,0,0,0,0,0,0,0,0,0,0,CONDITION
897,31890,"Viên chức công nghệ thông tin hạng 2 ngành công nghệ thông tin, an toàn thông tin phải có chuyên môn nghiệp vụ như thế nào?",123,26,0,0,0,0,0,0,0,0,0,0,0,0,0,0,0,0,0,0,0,1,0,GENERAL_SEMANTIC
898,93166,Quy định về giải pháp phòng chống lũ thì các bãi sông tại sông Hồng và sông Thái Bình được nghiên cứu xây dựng như thế nào?,123,27,0,0,0,0,0,0,0,0,0,0,0,0,0,0,0,0,0,0,0,0,0,GENERAL_SEMANTIC
899,103502,Thời hạn nộp lệ phí môn bài theo quy định của pháp luật là khi nào?,67,16,0,0,0,0,0,1,0,0,0,0,0,0,0,0,0,0,0,1,1,0,0,PROCEDURE
900,95090,Xử lý dữ liệu cá nhân trong trường hợp không có sự đồng ý của chủ thể dữ liệu,77,19,0,0,0,0,0,0,0,0,0,0,0,0,0,0,0,0,0,0,0,0,1,GENERAL_SEMANTIC
901,42430,Người bào chữa gặp người bị buộc tội trong vụ án hình sự thì cần phải mang theo những giấy tờ gì?,97,22,0,0,0,0,0,0,0,0,0,0,0,0,0,0,0,0,0,1,0,0,0,GENERAL_SEMANTIC
902,140758,Sân tập lái của cơ sở đào tạo lái xe phải đáp ứng những điều kiện gì?,69,17,0,0,0,0,0,0,0,0,0,0,0,0,0,0,0,0,0,0,0,0,0,CONDITION
903,141162,Được miễn thi phần lý thuyết thi bằng lái xe máy khi đã có bằng lái xe ô tô đúng không?,87,21,0,0,0,0,0,0,0,0,0,0,0,0,0,0,0,0,0,0,0,0,0,ELIGIBILITY
904,80190,Giới hạn độ tuổi bao nhiêu đối với thành viên Hội đồng quản lý đơn vị sự nghiệp công lập thuộc Bộ Xây dựng?,107,24,0,0,0,0,0,0,0,0,0,0,0,0,0,0,0,0,0,0,0,0,0,NUMERICAL_THRESHOLD
905,69798,Thủ tục cấp Giấy chứng nhận thẩm định thiết kế công trình biển theo Thông tư 33/2011/TT-BGTVT?,94,20,0,0,0,0,0,0,0,0,1,0,0,0,0,0,1,1,0,1,1,1,0,PROCEDURE
906,120920,Căn cứ giải quyết chế độ người có công giúp đỡ cách mạng bao gồm những gì?,74,17,0,0,0,0,0,0,0,0,0,0,0,0,0,0,0,0,0,1,0,0,0,PROCEDURE
907,57890,Sở thông tin và Truyền thông là cơ quan chuyên môn thuộc Ủy ban nhân dân cấp nào?,81,18,0,0,0,0,0,0,0,0,0,0,0,0,0,0,0,0,0,0,0,0,1,PROCEDURE
908,112242,Hội đồng tư vấn khối ngành giáo dục đại học có cơ cấu tổ chức như thế nào?,74,18,0,0,0,0,0,0,0,0,0,0,0,0,0,0,0,0,0,0,0,0,1,GENERAL_SEMANTIC
909,168282,Tiêu chí đánh giá việc thu hồi tài sản tham nhũng,49,11,0,0,0,0,0,0,0,0,0,0,0,0,0,0,0,0,0,0,0,0,0,GENERAL_SEMANTIC
910,12050,Mẫu Giấy chứng nhận vùng hoạt động hoa tiêu hàng hải theo quy định mới nhất hiện nay?,85,18,0,0,0,0,0,0,0,0,0,0,0,0,0,0,0,0,1,1,0,0,0,GENERAL_SEMANTIC
911,70314,"Công việc của Nhà xuất bản Sân khấu sẽ do cơ quan nào theo dõi, đánh giá?",73,17,0,0,0,0,0,0,0,0,0,0,0,0,0,0,0,0,0,1,0,0,1,GENERAL_SEMANTIC
912,116540,Thủ tục nộp tiền để bảo đảm thi hành án tại ngân hàng được quy định như thế nào?,80,19,0,0,0,0,0,0,0,0,0,0,0,0,0,0,0,0,0,0,0,0,0,PROCEDURE
913,33282,Giám đốc trong công ty trách nhiệm hữu hạn một thành viên được quy định như thế nào?,84,18,0,0,0,0,0,0,0,0,0,0,0,0,0,0,0,0,0,0,0,0,1,GENERAL_SEMANTIC
914,37168,Thời hạn hoạt động của dự án đầu tư có sử dụng đất để xây dựng khu đô thị là bao nhiêu năm?,91,23,0,0,0,0,0,0,0,0,0,0,0,0,0,0,0,0,0,0,0,0,0,NUMERICAL_THRESHOLD
915,47224,Hồ sơ đề nghị giải thể cơ sở đào tạo tôn giáo theo quyết định của tổ chức tôn giáo gồm những gì?,96,23,0,0,0,0,0,0,0,0,0,1,0,0,0,0,0,0,0,1,1,0,1,PROCEDURE
916,130568,Không thể thực hiện ủy thác cho vay đối với ngân hàng thương mại trong trường hợp nào?,86,18,0,0,0,0,0,0,0,0,0,0,0,0,0,0,0,0,0,0,0,0,0,ELIGIBILITY
917,77222,Tập thể tham gia phòng chống bạo lực gia đình có được khen thưởng bằng hình thức tặng bằng khen hay không?,106,22,0,0,0,0,0,0,0,0,0,0,0,0,0,0,0,0,0,0,0,0,0,CONDITION
918,131194,"Có được ngăn cản quyền thăm nom, chăm sóc con sau ly hôn?",57,13,0,0,0,0,0,0,0,0,0,0,0,0,0,0,0,0,0,0,0,0,0,CONDITION
919,108146,An toàn Cơ sở dữ liệu về vũ khí và vật liệu nổ được bảo đảm như thế nào?,72,19,0,0,0,0,0,0,0,0,0,0,0,0,0,0,0,0,0,0,0,0,0,GENERAL_SEMANTIC
920,99348,"Thời giờ làm việc trong điều kiện có yếu tố nguy hiểm, yếu tố có hại được quy định như thế nào?",95,22,0,0,0,0,0,0,0,0,0,0,0,0,0,0,0,0,0,0,0,0,0,CONDITION
921,73406,Thành phần hồ sơ thực hiện thủ tục cử công chức viên chức ngành NN&PTNT đi đào tạo sau đại học trong nước và nước ngoài gồm những gì?,133,30,0,0,0,0,0,0,0,0,0,0,0,0,0,0,0,0,0,0,0,0,0,PROCEDURE
922,43568,Chuyên viên cao cấp về hỗ trợ và giám sát khai thác bay phải thực hiện những công việc nào?,91,20,0,0,0,0,0,0,0,0,0,0,0,0,0,0,0,0,0,0,0,0,0,PROCEDURE
923,4540,"Hình thức, nội dung thi tuyển công chức được quy định như thế nào?",66,14,0,0,0,0,0,0,0,0,0,0,0,0,0,0,0,0,0,0,0,0,0,GENERAL_SEMANTIC
924,8526,Về nhân viên chuyên môn của doanh nghiệp kinh doanh hoạt động thể thao,70,14,0,0,0,0,0,0,0,0,0,0,0,0,0,0,0,0,0,0,0,0,1,GENERAL_SEMANTIC
925,151844,Họp giao ban Lãnh đạo Tổng cục Thi hành án dân sự là họp về những nội dung gì?,78,19,0,0,0,0,0,0,0,0,0,0,0,0,0,0,0,0,0,0,0,0,0,GENERAL_SEMANTIC
926,146520,"Bộ Tư lệnh, Cục và đơn vị tương đương trực thuộc Bộ Công an, Công an tỉnh, thành phố trực thuộc Trung ương có trách nhiệm gì trong việc tổ chức tuyển chọn công dân vào Công an nhân dân?",185,40,0,0,0,0,0,0,0,0,0,0,0,0,0,0,0,0,0,0,0,0,1,GENERAL_SEMANTIC
927,23420,Di sản thừa kế gồm những tài sản nào?,37,9,0,0,0,0,0,0,0,0,0,0,0,0,0,0,0,0,0,0,0,0,0,GENERAL_SEMANTIC
928,16058,Mẫu Tờ khai đăng ký tàu bay hiện nay?,37,9,0,0,0,0,0,0,0,0,0,0,0,0,0,0,0,0,0,0,0,0,0,PROCEDURE
929,126982,Cơ quan nào được thành lập tạp chí khoa học?,44,10,0,0,0,0,0,0,0,0,0,0,0,0,0,0,0,0,0,0,0,0,1,GENERAL_SEMANTIC
930,7718,Mục tiêu và nguyên tắc phục hồi chức năng và điều trị các bệnh lý ở người lớn do hậu COVID-19 gây ra?,101,24,0,0,0,0,0,0,0,0,0,0,0,0,0,0,0,0,0,0,0,1,0,GENERAL_SEMANTIC
931,14512,Việc bảo vệ an toàn cho nạn nhân bị mua bán được thực hiện bằng những biện pháp nào?,84,19,0,0,0,0,0,0,0,0,0,0,0,0,0,0,0,0,0,0,0,0,0,GENERAL_SEMANTIC
932,79486,Hội đồng thành viên Tổng công ty Giấy Việt Nam có nhiệm kỳ bao nhiêu năm?,73,16,0,0,0,0,0,0,0,0,0,0,0,0,0,0,0,0,0,0,0,0,1,NUMERICAL_THRESHOLD
933,82084,"Cách xác định quỹ tiền lương, thù lao, tiền thưởng đối với quỹ phát triển hợp tác xã từ ngày 15/8/2022?",103,23,0,0,0,0,0,0,0,0,0,0,0,0,0,0,0,1,0,0,0,1,0,GENERAL_SEMANTIC
934,99554,"Đánh giá, chấm điểm theo tiêu chí lựa chọn tổ chức đấu giá tài sản để đấu giá căn biệt thự được thực hiện ra sao?",113,26,0,0,0,0,0,0,0,0,0,0,0,0,0,0,0,0,0,1,0,0,1,GENERAL_SEMANTIC
935,102094,Nhà đầu tư không phải thực hiện thủ tục chấp thuận chủ trương đầu tư trong trường hợp nào?,90,19,0,0,0,0,0,0,0,0,0,0,0,0,0,0,0,0,0,0,0,0,0,PROCEDURE
936,107470,Người sử dụng lao động nộp hồ sơ cấp giấy phép lao động cho người lao động nước ngoài khi nào?,94,21,0,0,0,0,0,0,0,0,0,0,0,0,0,0,0,0,0,0,0,0,1,PROCEDURE
937,161718,Các thỏa thuận hạn chế cạnh tranh thường gặp,44,9,0,0,0,0,0,0,0,0,0,0,0,0,0,0,0,0,0,0,0,0,0,GENERAL_SEMANTIC
938,113004,Không thực hiện đăng ký giao dịch cổ phiếu trên sàn Upcom thì có bị phạt gì không?,82,18,0,0,0,0,0,0,0,0,0,0,0,0,0,0,0,0,0,0,0,0,0,SANCTION
939,19338,Khi giải quyết đề nghị tống đạt nếu cơ quan đại diện phát hiện địa chỉ của đương sự là công dân Việt Nam ở nước ngoài không có đủ thông tin thì xử lý ra sao?,157,37,0,0,0,0,0,0,0,0,0,0,0,0,0,0,0,0,0,0,0,0,1,PROCEDURE
940,101894,Người nước ngoài tại Việt Nam được quá cảnh có các quyền gì?,60,13,0,0,0,0,0,0,0,0,0,0,0,0,0,0,0,0,0,0,0,0,0,GENERAL_SEMANTIC
941,58178,Phẫu thuật gãy mỏm khuỷu phức tạp sẽ chỉ định cho người bệnh khi nào?,69,15,0,0,0,0,0,0,0,0,0,0,0,0,0,0,0,0,0,0,0,0,0,GENERAL_SEMANTIC
942,97182,Hộ chiếu là gì?,15,4,0,0,0,0,0,0,0,0,0,0,0,0,0,0,0,0,0,0,0,0,0,DEFINITION
943,165704,Chế độ mặc và tư trang của người bị tạm giam được quy định ra sao?,66,16,0,0,0,0,0,0,0,0,0,0,0,0,0,0,0,0,0,0,0,0,0,GENERAL_SEMANTIC
944,133222,"Trong vụ việc dân sự, người yêu cầu Tòa án triệu tập người làm chứng phải nộp chi phí cho người làm chứng khi nào?",114,25,0,0,0,0,0,0,0,0,0,0,0,0,0,0,0,0,0,0,0,0,0,PROCEDURE
945,124768,Quy chế quản lý khu bảo tồn đất ngập nước gồm những nội dung cơ bản nào?,72,17,0,0,0,0,0,0,0,0,0,0,0,0,0,0,0,0,0,0,0,0,0,GENERAL_SEMANTIC
946,93354,"Nhiệm vụ 2: Hoàn thiện thể chế, chính sách",42,9,0,0,0,0,0,0,0,0,0,0,0,0,0,0,0,0,0,0,0,1,0,GENERAL_SEMANTIC
947,23644,Giá trị chuyển nhượng lô cổ phần kèm nợ phải thu thấp hơn giá trị ghi trên sổ sách kế toán của doanh nghiệp mua bán nợ thì xây dưng phương án chuyển nhượng như thế nào?,168,37,0,0,0,0,0,0,0,0,0,0,0,0,0,0,0,0,0,0,0,0,1,GENERAL_SEMANTIC
948,38724,Doanh nghiệp bị tuyên bố phá sản từng đứng ra bảo lãnh cho một doanh nghiệp khác thì có còn phải thực hiện nghĩa vụ khi đã phá sản không?,137,30,0,0,0,0,0,0,0,0,0,0,0,0,0,0,0,0,0,0,0,0,1,GENERAL_SEMANTIC
949,11260,"Đối tượng hưởng chế độ ưu đãi người có công, thân nhân người có công với cách mạng được quy định như thế nào?",109,24,0,0,0,0,0,0,0,0,0,0,0,0,0,0,0,0,0,0,0,0,0,CONDITION
950,137030,Hoạt động ngoại hối của Ngân hàng nhà nước theo quy định bao gồm những khoản thu nhập nào?,90,19,0,0,0,0,0,0,0,0,0,0,0,0,0,0,0,0,0,1,0,0,0,GENERAL_SEMANTIC
951,133616,"Những hạn chế, khuyết điểm, vướng mắc nào sẽ được tập trung giải quyết liên quan đến quản lý và sử dụng đất?",108,23,0,0,0,0,0,0,0,0,0,0,0,0,0,0,0,0,0,0,0,0,0,PROCEDURE
952,13346,Để giảm thiểu lượng chất thải y tế thì cơ sở y tế cần làm gì?,61,16,0,0,0,0,0,0,0,0,0,0,0,0,0,0,0,0,0,0,0,0,0,GENERAL_SEMANTIC
953,64476,Giáo viên tiểu học cần đáp ứng những tiêu chuẩn gì trong đạo đức nghề nghiệp?,77,16,0,0,0,0,0,0,0,0,0,0,0,0,0,0,0,0,0,0,0,0,0,CONDITION
954,94008,Trường hợp bầu ủy viên ban chấp hành Đoàn TNCS Hồ Chí Minh thì có áp dụng hình thức bỏ phiếu kín không?,103,23,0,0,0,0,0,0,0,0,0,0,0,0,0,0,0,0,0,0,0,0,0,GENERAL_SEMANTIC
955,78924,Việc cấp chứng chỉ hành nghề điều dưỡng có phụ thuộc vào hộ khẩu không?,71,15,0,0,0,0,0,0,0,0,0,0,0,0,0,0,0,0,0,0,0,0,0,PROCEDURE
956,18528,Kiểm tra hồ sơ và chuẩn bị trang thiết bị phục vụ cho kiểm định bất thường bồn chứa khí dầu mỏ hóa lỏng như thế nào?,116,27,0,0,0,0,0,0,0,0,0,0,0,0,0,0,0,0,0,0,0,0,0,PROCEDURE
957,73544,"Thành viên Hội đồng quản lý có nhiệm vụ, quyền hạn gì?",54,12,0,0,0,0,0,0,0,0,0,0,0,0,0,0,0,0,0,0,0,0,0,GENERAL_SEMANTIC
958,70744,Quyết định chấp thuận chủ trương đầu tư của Thủ tướng Chính phủ bao gồm những nội dung nào?,91,19,0,0,0,0,0,0,0,0,0,1,0,0,0,0,0,0,0,0,1,0,0,GENERAL_SEMANTIC
959,144328,Việc kê đơn thuốc bằng hình thức điện tử được quy định như thế nào?,67,15,0,0,0,0,0,0,0,0,0,0,0,0,0,0,0,0,0,0,0,0,0,GENERAL_SEMANTIC
960,89004,Hồ sơ đề nghị cấp Giấy phép thành lập và hoạt động kinh doanh chứng khoán của chi nhánh công ty chứng khoán nước ngoài tại Việt Nam gồm những giấy tờ nào?,154,33,0,0,0,0,0,0,0,0,0,0,0,0,0,0,0,0,0,0,0,0,1,PROCEDURE
961,44928,Phí bảo hiểm trách nhiệm nghề nghiệp tư vấn đầu tư xây dựng được xác định như thế nào?,86,19,0,0,0,0,0,0,0,0,0,0,0,0,0,0,0,0,0,0,0,0,0,GENERAL_SEMANTIC
962,99898,Phụ cấp thâm niên vượt khung của viên chức loại A3 có dùng để tính đóng bảo hiểm xã hội không?,94,21,0,0,0,0,0,0,0,0,0,0,0,0,0,0,0,0,0,0,0,0,0,PROCEDURE
963,15208,Ai có quyền bổ nhiệm Tổng giám đốc của VINATABA sau khi được sự đồng ý chấp thuận của Bộ Công Thương?,101,22,0,0,0,0,0,0,0,0,0,0,0,0,0,0,0,0,0,0,0,0,0,GENERAL_SEMANTIC
964,107922,Muốn chuyển đổi đất nông nghiệp thành đất phi nông nghiệp thì người sử dụng đất cần phải đáp ứng được những điều kiện nào?,122,25,0,0,0,0,0,0,0,0,0,0,0,0,0,0,0,0,0,0,0,0,0,CONDITION
965,107904,Chủ tịch Ủy ban nhân dân cấp xã có quyền xử phạt cá nhân đưa vật thể thuộc diện kiểm dịch thực vật tới nơi không quy định trong Giấy phép kiểm dịch không?,154,34,0,0,0,0,0,0,0,0,0,0,0,0,0,0,0,0,0,0,0,0,1,SANCTION
966,22616,"Dự toán chi BHXH, BHTN từ nguồn quỹ; chi hoạt động BHXH, BHYT, BHTN năm 2022?",77,16,0,0,0,0,0,0,0,0,0,0,0,0,0,0,0,1,0,0,0,1,0,GENERAL_SEMANTIC
967,22084,"Có được sử dụng người lao động từ đủ 15 tuổi đến dưới 18 tuổi để làm thêm giờ, làm việc vào ban đêm không?",106,25,0,0,0,0,0,0,0,0,0,0,0,0,0,0,0,0,0,0,0,1,1,CONDITION
968,164334,Khi Tổ chức giải thi đấu thể thao quần chúng quốc tế tại Việt Nam cần phải báo cáo cho cơ quan nào? Trước ngày khai mạc giải bao nhiêu ngày?,140,31,0,0,0,0,0,0,0,0,0,0,0,0,0,0,0,0,1,0,0,0,1,NUMERICAL_THRESHOLD
969,132332,Nơi tiếp nhận phạt nguội,24,5,0,0,0,0,0,0,0,0,0,0,0,0,0,0,0,0,0,0,0,0,0,SANCTION
970,120940,Chi phí xin phép thì đơn vị nào chịu trách nhiệm thanh toán?,60,13,0,0,0,0,0,0,0,0,0,0,0,0,0,0,0,0,0,0,0,0,0,GENERAL_SEMANTIC
971,50684,Trình tự điều chỉnh chủ trương đầu tư dự án PPP di dân tái định cư 20.000 người ở miền núi khi thay đổi quy mô thực hiện như thế nào?,133,32,0,0,0,0,0,0,0,0,0,0,0,0,0,0,0,0,0,0,0,1,0,PROCEDURE
972,18702,"Việc cấp Giấy chứng nhận chức danh tư pháp cho Thư ký Tòa án nhân dân tối cao được thực hiện theo trình tự, thủ tục như thế nào?",128,29,0,0,0,0,0,0,0,0,0,0,0,0,0,0,0,0,0,1,0,0,0,PROCEDURE
973,150974,Lịch tuyển sinh vào lớp 6 trường trung học phổ thông Chuyên Hà Nội - Amsterdam năm học 2022 - 2023?,99,19,0,0,0,0,0,0,0,0,0,0,0,0,0,0,0,1,0,0,0,1,0,GENERAL_SEMANTIC
974,29388,Điểm đấu nối trong hệ thống điện phân phối có phải là ranh giới phân định tài sản của đơn vị phân phối điện với khách hàng hay không?,133,29,0,0,0,0,0,0,0,0,0,0,0,0,0,0,0,0,0,0,0,0,0,GENERAL_SEMANTIC
975,154236,"Bố trí sử dụng phương tiện, thiết bị làm việc không đúng mục đích có xem là hành vi gây lãng phí trong sử dụng phương tiện, thiết bị làm việc không?",148,32,0,0,0,0,0,0,0,0,0,0,0,0,0,0,0,0,0,0,0,0,0,GENERAL_SEMANTIC
976,52688,Cơ quan nào có trách nhiệm lập dự toán chi hỗ trợ giải quyết việc làm và đưa người lao động đi làm việc tại Hàn Quốc tại địa phương?,132,30,0,0,0,0,0,0,0,0,0,0,0,0,0,0,0,0,0,0,0,0,1,PROCEDURE
977,108062,"Tổ chức pháp chế ở doanh nghiệp nhà nước chịu sự quản lý về chuyên môn, nghiệp vụ bởi cơ quan nào?",98,22,0,0,0,0,0,0,0,0,0,0,0,0,0,0,0,0,0,0,0,0,1,GENERAL_SEMANTIC
978,153304,Xã Phong Minh có nằm trong khu vực III thuộc vùng dân tộc và miền núi không?,76,17,0,0,0,0,0,0,0,0,0,0,0,0,0,0,0,0,0,0,0,0,0,GENERAL_SEMANTIC
979,78332,"Cục Thú y trực thuộc Bộ Nông nghiệp và Phát triển nông thôn có nhiệm vụ và quyền hạn gì về quản lý tổ chức, hoạt động dịch vụ công?",131,30,0,0,0,0,0,0,0,0,0,0,0,0,0,0,0,0,0,0,0,0,1,GENERAL_SEMANTIC
980,47556,Ai có thẩm quyền ban hành quyết định thanh tra lại? Khi nào ban hành?,69,15,0,0,0,0,0,0,0,0,0,1,0,0,0,0,0,0,0,0,1,0,0,GENERAL_SEMANTIC
981,1288,Chủ tịch nước sẽ có những nhiệm vụ và quyền hạn như thế nào?,60,14,0,0,0,0,0,0,0,0,0,0,0,0,0,0,0,0,0,0,0,0,0,GENERAL_SEMANTIC
982,13642,"Tàu biển thuộc sở hữu của tổ chức, cá nhân Việt Nam có được mang cờ quốc tịch nước ngoài không?",95,21,0,0,0,0,0,0,0,0,0,0,0,0,0,0,0,0,0,0,0,0,1,CONDITION
983,145448,"Người ra nước ngoài có thời hạn bị mất hộ chiếu, có nguyện vọng về nước ngay thì được cấp lại theo thủ tục nào?",111,25,0,0,0,0,0,0,0,0,0,0,0,0,0,0,0,0,0,1,0,0,0,PROCEDURE
984,83208,Người giao cho người không có giấy phép người lái tàu bay gây thiệt hại tài sản 200.000.000 đồng sẽ bị truy cứu trách nhiệm hình sự thế nào?,140,31,0,0,0,0,0,0,0,0,0,0,0,0,0,0,0,0,0,0,0,1,0,SANCTION
985,41136,Giấy chứng nhận GMP có thể được dùng để thay thế Giấy chứng nhận cơ sở đủ điều kiện an toàn thực phẩm không?,108,24,0,0,0,0,0,0,0,0,0,0,0,0,0,0,0,0,1,0,0,0,0,CONDITION
986,90918,Người được cấp bằng tốt nghiệp trung học phổ thông có những quyền gì?,69,14,0,0,0,0,0,0,0,0,0,0,0,0,0,0,0,0,0,0,0,0,0,PROCEDURE
987,37764,Thời hạn bổ nhiệm giữ chức danh lãnh đạo tại đơn vị thuộc Bộ Giao thông vận tải là bao lâu?,91,21,0,0,0,0,0,0,0,0,0,0,0,0,0,0,0,0,0,0,0,0,0,NUMERICAL_THRESHOLD
988,138054,Cơ quan quản lý hoạt động đối ngoại của cơ quan cấp tỉnh của tổ chức xã hội nghề nghiệp có trách nhiệm gì trong quản lý hoạt động ký kết và thực hiện thỏa thuận quốc tế?,169,38,0,0,0,0,0,0,0,0,0,0,0,0,0,0,0,0,0,0,0,0,1,PROCEDURE
989,18778,Việc doanh nghiệp tạm ngưng hoạt động được quy định như thế nào?,64,13,0,0,0,0,0,0,0,0,0,0,0,0,0,0,0,0,0,0,0,0,1,GENERAL_SEMANTIC
990,128732,Có cấm sử dụng thuốc gây nghiện hay không?,42,9,0,0,0,0,0,0,0,0,0,0,0,0,0,0,0,0,0,0,0,0,0,GENERAL_SEMANTIC
991,48076,Công chức bị xử lý kỷ luật buộc thôi việc khi nào?,50,12,0,0,0,0,0,1,0,0,0,0,0,0,0,0,0,0,0,0,1,0,0,GENERAL_SEMANTIC
992,149206,Quỹ Dịch vụ viễn thông công ích Việt Nam công khai tài chính nhằm mục đích gì?,78,17,0,0,0,0,0,0,0,0,0,0,0,0,0,0,0,0,0,0,0,0,0,GENERAL_SEMANTIC
993,40652,"Khi tổ chức thi đấu môn Bóng ném tại Việt Nam, cơ sở vật chất và trang thiết bị tập luyện được chuẩn bị như thế nào?",116,27,0,0,0,0,0,0,0,0,0,0,0,0,0,0,0,0,0,0,0,0,1,GENERAL_SEMANTIC
994,113326,Có thể đăng ký thường trú tại địa chỉ nhà đang thuê ở hay không?,64,15,0,0,0,0,0,0,0,0,0,0,0,0,0,0,0,0,0,0,0,0,0,PROCEDURE
995,71274,Liệt sĩ làm nghĩa vụ quốc tế có được xem là người có công với cách mạng không?,78,18,0,0,0,0,0,0,0,0,0,0,0,0,0,0,0,0,0,0,0,0,0,CONDITION
996,59328,Người đã hoàn thành nghĩa vụ quân sự khi thi tuyển công chức cấp huyện có được cộng điểm ưu tiên không?,103,22,0,0,0,0,0,0,0,0,0,0,0,0,0,0,0,0,0,0,0,0,0,PROCEDURE
997,63800,Người nước ngoài đã có thẻ tạm trú thì có thể bảo lãnh em ruột sang Việt Nam theo diện thăm thân không?,103,23,0,0,0,0,0,0,0,0,0,0,0,0,0,0,0,0,0,1,0,0,0,GENERAL_SEMANTIC
998,27490,Người lao động là người nước ngoài ngưng làm việc trong vòng một tháng thì có phải đóng bảo hiểm xã hội bắt buộc không?,119,25,0,0,0,0,0,0,0,0,0,0,0,0,0,0,0,0,0,0,0,0,1,GENERAL_SEMANTIC
999,133214,Người đã là Thẩm phán muốn trở thành đấu giá viên thì có phải tham gia đào tạo nghề đấu giá hay không?,102,23,0,0,0,0,0,0,0,0,0,0,0,0,0,0,0,0,0,0,0,0,0,GENERAL_SEMANTIC
1000,158912,Người tiếp công dân trong Bộ Quốc phòng có trách nhiệm gì khi tiếp công dân?,76,16,0,0,0,0,0,0,0,0,0,0,0,0,0,0,0,0,0,0,0,0,0,GENERAL_SEMANTIC
1001,66608,Chồng ở trong tù làm thế nào để trả nợ?,39,10,0,0,0,0,0,0,0,0,0,0,0,0,0,0,0,0,0,0,0,0,0,GENERAL_SEMANTIC
1002,46938,Có cần phải thay đổi MST khi chuyển đổi từ công ty TNHH sang công ty cổ phần hay không?,87,20,0,0,0,0,0,0,0,0,0,0,0,0,0,0,0,0,0,0,0,0,1,GENERAL_SEMANTIC
1003,136270,Hồ sơ đề nghị cấp Giấy phép sử dụng băng tần bao gồm những giấy tờ gì?,70,17,0,0,0,0,0,0,0,0,0,0,0,0,0,0,0,0,0,0,0,0,0,PROCEDURE
1004,71950,Pháp nhân thương mại được quy định như thế nào?,47,10,0,0,0,0,0,0,0,0,0,0,0,0,0,0,0,0,0,0,0,0,0,GENERAL_SEMANTIC
1005,153260,Trong lĩnh vực y tế nam nữ bình đẳng được thể hiện qua các nội dung gì?,71,17,0,0,0,0,0,0,0,0,0,0,0,0,0,0,0,0,0,0,0,0,0,GENERAL_SEMANTIC
1006,101582,Trình tự đăng ký hoạt động của tổ chức hành nghề luật sư được quy định như thế nào?,83,19,0,0,0,0,0,1,0,0,0,0,0,0,0,0,0,0,0,0,1,0,1,PROCEDURE
1007,25794,Gửi đơn khởi kiện đến Tòa án bằng hình thức online có được không?,65,14,0,0,0,0,0,0,0,0,0,0,0,0,0,0,0,0,0,0,0,0,0,CONDITION
1008,119876,Nội dung quảng cáo phải đáp ứng những yêu cầu gì?,49,11,0,0,0,0,0,0,0,0,0,0,0,0,0,0,0,0,0,0,0,0,0,CONDITION
1009,62720,Công chức sử dụng con dấu của Kiểm toán Nhà nước không được đóng dấu trong trường hợp nào?,90,19,0,0,0,0,0,0,0,0,0,0,0,0,0,0,0,0,0,0,0,0,0,ELIGIBILITY
1010,43824,Mức đóng bảo hiểm xã hội tự nguyện là bao nhiêu?,48,11,0,0,0,0,0,0,0,0,0,0,0,0,0,0,0,0,0,0,0,0,0,NUMERICAL_THRESHOLD
1011,147472,Danh tính điện tử là gì? Danh tính điện tử của công dân Việt Nam bao gồm những nội dung nào?,92,21,0,0,0,0,0,0,0,0,0,0,0,0,0,0,0,0,0,0,0,0,0,DEFINITION
1012,157564,Thân nhân liệt sĩ có được giải quyết chế độ ưu đãi người có công nuôi liệt sĩ không?,84,19,0,0,0,0,0,0,0,0,0,0,0,0,0,0,0,0,0,0,0,0,0,PROCEDURE
1013,17964,Ủy viên của Ban Thường vụ Trung ương Hội Đông y Việt Nam không được vượt quá bao nhiêu người?,93,20,0,0,0,0,0,0,0,0,0,0,0,0,0,0,0,0,0,0,0,0,0,NUMERICAL_THRESHOLD
1014,53004,Viện Hàn lâm Khoa học xã hội Việt Nam có bao nhiêu cơ quan trực thuộc?,70,16,0,0,0,0,0,0,0,0,0,0,0,0,0,0,0,0,0,0,0,0,1,NUMERICAL_THRESHOLD
1015,120636,"Trình tự, thủ tục gia hạn và cấp lại giấy phép vận chuyển chất ma túy được quy định như thế nào?",96,22,0,0,0,0,0,0,0,0,0,0,0,0,0,0,0,0,0,0,0,0,0,PROCEDURE
1016,90322,Quỹ đầu tư phát triển địa phương được thực hiện hoạt động cho vay hay không?,76,16,0,0,0,0,0,0,0,0,0,0,0,0,0,0,0,0,0,0,0,0,0,GENERAL_SEMANTIC
1017,130004,Cơ sở vật chất của trường mầm non tư thục cần đáp ứng điều kiện gì?,67,16,0,0,0,0,0,0,0,0,0,0,0,0,0,0,0,0,0,0,0,0,0,CONDITION
1018,102760,Quyền của khách hàng tham gia dự thưởng xổ số được quy định thế nào?,68,15,0,0,0,0,0,0,0,0,0,0,0,0,0,0,0,0,0,0,0,0,0,GENERAL_SEMANTIC
1019,72248,Bơ quả tươi bị nhăn thì có đảm bảo về độ chín khi thu hoạch hay không?,70,17,0,0,0,0,0,0,0,0,0,0,0,0,0,0,0,0,0,0,0,0,0,GENERAL_SEMANTIC
1020,61446,Nội dung chi bồi dưỡng cán bộ quản lý cơ sở giáo dục tập huấn chương trình giáo khoa mới giáo dục phổ thông bao gồm những nội dung gì?,134,30,0,0,0,0,0,0,0,0,0,0,0,0,0,0,0,0,0,0,0,0,0,GENERAL_SEMANTIC
1021,85098,Chó nhà có dấu hiệu mắc bệnh Dại thì có bị tiêu hủy không?,58,14,0,0,0,0,0,0,0,0,0,0,0,0,0,0,0,0,0,0,0,0,0,GENERAL_SEMANTIC
1022,134678,Mẫu Bản thuyết minh Báo cáo tài chính dành cho doanh nghiệp nhỏ và vừa theo thông tư 133?,89,19,0,0,0,0,0,0,0,0,1,0,0,0,0,0,0,0,0,1,1,1,1,CROSS_REFERENCE
1023,34788,Không phải bồi thường thiệt hại về khả năng gây mất an toàn của sản phẩm?,73,16,0,0,0,0,0,0,0,0,0,0,0,0,0,0,0,0,0,0,0,0,0,GENERAL_SEMANTIC
1024,135236,Sử dụng dữ liệu cá nhân của trẻ từ 7 tuổi mà không được sự đồng ý sẽ bị xử lý như thế nào?,90,24,0,0,0,0,0,0,0,0,0,0,0,0,0,0,0,0,0,0,0,1,1,GENERAL_SEMANTIC
1025,80354,"Trình tự thực hiện đăng ký, truy đóng BHXH bắt buộc đối với NLĐ làm việc có thời hạn ở nước ngoài sau khi về nước?",114,26,0,0,0,0,0,0,0,0,0,0,0,0,0,0,0,0,0,0,0,0,0,PROCEDURE
1026,17186,Mẫu đơn đề nghị cấp chứng chỉ nghiệp vụ khai hải quan mới nhất ra sao?,70,16,0,0,0,0,0,0,0,0,0,0,0,0,0,0,0,0,1,0,0,0,0,PROCEDURE
1027,117264,Bên nhận bảo đảm không được thực hiện quyền truy đòi đối với tài sản bảo đảm nào?,81,18,0,0,0,0,0,0,0,0,0,0,0,0,0,0,0,0,0,0,0,0,0,GENERAL_SEMANTIC
1028,66174,"Hồ sơ, trình tự thực hiện như thế nào?",38,9,0,0,0,0,0,0,0,0,0,0,0,0,0,0,0,0,0,0,0,0,0,PROCEDURE
1029,89008,Chủ đầu tư có được thể chấp dự án đầu tư xây dựng hình thành trong tương lai cho tổ chức tín dụng hay không?,108,25,0,0,0,0,0,0,0,0,0,0,0,0,0,0,0,0,0,0,0,0,1,CONDITION
1030,115768,Cách xác định tổng nguồn vốn để xác định quy mô sản xuất kinh doanh của doanh nghiệp nhỏ và vừa,95,21,0,0,0,0,0,0,0,0,0,0,0,0,0,0,0,0,0,0,0,0,1,GENERAL_SEMANTIC
1031,91868,Việc quản lý doanh nghiệp tư nhân được quy định như thế nào?,60,13,0,0,0,0,0,0,0,0,0,0,0,0,0,0,0,0,0,0,0,0,1,GENERAL_SEMANTIC
1032,119508,Có cấm người vợ đang có thai yêu cầu ly hôn đơn phương không?,61,14,0,0,0,0,0,0,0,0,0,0,0,0,0,0,0,0,0,0,0,0,0,CONDITION
1033,30524,Người giám hộ của người chưa thành niên phải đáp ứng được những điều kiện nào?,78,16,0,0,0,0,0,0,0,0,0,0,0,0,0,0,0,0,0,0,0,0,0,CONDITION
1034,140866,Đơn vị nào là đầu mối cung cấp thông tin cho công dân của Bộ Thông tin và Truyền thông?,87,20,0,0,0,0,0,0,0,0,0,0,0,0,0,0,0,0,0,0,0,0,0,PROCEDURE
1035,134642,Thủ tục chuyển nơi hưởng trợ cấp thất nghiệp được pháp luật quy định như thế nào?,81,17,0,0,0,0,0,1,0,0,0,0,0,0,0,0,0,0,0,0,1,0,0,PROCEDURE
1036,76898,Ai có quyền ra quyết định thanh tra ngành Xây dựng?,51,11,0,0,0,0,0,0,0,0,0,1,0,0,0,0,0,0,0,0,1,0,0,GENERAL_SEMANTIC
1037,166154,Ai có thẩm quyền đình chỉ hoạt động giáo dục theo quy định pháp luật?,69,15,0,0,0,0,0,1,0,0,0,0,0,0,0,0,0,0,0,1,1,0,0,CROSS_REFERENCE
1038,29302,Chương trình phát triển đô thị là gì?,37,8,0,0,0,0,0,0,0,0,0,0,0,0,0,0,0,0,0,0,0,0,0,DEFINITION
1039,96626,"Trách nhiệm của Bộ Y tế đối với người bị tạm giữ, tạm giam đang khám, chữa bệnh như thế nào?",92,21,0,0,0,0,0,0,0,0,0,0,0,0,0,0,0,0,0,0,0,0,1,GENERAL_SEMANTIC
1040,143270,Có được hưởng chế độ ốm đau khi khám bệnh trái tuyến hay không?,63,14,0,0,0,0,0,0,0,0,0,0,0,0,0,0,0,0,0,0,0,0,0,CONDITION
1041,155732,Kinh doanh vận tải bằng xe ô tô bao gồm những hình thức kinh doanh nào?,71,16,0,0,0,0,0,0,0,0,0,0,0,0,0,0,0,0,0,0,0,0,0,GENERAL_SEMANTIC
1042,140766,"Công chức Viện kiểm sát từ chức được hưởng những chế độ, chính sách nào theo quy định?",86,18,0,0,0,0,0,0,0,0,0,0,0,0,0,0,0,0,0,1,0,0,0,ELIGIBILITY
1043,158688,"Để trở thành giám định viên, thành viên Hội đồng giám định y khoa cần đáp ứng những tiêu chuẩn nào?",99,21,0,0,0,0,0,0,0,0,0,0,0,0,0,0,0,0,0,0,0,0,0,CONDITION
1044,20948,Thẻ an toàn điện có dạng như thế nào?,37,9,0,0,0,0,0,0,0,0,0,0,0,0,0,0,0,0,0,0,0,0,0,GENERAL_SEMANTIC
1045,30136,Thủ tục hải quan đối với robot khử khuẩn quy định ra sao?,57,13,0,0,0,0,0,0,0,0,0,0,0,0,0,0,0,0,0,0,0,0,0,PROCEDURE
1046,101556,Mỗi phòng ở của người lưu trú trong thời gian chờ xuất cảnh được trang bị một ti vi?,84,19,0,0,0,0,0,0,0,0,0,0,0,0,0,0,0,0,0,0,0,0,0,GENERAL_SEMANTIC
1047,51990,Trung tâm Khoa học và Bồi dưỡng cán bộ có quyền hạn gì trong công tác quản lý và tổ chức thực hiện hoạt động khoa học công nghệ?,128,29,0,0,0,0,0,0,0,0,0,0,0,0,0,0,0,0,0,0,0,0,1,GENERAL_SEMANTIC
1048,76970,Chế độ thôi việc của viên chức được quy định như thế nào?,57,13,0,0,0,0,0,0,0,0,0,0,0,0,0,0,0,0,0,0,0,0,0,GENERAL_SEMANTIC
1049,166666,Quy định về việc chiếu phim Việt Nam kỷ niệm vào các ngày lễ lớn của đất nước như thế nào?,90,21,0,0,0,0,0,0,0,0,0,0,0,0,0,0,0,0,0,0,0,0,0,GENERAL_SEMANTIC
1050,31328,"Thời hiệu, thời hạn xử lý kỷ luật đối với Hải đoàn trưởng đơn vị Dân quân tự vệ trong bao nhiêu tháng?",102,23,0,0,0,0,0,1,0,0,0,0,0,0,0,0,0,0,0,0,1,0,0,NUMERICAL_THRESHOLD
1051,48144,Các bước tiến hành phẫu thuật mở ngực nhỏ tạo dính màng phổi sẽ thực hiện ra sao?,81,18,0,0,0,0,0,0,0,0,0,0,0,0,0,0,0,0,0,0,0,0,0,PROCEDURE
1052,119762,Hồ sơ kiểm định xe hút bụi quét rác thuộc Bộ Quốc phòng được lưu trữ bao lâu?,77,18,0,0,0,0,0,0,0,0,0,0,0,0,0,0,0,0,0,0,0,0,0,PROCEDURE
1053,6518,Xe máy chuyên dùng đi ngược chiều của đường một chiều bị phạt bao nhiêu tiền?,77,16,0,0,0,0,0,0,0,0,0,0,0,0,0,0,0,0,0,0,0,0,0,SANCTION
1054,8980,"Cơ sở dữ liệu quốc gia về xuất cảnh, nhập cảnh của công dân Việt Nam do cơ quan nào trực tiếp quản lý?",102,24,0,0,0,0,0,0,0,0,0,0,0,0,0,0,0,0,0,0,0,0,1,GENERAL_SEMANTIC
1055,6934,Biện pháp chung để thực hiện dân chủ về kinh tế đời sống của Hội đồng quân nhân như thế nào?,92,21,0,0,0,0,0,0,0,0,0,0,0,0,0,0,0,0,0,0,0,0,0,GENERAL_SEMANTIC
1056,112176,"Phấn đấu đến năm 2025, có ít nhất 10.000 sản phẩm OCOP được công nhận đạt từ 3 sao trở lên?",91,22,0,0,0,0,0,0,0,0,0,0,0,0,0,0,0,1,0,0,0,1,0,NUMERICAL_THRESHOLD
1057,28216,"Quảng cáo thực phẩm tăng cường chức năng sinh lý ở nam giới trên trang thông tin điện tử nhưng không thể hiện trong quảng cáo khuyến cáo “Thực phẩm này không phải là thuốc và không có tác dụng thay thế thuốc chữa bệnh"" bị xử phạt như thế nào?",242,51,0,0,0,0,0,0,0,0,0,0,0,0,0,0,0,0,1,0,0,0,0,SANCTION
1058,53680,Trường hợp nào phải đăng ký nội quy lao động?,45,10,0,0,0,0,0,0,0,0,0,0,0,0,0,0,0,0,0,0,0,0,0,PROCEDURE
1059,109770,"Phòng, chống và báo cáo dịch bệnh động vật thủy sản dựa trên nguyên tắc nào?",76,16,0,0,0,0,0,0,0,0,0,0,0,0,0,0,0,0,0,0,0,0,0,GENERAL_SEMANTIC
1060,54406,Công ty cổ phần mới thành lập cần bao nhiêu cổ đông sáng lập?,61,14,0,0,0,0,0,0,0,0,0,0,0,0,0,0,0,0,0,0,0,0,1,NUMERICAL_THRESHOLD
1061,159164,"Có thể cấp giấy phép môi trường cho từng giai đoạn, công trình hay không?",73,15,0,0,0,0,0,0,0,0,0,0,0,0,0,0,0,0,0,0,0,0,0,PROCEDURE
1062,58014,Nếu tái phạm sau khi bị xử phạt vi phạm hành chính có bị phạt tù không?,71,17,0,0,0,0,0,0,0,0,0,0,0,0,0,0,0,0,0,0,0,0,0,SANCTION
1063,80022,Người phụ trách kế toán Quỹ Hỗ trợ Phụ nữ nông thôn Việt Nam do ai có quyền bổ nhiệm?,85,20,0,0,0,0,0,0,0,0,0,0,0,0,0,0,0,0,0,0,0,0,0,GENERAL_SEMANTIC
1064,80200,Tất cả các trường hợp tạm giữ phương tiện giao thông có phải niêm phong không?,78,16,0,0,0,0,0,0,0,0,0,0,0,0,0,0,0,0,0,0,0,0,0,GENERAL_SEMANTIC
1065,52622,Sau khi tốt nghiệp ngành điều hành chạy tàu hỏa trình độ trung cấp thì người học phải có được tối thiểu những kiến thức nào?,124,26,0,0,0,0,0,0,0,0,0,0,0,0,0,0,0,0,0,0,0,0,0,PROCEDURE
1066,88930,"Huấn luyện về quản lý, sử dụng vũ khí, vật liệu nổ quân dụng, công cụ hỗ trợ thuộc thẩm quyền của cơ quan nào?",110,25,0,0,0,0,0,0,0,0,0,0,0,0,0,0,0,0,0,0,0,0,1,GENERAL_SEMANTIC
1067,143460,Điều kiện để tổ chức tín dụng được phép tiến hành hoạt động là gì?,66,15,0,0,0,0,0,0,0,0,0,0,0,0,0,0,0,0,0,0,0,0,1,CONDITION
1068,66592,Phạm nhân có được gọi điện về cho người nhà không?,50,11,0,0,0,0,0,0,0,0,0,0,0,0,0,0,0,0,0,0,0,0,0,CONDITION
1069,142704,Mẫu Phiếu giao nhận hàng hóa giữa kho chứa hàng miễn thuế và tàu bay mới nhất hiện nay như thế nào?,99,22,0,0,0,0,0,0,0,0,0,0,0,0,0,0,0,0,1,0,0,0,0,GENERAL_SEMANTIC
1070,89430,Thời gian hưởng chế độ ốm đau được quy định như thế nào?,56,13,0,0,0,0,0,0,0,0,0,0,0,0,0,0,0,0,0,0,0,0,0,GENERAL_SEMANTIC
1071,156980,"Dấu nghiệp vụ trong lĩnh vực quân sự, quốc phòng được cấp theo nguyên tắc nào?",78,16,0,0,0,0,0,0,0,0,0,0,0,0,0,0,0,0,0,1,0,0,0,PROCEDURE
1072,24688,Bên ủy quyền và bên được ủy quyền không thể cùng đi công chứng thì phải làm gì?,79,18,0,0,0,0,0,0,0,0,0,0,0,0,0,0,0,0,0,0,0,0,0,GENERAL_SEMANTIC
1073,148530,Thời hiệu xử lý kỷ luật lao động là bao lâu?,44,11,0,0,0,0,0,1,0,0,0,0,0,0,0,0,0,0,0,0,1,0,0,NUMERICAL_THRESHOLD
1074,7800,"Có bắt buộc ghi âm, ghi hình có âm thanh khi hỏi cung bị can hay không?",71,17,0,0,0,0,0,0,0,0,0,0,0,0,0,0,0,0,0,0,0,0,0,GENERAL_SEMANTIC
1075,2572,Có được đi làm trở lại sau khi bị tạm giam không?,49,12,0,0,0,0,0,0,0,0,0,0,0,0,0,0,0,0,0,0,0,0,0,CONDITION
1076,114566,Thời gian cập nhật kiến thức hành nghề dịch vụ làm thủ tục về thuế hàng năm được quy định như thế nào?,102,23,0,0,0,0,0,0,0,0,0,0,0,0,0,0,0,0,0,0,0,0,0,PROCEDURE
1077,77838,Thông tin số dư tài khoản lưu ký chứng khoán của thành viên lưu ký được Trung tâm Lưu ký chứng khoán gửi theo hình thức nào?,124,27,0,0,0,0,0,0,0,0,0,0,0,0,0,0,0,0,0,1,0,0,0,GENERAL_SEMANTIC
1078,16092,Đơn vị quản lý đào tạo của Kiểm toán nhà nước là gì?,52,13,0,0,0,0,0,0,0,0,0,0,0,0,0,0,0,0,0,0,0,0,0,DEFINITION
1079,22140,"Hệ thống cấp nước, hệ thống thoát nước đối với nhà thương mại liên kế theo quy định",83,18,0,0,0,0,0,0,0,0,0,0,0,0,0,0,0,0,0,1,0,0,0,PROCEDURE
1080,132052,Khi nào thì thương nhân thực hiện đăng ký khuyến mại?,53,11,0,0,0,0,0,0,0,0,0,0,0,0,0,0,0,0,0,0,0,0,0,PROCEDURE
1081,102726,Mỗi chuyên đề thuộc chương trình đào tạo sơ cấp lý luận chính trị tại Trung tâm do mấy giảng viên đảm nhiệm và ai giám sát việc giảng dạy?,138,30,0,0,0,0,0,0,0,0,0,0,0,0,0,0,0,0,0,0,0,0,0,PROCEDURE
1082,22604,"Tạm hoãn hợp đồng lao động, chế độ lương và bảo hiểm xã hội được tính thế nào?",78,18,0,0,0,0,0,0,0,0,0,0,0,0,0,0,0,0,0,0,0,0,0,GENERAL_SEMANTIC
1083,72590,Điều trị bảo tồn gẫy Bennett sẽ chỉ định và chống chỉ định khi nào?,67,15,0,0,0,0,0,0,0,0,0,0,0,0,0,0,0,0,0,0,0,0,0,GENERAL_SEMANTIC
1084,143316,Quỹ phát triển đất được sử dụng nhằm mục đích gì?,49,11,0,0,0,0,0,0,0,0,0,0,0,0,0,0,0,0,0,0,0,0,0,GENERAL_SEMANTIC
1085,77202,Số liệu khí tượng thủy văn sử dụng để xây dựng mực nước tương ứng với các cấp báo động lũ phải đảm bảo tối thiểu bao nhiêu trận lũ?,131,30,0,0,0,0,0,0,0,0,0,0,0,0,0,0,0,0,0,0,0,0,0,PROCEDURE
1086,121706,Cơ quan nào sẽ cấp giấy đăng ký kết hôn?,40,10,0,0,0,0,0,0,0,0,0,0,0,0,0,0,0,0,0,0,0,0,1,PROCEDURE
1087,114558,Nẹp bột các loại không nắn không chỉ định cho trường hợp nào?,61,13,0,0,0,0,0,0,0,0,0,0,0,0,0,0,0,0,0,0,0,0,0,ELIGIBILITY
1088,141632,Thỏa thuận hạn chế cạnh tranh là gì?,36,8,0,0,0,0,0,0,0,0,0,0,0,0,0,0,0,0,0,0,0,0,0,DEFINITION
1089,30260,Phụ huynh giao xe gắn máy cho con đi học khi chưa đủ tuổi lái xe thì khi bị phạt có giữ phương tiện hay không?,110,26,0,0,0,0,0,0,0,0,0,0,0,0,0,0,0,0,0,0,0,0,0,SANCTION
1090,56650,Trong quá trình giải quyết công việc nếu có vấn đề liên quan đến lĩnh vực của Thứ trưởng khác thì Thứ trưởng Bộ Nội vụ giải quyết như thế nào?,142,31,0,0,0,0,0,0,0,0,0,0,0,0,0,0,0,0,0,0,0,0,0,PROCEDURE
1091,4756,"Tính thuế đối với HKD, CNKD nộp thuế theo phương pháp kê khai như thế nào?",74,16,0,0,0,0,0,0,0,0,0,0,0,0,0,0,0,0,0,1,0,0,0,PROCEDURE
1092,36886,Tổ chức tín dụng được cung cấp thông tin tiền gửi của khách hàng cho người khác trong trường hợp nào?,101,21,0,0,0,0,0,0,0,0,0,0,0,0,0,0,0,0,0,0,0,0,1,PROCEDURE
1093,124798,Việc trả kết quả cấp giấy chứng nhận quyền sử dụng đất sau khi thực hiện tách thửa đất được thực hiện như thế nào?,114,25,0,0,0,0,0,0,0,0,0,0,0,0,0,0,0,0,0,0,0,0,0,PROCEDURE
1094,143196,Cơ quan nào có thẩm quyền giải quyết đề nghị hỗ trợ tìm kiếm việc làm của cá nhân bị Nhà nước thu hồi đất?,106,25,0,0,0,0,0,0,0,0,0,0,0,0,0,0,0,0,0,0,0,0,1,PROCEDURE
1095,69012,Hội đồng thanh lý tài sản sử dụng con dấu của ai trong quá trình thanh lý Quỹ tín dụng nhân dân?,96,22,0,0,0,0,0,0,0,0,0,0,0,0,0,0,0,0,0,0,0,0,0,GENERAL_SEMANTIC
1096,15074,Chức trách và nhiệm vụ của kế toán viên trung cấp được quy định như thế nào?,76,17,0,0,0,0,0,0,0,0,0,0,0,0,0,0,0,0,0,0,0,0,0,PROCEDURE
1097,75588,Những chế độ nào người cao tuổi thuộc hộ nghèo không người chăm sóc nuôi dưỡng được hưởng?,90,18,0,0,0,0,0,0,0,0,0,0,0,0,0,0,0,0,0,0,0,0,0,ELIGIBILITY
1098,65004,Để được mua lại cổ phiếu của chính mình phát hành thì công ty đại chúng cần đáp ứng những điều kiện gì?,103,23,0,0,0,0,0,0,0,0,0,0,0,0,0,0,0,0,0,0,0,0,1,CONDITION
1099,158490,Về trách nhiệm trong hợp đồng như thế nào?,42,9,0,0,0,0,0,0,0,0,0,0,0,0,0,0,0,0,0,0,0,0,0,GENERAL_SEMANTIC
1100,36052,"Việc thực hiện dân chủ trong hoạt động của cơ quan, đơn vị thuộc Ủy ban Dân tộc phải đảm bảo những yêu cầu nào?",111,25,0,0,0,0,0,0,0,0,0,0,0,0,0,0,0,0,0,0,0,0,1,CONDITION
1101,102630,Hồ sơ và thủ tục để học sinh xin học lại được quy định như thế nào?,67,17,0,0,0,0,0,0,0,0,0,0,0,0,0,0,0,0,0,0,0,0,0,PROCEDURE
1102,107258,Những chi phí nào liên quan tới xử lý tài sản kết cấu hạ tầng cấp nước sạch?,76,18,0,0,0,0,0,0,0,0,0,0,0,0,0,0,0,0,0,0,0,0,0,PROCEDURE
1103,38090,Cơ quan hải quan lập và phê duyệt đề xuất thực hiện biện pháp thu tài sản của người nợ thuế do người khác đang giữ theo trình tự thực hiện như thế nào?,151,34,0,0,0,0,0,0,0,0,0,0,0,0,0,0,0,0,0,1,0,0,1,PROCEDURE
1104,159022,Có được cấp lại bản sao bằng tốt nghiệp trung học phổ thông không?,66,14,0,0,0,0,0,0,0,0,0,0,0,0,0,0,0,0,0,0,0,0,0,PROCEDURE
1105,53834,Điều kiện để chuyển nhượng Condotel là gì?,42,8,0,0,0,0,0,0,0,0,0,0,0,0,0,0,0,0,0,0,0,0,0,CONDITION
1106,61216,Mốc thời gian công bố điểm thi và điểm chuẩn tuyển sinh lớp 10 tại Hà Nội như thế nào?,86,20,0,0,0,0,0,0,0,0,0,0,0,0,0,0,0,0,0,0,0,1,0,GENERAL_SEMANTIC
1107,158752,"Trách nhiệm của đảng viên trong việc trong phòng chống chạy chức, chạy quyền là gì?",83,16,0,0,0,0,0,0,0,0,0,0,0,0,0,0,0,0,0,0,0,0,0,DEFINITION
1108,101514,Việc khám phát hiện bệnh nghề nghiệp ở người lao động được thực hiện theo quy trình như thế nào?,96,20,0,0,0,0,0,0,0,0,0,0,0,0,0,0,0,0,0,1,0,0,1,GENERAL_SEMANTIC
1109,145924,"Ly hôn là gì? Mối quan hệ giữa cha, mẹ và con sau ly hôn như thế nào?",69,18,0,0,0,0,0,0,0,0,0,0,0,0,0,0,0,0,0,0,0,0,0,DEFINITION
1110,42158,Giám đốc Nhà văn hóa Lao động phải trình độ như thế nào?,56,13,0,0,0,0,0,0,0,0,0,0,0,0,0,0,0,0,0,0,0,0,0,GENERAL_SEMANTIC
1111,31284,"Mẫu Giấy chứng nhận an toàn thực phẩm mới nhất đối với cơ sở sản xuất, kinh doanh thực phẩm nông, lâm, thủy sản ra sao?",119,26,0,0,0,0,0,0,0,0,0,0,0,0,0,0,0,0,1,0,0,0,0,GENERAL_SEMANTIC
1112,40168,Đánh giá phương thức bay bằng thiết bị sẽ thực hiện như thế nào?,64,14,0,0,0,0,0,0,0,0,0,0,0,0,0,0,0,0,0,0,0,0,0,GENERAL_SEMANTIC
1113,146712,Độ tuổi lao động tối thiểu của người lao động là bao nhiêu?,59,13,0,0,0,0,0,0,0,0,0,0,0,0,0,0,0,0,0,0,0,0,1,NUMERICAL_THRESHOLD
1114,48390,Đồ dùng cá nhân mang từ nước ngoài về Việt Nam có được xem là tài sản di chuyển được miễn thuế nhập khẩu không?,111,25,0,0,0,0,0,0,0,0,0,0,0,0,0,0,0,0,0,0,0,0,1,CONDITION
1115,126402,Quy trình tiếp nhận và xử lý phản ánh của người dân trên nền tảng quản lý tiêm chủng COVID-19,93,21,0,0,0,0,0,0,0,0,0,0,0,0,0,0,0,0,0,0,0,1,0,GENERAL_SEMANTIC
1116,105768,Điều kiện để tài xế lái xe tải 5 tấn được nghỉ hưởng chế độ ốm đau là gì?,73,19,0,0,0,0,0,0,0,0,0,0,0,0,0,0,0,0,0,0,0,1,0,CONDITION
1117,91280,Chế độ làm việc đối với người lao động cao tuổi được quy định như thế nào?,74,17,0,0,0,0,0,0,0,0,0,0,0,0,0,0,0,0,0,0,0,0,1,GENERAL_SEMANTIC
1118,2524,Trường mẫu giáo bị giải thể khi xảy ra một trong các trường hợp nào?,68,15,0,0,0,0,0,0,0,0,0,0,0,0,0,0,0,0,0,0,0,0,0,ELIGIBILITY
1119,88908,Thời báo Ngân hàng là đơn vị trực thuộc cơ quan nào?,52,12,0,0,0,0,0,0,0,0,0,0,0,0,0,0,0,0,0,0,0,0,1,GENERAL_SEMANTIC
1120,36664,"Trình tự, thủ tục đăng ký hộ kinh doanh theo quy định mới nhất hiện nay?",72,16,0,0,0,0,0,0,0,0,0,0,0,0,0,0,0,0,1,1,0,0,1,PROCEDURE
1121,38660,"Chương trình giám sát của đại biểu Quốc hội, Đoàn đại biểu Quốc hội",67,14,0,0,0,0,0,0,0,0,0,0,0,0,0,0,0,0,0,0,0,0,0,GENERAL_SEMANTIC
1122,43570,Đề xuất sửa đổi quy định về thuế suất thuế thu nhập doanh nghiệp?,65,14,0,0,0,0,0,0,0,0,0,0,0,0,0,0,0,0,1,0,0,0,1,GENERAL_SEMANTIC
1123,48178,"Sĩ số học sinh, sinh viên vượt quá quy định bị phạt đến 10 triệu đồng?",70,16,0,0,0,0,0,0,0,0,0,0,0,0,0,0,0,0,0,0,0,1,0,SANCTION
1124,87550,Đối tượng cấp giấy chứng nhận cơ sở đủ điều kiện an toàn thực phẩm như thế nào?,79,18,0,0,0,0,0,0,0,0,0,0,0,0,0,0,0,0,0,0,0,0,0,PROCEDURE
1125,43468,Diện tích đất tối thiểu được tách thửa đối với đất ở và đất nông nghiệp trên địa bàn tỉnh Thừa Thiên Huế?,105,23,0,0,0,0,0,0,0,0,0,0,0,0,0,0,0,0,0,0,0,0,0,NUMERICAL_THRESHOLD
1126,123370,Chuyển rủi ro trong các trường hợp khác ra sao?,47,10,0,0,0,0,0,0,0,0,0,0,0,0,0,0,0,0,0,0,0,0,0,GENERAL_SEMANTIC
1127,57536,Hồ sơ đăng ký thành viên bù trừ bao gồm những giấy tờ nào?,58,14,0,0,0,0,0,0,0,0,0,0,0,0,0,0,0,0,0,0,0,0,0,PROCEDURE
1128,149628,Công ty sửa đổi thời hạn của hợp đồng lao động bằng phụ lục thì bị phạt như nào?,80,19,0,0,0,0,0,0,0,0,0,0,0,0,0,0,0,0,1,0,0,0,1,SANCTION
1129,139964,Việc ký quỹ bù trừ đối với Tổng công ty lưu ký và bù trừ chứng khoán Việt Nam được thực hiện như thế nào?,105,25,0,0,0,0,0,0,0,0,0,0,0,0,0,0,0,0,0,0,0,0,1,GENERAL_SEMANTIC
1130,94590,Chỉ tiêu đào tạo bổ sung ngành Răng Hàm Mặt hàng năm không vượt quá bao nhiêu chỉ tiêu tuyển sinh đào tạo trình độ đại học của ngành?,133,29,0,0,0,0,0,0,0,0,0,0,0,0,0,0,0,0,1,0,0,0,0,NUMERICAL_THRESHOLD
1131,26256,Trình tự thực hiện cấp lại biển số xe máy chuyên dùng như thế nào?,66,15,0,0,0,0,0,0,0,0,0,0,0,0,0,0,0,0,0,0,0,0,0,PROCEDURE
1132,14992,Giầy da của nữ công chức làm nhiệm vụ tiếp công dân thường xuyên tại Trụ sở tiếp công dân Trung ương làm bằng chất liệu gì?,123,27,0,0,0,0,0,0,0,0,0,0,0,0,0,0,0,0,0,0,0,0,0,GENERAL_SEMANTIC
1133,165732,Vụ Chính sách tiền tệ là cơ quan nào?,37,9,0,0,0,0,0,0,0,0,0,0,0,0,0,0,0,0,0,0,0,0,1,GENERAL_SEMANTIC
1134,62618,"Chi chế độ trợ cấp, phụ cấp đối với người có công với cách mạng, thân nhân của người có công với cách mạng và người trực tiếp tham gia kháng chiến?",147,32,0,0,0,0,0,0,0,0,0,0,0,0,0,0,0,0,0,0,0,0,0,PROCEDURE
1135,91358,Trường hợp công chức phải thường xuyên đi công tác lưu động thì tiền công tác phí theo tháng là bao nhiêu?,106,22,0,0,0,0,0,0,0,0,0,0,0,0,0,0,0,0,0,1,0,0,0,NUMERICAL_THRESHOLD
1136,102332,Văn bản mật hiện nay được chia làm bao nhiêu cấp độ mật theo quy định của pháp luật?,84,19,0,0,0,0,0,1,0,0,0,0,0,0,0,0,0,0,0,1,1,0,0,PROCEDURE
1137,113350,Trợ lý của Ủy viên Bộ Chính trị được cấp hộ chiếu ngoại giao khi có đủ các điều kiện gì?,88,21,0,0,0,0,0,0,0,0,0,0,0,0,0,0,0,0,0,0,0,0,0,PROCEDURE
1138,162220,Bộ Y tế có trách nhiệm gì trong công tác kết hợp quân dân y?,60,15,0,0,0,0,0,0,0,0,0,0,0,0,0,0,0,0,0,0,0,0,1,GENERAL_SEMANTIC
1139,150234,Điều kiện để miễn môn thi pháp luật về thuế đối với nhân viên đại lý thuế khi thi cấp chứng chỉ hành nghề dịch vụ làm thủ tục về thuế như thế nào?,146,34,0,0,0,0,0,1,0,0,0,0,0,0,0,0,0,0,0,0,1,0,0,PROCEDURE
1140,79598,Có bắt buộc phải tổ chức đối thoại tại nơi làm việc hay không?,62,14,0,0,0,0,0,0,0,0,0,0,0,0,0,0,0,0,0,0,0,0,1,GENERAL_SEMANTIC
1141,147104,Thời gian nhận kết quả thủ tục làm giấy khai sinh là bao lâu?,61,14,0,0,0,0,0,0,0,0,0,0,0,0,0,0,0,0,0,0,0,0,0,PROCEDURE
1142,159658,Trách nhiệm của người sử dụng lao động về việc đăng ký tham gia bảo hiểm cho người lao động,91,20,0,0,0,0,0,0,0,0,0,0,0,0,0,0,0,0,0,0,0,0,1,PROCEDURE
1143,35990,Quỹ Hỗ trợ bệnh nhi Việt Nam có những chức năng nào?,52,12,0,0,0,0,0,0,0,0,0,0,0,0,0,0,0,0,0,0,0,0,0,GENERAL_SEMANTIC
1144,119016,Trường hợp nào bị thu hồi Giấy phép khai thác tận thu khoáng sản?,65,14,0,0,0,0,0,0,0,0,0,0,0,0,0,0,0,0,0,0,0,0,0,ELIGIBILITY
1145,35268,Các hành vi nào bị nghiêm cấm trong sử dụng cơ sở dữ liệu về thi hành tạm giữ?,78,19,0,0,0,0,0,0,0,0,0,0,0,0,0,0,0,0,0,0,0,0,0,GENERAL_SEMANTIC
1146,125414,Tổ chức ngoài trời lễ kỷ niệm ngày truyền thống của cơ quan nhà nước cấp tỉnh được trang trí như thế nào?,105,23,0,0,0,0,0,0,0,0,0,0,0,0,0,0,0,0,0,0,0,0,1,PROCEDURE
1147,71416,Trình tự thủ tục đối với trường hợp của con tôi cần đáp ứng những gì?,69,16,0,0,0,0,0,0,0,0,0,0,0,0,0,0,0,0,0,0,0,0,0,PROCEDURE
1148,73694,Trường hợp một người tham gia nhiều vị trí thuộc thành phần tham dự họp lấy phiếu tín nhiệm thì được bỏ bao nhiêu phiếu?,120,25,0,0,0,0,0,0,0,0,0,0,0,0,0,0,0,0,0,0,0,0,0,NUMERICAL_THRESHOLD
1149,77724,Tiêu chuẩn để tập thể được xét tặng Bằng khen của Bộ trưởng Bộ Khoa học và Công nghệ là gì?,91,21,0,0,0,0,0,0,0,0,0,0,0,0,0,0,0,0,0,0,0,0,0,CONDITION
1150,29820,Học sinh trung học phổ thông xếp loại khá phải đáp ứng tiêu chuẩn nào?,70,15,0,0,0,0,0,0,0,0,0,0,0,0,0,0,0,0,0,0,0,0,0,CONDITION
1151,75114,Có được viết giấy đặt cọc không có công chứng không?,52,11,0,0,0,0,0,0,0,0,0,0,0,0,0,0,0,0,0,0,0,0,0,CONDITION
1152,35738,Hợp đồng vận tải hành lý bằng đường sắt là gì?,46,11,0,0,0,0,0,0,0,0,0,0,0,0,0,0,0,0,0,0,0,0,0,DEFINITION
1153,156328,Việc cấp đổi biển số đăng ký xe cơ giới trong lĩnh vực quốc phòng được thực hiện theo trình tự nào?,99,22,0,0,0,0,0,0,0,0,0,0,0,0,0,0,0,0,0,1,0,0,0,PROCEDURE
1154,104168,"Đăng ký kế hoạch kiểm tra hàng năm việc sử dụng số liệu, thông tin thống kê nhà nước được thực hiện theo mẫu nào?",113,25,0,0,0,0,0,0,0,0,0,0,0,0,0,0,0,0,0,1,0,0,0,PROCEDURE
1155,14248,Ai có quyền ban hành Điều lệ Sở giao dịch chứng khoán Việt Nam?,63,14,0,0,0,0,0,0,0,0,0,0,0,0,0,0,0,0,0,0,0,0,0,GENERAL_SEMANTIC
1156,7756,Nhiệm kỳ của hiệu trưởng được quy định thế nào?,47,10,0,0,0,0,0,0,0,0,0,0,0,0,0,0,0,0,0,0,0,0,0,GENERAL_SEMANTIC
1157,82962,Tài liệu lưu trữ của Tổng cục Thể dục thể thao được bảo quản theo nguyên tắc nào?,81,18,0,0,0,0,0,0,0,0,0,0,0,0,0,0,0,0,0,1,0,0,0,GENERAL_SEMANTIC
1158,75632,"Cá nhân, hộ gia đình bị mất sổ đỏ của đất nông nghiệp trồng cây lâu năm thì cấp lại như thế nào?",96,23,0,0,0,0,0,0,0,0,0,0,0,0,0,0,0,0,0,0,0,0,1,PROCEDURE
1159,108334,Ai có thẩm quyền cấp bằng tốt nghiệp tiến sĩ cho người học được đào tạo tại các khoa trực thuộc Đại học quốc gia?,113,25,0,0,0,0,0,0,0,0,0,0,0,0,0,0,0,0,0,0,0,0,0,PROCEDURE
1160,126396,Mức phụ cấp đặc thù của Phó Thủ trưởng Cơ quan An ninh Điều tra Bộ Quốc phòng có dùng để hưởng BHYT không?,106,24,0,0,0,0,0,0,0,0,0,0,0,0,0,0,0,0,0,0,0,0,1,PROCEDURE
1161,73798,Đối tượng được tuyển chọn đi làm việc tại Hàn Quốc được quy định như thế nào?,77,17,0,0,0,0,0,0,0,0,0,0,0,0,0,0,0,0,0,0,0,0,0,CONDITION
1162,151326,Cơ sở hỗ trợ nạn nhân mua bán người được tổ chức như thế nào?,61,15,0,0,0,0,0,0,0,0,0,0,0,0,0,0,0,0,0,0,0,0,1,GENERAL_SEMANTIC
1163,102418,Người học ngành vận hành thiết bị chế biến dầu khí trình độ cao đẳng phải có mức độ tự chủ và trách nhiệm như thế nào?,118,27,0,0,0,0,0,0,0,0,0,0,0,0,0,0,0,0,0,0,0,0,0,NUMERICAL_THRESHOLD
1164,97200,"Thành viên hội đồng tiêu hủy mẫu các chất ma túy vì mục đích quốc phòng, an ninh có các cơ quan nào?",100,23,0,0,0,0,0,0,0,0,0,0,0,0,0,0,0,0,0,0,0,0,1,GENERAL_SEMANTIC
1165,73168,"Chỉ định, thay đổi người thụ hưởng trong hợp đồng bảo hiểm nhân thọ như thế nào?",80,17,0,0,0,0,0,0,0,0,0,0,0,0,0,0,0,0,0,0,0,0,0,GENERAL_SEMANTIC
1166,129456,Thành viên góp vốn của công ty trách nhiệm hữu hạn hai thành viên có những quyền lợi nào?,89,19,0,0,0,0,0,0,0,0,0,0,0,0,0,0,0,0,0,0,0,0,1,GENERAL_SEMANTIC
1167,155280,Bộ trưởng là ai trong bộ máy nhà nước?,38,9,0,0,0,0,0,0,0,0,0,0,0,0,0,0,0,0,0,0,0,0,0,GENERAL_SEMANTIC
1168,35806,Tổng công ty Viễn thông MobiFone theo quy định pháp luật có những nghĩa vụ gì về vốn và tài sản?,96,21,0,0,0,0,0,1,0,0,0,0,0,0,0,0,0,0,0,1,1,0,1,CROSS_REFERENCE
1169,86624,Vùng cấm trong khu vực biên giới biển được hiểu như thế nào?,60,13,0,0,0,0,0,0,0,0,0,0,0,0,0,0,0,0,0,0,0,0,0,GENERAL_SEMANTIC
1170,58838,Quỹ Phát triển khoa học và công nghệ Bộ Quốc phòng có vốn điều lệ không? Nếu có thì vốn điều lệ là bao nhiêu?,109,25,0,0,0,0,0,0,0,0,0,0,0,0,0,0,0,0,0,0,0,0,0,NUMERICAL_THRESHOLD
1171,6104,Chồng vay tiền chơi lô đề thì khi ly hôn vợ có nghĩa vụ phải trả nợ hay không?,78,19,0,0,0,0,0,0,0,0,0,0,0,0,0,0,0,0,0,0,0,0,0,GENERAL_SEMANTIC
1172,121776,Mức thu lệ phí trước bạ ô tô là bao nhiêu?,42,11,0,0,0,0,0,0,0,0,0,0,0,0,0,0,0,0,0,0,0,0,0,NUMERICAL_THRESHOLD
1173,98726,"Sản phẩm của các nhiệm vụ điều tra, đánh giá tài nguyên nước dưới đất là gì?",76,17,0,0,0,0,0,0,0,0,0,0,0,0,0,0,0,0,0,0,0,0,0,DEFINITION
1174,166466,Điều lệ của Liên đoàn luật sư Việt Nam bao gồm những nội dung gì?,65,15,0,0,0,0,0,1,0,0,0,0,0,0,0,0,0,0,0,0,1,0,0,GENERAL_SEMANTIC
1175,3258,Công tác di chuyển trạm khí tượng thủy văn quốc gia phải đáp ứng những yêu cầu kĩ thuật gì?,91,20,0,0,0,0,0,0,0,0,0,0,0,0,0,0,0,0,0,0,0,0,0,CONDITION
1176,148368,Cán bộ cấp huyện được giới thiệu tái cử phải đáp ứng những điều kiện gì?,72,16,0,0,0,0,0,0,0,0,0,0,0,0,0,0,0,0,0,0,0,0,0,PROCEDURE
1177,64300,Chủ đầu tư có thể giao cho tổ chức được thuê để tư vấn quản lý dự án bao nhiêu phần công việc trong dự án xây dựng?,115,28,0,0,0,0,0,0,0,0,0,0,0,0,0,0,0,0,0,0,0,0,1,NUMERICAL_THRESHOLD
1178,99346,Đối tượng được hỗ trợ chi phí học tập,37,9,0,0,0,0,0,0,0,0,0,0,0,0,0,0,0,0,0,0,0,0,0,CONDITION
1179,9884,"Chồng đi lấy vợ mới, nay vợ cũ chết thì người chồng có được hưởng tài sản thừa kế từ vợ cũ không và cha đẻ của người vợ cũ có được hưởng thừa kế không?",151,36,0,0,0,0,0,0,0,0,0,0,0,0,0,0,0,0,0,0,0,0,0,CONDITION
1180,167794,Không đăng ký giấy chứng nhận xuất xứ hàng hóa mà lưu hành hàng hóa sẽ bị phạt bao nhiêu tiền?,94,21,0,0,0,0,0,0,0,0,0,0,0,0,0,0,0,0,0,0,0,0,0,SANCTION
1181,131670,"Người học ngành dược trình độ cao đẳng phải có khả năng học tập, nâng cao trình độ như thế nào?",95,21,0,0,0,0,0,0,0,0,0,0,0,0,0,0,0,0,0,0,0,0,0,GENERAL_SEMANTIC
1182,91312,Những trường hợp thừa kế theo pháp luật quy định,48,10,0,0,0,0,0,1,0,0,0,0,0,0,0,0,0,0,0,1,1,0,0,CROSS_REFERENCE
1183,92942,Có được quyền không công nhận đối với bản di chúc được lập hợp pháp hay không?,78,17,0,0,0,0,0,0,0,0,0,0,0,0,0,0,0,0,0,0,0,0,0,CONDITION
1184,28430,"Các thủ tục gì cần thực hiện khi chấm dứt hoạt động của chi nhánh, công ty luật nước ngoài?",91,20,0,0,0,0,0,1,0,0,0,0,0,0,0,0,0,0,0,0,1,0,1,PROCEDURE
1185,30142,Trong quy định về chất lượng kỹ thuật của dịch vụ truy nhập internet băng rộng cố định mặt đất thì mức chiếm dụng băng thông được quy định như thế nào?,151,32,0,0,0,0,0,0,0,0,0,0,0,0,0,0,0,0,0,0,0,0,0,NUMERICAL_THRESHOLD
1186,66716,Chủ rừng có trách nhiệm tham gia phát triển rừng hay không?,59,12,0,0,0,0,0,0,0,0,0,0,0,0,0,0,0,0,0,0,0,0,0,GENERAL_SEMANTIC
1187,67702,Tốt nghiệp đại học loại giỏi thì có được ưu tiên trong tuyển dụng quân nhân chuyên nghiệp không?,96,19,0,0,0,0,0,0,0,0,0,0,0,0,0,0,0,0,0,0,0,0,0,CONDITION
1188,90786,Phiếu nhận xét kết quả phân tích người nộp thuế có dạng như thế nào?,68,15,0,0,0,0,0,0,0,0,0,0,0,0,0,0,0,0,0,0,0,0,0,PROCEDURE
1189,136056,Cơ quan tổ chức phòng chống tham nhũng trong ngành Thuế cần công khai những nội dung nào?,89,18,0,0,0,0,0,0,0,0,0,0,0,0,0,0,0,0,0,0,0,0,1,GENERAL_SEMANTIC
1190,62434,Điều kiện thay đổi người nuôi con sau khi ly hôn là gì?,55,13,0,0,0,0,0,0,0,0,0,0,0,0,0,0,0,0,0,0,0,0,0,CONDITION
1191,113332,Để dự thi chứng chỉ kiểm toán viên cần thời gian công tác thực tế về kiểm toán cần ít nhất bao lâu?,99,23,0,0,0,0,0,0,0,0,0,0,0,0,0,0,0,0,0,0,0,0,0,NUMERICAL_THRESHOLD
1192,92500,Các khoản mà người bị tai nạn lao động được nhận được là gì?,60,14,0,0,0,0,0,0,0,0,0,0,0,0,0,0,0,0,0,0,0,0,0,DEFINITION
1193,28822,Hướng dẫn thời hạn làm rõ E-HSMST thông qua Hệ thống như thế nào?,65,15,0,0,0,0,0,0,0,0,0,0,0,0,0,0,0,0,0,0,0,0,0,NUMERICAL_THRESHOLD
1194,38014,Cục Tài vụ Quản trị là đơn vị trực thuộc cơ quan nào? Cục Tài vụ Quản trị có những chức năng gì?,96,23,0,0,0,0,0,0,0,0,0,0,0,0,0,0,0,0,0,0,0,0,1,GENERAL_SEMANTIC
1195,121272,Việc lập và điều chỉnh tăng giá điện được dựa trên những căn cứ nào?,68,15,0,0,0,0,0,0,0,0,0,0,0,0,0,0,0,0,0,1,0,0,0,GENERAL_SEMANTIC
1196,97196,Công chức Ủy ban Dân tộc phải đáp ứng những điều kiện gì để được cử đi đào tạo bồi dưỡng?,89,21,0,0,0,0,0,0,0,0,0,0,0,0,0,0,0,0,0,0,0,0,1,CONDITION
1197,5962,Thông tấn xã Việt Nam có bao nhiêu Phó Tổng giám đốc?,53,12,0,0,0,0,0,0,0,0,0,0,0,0,0,0,0,0,0,0,0,0,0,NUMERICAL_THRESHOLD
1198,15774,Khu đất xây dựng trường mầm non phải đáp ứng các yêu cầu gì về địa điểm và diện tích?,85,20,0,0,0,0,0,0,0,0,0,0,0,0,0,0,0,0,0,0,0,0,0,CONDITION
1199,158370,"Tiêu chuẩn, điều kiện để trở thành Tổng giám đốc Tổng công ty Giấy Việt Nam là gì?",82,18,0,0,0,0,0,0,0,0,0,0,0,0,0,0,0,0,0,0,0,0,1,CONDITION
1200,147776,Chuyển đổi đơn đăng ký sở hữu công nghiệp như thế nào?,54,12,0,0,0,0,0,0,0,0,0,0,0,0,0,0,0,0,0,0,0,0,0,PROCEDURE
1201,161450,Việc thẩm định văn bản quy phạm pháp luật của Kiểm toán nhà nước được thực hiện theo nguyên tắc nào?,100,21,0,0,0,0,0,1,0,0,0,0,0,0,0,0,0,0,0,1,1,0,0,CROSS_REFERENCE
1202,143562,Điều kiện để viên chức xét thăng hạng lên chức danh giáo viên giáo dục nghề nghiệp lý thuyết hạng 3 là gì?,106,23,0,0,0,0,0,0,0,0,0,0,0,0,0,0,0,0,0,0,0,1,0,CONDITION
1203,102362,Điều kiện ký hợp đồng mua bán điện phục vụ mục đích sinh hoạt như thế nào?,74,17,0,0,0,0,0,0,0,0,0,0,0,0,0,0,0,0,0,0,0,0,0,CONDITION
1204,23540,Thay đổi kháng nghị giám đốc thẩm đối với quyết định của Tòa án trong vụ án hình sự được thực hiện gửi như thế nào?,115,26,0,0,0,0,0,0,0,0,0,1,0,0,0,0,0,0,0,0,1,0,0,GENERAL_SEMANTIC
1205,94746,Người lao động cao tuổi có quyền thỏa thuận với người sử dụng lao động về việc rút ngắn thời giờ làm việc hằng ngày không?,122,26,0,0,0,0,0,0,0,0,0,0,0,0,0,0,0,0,0,0,0,0,1,GENERAL_SEMANTIC
1206,91564,Giấy tờ nào được dùng để xác định quyền sở hữu xe máy chuyên dùng?,66,15,0,0,0,0,0,0,0,0,0,0,0,0,0,0,0,0,0,0,0,0,0,GENERAL_SEMANTIC
1207,29700,Mức hưởng trợ cấp xã hội hàng tháng đối với người khuyết tật là bao nhiêu?,74,16,0,0,0,0,0,0,0,0,0,0,0,0,0,0,0,0,0,0,0,0,0,PROCEDURE
1208,87044,Thuế suất thuế tiêu thụ đặc biệt đối với xăng dầu là bao nhiêu?,63,14,0,0,0,0,0,0,0,0,0,0,0,0,0,0,0,0,0,0,0,0,0,NUMERICAL_THRESHOLD
1209,134082,Nếu muốn chuyển nơi hưởng trợ cấp thất nghiệp sang tỉnh khác có được không?,75,15,0,0,0,0,0,0,0,0,0,0,0,0,0,0,0,0,0,0,0,0,0,PROCEDURE
1210,23770,Thế chấp quyền sử dụng đất có phải đăng ký biến động không?,59,13,0,0,0,0,0,0,0,0,0,0,0,0,0,0,0,0,0,0,0,0,0,PROCEDURE
1211,144344,Khu vực cách ly xuất nhập cảnh là gì?,37,9,0,0,0,0,0,0,0,0,0,0,0,0,0,0,0,0,0,0,0,0,0,DEFINITION
1212,93368,Hồ sơ đề nghị công nhận doanh nghiệp quá cảnh được ưu tiên phải có những tài liệu gì?,85,19,0,0,0,0,0,0,0,0,0,0,0,0,0,0,0,0,0,0,0,0,1,PROCEDURE
1213,126692,Việc tìm gia đình thay thế cho trẻ em thuộc trách nhiệm của ai và được quy định như thế nào?,92,21,0,0,0,0,0,0,0,0,0,0,0,0,0,0,0,0,1,0,0,0,0,GENERAL_SEMANTIC
1214,87092,Một tòa nhà chung cư phải đảm bảo có ít nhất bao nhiêu lối thoát nạn cho cư dân sinh sống?,90,21,0,0,0,0,0,0,0,0,0,0,0,0,0,0,0,0,0,0,0,0,0,NUMERICAL_THRESHOLD
1215,45194,Thủ tục cấp bản sao tài liệu lưu trữ được thực hiện ra sao?,59,14,0,0,0,0,0,0,0,0,0,0,0,0,0,0,0,0,0,0,0,0,0,PROCEDURE
1216,140000,Sàm sỡ người khác có phải hành vi vi phạm pháp luật không?,58,13,0,0,0,0,0,1,0,0,0,0,0,0,0,0,0,0,0,0,1,0,0,SANCTION
1217,50428,Phương pháp thực hiện quản lý an toàn hoạt động bay như thế nào?,64,14,0,0,0,0,0,0,0,0,0,0,0,0,0,0,0,0,0,0,0,0,0,GENERAL_SEMANTIC
1218,111198,Chế độ tiền lương đối với nhân viên lái xe làm thêm giờ được quy định thế nào?,78,18,0,0,0,0,0,0,0,0,0,0,0,0,0,0,0,0,0,0,0,0,0,GENERAL_SEMANTIC
1219,68730,Nhiệm vụ và quyền hạn của Ban Chấp hành Hiệp hội Điều Việt Nam được quy định thế nào?,85,19,0,0,0,0,0,0,0,0,0,0,0,0,0,0,0,0,0,0,0,0,0,GENERAL_SEMANTIC
1220,11582,Khi phẫu thuật PRK điều trị tật lão thị có thể có những biến chứng nào?,71,16,0,0,0,0,0,0,0,0,0,0,0,0,0,0,0,0,0,0,0,0,0,GENERAL_SEMANTIC
1221,59610,Gây tiếng ồn từ bao nhiêu dBA thì sẽ vi phạm pháp luật về quy định tiếng ồn?,76,18,0,0,0,0,0,1,0,0,0,0,0,0,0,0,0,0,0,0,1,0,0,SANCTION
1222,103448,"Trong dịp Tết Âm lịch, người lao động được nghỉ hưởng nguyên lương bao nhiêu ngày?",82,16,0,0,0,0,0,0,0,0,0,0,0,0,0,0,0,0,0,0,0,0,1,NUMERICAL_THRESHOLD
1223,14832,Chủ tịch Ủy ban nhân dân cấp xã có quyền xử phạt người đưa tác phẩm nhiếp ảnh từ Việt Nam ra nước ngoài triển lãm mà không có giấy phép không?,142,32,0,0,0,0,0,0,0,0,0,0,0,0,0,0,0,0,0,0,0,0,1,SANCTION
1224,27980,Công trình được miễn giấy phép xây dựng trên địa bàn tỉnh Hưng Yên?,67,14,0,0,0,0,0,0,0,0,0,0,0,0,0,0,0,0,0,0,0,0,0,ELIGIBILITY
1225,143188,Quyền của người bào chữa được quy định như thế nào?,51,11,0,0,0,0,0,0,0,0,0,0,0,0,0,0,0,0,0,0,0,0,0,GENERAL_SEMANTIC
1226,66842,Người chưa đủ 18 tuổi có phải chịu trách nhiệm hình sự với hành vi phạm tội mà mình gây ra không?,97,22,0,0,0,0,0,0,0,0,0,0,0,0,0,0,0,0,0,0,0,1,0,SANCTION
1227,86246,Công ty có phải tổ chức khám sức khỏe cho người lao động không?,63,14,0,0,0,0,0,0,0,0,0,0,0,0,0,0,0,0,0,0,0,0,1,GENERAL_SEMANTIC
1228,41090,Trường hợp nào được cấp lại Giấy chứng nhận đăng ký thành lập và hoạt động của cơ sở văn hóa nước ngoài tại Việt Nam?,117,26,0,0,0,0,0,0,0,0,0,0,0,0,0,0,0,0,0,0,0,0,0,PROCEDURE
1229,9002,Người phục vụ nghi thức trao tặng danh hiệu thi đua khen thưởng trong Tòa án nhân dân được quy định ra sao?,107,23,0,0,0,0,0,0,0,0,0,0,0,0,0,0,0,0,0,0,0,0,0,GENERAL_SEMANTIC
1230,138840,Khấu trừ tiền trong tài khoản có phải là biện pháp cưỡng chế thi hành án dân sự không?,86,19,0,0,0,0,0,0,0,0,0,0,0,0,0,0,0,0,0,0,0,0,0,GENERAL_SEMANTIC
1231,103040,Cải chính thông tin trên giấy khai sinh cần có điều kiện gì?,60,13,0,0,0,0,0,0,0,0,0,0,0,0,0,0,0,0,0,0,0,0,0,CONDITION
1232,99902,"Thực hiện xử lý kỷ luật đối với thành phần Ban chỉ huy quân sự cơ quan, tổ chức theo bao nhiêu bước?",100,23,0,0,0,0,0,1,0,0,0,0,0,0,0,0,0,0,0,1,1,0,1,NUMERICAL_THRESHOLD
1233,82402,Tập đoàn Công nghiệp Than - Khoáng sản Việt Nam có tư cách pháp nhân không?,75,15,0,0,0,0,0,0,0,0,0,0,0,0,0,0,0,0,0,0,0,0,0,GENERAL_SEMANTIC
1234,94952,Điều kiện để được làm tổ chức bảo lãnh chính phát hành trái phiếu Chính phủ?,76,16,0,0,0,0,0,0,0,0,0,0,0,0,0,0,0,0,0,0,0,0,1,CONDITION
1235,58632,Tổ chức khoa học và công nghệ có những quyền gì?,48,11,0,0,0,0,0,0,0,0,0,0,0,0,0,0,0,0,0,0,0,0,1,GENERAL_SEMANTIC
1236,21996,Các loại hình tác phẩm được bảo hộ quyền tác giả được pháp luật quy định như thế nào?,85,19,0,0,0,0,0,1,0,0,0,0,0,0,0,0,0,0,0,0,1,0,0,GENERAL_SEMANTIC
1237,149814,"Việc cung cấp thông tin liên quan đến bảo vệ an ninh quốc gia và bảo đảm trật tự, an toàn xã hội trong lĩnh vực tài chính gồm những nội dung nào?",145,33,0,0,0,0,0,0,0,0,0,0,0,0,0,0,0,0,0,0,0,0,0,PROCEDURE
1238,103988,Dữ liệu trao đổi trong quản lý luồng không lưu phải đảm bảo yêu cầu như thế nào?,80,18,0,0,0,0,0,0,0,0,0,0,0,0,0,0,0,0,0,0,0,0,0,CONDITION
1239,71110,Điều kiện để xử lý kỷ luật người lao động bằng hình thức sa thải,64,15,0,0,0,0,0,1,0,0,0,0,0,0,0,0,0,0,0,0,1,0,1,CONDITION
1240,12892,Mẫu văn bản đề nghị điều chỉnh dự án đầu tư trong trường hợp tổ chức lại tổ chức kinh tế được quy định như thế nào?,115,27,0,0,0,0,0,0,0,0,0,0,0,0,0,0,0,0,0,0,0,0,1,GENERAL_SEMANTIC
1241,76038,Người lao động sau khi điều trị ốm đau 30 ngày có được nghỉ thêm chế độ nào theo quy định pháp luật nữa không?,110,25,0,0,0,0,0,1,0,0,0,0,0,0,0,0,0,0,0,1,1,1,1,CONDITION
1242,26772,Hồ sơ quốc gia mà người nộp thuế có giao dịch liên kết phải nộp cho cơ quan quản lý thuế là gì?,95,23,0,0,0,0,0,0,0,0,0,0,0,0,0,0,0,0,0,0,0,0,1,PROCEDURE
1243,50208,"Quy định về thuế nhập khẩu đối với mặt hàng “lá thuốc lá chưa qua chế biến và các phế liệu lá thuốc lá""?",104,24,0,0,0,0,0,0,0,0,0,0,0,0,0,0,0,0,0,0,0,0,0,GENERAL_SEMANTIC
1244,34550,"Điều chỉnh, quy đổi suất vốn đầu tư trong các trường hợp nào?",61,13,0,0,0,0,0,0,0,0,0,0,0,0,0,0,0,0,0,0,0,0,0,ELIGIBILITY
1245,90464,Chế độ làm việc của Hội đồng thẩm định nhà nước các dự án quan trọng quốc gia được quy định ra sao?,99,23,0,0,0,0,0,0,0,0,0,0,0,0,0,0,0,0,0,0,0,0,0,GENERAL_SEMANTIC
1246,70886,"14 tuổi phạm tội cướp tài sản, giết người thì bị phạt bao nhiêu năm tù?",71,16,0,0,0,0,0,0,0,0,0,0,0,0,0,0,0,0,0,0,0,1,0,SANCTION
1247,149216,Người lao động thuộc nhiều đối tượng tham gia bảo hiểm y tế thì có thể đổi mã thẻ bảo hiểm y tế để hưởng quyền lợi cao hơn không?,129,30,0,0,0,0,0,0,0,0,0,0,0,0,0,0,0,0,0,0,0,0,1,CONDITION
1248,92780,Hàng hóa tại Siêu thị chuyên doanh hạng II có tên thương mại của Siêu thị không?,80,17,0,0,0,0,0,0,0,0,0,0,0,0,0,0,0,0,0,0,0,0,0,GENERAL_SEMANTIC
1249,102356,Các cơ quan Thi hành án dân sự lập báo cáo tài chính và báo cáo nghiệp vụ thi hành án dân sự theo nguyên tắc gì?,112,27,0,0,0,0,0,0,0,0,0,0,0,0,0,0,0,0,0,1,0,0,1,GENERAL_SEMANTIC
1250,66112,"Vùng hoạt động vui chơi, giải trí dưới nước được quy định như thế nào?",70,15,0,0,0,0,0,0,0,0,0,0,0,0,0,0,0,0,0,0,0,0,0,GENERAL_SEMANTIC
1251,6798,Hoạt động đối ngoại biên phòng gồm những nội dung nào?,54,11,0,0,0,0,0,0,0,0,0,0,0,0,0,0,0,0,0,0,0,0,0,GENERAL_SEMANTIC
1252,109474,Đề xuất đề tài khoa học và công nghệ cấp Bộ quốc phòng bao gồm những nội dung gì?,81,19,0,0,0,0,0,0,0,0,0,0,0,0,0,0,0,0,0,0,0,0,0,PROCEDURE
1253,157390,Người làm chứng phạm tội khai báo gian dối đương nhiên được xóa án tích khi nào?,80,17,0,0,0,0,0,0,0,0,0,0,0,0,0,0,0,0,0,0,0,0,0,GENERAL_SEMANTIC
1254,78598,Thuế suất thuế TNCN đối với thu nhập từ hoạt động chuyển nhượng bất động sản như thế nào?,89,19,0,0,0,0,0,0,0,0,0,0,0,0,0,0,0,0,0,0,0,0,0,GENERAL_SEMANTIC
1255,79632,Quyền đơn phương chấm dứt hợp đồng lao động của người sử dụng lao động,70,15,0,0,0,0,0,0,0,0,0,0,0,0,0,0,0,0,0,0,0,0,1,GENERAL_SEMANTIC
1256,54374,Công chức nhận tiền của người dân sẽ bị xử lý như thế nào?,58,14,0,0,0,0,0,0,0,0,0,0,0,0,0,0,0,0,0,0,0,0,0,GENERAL_SEMANTIC
1257,121328,"Đạo diễn truyền hình hạng 3 thuộc chuyên ngành thông tin và truyền thông cần đáp ứng những tiêu chuẩn gì về trình độ đào tạo, bồi dưỡng?",136,28,0,0,0,0,0,0,0,0,0,0,0,0,0,0,0,0,0,0,0,1,0,CONDITION
1258,8820,Tiêu chí đối với Ngân hàng thương mại để được giao dịch mua lại có kỳ hạn trái phiếu Chính phủ là gì?,101,23,0,0,0,0,0,0,0,0,0,0,0,0,0,0,0,0,0,0,0,0,0,DEFINITION
1259,133660,Đối tượng nào được áp dụng Mô hình thông tin công trình BIM trong hoạt động xây dựng theo lộ trình?,99,21,0,0,0,0,0,0,0,0,0,0,0,0,0,0,0,0,0,1,0,0,0,CONDITION
1260,90972,Điều kiện hưởng chế độ tai nạn lao động là gì?,46,11,0,0,0,0,0,0,0,0,0,0,0,0,0,0,0,0,0,0,0,0,0,CONDITION
1261,160368,Trong phương pháp thử đối với đồ chơi trẻ em sẽ gồm những loại thử nghiệm gì?,77,17,0,0,0,0,0,0,0,0,0,0,0,0,0,0,0,0,0,0,0,0,0,GENERAL_SEMANTIC
1262,98200,Chuyển mục đích đất trồng cây lâu năm sang đất trồng cây hàng năm thì có phải xin phép hay không?,97,21,0,0,0,0,0,0,0,0,0,0,0,0,0,0,0,0,0,0,0,0,0,GENERAL_SEMANTIC
1263,117722,Trách nhiệm của chủ dự án đầu tư sau khi có quyết định phê duyệt kết quả thẩm định báo cáo đánh giá tác động môi trường theo quy định pháp luật,143,32,0,0,0,0,0,1,0,0,0,1,0,0,0,0,0,0,0,1,2,0,0,CROSS_REFERENCE
1264,156316,"Thời gian thực hiện thí điểm nộp thuế điện tử đối với hàng hóa xuất khẩu, nhập khẩu Đề án là khi nào?",101,23,0,0,0,0,0,0,0,0,0,0,0,0,0,0,0,0,0,0,0,0,0,PROCEDURE
1265,16706,Số lượng thành viên của Hội đồng thẩm định giáo trình sử dụng chung trình độ trung cấp chuyên nghiệp phải có ít nhất bao nhiêu thành viên?,138,28,0,0,0,0,0,0,0,0,0,0,0,0,0,0,0,0,0,0,0,0,0,PROCEDURE
1266,112914,Hồ sơ đăng kiểm xe từ ngày 22/3/2023 như thế nào?,49,13,0,0,0,0,0,0,0,0,0,0,0,0,0,0,0,1,0,0,0,1,0,PROCEDURE
1267,69706,"Nguyên tắc cung cấp, đăng tải thông tin, lựa chọn nhà đầu tư qua mạng đấu thầu được quy định như thế nào?",105,23,0,0,0,0,0,0,0,0,0,0,0,0,0,0,0,0,0,0,0,0,0,PROCEDURE
1268,127238,Nghĩa vụ của hội viên Hiệp hội Trang trại và Doanh nghiệp nông nghiệp Việt Nam là gì?,85,18,0,0,0,0,0,0,0,0,0,0,0,0,0,0,0,0,0,0,0,0,1,DEFINITION
1269,80096,Việc xây dựng định mức kinh tế kỹ thuật về đào tạo cần dựa trên những nguyên tắc nào?,85,19,0,0,0,0,0,0,0,0,0,0,0,0,0,0,0,0,0,0,0,0,0,NUMERICAL_THRESHOLD
1270,168586,Quyền hạn và trách nhiệm của người thu hộ hối phiếu là gì?,58,13,0,0,0,0,0,0,0,0,0,0,0,0,0,0,0,0,0,0,0,0,0,DEFINITION
1271,4638,Chủ sở hữu đối tượng sở hữu công nghiệp có quyền ngăn cấm người khác sử dụng đối tượng sở hữu công nghiệp của mình hay không?,125,27,0,0,0,0,0,0,0,0,0,0,0,0,0,0,0,0,0,0,0,0,0,CONDITION
1272,115570,Trình tự thành lập Phòng công chứng được thực hiện thế nào?,59,12,0,0,0,0,0,0,0,0,0,0,0,0,0,0,0,0,0,0,0,0,0,PROCEDURE
1273,96232,Nội dung công khai ngân sách đối với tổ chức được ngân sách nhà nước hỗ trợ được quy định như thế nào?,102,23,0,0,0,0,0,0,0,0,0,0,0,0,0,0,0,0,0,0,0,0,1,GENERAL_SEMANTIC
1274,119942,Thời hạn cho thuê đất được xác định như thế nào?,48,11,0,0,0,0,0,0,0,0,0,0,0,0,0,0,0,0,0,0,0,0,0,NUMERICAL_THRESHOLD
1275,55544,Chủ tịch Hội đồng thẩm định hồ sơ đề nghị cấp cấp Giấy phép tiếp cận nguồn gen để nghiên cứu vì mục đích thương mại là ai?,122,28,0,0,0,0,0,0,0,0,0,0,0,0,0,0,0,0,0,0,0,0,0,PROCEDURE
1276,157370,Doanh nghiệp có bắt buộc phải lưu giữ điều lệ công ty tại trụ sở hay không?,75,17,0,0,0,0,0,0,0,0,0,0,0,0,0,0,0,0,0,0,0,0,1,GENERAL_SEMANTIC
1277,84774,Người có hành vi vi phạm pháp luật về hoạt động rửa tiền thì có bị truy cứu trách nhiệm hình sự không?,102,23,0,0,0,0,0,1,0,0,0,0,0,0,0,0,0,0,0,0,1,0,0,SANCTION
1278,7966,Các loại chế độ báo cáo cơ quan hành chính nhà nước?,52,12,0,0,0,0,0,0,0,0,0,0,0,0,0,0,0,0,0,0,0,0,1,GENERAL_SEMANTIC
1279,150392,"Thẩm quyền của đồn trưởng Đồn biên phòng, Hải đội trưởng Hải đội biên phòng, Chỉ huy trưởng Tiểu khu biên phòng, Chỉ huy trưởng biên phòng Cửa khẩu cảng",152,30,0,0,0,0,0,0,0,0,0,0,0,0,0,0,0,0,0,0,0,0,0,GENERAL_SEMANTIC
1280,96112,Trách nhiệm của thí sinh tham dự thi kiểm tra kết quả tập sự hành nghề luật sư như thế nào?,91,21,0,0,0,0,0,1,0,0,0,0,0,0,0,0,0,0,0,0,1,0,0,GENERAL_SEMANTIC
1281,47276,"Đối với công trình thủy lợi thì thiết bị cơ bản, sử dụng và bảo quản thiết bị, dụng cụ khoan, đào cần đáp ứng những yêu cầu gì?",127,29,0,0,0,0,0,0,0,0,0,0,0,0,0,0,0,0,0,0,0,0,0,CONDITION
1282,110244,Tổ chức tham gia hoạt động công nghiệp quốc phòng là những tổ chức như thế nào?,79,17,0,0,0,0,0,0,0,0,0,0,0,0,0,0,0,0,0,0,0,0,1,GENERAL_SEMANTIC
1283,66792,Nhiệm vụ của Hội Di sản Văn hóa Việt Nam là gì?,47,12,0,0,0,0,0,0,0,0,0,0,0,0,0,0,0,0,0,0,0,0,0,DEFINITION
1284,139474,"Thí sinh cố ý gây mất an toàn trong phòng thi, ngoài việc bị đình chỉ thi thì sẽ được xử lý thế nào?",100,24,0,0,0,0,0,0,0,0,0,0,0,0,0,0,0,0,0,0,0,0,0,GENERAL_SEMANTIC
1285,24192,Hỗ trợ chuyển đổi nghề tại dự án thuộc Chương trình mục tiêu quốc gia phát triển kinh tế - xã hội vùng đồng bào dân tộc thiểu số và miền núi?,141,31,0,0,0,0,0,0,0,0,0,0,0,0,0,0,0,0,0,0,0,0,0,GENERAL_SEMANTIC
1286,38260,Chi phí thực hiện công tác cưỡng chế thi hành quyết định xử phạt vi phạm hành chính được lấy từ đâu?,100,22,0,0,0,0,0,0,0,0,0,1,0,0,0,0,0,0,0,0,1,0,0,SANCTION
1287,53248,Doanh nghiệp có vốn đầu tư nước ngoài được Nhà nước cho thuê đất để trồng rừng sản xuất có nghĩa vụ gì?,103,23,0,0,0,0,0,0,0,0,0,0,0,0,0,0,0,0,0,0,0,0,1,GENERAL_SEMANTIC
1288,101472,Quy trình xem xét tiếp nhận công chức quy định thế nào?,55,12,0,0,0,0,0,0,0,0,0,0,0,0,0,0,0,0,0,0,0,0,0,GENERAL_SEMANTIC
1289,17092,Những nội dung và hành vi bị nghiêm cấm trong hoạt động điện ảnh gồm gì?,72,16,0,0,0,0,0,0,0,0,0,0,0,0,0,0,0,0,0,0,0,0,0,GENERAL_SEMANTIC
1290,82136,Tiêu chuẩn để nhận biết tài sản cố định là gì?,46,11,0,0,0,0,0,0,0,0,0,0,0,0,0,0,0,0,0,0,0,0,0,CONDITION
1291,42724,Hạn nộp Kế hoạch hưởng ứng tháng hành động về an toàn vệ sinh lao động năm 2023 là khi nào?,91,21,0,0,0,0,0,0,0,0,0,0,0,0,0,0,0,1,0,0,0,1,0,PROCEDURE
1292,88978,Bình đẳng giới trong lĩnh vực giáo dục và đào tạo được thể hiện như thế nào?,76,17,0,0,0,0,0,0,0,0,0,0,0,0,0,0,0,0,0,0,0,0,0,GENERAL_SEMANTIC
1293,139084,Tuyển sinh và công nhận nghiên cứu sinh được quy định như thế nào?,66,14,0,0,0,0,0,0,0,0,0,0,0,0,0,0,0,0,0,0,0,0,0,GENERAL_SEMANTIC
1294,93680,Trình tự để cá nhân thực hiện thủ tục thay đổi thông tin đăng ký thuế trực tiếp tại cơ quan thuế được quy định như thế nào?,123,28,0,0,0,0,0,0,0,0,0,0,0,0,0,0,0,0,0,0,0,0,1,PROCEDURE
1295,76248,Trên giấy chứng nhận lưu hành tự do đối với hàng hóa nhập khẩu bao gồm những nội dung gì?,89,20,0,0,0,0,0,0,0,0,0,0,0,0,0,0,0,0,0,0,0,0,0,GENERAL_SEMANTIC
1296,124516,Sổ kế toán phải có chữ ký của những ai?,39,10,0,0,0,0,0,0,0,0,0,0,0,0,0,0,0,0,0,0,0,0,0,GENERAL_SEMANTIC
1297,3424,"Thế nào là phân lô, bán nền?",28,7,0,0,0,0,0,0,0,0,0,0,0,0,0,0,0,0,0,0,0,0,0,DEFINITION
1298,97716,Chủ tịch Huyện có thẩm quyền xử phạt trốn khai báo y tế?,56,13,0,0,0,0,0,0,0,0,0,0,0,0,0,0,0,0,0,0,0,0,0,SANCTION
1299,135534,Chí nhánh ngân hàng thương mại là gì?,37,8,0,0,0,0,0,0,0,0,0,0,0,0,0,0,0,0,0,0,0,0,0,DEFINITION
1300,132222,Viên chức đang công tác ở vùng 3 thì bị biệt phái sang vùng 1 công tác có được không?,85,20,0,0,0,0,0,0,0,0,0,0,0,0,0,0,0,0,0,0,0,1,0,CONDITION
1301,13722,Ủy ban nhân dân cấp tỉnh có trách nhiệm đối với trung tâm Giáo dục nghề nghiệp - Giáo dục thường xuyên huyện hay không?,119,24,0,0,0,0,0,0,0,0,0,0,0,0,0,0,0,0,0,0,0,0,1,PROCEDURE
1302,93784,Thời gian tập sự hành nghề Thừa phát lại hiện nay là bao lâu?,61,14,0,0,0,0,0,0,0,0,0,0,0,0,0,0,0,0,0,0,0,0,0,NUMERICAL_THRESHOLD
1303,124752,Chìa khóa cửa phòng máy chủ hoạt động công nghệ thông tin trong hệ thống Ngân hàng Phát triển được giao cho ai quản lý?,119,25,0,0,0,0,0,0,0,0,0,0,0,0,0,0,0,0,0,0,0,0,0,GENERAL_SEMANTIC
1304,98964,Có luân chuyển đối với đại biểu hội đồng nhân dân cấp xã hay không?,67,15,0,0,0,0,0,0,0,0,0,0,0,0,0,0,0,0,0,0,0,0,0,PROCEDURE
1305,74668,Hàng hóa có chiết khấu thương mại thì ghi trên hóa đơn như thế nào?,67,15,0,0,0,0,0,0,0,0,0,0,0,0,0,0,0,0,0,0,0,0,0,GENERAL_SEMANTIC
1306,158862,Nhãn thức ăn bổ sung dùng cho trẻ nhỏ phải bảo đảm những yêu cầu gì?,68,16,0,0,0,0,0,0,0,0,0,0,0,0,0,0,0,0,1,0,0,0,0,CONDITION
1307,86400,Cơ cấu tổ chức của Ban dân tộc của Hội đồng nhân dân huyện được quy định như thế nào?,85,20,0,0,0,0,0,0,0,0,0,0,0,0,0,0,0,0,0,0,0,0,1,GENERAL_SEMANTIC
1308,87738,Thông tin nào được xem là có nội dung tuyên truyền chống phá Nhà nước trên không gian mạng?,91,19,0,0,0,0,0,0,0,0,0,0,0,0,0,0,0,0,0,0,0,0,0,GENERAL_SEMANTIC
1309,1092,Việc áp dụng phương thức kiểm tra nhà nước về an toàn thực phẩm nhập khẩu được thực hiện như thế nào?,101,22,0,0,0,0,0,0,0,0,0,0,0,0,0,0,0,0,0,0,0,0,0,GENERAL_SEMANTIC
1310,161268,Sau dấu chấm phẩy có viết hoa không?,36,8,0,0,0,0,0,0,0,0,0,0,0,0,0,0,0,0,0,0,0,0,0,GENERAL_SEMANTIC
1311,128134,Chức trách và nhiệm vụ của kiểm tra viên cao cấp thuế có thay đổi nào từ 18/7/2022?,83,20,0,0,0,0,0,0,0,0,0,0,0,0,0,0,0,1,0,0,0,1,0,PROCEDURE
1312,5362,Việc tiếp nhận yêu cầu thi hành án do ai chịu trách nhiệm chính?,64,14,0,0,0,0,0,0,0,0,0,0,0,0,0,0,0,0,0,0,0,0,0,CONDITION
1313,135140,Quảng cáo thực phẩm chức năng tăng cân cho người gầy bằng màn hình quảng cáo tại trạm xe buýt cần phải lưu ý những vấn đề gì?,125,28,0,0,0,0,0,0,0,0,0,0,0,0,0,0,0,0,0,0,0,0,0,GENERAL_SEMANTIC
1314,165930,Điều kiện để được phép kinh doanh bất động sản là gì?,53,12,0,0,0,0,0,0,0,0,0,0,0,0,0,0,0,0,0,0,0,0,0,CONDITION
1315,39780,Giáo viên dạy giỏi cấp cơ sở trong Bộ quốc phòng phải có trình độ học vấn ra sao?,81,19,0,0,0,0,0,0,0,0,0,0,0,0,0,0,0,0,0,0,0,0,0,PROCEDURE
1316,71456,Cơ quan nào có thẩm quyền thu phí sử dụng đường bộ theo quy định?,65,15,0,0,0,0,0,0,0,0,0,0,0,0,0,0,0,0,0,1,0,0,1,GENERAL_SEMANTIC
1317,4378,Nhiệm vụ của Đại hội bất thường Hội Luật quốc tế Việt Nam là gì?,64,15,0,0,0,0,0,1,0,0,0,0,0,0,0,0,0,0,0,0,1,0,0,DEFINITION
1318,90474,"Theo quy định pháp luật, tranh chấp về dân sự có bao gồm tranh chấp hàng hải không?",83,18,0,0,0,0,0,1,0,0,0,0,0,0,0,0,0,0,0,1,1,0,0,CROSS_REFERENCE
1319,42404,Các hành vi bị nghiêm cấm trong hoạt động hàng hải?,51,11,0,0,0,0,0,0,0,0,0,0,0,0,0,0,0,0,0,0,0,0,0,GENERAL_SEMANTIC
1320,73432,Tiền gửi ngân hàng sẽ hưởng ưu đãi thuế thu nhập doanh nghiệp trong trường hợp nào?,83,17,0,0,0,0,0,0,0,0,0,0,0,0,0,0,0,0,0,0,0,0,1,ELIGIBILITY
1321,17906,Trạm y tế cấp xã tại Thành phố Hồ Chí Minh phải giảm tải thủ tục hành chính cho F0 như thế nào?,95,23,0,0,0,0,0,0,0,0,0,0,0,0,0,0,0,0,0,0,0,0,0,PROCEDURE
1322,25280,Trường hợp nào người lao động không được hưởng chế độ từ người sử dụng lao động khi bị tai nạn lao động?,104,23,0,0,0,0,0,0,0,0,0,0,0,0,0,0,0,0,0,0,0,0,1,ELIGIBILITY
1323,122046,Ban chỉ đạo chống dịch bệnh truyền nhiễm bao gồm những cơ quan nào?,67,14,0,0,0,0,0,0,0,0,0,0,0,0,0,0,0,0,0,0,0,0,1,GENERAL_SEMANTIC
1324,34864,Cục An toàn thực phẩm có các nhiệm vụ và quyền hạn gì trong việc thực hiện chức năng của mình?,94,21,0,0,0,0,0,0,0,0,0,0,0,0,0,0,0,0,0,0,0,0,0,GENERAL_SEMANTIC
1325,133938,Phẫu thuật tháo dầu silicon nội nhãn được chỉ định khi nào? Phẫu thuật viên chuyên khoa Mắt có thể thực hiện phẫu thuật tháo dầu silicon nội nhãn được không?,157,31,0,0,0,0,0,0,0,0,0,0,0,0,0,0,0,0,0,0,0,0,0,GENERAL_SEMANTIC
1326,90224,"Người phiên dịch, dịch thuật trong tố tụng dân sự là ai?",56,12,0,0,0,0,0,0,0,0,0,0,0,0,0,0,0,0,0,0,0,0,0,GENERAL_SEMANTIC
1327,10548,Mẫu báo cáo tình hình hoạt động trước khi chấm dứt hoạt động bán hàng đa cấp mới nhất năm 2023 có dạng như thế nào?,115,26,0,0,0,0,0,0,0,0,0,0,0,0,0,0,0,1,1,0,0,1,0,PROCEDURE
1328,137594,Nội dung thẩm định điều chỉnh dự án đầu tư công không có cấu phần xây dựng bao gồm những gì?,92,21,0,0,0,0,0,0,0,0,0,0,0,0,0,0,0,0,0,0,0,0,0,GENERAL_SEMANTIC
1329,11840,Chủ tàu biển Việt Nam sử dụng thuyền viên nước ngoài có trách nhiệm thế nào?,76,16,0,0,0,0,0,0,0,0,0,0,0,0,0,0,0,0,0,0,0,0,0,GENERAL_SEMANTIC
1330,150432,Mạng xã hội có thuộc hình thức giao dịch của sàn thương mại điện tử không?,74,16,0,0,0,0,0,0,0,0,0,0,0,0,0,0,0,0,0,0,0,0,0,GENERAL_SEMANTIC
1331,112724,"Hồ sơ thành lập, cho phép thành lập phân hiệu của trường trường cao đẳng bao gồm những gì?",90,19,0,0,0,0,0,0,0,0,0,0,0,0,0,0,0,0,0,0,0,0,0,PROCEDURE
1332,150384,Tòa án nhân dân sẽ xem xét đơn yêu cầu bắt giữ tàu bay của người có quyền và lợi ích liên quan đến tàu bay trong thời hạn bao lâu?,130,31,0,0,0,0,0,0,0,0,0,0,0,0,0,0,0,0,0,0,0,0,0,CONDITION
1333,90964,Hợp nhất công ty thì giải quyết kế toán thế nào?,48,11,0,0,0,0,0,0,0,0,0,0,0,0,0,0,0,0,0,0,0,0,1,PROCEDURE
1334,163054,Thủ tục xem xét cho từ chức đối với người quản lý doanh nghiệp được thực hiện như thế nào?,90,20,0,0,0,0,0,0,0,0,0,0,0,0,0,0,0,0,0,0,0,0,1,PROCEDURE
1335,38836,Làm việc bán thời gian là gì?,29,7,0,0,0,0,0,0,0,0,0,0,0,0,0,0,0,0,0,0,0,0,0,DEFINITION
1336,33262,"Giấy chứng nhận chất lượng, an toàn kỹ thuật và bảo vệ môi trường là gì?",72,16,0,0,0,0,0,0,0,0,0,0,0,0,0,0,0,0,0,0,0,0,0,DEFINITION
1337,67046,"Nội dung kiến thức, kỹ năng về phòng cháy, chữa cháy và cứu nạn, cứu hộ đối với học sinh, sinh viên bao gồm những gì?",117,26,0,0,0,0,0,0,0,0,0,0,0,0,0,0,0,0,0,0,0,0,0,GENERAL_SEMANTIC
1338,9798,Công chứng viên có nghĩa vụ về tài sản liên quan tới nội dung di chúc thì có được công chứng di chúc không?,107,24,0,0,0,0,0,0,0,0,0,0,0,0,0,0,0,0,0,0,0,0,0,CONDITION
1339,101618,Khi họp Hội đồng quản trị có lập biên bản họp nhưng có nhất thiết phải ra Nghị quyết Hội đồng quản trị không?,109,24,0,0,0,0,0,0,0,0,0,0,1,0,0,0,0,0,0,0,1,0,0,GENERAL_SEMANTIC
1340,3666,"Đối với hoạt động mua sắm tài sản công tại đơn vị sự nghiệp công lập, cơ quan nào có thẩm quyền quyết định?",107,24,0,0,0,0,0,0,0,0,0,1,0,0,0,0,0,0,0,0,1,0,1,GENERAL_SEMANTIC
1341,99804,Nhiệm vụ và quyền hạn của Ban Thường vụ Hội Nhạc sĩ Việt Nam được quy định thế nào?,83,19,0,0,0,0,0,0,0,0,0,0,0,0,0,0,0,0,0,0,0,0,0,GENERAL_SEMANTIC
1342,80558,Quy định về thời gian làm việc ở vùng có điều kiện kinh tế đặc biệt khó khăn,76,18,0,0,0,0,0,0,0,0,0,0,0,0,0,0,0,0,0,0,0,0,0,CONDITION
1343,155126,"Chỉnh sửa nội dung chứng chỉ nghiệp vụ sư phạm dạy trình độ cao đẳng, trình độ trung cấp, trình độ sơ cấp",105,23,0,0,0,0,0,0,0,0,0,0,0,0,0,0,0,0,0,0,0,0,0,PROCEDURE
1344,32042,Kết hôn rồi mà chung sống với người khác thì bị xử phạt như thế nào?,68,16,0,0,0,0,0,0,0,0,0,0,0,0,0,0,0,0,0,0,0,0,0,SANCTION
1345,49514,"Trách nhiệm của công đoàn cấp trên trực tiếp cơ sở, các công đoàn cơ sở trực thuộc toàn diện Liên đoàn Lao động TP. Hồ Chí Minh ra sao?",135,30,0,0,0,0,0,0,0,0,0,0,0,0,0,0,0,0,0,0,0,0,0,PROCEDURE
1346,60926,Danh sách nhà thầu đáp ứng yêu cầu về kỹ thuật trong giai đoạn một có phải được phê duyệt bằng văn bản không?,109,24,0,0,0,0,0,0,0,0,0,0,0,0,0,0,0,0,0,0,0,0,1,CONDITION
1347,120892,"Khiếu nại, kiến nghị của cơ quan, tổ chức, cá nhân có liên quan trong hoạt động thanh tra dựa trên cơ sở nào?",109,24,0,0,0,0,0,0,0,0,0,0,0,0,0,0,0,0,0,0,0,0,1,GENERAL_SEMANTIC
1348,65790,Phân loại chất thải nguy hại trong y tế như thế nào?,52,12,0,0,0,0,0,0,0,0,0,0,0,0,0,0,0,0,0,0,0,0,0,GENERAL_SEMANTIC
1349,96160,"Bổ sung quy định xem xét, phân cấp việc tổ chức quản lý hoạt động vận tải thủy trong thời gian tới?",99,22,0,0,0,0,0,0,0,0,0,0,0,0,0,0,0,0,1,0,0,0,1,PROCEDURE
1350,29060,Biển số xe máy bị mờ có được cấp lại biển số mới không?,55,14,0,0,0,0,0,0,0,0,0,0,0,0,0,0,0,0,0,0,0,0,0,PROCEDURE
1351,12278,Tin báo về tội phạm được pháp luật quy định như thế nào?,56,13,0,0,0,0,0,1,0,0,0,0,0,0,0,0,0,0,0,0,1,0,0,GENERAL_SEMANTIC
1352,76050,Nộp đơn khởi kiện dân sự có cần công chứng giấy tờ không?,57,13,0,0,0,0,0,0,0,0,0,0,0,0,0,0,0,0,0,0,0,0,0,PROCEDURE
1353,93438,"Người học ngành công nghệ sinh học trình độ cao đẳng phải có khả năng học tập, nâng cao trình độ như thế nào?",109,24,0,0,0,0,0,0,0,0,0,0,0,0,0,0,0,0,0,0,0,0,0,GENERAL_SEMANTIC
1354,116122,Người lao động có hai sổ bảo hiểm xã hội thì giải quyết như ra sao?,67,16,0,0,0,0,0,0,0,0,0,0,0,0,0,0,0,0,0,0,0,0,1,PROCEDURE
1355,138412,Việc chấm dứt tư cách thành viên Liên đoàn Bóng đá Việt Nam được quy định thế nào?,82,18,0,0,0,0,0,0,0,0,0,0,0,0,0,0,0,0,0,0,0,0,0,GENERAL_SEMANTIC
1356,696,Hơn 90.000 người lao động nông thôn sẽ được đào tạo nghề giai đoạn 2022-2025?,77,17,0,0,0,0,0,0,0,0,0,0,0,0,0,0,0,1,0,0,0,1,1,GENERAL_SEMANTIC
1357,103044,Hồ sơ đề nghị điều chỉnh Mệnh lệnh vận chuyển vật liệu nổ công nghiệp cho doanh nghiệp Quân đội gồm có những tờ gì?,115,25,0,0,0,0,0,0,0,0,0,0,0,0,0,0,0,0,0,0,0,0,1,PROCEDURE
1358,103930,Người tốt nghiệp ngành công nghệ ô tô trình độ trung cấp có thể làm những công việc nào?,88,19,0,0,0,0,0,0,0,0,0,0,0,0,0,0,0,0,0,0,0,0,0,PROCEDURE
1359,104810,"Tòa án cấp phúc thẩm giải quyết bồi thường của Nhà nước trong hoạt động tố tụng dân sự, tố tụng hành chính trong những trường hợp nào?",134,28,0,0,0,0,0,0,0,0,0,0,0,0,0,0,0,0,0,0,0,0,0,PROCEDURE
1360,48004,Nhà xuất bản sử dụng ảnh minh họa cho xuất bản phẩm gây phản cảm thì sẽ bị xử phạt vi phạm hành chính thế nào?,110,26,0,0,0,0,0,0,0,0,0,0,0,0,0,0,0,0,0,0,0,0,0,SANCTION
1361,96776,Hồ sơ thực hiện thủ tục biên phòng đối với tàu cá Việt Nam đi khai thác thủy sản ở vùng biển ngoài vùng biển Việt Nam gồm những gì?,131,30,0,0,0,0,0,0,0,0,0,0,0,0,0,0,0,0,0,0,0,0,0,PROCEDURE
1362,30630,Dân tộc thiểu số có chữ viết riêng của dân tộc mình có bắt buộc phải duy trì và phát triển chữ viết đó hay không?,113,26,0,0,0,0,0,0,0,0,0,0,0,0,0,0,0,0,0,0,0,0,0,GENERAL_SEMANTIC
1363,4212,Quản lý nhà nước về tham gia lực lượng gìn giữ hòa bình của Liên hợp quốc gồm những nội dung nào?,97,22,0,0,0,0,0,0,0,0,0,0,0,0,0,0,0,0,0,0,0,0,0,GENERAL_SEMANTIC
1364,23742,Ai có quyền phong cấp bậc hàm Thiếu tá đối với sĩ quan Công an nhân dân?,72,17,0,0,0,0,0,0,0,0,0,0,0,0,0,0,0,0,0,0,0,0,0,PROCEDURE
1365,80628,Để xây dựng chương trình phát triển nhà ở của địa phương thì cần dùng kinh phí từ nguồn ngân sách nào?,102,22,0,0,0,0,0,0,0,0,0,0,0,0,0,0,0,0,0,0,0,0,0,GENERAL_SEMANTIC
1366,93834,Hiệp hội Chống hàng giả và bảo vệ quyền sở hữu trí tuệ của các doanh nghiệp có vốn đầu tư nước ngoài tại Việt Nam có tư cách pháp nhân và con dấu riêng hay không?,162,37,0,0,0,0,0,0,0,0,0,0,0,0,0,0,0,0,0,0,0,0,1,GENERAL_SEMANTIC
1367,15502,Mẫu Quyết định buộc thôi làm Hòa giải viên tại Tòa án nhân dân cấp huyện mới nhất hiện nay thế nào?,99,22,0,0,0,0,0,0,0,0,0,1,0,0,0,0,0,0,1,0,1,0,0,PROCEDURE
1368,125886,Khi tiến hành kiểm soát Cảnh sát giao thông có phải thông báo cho người điều khiển phương tiện giao thông không?,112,22,0,0,0,0,0,0,0,0,0,0,0,0,0,0,0,0,0,0,0,0,0,GENERAL_SEMANTIC
1369,51510,Các tiêu chí đo lường nghèo đa chiều cụ thể tại Việt Nam trong giai đoạn 2022 - 2025 là gì?,91,20,0,0,0,0,0,0,0,0,0,0,0,0,0,0,0,1,0,0,0,1,0,DEFINITION
1370,101654,"Cán bộ, công chức, viên chức bị đánh giá, xếp loại chất lượng không hoàn thành nhiệm vụ khi có những tiêu chí nào?",114,24,0,0,0,0,0,0,0,0,0,0,0,0,0,0,0,0,0,0,0,0,0,GENERAL_SEMANTIC
1371,34400,Quản tài viên có thể bị thay đổi trong những trường hợp nào?,60,13,0,0,0,0,0,0,0,0,0,0,0,0,0,0,0,0,0,0,0,0,0,ELIGIBILITY
1372,2112,Hành vi nợ tiền BHXH bị xử lý như thế nào?,42,11,0,0,0,0,0,0,0,0,0,0,0,0,0,0,0,0,0,0,0,0,0,GENERAL_SEMANTIC
1373,138570,Các yêu cầu đối với Cảnh sát giao thông khi đang thực hiện nhiệm vụ xử phạt được quy định như thế nào?,102,23,0,0,0,0,0,0,0,0,0,0,0,0,0,0,0,0,0,0,0,0,0,SANCTION
1374,138858,Nội dung chuẩn bị điều trị bảo tồn gẫy đầu trên xương cánh tay như thế nào?,75,17,0,0,0,0,0,0,0,0,0,0,0,0,0,0,0,0,0,0,0,0,0,GENERAL_SEMANTIC
1375,104320,Bổ sung cán bộ quản lý bồi dưỡng thường xuyên?,46,10,0,0,0,0,0,0,0,0,0,0,0,0,0,0,0,0,1,0,0,0,0,GENERAL_SEMANTIC
1376,166676,Nhà đầu tư nước ngoài đầu tư gián tiếp vào Việt Nam có thể mở tài khoản đầu tư gián tiếp bằng ngoại tệ được hay không?,118,27,0,0,0,0,0,0,0,0,0,0,0,0,0,0,0,0,0,0,0,0,0,GENERAL_SEMANTIC
1377,113672,"Các khoản đóng góp từ thiện, nhân đạo được giảm trừ vào thu nhập chịu thuế là gì?",81,18,0,0,0,0,0,0,0,0,0,0,0,0,0,0,0,0,0,0,0,0,0,DEFINITION
1378,145950,Hội Hỗ trợ gia đình liệt sĩ Việt Nam có mục đích hoạt động là gì?,65,16,0,0,0,0,0,0,0,0,0,0,0,0,0,0,0,0,0,0,0,0,0,DEFINITION
1379,75936,Nguyên tắc thực hiện hoạt động đối ngoại của Bộ Tư pháp là gì?,62,14,0,0,0,0,0,0,0,0,0,0,0,0,0,0,0,0,0,0,0,0,0,DEFINITION
1380,41326,Khi nào Thẩm phán ra quyết định bắt giữ tàu biển theo ủy thác tư pháp của Tòa án nước ngoài?,92,21,0,0,0,0,0,0,0,0,0,1,0,0,0,0,0,0,0,1,1,0,0,CROSS_REFERENCE
1381,42322,Nguyên tắc áp dụng APA như thế nào?,35,8,0,0,0,0,0,0,0,0,0,0,0,0,0,0,0,0,0,0,0,0,0,GENERAL_SEMANTIC
1382,64552,Cơ cấu tổ chức của Ban Kinh tế Trung ương như thế nào?,54,13,0,0,0,0,0,0,0,0,0,0,0,0,0,0,0,0,0,0,0,0,1,GENERAL_SEMANTIC
1383,141082,Doanh nghiệp sửa chữa làm sai lệch nội dung giấy phép hoạt động đo đạc và bản đồ có bị thu hồi giấy phép hoạt động không?,121,27,0,0,0,0,0,0,0,0,0,0,0,0,0,0,0,0,0,0,0,0,1,GENERAL_SEMANTIC
1384,116758,Hành vi nào được xem là cản trở việc thi hành án hành chính?,60,14,0,0,0,0,0,0,0,0,0,0,0,0,0,0,0,0,0,0,0,0,0,GENERAL_SEMANTIC
1385,123412,"Nhiệm vụ, quyền hạn của Lưu trữ viên như thế nào?",49,11,0,0,0,0,0,0,0,0,0,0,0,0,0,0,0,0,0,0,0,0,0,GENERAL_SEMANTIC
1386,46698,Doanh nghiệp có quyền cho công nhân nghỉ chờ việc nếu công ty đang ít việc không?,81,17,0,0,0,0,0,0,0,0,0,0,0,0,0,0,0,0,0,0,0,0,1,GENERAL_SEMANTIC
1387,147146,"Có được phép nuôi gia súc, gia cầm trong khu vực cảng hàng không, sân bay hay không?",84,18,0,0,0,0,0,0,0,0,0,0,0,0,0,0,0,0,0,0,0,0,0,CONDITION
1388,84196,Thanh tra viên chuyên ngành hàng hải được quyền xử phạt tổ chức cho mượn giấy chứng nhận đủ điều kiện kinh doanh khai thác cảng biển không?,139,28,0,0,0,0,0,0,0,0,0,0,0,0,0,0,0,0,0,0,0,0,1,SANCTION
1389,104904,"Khi vợ sinh con, chồng có được nghỉ việc để chăm không?",55,12,0,0,0,0,0,0,0,0,0,0,0,0,0,0,0,0,0,0,0,0,0,CONDITION
1390,157272,Có phải thực hiện giám sát giao dịch chứng khoán khi tổ chức niêm yết tự mua lại cổ phiếu của chính mình hay không?,115,25,0,0,0,0,0,0,0,0,0,0,0,0,0,0,0,0,0,0,0,0,1,GENERAL_SEMANTIC
1391,69836,Sau khi tốt nghiệp người học ngành công nghệ kỹ thuật vật liệu xây dựng trình độ trung cấp phải đạt được những kỹ năng nào?,123,26,0,0,0,0,0,0,0,0,0,0,0,0,0,0,0,0,0,0,0,0,0,PROCEDURE
1392,127696,"Cục trưởng Cục Đường thủy nội địa Việt Nam có quyền xử phạt người đặt vó đánh bắt cá trên sông gây cản trở hoạt động di chuyển của tàu, thuyền hay không?",153,33,0,0,0,0,0,0,0,0,0,0,0,0,0,0,0,0,0,0,0,0,0,SANCTION
1393,9906,Trình tự tự công bố lại sản phẩm được tiến hành như thế nào?,60,14,0,0,0,0,0,0,0,0,0,0,0,0,0,0,0,0,0,0,0,0,0,PROCEDURE
1394,141380,Quỹ thành viên là gì?,21,5,0,0,0,0,0,0,0,0,0,0,0,0,0,0,0,0,0,0,0,0,0,DEFINITION
1395,163608,"Hồ sơ, thủ tục nhận bảo hiểm xã hội một lần được quy định ra sao?",65,16,0,0,0,0,0,0,0,0,0,0,0,0,0,0,0,0,0,0,0,0,0,PROCEDURE
1396,119084,Hồ sơ đăng ký người được bổ nhiệm chức việc gồm những gì?,57,13,0,0,0,0,0,0,0,0,0,0,0,0,0,0,0,0,0,0,0,0,0,PROCEDURE
1397,7608,"Chủ đầu tư phải chịu trách nhiệm đối với thiết bị, vật liệu của mình cấp cho Nhà thầu trong hợp đồng thi công xây dựng không?",125,27,0,0,0,0,0,0,0,0,0,0,0,0,0,0,0,0,0,0,0,0,1,PROCEDURE
1398,5558,Cơ cấu tổ chức của Văn phòng Chính phủ như thế nào?,51,12,0,0,0,0,0,0,0,0,0,0,0,0,0,0,0,0,0,0,0,0,1,GENERAL_SEMANTIC
1399,37634,Giá trị pháp lý của văn bản điện tử?,36,9,0,0,0,0,0,0,0,0,0,0,0,0,0,0,0,0,0,0,0,0,0,GENERAL_SEMANTIC
1400,119470,Giám đốc Công an cấp tỉnh được quyền xử phạt cơ sở trợ giúp xã hội không báo cáo định kỳ về tình hình hoạt động của cơ sở theo quy định không?,142,33,0,0,0,0,0,0,0,0,0,0,0,0,0,0,0,0,0,1,0,0,0,SANCTION
1401,87626,Tổ chức quản lý vốn đầu tư xây dựng trong thực hành tiết kiệm phải đảm bảo nguyên tắc gì?,89,20,0,0,0,0,0,0,0,0,0,0,0,0,0,0,0,0,0,0,0,0,1,GENERAL_SEMANTIC
1402,20636,Có phải thay đổi hộ chiếu phổ thông khi đổi từ chứng minh nhân dân sang căn cước công dân không?,96,21,0,0,0,0,0,0,0,0,0,0,0,0,0,0,0,0,0,0,0,0,0,GENERAL_SEMANTIC
1403,81226,"Nguyên tắc hoạt động của Nhóm biên, phiên dịch của Tòa án nhân dân tối cao được quy định ra sao?",96,21,0,0,0,0,0,0,0,0,0,0,0,0,0,0,0,0,0,0,0,0,0,GENERAL_SEMANTIC
1404,9294,Người thân từ chối nhận di sản thì giải quyết vấn đề thừa kế như thế nào?,73,17,0,0,0,0,0,0,0,0,0,0,0,0,0,0,0,0,0,0,0,0,0,PROCEDURE
1405,126202,"Mức hưởng bảo hiểm y tế đối với người khuyết tật nặng, người khuyết tật đặc biệt nặng là bao nhiêu?",99,21,0,0,0,0,0,0,0,0,0,0,0,0,0,0,0,0,0,0,0,0,0,NUMERICAL_THRESHOLD
1406,33134,"Nếu công dân có hành vi gây rối trật tự tại trụ sở tiếp công dân, trụ sở ủy ban nhân dân nhiều lần trong năm thì xử lý như thế nào?",131,32,0,0,0,0,0,0,0,0,0,0,0,0,0,0,0,0,0,0,0,0,1,GENERAL_SEMANTIC
1407,167966,Tổ chức lưu ký có quyền dùng tài sản quỹ hưu trí được lưu ký để thực hiện các hoạt động khác hay không?,103,24,0,0,0,0,0,0,0,0,0,0,0,0,0,0,0,0,0,0,0,0,1,GENERAL_SEMANTIC
1408,153892,Thời hạn giải quyết chế độ nghỉ dưỡng sức trong bao lâu?,56,12,0,0,0,0,0,0,0,0,0,0,0,0,0,0,0,0,0,0,0,0,0,PROCEDURE
1409,157278,Công chứng viên không hành nghề liên tục thì có bị gì không?,60,13,0,0,0,0,0,0,0,0,0,0,0,0,0,0,0,0,0,0,0,0,0,GENERAL_SEMANTIC
1410,56968,Cơ sở vật chất và trang thiết bị tập luyện môn Khiêu vũ thể thao được chuẩn bị như thế nào?,91,21,0,0,0,0,0,0,0,0,0,0,0,0,0,0,0,0,0,0,0,0,0,GENERAL_SEMANTIC
1411,34798,Mức hưởng Bảo hiểm y tế năm 2023 khi đi khám chữa bệnh trái tuyến là bao nhiêu?,79,18,0,0,0,0,0,0,0,0,0,0,0,0,0,0,0,1,0,0,0,1,0,NUMERICAL_THRESHOLD
1412,42102,"Nhiệm kỳ của Phó Chánh án Tòa án nhân dân quận là bao nhiêu? Do ai bổ nhiệm, miễn nhiệm?",88,20,0,0,0,0,0,0,0,0,0,0,0,0,0,0,0,0,0,0,0,0,0,NUMERICAL_THRESHOLD
1413,167006,"Điều kiện nào để ngân hàng thương mại, chi nhánh ngân hàng nước ngoài được cấp Giấy chứng nhận đủ điều kiện cung cấp dịch vụ bù trừ, thanh toán giao dịch chứng khoán phái sinh?",176,36,0,0,0,0,0,0,0,0,0,0,0,0,0,0,0,0,0,0,0,0,0,PROCEDURE
1414,41446,"Người học ngành kỹ thuật sửa chữa, lắp ráp máy tính phải có khả năng học tập, nâng cao trình độ như thế nào?",108,24,0,0,0,0,0,0,0,0,0,0,0,0,0,0,0,0,0,0,0,0,0,GENERAL_SEMANTIC
1415,28844,"Chào bán cạnh tranh, thỏa thuận lô cổ phần kèm nợ phải thu của doanh nghiệp mua bán nợ được thực hiện như thế nào?",114,25,0,0,0,0,0,0,0,0,0,0,0,0,0,0,0,0,0,0,0,0,1,GENERAL_SEMANTIC
1416,113844,Quản lý sử dụng nguồn thu cho thuê khai thác kết cấu hạ tầng cảng cạn được đầu tư bằng vốn nhà nước,99,23,0,0,0,0,0,0,0,0,0,0,0,0,0,0,0,0,0,0,0,0,0,GENERAL_SEMANTIC
1417,15674,Tổng Công ty Bưu điện Việt Nam tham gia các hoạt động trong các tổ chức quốc tế về bưu chính có những nội dung như thế nào?,123,28,0,0,0,0,0,0,0,0,0,0,0,0,0,0,0,0,0,0,0,0,1,GENERAL_SEMANTIC
1418,12820,Thu hồi hoàn thuế trong những trường hợp nào?,45,9,0,0,0,0,0,0,0,0,0,0,0,0,0,0,0,0,0,0,0,0,0,ELIGIBILITY
1419,146600,"Từ ngày 01/6/2022, cơ sở giáo dục nghề nghiệp muốn đổi tên phải chuẩn bị hồ sơ gồm những gì?",92,22,0,0,0,0,0,0,0,0,0,0,0,0,0,0,0,1,0,0,0,1,0,PROCEDURE
1420,83556,Ai được chỉ định thực hiện phẫu thuật thắt hẹp động mạch phổi trong bệnh tim bẩm sinh có tăng áp lực động mạch phổi nặng?,121,26,0,0,0,0,0,0,0,0,0,0,0,0,0,0,0,0,0,0,0,0,0,ELIGIBILITY
1421,53286,Xử lý tài sản bảo đảm là tài sản hình thành trong tương lai như thế nào?,72,17,0,0,0,0,0,0,0,0,0,0,0,0,0,0,0,0,0,0,0,0,0,GENERAL_SEMANTIC
1422,20810,Mức hưởng bảo hiểm y tế đối với trẻ em dưới 6 tuổi khi khám chữa bệnh đúng tuyến,80,19,0,0,0,0,0,0,0,0,0,0,0,0,0,0,0,0,0,0,0,1,0,NUMERICAL_THRESHOLD
1423,94254,Thẩm quyền thành lập đơn vị Ban chỉ huy quân sự cấp xã do ai quyết định?,72,17,0,0,0,0,0,0,0,0,0,1,0,0,0,0,0,0,0,0,1,0,0,PROCEDURE
1424,100386,Hồ sơ đăng ký thường trú trong trường hợp con về ở với cha mẹ thì cần những giấy tờ nào?,88,21,0,0,0,0,0,0,0,0,0,0,0,0,0,0,0,0,0,0,0,0,0,PROCEDURE
1425,93374,Nhiệm vụ và yêu cầu đối với một người kế toán như thế nào?,58,14,0,0,0,0,0,0,0,0,0,0,0,0,0,0,0,0,0,0,0,0,0,CONDITION
1426,23656,Doanh nghiệp do Nhà nước nắm giữ 100% vốn điều lệ chuyển đổi thành công ty trách nhiệm hữu hạn hai thành viên trở lên được hay không?,133,28,0,0,0,0,0,0,0,0,0,0,0,0,0,0,0,0,0,0,0,1,1,GENERAL_SEMANTIC
1427,2840,"Tiêu chuẩn về trình độ đào tạo, bồi dưỡng đối với ngạch Chuyên viên chính và ngạch Chuyên viên được thay đổi như thế nào trong năm 2022?",136,28,0,0,0,0,0,0,0,0,0,0,0,0,0,0,0,1,0,0,0,1,0,CONDITION
1428,119438,Trường hợp Tòa án thông báo lại lần thứ hai cho người khởi kiện về việc lựa chọn Hòa giải viên mà người khởi kiện không trả lời thì xử lý thế nào?,146,33,0,0,0,0,0,0,0,0,0,0,0,0,0,0,0,0,0,0,0,0,0,GENERAL_SEMANTIC
1429,111788,Trường Cán bộ Thanh tra là đơn vị sự nghiệp công lập không?,59,13,0,0,0,0,0,0,0,0,0,0,0,0,0,0,0,0,0,0,0,0,0,GENERAL_SEMANTIC
1430,168084,Miễn nhiệm Thanh tra viên cao cấp khi nào?,42,9,0,0,0,0,0,0,0,0,0,0,0,0,0,0,0,0,0,0,0,0,0,PROCEDURE
1431,112536,"Vi phạm của tổ chức, cá nhân nước ngoài tại Việt Nam khi tuyển dụng, sử dụng người lao động Việt Nam làm việc cho tổ chức, cá nhân nước ngoài tại Việt Nam",154,34,0,0,0,0,0,0,0,0,0,0,0,0,0,0,0,0,0,0,0,0,1,SANCTION
1432,62046,Tiền Việt Nam bị rách có đủ tiêu chuẩn để lưu thông hay không?,62,14,0,0,0,0,0,0,0,0,0,0,0,0,0,0,0,0,0,0,0,0,0,CONDITION
1433,165960,Thủ tục thông báo hủy kết quả phong phẩm hoặc suy cử làm chức sắc tại các tổ chức tôn giáo như thế nào?,103,24,0,0,0,0,0,0,0,0,0,0,0,0,0,0,0,0,0,0,0,0,1,PROCEDURE
1434,103804,Thẩm quyền quyết định việc ban hành văn bản quy phạm pháp luật theo thủ tục rút gọn thuộc về cơ quan nào?,105,23,0,0,0,0,0,1,0,0,0,1,0,0,0,0,0,0,0,1,2,0,1,PROCEDURE
1435,92540,Hồ sơ đăng ký bổ sung hoạt động giáo dục nghề nghiệp khi tuyển sinh vượt quá tổng quy mô bao gồm những gì?,106,24,0,0,0,0,0,0,0,0,0,0,0,0,0,0,0,0,1,0,0,0,0,PROCEDURE
1436,87162,Phương án bảo đảm an toàn giao thông đối với hoạt động nạo vét trong vùng nước đường thủy nội địa gồm những nội dung nào?,121,26,0,0,0,0,0,0,0,0,0,0,0,0,0,0,0,0,0,0,0,0,0,GENERAL_SEMANTIC
1437,31990,Công trình xây dựng không có giấy phép xây dựng có bị phá dỡ?,61,14,0,0,0,0,0,0,0,0,0,0,0,0,0,0,0,0,0,0,0,0,0,GENERAL_SEMANTIC
1438,70518,Xử lý vi phạm hành chính đối với hành vi này như thế nào?,57,14,0,0,0,0,0,0,0,0,0,0,0,0,0,0,0,0,0,0,0,0,0,SANCTION
1439,22664,Điều khiển xe ô tô khách quá niên hạn sử dụng thì sẽ bị xử phạt như thế nào?,76,19,0,0,0,0,0,0,0,0,0,0,0,0,0,0,0,0,0,0,0,0,0,SANCTION
1440,146350,Viên chức lãnh sự không bắt buộc phải cung cấp chứng cứ về những vấn đề nào?,76,17,0,0,0,0,0,0,0,0,0,0,0,0,0,0,0,0,0,0,0,0,0,PROCEDURE
1441,90790,"Hình thức, thời gian, địa điểm làm thủ tục phương tiện, tàu biển, thủy phi cơ, phương tiện thủy nước ngoài vào, rời cảng, bến thủy nội địa như thế nào?",151,31,0,0,0,0,0,0,0,0,0,0,0,0,0,0,0,0,0,0,0,0,0,PROCEDURE
1442,101214,"Quy định của pháp luật hiện hành về chiếu phim lưu động, phát sóng phim trên hệ thống truyền hình?",98,20,0,0,0,0,0,1,0,0,0,0,0,0,0,0,0,0,1,0,1,0,0,GENERAL_SEMANTIC
1443,55740,Hội đồng thẩm định nhà nước các dự án quan trọng quốc gia do ai thành lập?,74,17,0,0,0,0,0,0,0,0,0,0,0,0,0,0,0,0,0,0,0,0,0,GENERAL_SEMANTIC
1444,57432,"Hồ sơ đăng ký biến động đất đai đối với trường hợp hộ gia đình, cá nhân đưa quyền sử dụng đất vào doanh nghiệp gồm những gì?",124,28,0,0,0,0,0,0,0,0,0,0,0,0,0,0,0,0,0,0,0,0,1,PROCEDURE
1445,30278,"Để tiếp tục thực hiện Chương trình phục hồi và phát triển kinh tế - xã hội, Chính phủ giao các cơ quan ban ngành những nhiệm vụ gì?",131,28,0,0,0,0,0,0,0,0,0,0,0,0,0,0,0,0,0,0,0,0,1,GENERAL_SEMANTIC
1446,63038,Đơn vị kinh doanh vận tải hành khách theo hợp đồng không thực hiện việc thông báo nội dung của hợp đồng trước khi vận chuyển hành khách sẽ bị xử phạt thế nào?,158,34,0,0,0,0,0,0,0,0,0,0,0,0,0,0,0,0,0,1,0,0,0,SANCTION
1447,136958,Điều kiện thực hiện thủ tục cấp Giấy chứng nhận sử dụng vũ khí ra sao?,70,16,0,0,0,0,0,0,0,0,0,0,0,0,0,0,0,0,0,0,0,0,0,PROCEDURE
1448,159664,Mẫu Giấy đề nghị đăng ký hộ kinh doanh năm 2023 như thế nào?,60,14,0,0,0,0,0,0,0,0,0,0,0,0,0,0,0,1,0,0,0,1,1,PROCEDURE
1449,145386,Người lợi dụng chức vụ phạm tội tha trái pháp luật người bị bắt về tội phạm đặc biệt nghiêm trọng đã chấp hành xong hình phạt tù thì đương nhiên được xóa án tích khi nào?,170,37,0,0,0,0,0,1,0,0,0,0,0,0,0,0,0,0,0,0,1,0,0,SANCTION
1450,49772,Kháng cáo quá hạn được quy định như thế nào?,44,10,0,0,0,0,0,0,0,0,0,0,0,0,0,0,0,0,0,0,0,0,0,GENERAL_SEMANTIC
1451,83266,Thời điểm đặc xá được quy định như thế nào?,43,10,0,0,0,0,0,0,0,0,0,0,0,0,0,0,0,0,0,0,0,0,0,GENERAL_SEMANTIC
1452,108470,Có cần đăng ký website với Bộ Công thương không?,48,10,0,0,0,0,0,0,0,0,0,0,0,0,0,0,0,0,0,0,0,0,0,PROCEDURE
1453,54782,"Cá nhân cư trú có thu nhập từ tiền lương, tiền công trực tiếp khai quyết toán thuế thu nhập cá nhân với cơ quan thuế theo mẫu nào?",130,29,0,0,0,0,0,0,0,0,0,0,0,0,0,0,0,0,0,1,0,0,1,GENERAL_SEMANTIC
1454,87462,Yêu cầu về kinh nghiệm công tác đối với Trưởng phòng tại các đơn vị thuộc cơ quan Cục Thuế thế nào?,99,22,0,0,0,0,0,0,0,0,0,0,0,0,0,0,0,0,0,0,0,0,1,CONDITION
1455,112030,Đối với chuyên gia nước ngoài vào làm việc tại Việt Nam để được cấp thị thực cần đáp ứng những điều kiện gì?,108,24,0,0,0,0,0,0,0,0,0,0,0,0,0,0,0,0,0,0,0,0,0,PROCEDURE
1456,114862,Phương pháp kế toán một số khoản mục tài sản khi doanh nghiệp nhỏ và vừa không đáp ứng giả định hoạt động liên tục là gì?,121,27,0,0,0,0,0,0,0,0,0,0,0,0,0,0,0,0,0,0,0,0,1,DEFINITION
1457,148854,Việc lập kế hoạch kiểm toán tổng quát được quy định ra sao?,59,13,0,0,0,0,0,0,0,0,0,0,0,0,0,0,0,0,0,0,0,0,0,GENERAL_SEMANTIC
1458,112544,Cơ cấu thành phần Hội đồng thẩm định chương trình đào tạo của trường trung cấp nghề bao gồm những ai?,101,21,0,0,0,0,0,0,0,0,0,0,0,0,0,0,0,0,0,0,0,0,0,PROCEDURE
1459,59378,Doanh nghiệp viễn thông cung cấp giá cước không đúng với giá cước đã đăng ký với cơ quan nhà nước thì bị xử phạt thế nào?,121,27,0,0,0,0,0,0,0,0,0,0,0,0,0,0,0,0,0,0,0,0,1,SANCTION
1460,48618,Quy định về nguyên tắc thực hiện dự án đầu tư?,46,11,0,0,0,0,0,0,0,0,0,0,0,0,0,0,0,0,0,0,0,0,0,GENERAL_SEMANTIC
1461,108256,Tổ chức không thực hiện lưu chiểu báo chí theo quy định thì bị xử phạt vi phạm hành chính như thế nào?,102,23,0,0,0,0,0,0,0,0,0,0,0,0,0,0,0,0,0,1,0,0,1,SANCTION
1462,57514,Bố trí thời giờ làm việc cho nhân viên hàng không không đúng quy định thì tổ chức bị xử phạt thế nào?,101,23,0,0,0,0,0,0,0,0,0,0,0,0,0,0,0,0,0,0,0,0,1,SANCTION
1463,134588,Thế nào là nguyên nhân bất khả kháng? Thời gian xảy ra tai nạn do sự kiện bất khả kháng có tính vào thời hiệu khởi kiện không?,126,28,0,0,0,0,0,0,0,0,0,0,0,0,0,0,0,0,0,0,0,0,0,DEFINITION
1464,80974,Có bao nhiêu môn thể thao được tổ chức thi đấu tại Đại hội Thể thao học sinh Đông Nam Á lần thứ 13 năm 2023?,108,26,0,0,0,0,0,0,0,0,0,0,0,0,0,0,0,1,0,0,0,1,1,NUMERICAL_THRESHOLD
1465,144922,Cơ quan thanh tra chuyên ngành của Bộ Công thương là cơ quan nào?,65,14,0,0,0,0,0,0,0,0,0,0,0,0,0,0,0,0,0,0,0,0,1,GENERAL_SEMANTIC
1466,139032,"Chuyển mục đích sử dụng đất trồng lúa sang đất trồng cây lâu năm, đất trồng rừng trái phép bị xử phạt như thế nào?",114,25,0,0,0,0,0,0,0,0,0,0,0,0,0,0,0,0,0,0,0,0,0,SANCTION
1467,146100,Việc thông báo kết quả chào thầu cạnh tranh dự án tìm kiếm thăm dò và khai thác dầu khí được thực hiện như thế nào?,115,26,0,0,0,0,0,0,0,0,0,0,0,0,0,0,0,0,0,0,0,0,0,GENERAL_SEMANTIC
1468,60376,Thủ tục thực hiện đối với dự án đã được chấp thuận chủ trương đầu tư theo pháp luật hiện hành.,94,21,0,0,0,0,0,1,0,0,0,0,0,0,0,0,0,0,1,1,1,0,0,PROCEDURE
1469,42720,Tiền đặt trước và xử lý tiền đặt trước được quy định ra sao?,60,14,0,0,0,0,0,0,0,0,0,0,0,0,0,0,0,0,0,0,0,0,0,GENERAL_SEMANTIC
1470,43680,Nguồn kinh phí để cấp học bổng cho sinh viên sẽ được lập và quyết toán như thế nào?,83,19,0,0,0,0,0,0,0,0,0,0,0,0,0,0,0,0,0,0,0,0,0,PROCEDURE
1471,51204,Uống rượu bia rồi điều khiển xe máy tham gia giao thông bị phạt bao nhiêu?,74,16,0,0,0,0,0,0,0,0,0,0,0,0,0,0,0,0,0,0,0,0,0,SANCTION
1472,35984,"Cách thức bảo quản, hạn sử dụng, thời gian rã đông vắc xin Pfizer?",66,14,0,0,0,0,0,0,0,0,0,0,0,0,0,0,0,0,0,0,0,0,0,GENERAL_SEMANTIC
1473,80248,"Tốt nghiệp đại học ngành điều khiển tàu biển có đủ điều kiện đảm nhiệm chức danh Phó thuyền trưởng tàu tuần tra, kiểm soát Hải quan?",132,27,0,0,0,0,0,0,0,0,0,0,0,0,0,0,0,0,0,0,0,0,0,CONDITION
1474,20500,Vận động viên thể thao chuyên nghiệp có quyền và nghĩa vụ gì?,61,13,0,0,0,0,0,0,0,0,0,0,0,0,0,0,0,0,0,0,0,0,0,GENERAL_SEMANTIC
1475,107848,Trường hợp nào được giám định lại thương tật cho thương binh?,61,12,0,0,0,0,0,0,0,0,0,0,0,0,0,0,0,0,0,0,0,0,0,ELIGIBILITY
1476,102668,Chủ sở hữu đối tượng sở hữu công nghiệp có quyền gì?,52,12,0,0,0,0,0,0,0,0,0,0,0,0,0,0,0,0,0,0,0,0,0,CONDITION
1477,164010,Thẩm định báo cáo nghiên cứu khả thi đầu tư xây dựng theo quy định pháp luật,76,17,0,0,0,0,0,1,0,0,0,0,0,0,0,0,0,0,0,1,1,0,0,CROSS_REFERENCE
1478,131218,Ban quản trị nhà chung cư phải được thành lập theo mô hình nào?,63,14,0,0,0,0,0,0,0,0,0,0,0,0,0,0,0,0,0,1,0,0,0,GENERAL_SEMANTIC
1479,32156,Có gặp rủi ro khi hỗ trợ tiền lương cho nhân viên công ty đối tác đang nhận tiền hỗ trợ thai sản từ bảo hiểm không?,115,27,0,0,0,0,0,0,0,0,0,0,0,0,0,0,0,0,0,0,0,0,1,GENERAL_SEMANTIC
1480,46990,Ngừng hoạt động của dự án đầu tư trong trường hợp nào?,54,12,0,0,0,0,0,0,0,0,0,0,0,0,0,0,0,0,0,0,0,0,0,ELIGIBILITY
1481,92236,Cơ quan nào có trách nhiệm quản lý điều hành và giám sát hoạt động bay của tàu bay không người lái?,99,22,0,0,0,0,0,0,0,0,0,0,0,0,0,0,0,0,0,0,0,0,1,GENERAL_SEMANTIC
1482,141424,Mẫu Biên bản kiểm kê quỹ tiền mặt năm 2022?,43,10,0,0,0,0,0,0,0,0,0,0,0,0,0,0,0,1,0,0,0,1,0,GENERAL_SEMANTIC
1483,164242,Đối với lĩnh vực y tế Nghị quyết 41/2021/QH15 quy định như thế nào?,67,16,0,0,0,0,0,0,0,0,0,0,1,0,0,0,0,1,0,0,1,1,0,GENERAL_SEMANTIC
1484,150990,"Chương trình ""Hỗ trợ phát triển giáo dục mầm non vùng khó khăn giai đoạn 2022 - 2030"" tập trung vào những ai?",109,22,0,0,0,0,0,0,0,0,0,0,0,0,0,0,0,1,0,0,0,1,0,GENERAL_SEMANTIC
1485,137208,Người chưa thành niên phạm tội loạn luân thì bị xử lý như thế nào?,66,15,0,0,0,0,0,0,0,0,0,0,0,0,0,0,0,0,0,0,0,0,0,GENERAL_SEMANTIC
1486,115156,"Kiểm tra tình hình quản lý, thanh toán, quyết toán dự án sử dụng vốn đầu tư công?",81,18,0,0,0,0,0,0,0,0,0,0,0,0,0,0,0,0,0,0,0,0,0,GENERAL_SEMANTIC
1487,125028,Ai có thẩm quyền thành lập Ban điều hành Quỹ hỗ trợ khắc phục hậu quả bom mìn Việt Nam?,87,20,0,0,0,0,0,0,0,0,0,0,0,0,0,0,0,0,0,0,0,0,0,GENERAL_SEMANTIC
1488,2422,Được đăng ký phòng thi khi thi tốt nghiệp THPT theo ý muốn cá nhân không?,73,16,0,0,0,0,0,0,0,0,0,0,0,0,0,0,0,0,0,1,0,0,1,PROCEDURE
1489,65274,Thanh tra viên có bị tạm đình chỉ sử dụng thẻ Thanh tra Kiểm toán nhà nước khi thi hành kỷ luật từ hình thức cảnh cáo trở lên không?,132,30,0,0,0,0,0,1,0,0,0,0,0,0,0,0,0,0,0,0,1,0,0,GENERAL_SEMANTIC
1490,124184,Nội dung chủ yếu của đề án du lịch giải trí trong rừng đặc dụng bao gồm những nội dung gì?,90,21,0,0,0,0,0,0,0,0,0,0,0,0,0,0,0,0,0,0,0,0,0,GENERAL_SEMANTIC
1491,135028,Khi tính toán kết cấu thiết bị xếp dỡ cần xét đến các trường hợp tải trọng nào?,79,18,0,0,0,0,0,0,0,0,0,0,0,0,0,0,0,0,0,0,0,0,0,GENERAL_SEMANTIC
1492,52488,Mua bán trái phép bao nhiêu kg lá cần sa thì bị phạt tù?,56,14,0,0,0,0,0,0,0,0,0,0,0,0,0,0,0,0,0,0,0,0,0,SANCTION
1493,7692,Khi nào Giấy phép thăm dò khoáng sản chấm dứt hiệu lực?,55,12,0,0,0,0,0,0,0,0,0,0,0,0,0,0,0,0,0,0,0,0,0,GENERAL_SEMANTIC
1494,14568,Quỹ thi đua khen thưởng Tòa án nhân dân được sử dụng như thế nào?,65,15,0,0,0,0,0,0,0,0,0,0,0,0,0,0,0,0,0,0,0,0,0,GENERAL_SEMANTIC
1495,150340,Khi hết thời gian nghỉ thai sản công ty có cần phải bảo đảm việc làm cho lao động nữ không?,91,21,0,0,0,0,0,0,0,0,0,0,0,0,0,0,0,0,0,0,0,0,1,GENERAL_SEMANTIC
1496,30542,Các nhân sự khác tham gia vào đánh giá của tổ chức chứng nhận năng lực cá nhân được yêu cầu thế nào?,100,23,0,0,0,0,0,0,0,0,0,0,0,0,0,0,0,0,0,0,0,0,1,CONDITION
1497,90024,Việc đánh số trang trong bài thi tốt nghiệp THPT được quy định ra sao?,70,15,0,0,0,0,0,0,0,0,0,0,0,0,0,0,0,0,0,0,0,0,0,GENERAL_SEMANTIC
1498,1110,Danh mục công nghệ hạn chế chuyển giao hiện nay gồm những công nghệ nào?,72,15,0,0,0,0,0,0,0,0,0,0,0,0,0,0,0,0,0,0,0,0,0,GENERAL_SEMANTIC
1499,57478,Phí công chứng phải nộp khi công chứng hợp đồng mua bán là bao nhiêu?,69,15,0,0,0,0,0,0,0,0,0,0,0,0,0,0,0,0,0,0,0,0,0,PROCEDURE
1500,94024,Cơ quan nào có trách nhiệm đăng tải và duy trì danh mục báo cáo định kỳ trọng phạm vi quản lý nhà nước của Bộ Giao thông vận tải?,129,30,0,0,0,0,0,0,0,0,0,0,0,0,0,0,0,0,0,0,0,0,1,GENERAL_SEMANTIC
1501,69442,Có thể nộp thuế xuất khẩu vào Kho bạc Nhà nước bằng hình thức chuyển khoản hay không?,85,18,0,0,0,0,0,0,0,0,0,0,0,0,0,0,0,0,0,0,0,0,0,PROCEDURE
1502,47634,Các bên liên kết tổ chức thi cấp chứng chỉ năng lực ngoại ngữ của nước ngoài có trách nhiệm như thế nào?,104,23,0,0,0,0,0,0,0,0,0,0,0,0,0,0,0,0,0,0,0,0,1,PROCEDURE
1503,63228,"Điều kiện để trở thành hội viên chính thức của Hội Cơ học Việt Nam theo Điều lệ sửa đổi, bổ sung Hội Cơ học Việt Nam là gì?",123,29,0,0,0,0,0,0,0,0,0,0,0,0,0,0,0,0,1,1,0,0,0,CONDITION
1504,95304,Thời hạn đăng tải văn bản QPPL do Bộ Xây dựng chủ trì soạn thảo và gửi thông tin xây dựng Thông cáo báo chí là khi nào?,119,28,0,0,0,0,0,0,0,0,0,0,0,0,0,0,0,0,0,0,0,0,0,NUMERICAL_THRESHOLD
1505,143882,Mức lương cơ sở năm 2023 là bao nhiêu?,38,9,0,0,0,0,0,0,0,0,0,0,0,0,0,0,0,1,0,0,0,1,0,NUMERICAL_THRESHOLD
1506,30946,Cho vay tiền không có lãi mà khi đến hạn bên vay không trả nợ thì giải quyết như thế nào theo quy định của pháp luật hiện hành?,127,29,0,0,0,0,0,1,0,0,0,0,0,0,0,0,0,0,1,1,1,0,0,PROCEDURE
1507,159118,Trường hợp mất thẻ hoặc lộ thông tin thẻ ngân hàng thì xử lý như thế nào?,73,17,0,0,0,0,0,0,0,0,0,0,0,0,0,0,0,0,0,0,0,0,0,GENERAL_SEMANTIC
1508,59482,Trường hợp nào sẽ áp dụng hình thức kỷ luật khiển trách đối với công chức cấp huyện?,84,18,0,0,0,0,0,1,0,0,0,0,0,0,0,0,0,0,0,0,1,0,0,PROCEDURE
1509,29162,Có thể đăng ký thường trú được không khi ở chung cư chưa có sổ hồng?,68,16,0,0,0,0,0,0,0,0,0,0,0,0,0,0,0,0,0,0,0,0,0,PROCEDURE
1510,149086,Cấp đổi chứng chỉ thẩm tra viên an toàn giao thông đường bộ phải đáp ứng các điều kiện gì?,90,20,0,0,0,0,0,0,0,0,0,0,0,0,0,0,0,0,0,0,0,0,0,PROCEDURE
1511,140018,"Khi sơn, gắn dấu hiệu quốc tịch Việt Nam lên tàu bay thì cần phải đáp ứng những yêu cầu chung nào?",98,22,0,0,0,0,0,0,0,0,0,0,0,0,0,0,0,0,0,0,0,0,0,CONDITION
1512,122790,Người không cứu người bị tai nạn giao thông bị truy cứu trách nhiệm hình sự khi nào?,84,18,0,0,0,0,0,0,0,0,0,0,0,0,0,0,0,0,0,0,0,0,0,SANCTION
1513,162638,Người phát ngôn và cung cấp thông tin cho báo chí có được từ chối cung cấp thông tin liên quan đến các vụ án đang được điều tra hay không?,138,31,0,0,0,0,0,0,0,0,0,0,0,0,0,0,0,0,0,0,0,0,0,PROCEDURE
1514,24536,Hồ sơ đề nghị xét tặng Kỷ niệm chương Vì sự nghiệp Tòa án đối với thư ký đang công tác tại Tòa án nhân dân cấp cao gồm những gì?,128,31,0,0,0,0,0,0,0,0,0,0,0,0,0,0,0,0,0,0,0,0,0,PROCEDURE
1515,142926,Có được tổ chức Lễ tang cấp nhà nước đối với Thượng tướng Quân đội nhân dân Việt Nam là cán bộ hoạt động cách mạng trước tháng 8 năm 1945 không?,144,32,0,0,0,0,0,0,0,0,0,0,0,0,0,0,0,1,0,0,0,1,1,PROCEDURE
1516,107284,Thời hạn gửi bảng đánh giá hợp tác xã đến cơ quan nhà nước là khi nào?,70,17,0,0,0,0,0,0,0,0,0,0,0,0,0,0,0,0,0,0,0,0,1,NUMERICAL_THRESHOLD
1517,79166,Sau khi kết thúc hoạt động khuyến mại thì có phải thông báo kết quả với cơ quan quản lý nhà nước về thương mại không?,117,26,0,0,0,0,0,0,0,0,0,0,0,0,0,0,0,0,0,0,0,0,1,GENERAL_SEMANTIC
1518,70684,Giáo viên trong trường tiểu học có nhiệm vụ như thế nào?,56,12,0,0,0,0,0,0,0,0,0,0,0,0,0,0,0,0,0,0,0,0,0,GENERAL_SEMANTIC
1519,131492,Trong trường hợp người từ đủ 16 tuổi bị xử phạt vi phạm hành chính thì có bị áp dụng biện pháp giáo dục hay không?,114,26,0,0,0,0,0,0,0,0,0,0,0,0,0,0,0,0,0,0,0,1,0,SANCTION
1520,118110,Nhân viên khai thác mặt đất phục vụ chuyến bay cần có những tiêu chuẩn như thế nào?,83,18,0,0,0,0,0,0,0,0,0,0,0,0,0,0,0,0,0,0,0,0,0,CONDITION
1521,27482,Cơ quan thụ lý vụ án có được phép sử dụng vật chứng nhận từ kho vật chứng của Bộ Quốc phòng để phục vụ công tác điều tra không?,127,30,0,0,0,0,0,0,0,0,0,0,0,0,0,0,0,0,0,0,0,0,1,CONDITION
1522,110108,"Cách xếp loại học lực cấp 1, cấp 2, cấp 3 mới nhất 2023",55,14,0,0,0,0,0,0,0,0,0,0,0,0,0,0,0,1,1,0,0,1,0,PROCEDURE
1523,120404,Dựa vào những căn cứ nào để có thể lập đồ án quy hoạch đô thị?,62,16,0,0,0,0,0,0,0,0,0,0,0,0,0,0,0,0,0,1,0,0,0,GENERAL_SEMANTIC
1524,125406,Thủ tục đình chỉ hoạt động kiểm định chất lượng giáo dục nghề nghiệp được thực hiện như thế nào?,96,20,0,0,0,0,0,0,0,0,0,0,0,0,0,0,0,0,0,0,0,0,0,PROCEDURE
1525,87628,Vứt bỏ lưới đánh cá xuống vùng nước tự nhiên thì ngư dân có thể bị phạt hành chính bao nhiêu tiền?,98,22,0,0,0,0,0,0,0,0,0,0,0,0,0,0,0,0,0,0,0,0,0,SANCTION
1526,42654,Quỹ Hỗ trợ phát triển sinh kế vì cộng đồng được thành lập nhằm mục đích gì?,75,17,0,0,0,0,0,0,0,0,0,0,0,0,0,0,0,0,0,0,0,0,0,GENERAL_SEMANTIC
1527,88154,Ai có trách nhiệm trong công tác phòng ngừa sự cố môi trường?,61,13,0,0,0,0,0,0,0,0,0,0,0,0,0,0,0,0,0,0,0,0,0,GENERAL_SEMANTIC
1528,155592,"Tham mưu cho Bộ Y tế trong công tác phòng, chống độc có phải nhiệm vụ của Trung tâm Chống độc Bệnh viện đa khoa không?",118,26,0,0,0,0,0,0,0,0,0,0,0,0,0,0,0,0,0,0,0,0,1,GENERAL_SEMANTIC
1529,65830,Tài liệu công bố kết quả điều tra đánh giá đất đai gồm những giấy tờ gì?,72,17,0,0,0,0,0,0,0,0,0,0,0,0,0,0,0,0,0,0,0,0,0,GENERAL_SEMANTIC
1530,57186,"Trình tự ký kết thỏa thuận quốc tế nhân danh cơ quan, đơn vị trực thuộc Bộ Quốc phòng được quy định thế nào?",108,24,0,0,0,0,0,0,0,0,0,0,0,0,0,0,0,0,0,0,0,0,1,PROCEDURE
1531,31174,Đặt tên tiếng anh cho cơ sở giáo dục đại học có vốn đầu tư nước ngoài phải tuân thủ các quy định nào?,101,24,0,0,0,0,0,0,0,0,0,0,0,0,0,0,0,0,0,0,0,0,0,GENERAL_SEMANTIC
1532,47698,Hướng dẫn cấp Giấy chứng nhận đối với công trình xây dựng trên đất phi nông nghiệp không phải là đất ở và nhà chung cư có mục đích hỗn hợp được xây dựng trên đất ở?,164,37,0,0,0,0,0,0,0,0,0,0,0,0,0,0,0,0,0,0,0,0,0,PROCEDURE
1533,44648,Tòa án quyết định tuyên bố doanh nghiệp phá sản khi nào?,56,12,0,0,0,0,0,0,0,0,0,1,0,0,0,0,0,0,0,0,1,0,1,GENERAL_SEMANTIC
1534,137274,Hoạt động quá cảnh lãnh thổ Việt Nam nguyên liệu làm thuốc là dược chất hướng thần được tiến hành khi có sự cho phép của cơ quan nào?,133,29,0,0,0,0,0,0,0,0,0,0,0,0,0,0,0,0,0,0,0,0,1,GENERAL_SEMANTIC
1535,1854,Người phiên dịch là ai?,23,5,0,0,0,0,0,0,0,0,0,0,0,0,0,0,0,0,0,0,0,0,0,GENERAL_SEMANTIC
1536,54978,Mức xử phạt không đăng ký biến động đất đai được quy định ra sao?,65,15,0,0,0,0,0,0,0,0,0,0,0,0,0,0,0,0,0,0,0,0,0,SANCTION
1537,137718,Chỉnh hình trong bệnh Arthogryposis sẽ chỉ định cho đối tượng nào?,66,12,0,0,0,0,0,0,0,0,0,0,0,0,0,0,0,0,0,0,0,0,0,CONDITION
1538,95118,Khi trình dự thảo Thông tư lên Bộ trưởng Bộ Giao thông vận tải thì cần hồ sơ như thế nào?,89,21,0,0,0,0,0,0,0,0,1,0,0,0,0,0,0,0,0,0,1,0,0,PROCEDURE
1539,105934,Người có hành vi gây rối loạn tâm thần để người khác miễn cưỡng giao cấu với mình nhưng nạn nhân chỉ mới 15 tuổi thì có thể bị xử phạt về tội gì?,145,34,0,0,0,0,0,0,0,0,0,0,0,0,0,0,0,0,0,0,0,1,0,SANCTION
1540,86064,Khai thác khoáng sản trong phạm vi bảo vệ công trình thủy lợi có cần xin cấp giấy phép hay không?,97,21,0,0,0,0,0,0,0,0,0,0,0,0,0,0,0,0,0,0,0,0,0,PROCEDURE
1541,35736,Thủ tục ra quyết định không công nhận hòa giải thành tại tòa án trong trường hợp thuận tình ly hôn được quy định ra sao?,120,26,0,0,0,0,0,0,0,0,0,1,0,0,0,0,0,0,0,0,1,0,0,PROCEDURE
1542,150050,Khi nào Quỹ bảo lãnh tín dụng thực hiện chuyển tiền trả nợ thay doanh nghiệp nhỏ và vừa?,88,19,0,0,0,0,0,0,0,0,0,0,0,0,0,0,0,0,0,0,0,0,1,GENERAL_SEMANTIC
1543,27220,Tổ chức sử dụng khu vực biển để làm vùng nước cảng biển phải nộp bao nhiêu tiền?,80,18,0,0,0,0,0,0,0,0,0,0,0,0,0,0,0,0,0,0,0,0,1,PROCEDURE
1544,161550,Người giám hộ đương nhiên là những ai?,38,8,0,0,0,0,0,0,0,0,0,0,0,0,0,0,0,0,0,0,0,0,0,GENERAL_SEMANTIC
1545,26230,Viện kiểm sát có được đề nghị giảm thời hạn chấp hành án phạt tù khi phát hiện phạm nhân đủ điều kiện được xét giảm không?,122,27,0,0,0,0,0,0,0,0,0,0,0,0,0,0,0,0,0,0,0,0,0,SANCTION
1546,109498,Thẩm quyền quyết định đầu tư vốn nhà nước để mua lại một phần doanh nghiệp thuộc về những cơ quan nào?,102,22,0,0,0,0,0,0,0,0,0,1,0,0,0,0,0,0,0,0,1,0,1,GENERAL_SEMANTIC
1547,65880,Người đứng đầu cơ quan cung cấp thông tin bảo đảm các biện pháp kỹ thuật trong việc cung cấp thông tin nhằm mục đích gì?,120,26,0,0,0,0,0,0,0,0,0,0,0,0,0,0,0,0,0,0,0,0,1,PROCEDURE
1548,105218,Ủy viên Ủy ban thường vụ Quốc hội có phải là đại biểu Quốc hội không?,69,16,0,0,0,0,0,0,0,0,0,0,0,0,0,0,0,0,0,0,0,0,1,GENERAL_SEMANTIC
1549,47550,Các trường hợp đăng ký biện pháp bảo đảm,40,9,0,0,0,0,0,0,0,0,0,0,0,0,0,0,0,0,0,0,0,0,0,PROCEDURE
1550,12204,"Viên chức làm việc tại Hạt Kiểm lâm nơi có phụ cấp khu vực là 0,4 được hưởng phụ cấp ưu đãi bao nhiêu?",102,25,0,0,0,0,0,0,0,0,0,0,0,0,0,0,0,0,0,0,0,1,0,PROCEDURE
1551,26388,Thời hạn góp vốn điều lệ của chủ sở hữu công ty trách nhiệm hữu hạn một thành viên là bao lâu?,94,22,0,0,0,0,0,0,0,0,0,0,0,0,0,0,0,0,0,0,0,0,1,NUMERICAL_THRESHOLD
1552,136554,Bước chuẩn bị trước khi phẫu thuật thắt hẹp động mạch phổi thì người bệnh có được giải thích gì không?,102,21,0,0,0,0,0,0,0,0,0,0,0,0,0,0,0,0,0,0,0,0,0,CONDITION
1553,4558,Đơn tố cáo nặc danh không ký tên và ghi rõ họ tên có được không?,64,16,0,0,0,0,0,0,0,0,0,0,0,0,0,0,0,0,0,0,0,0,0,CONDITION
1554,38644,Kế toán viên chính trong cơ quan hành chính nhà nước có phạm vi quyền hạn như thế nào?,86,19,0,0,0,0,0,0,0,0,0,0,0,0,0,0,0,0,0,0,0,0,1,GENERAL_SEMANTIC
1555,63576,Điều kiện xếp loại học lực trung bình được quy định như thế nào?,64,14,0,0,0,0,0,0,0,0,0,0,0,0,0,0,0,0,0,0,0,0,0,CONDITION
1556,148740,Công chức đi công tác nước ngoài đột xuất sử dụng kinh phí do nước ngoài đài thọ có cần xin ý kiến hay không?,109,25,0,0,0,0,0,0,0,0,0,0,0,0,0,0,0,0,0,0,0,0,0,GENERAL_SEMANTIC
1557,154334,Trẻ em có được hưởng trợ cấp xã hội hàng tháng khi mồ côi cha hoặc mẹ và người còn lại đang chấp hành án phạt tù có được không?,127,30,0,0,0,0,0,0,0,0,0,0,0,0,0,0,0,0,0,0,0,0,0,SANCTION
1558,168024,Trường hợp Công an viên mất trong lúc làm nhiệm vụ có tham gia BHXH thì được nhận tiền trợ cấp như thế nào?,107,24,0,0,0,0,0,0,0,0,0,0,0,0,0,0,0,0,0,0,0,0,0,PROCEDURE
1559,133206,Đối tượng tham gia dự thi Kiểm sát viên sơ cấp là ai?,53,13,0,0,0,0,0,0,0,0,0,0,0,0,0,0,0,0,0,0,0,0,0,PROCEDURE
1560,138720,Người nào có quyền ký thông báo thay đổi người đại diện theo pháp luật của công ty trách nhiệm hữu hạn?,103,22,0,0,0,0,0,1,0,0,0,0,0,0,0,0,0,0,0,1,1,0,1,CROSS_REFERENCE
1561,48844,Bằng lái xe B1 thì được phép điều khiển được các loại xe nào?,61,14,0,0,0,0,0,0,0,0,0,0,0,0,0,0,0,0,0,0,0,0,0,CONDITION
1562,148602,Trường hợp khai bổ sung khi hàng hóa đã được thông quan được quy định như thế nào?,82,18,0,0,0,0,0,0,0,0,0,0,0,0,0,0,0,0,1,0,0,0,0,GENERAL_SEMANTIC
1563,65820,Cá nhân có hành vi che giấu người đang thực hiện hành vi trốn đi nước ngoài nhằm chống chính quyền thì bị phạt bao nhiêu năm tù giam?,133,29,0,0,0,0,0,0,0,0,0,0,0,0,0,0,0,0,1,0,0,0,1,SANCTION
1564,156366,Thủ tục đăng ký công nhận tiến bộ kỹ thuật về thuốc thú y được quy định ra sao?,79,19,0,0,0,0,0,0,0,0,0,0,0,0,0,0,0,0,0,0,0,0,0,PROCEDURE
1565,135612,Thực hiện thủ tục hành chính trực tuyến trên môi trường điện tử được thực hiện tại đâu?,87,18,0,0,0,0,0,0,0,0,0,0,0,0,0,0,0,0,0,0,0,0,0,PROCEDURE
1566,34356,Thành viên góp vốn trong công ty hợp danh sẽ được tham gia biểu quyết tại Hội đồng thành viên về những vấn đề nào?,114,25,0,0,0,0,0,0,0,0,0,0,0,0,0,0,0,0,0,0,0,0,1,GENERAL_SEMANTIC
1567,40108,Cá nhân cần phải nộp bao nhiêu bộ hồ sơ thành lập khu kinh tế cho Bộ Kế hoạch và Đầu tư để thẩm định?,101,25,0,0,0,0,0,0,0,0,0,0,0,0,0,0,0,0,0,0,0,0,1,PROCEDURE
1568,137596,Công ty đại chúng lập hồ sơ đăng ký chào bán thêm cổ phiếu ra công chúng có thông tin sai sự thật bị xử phạt vi phạm hành chính như thế nào?,140,33,0,0,0,0,0,0,0,0,0,0,0,0,0,0,0,0,0,0,0,0,1,SANCTION
1569,53794,Tổ thẩm định kinh phí nhiệm vụ khoa học và công nghệ cấp quốc gia có nhiệm vụ thế nào?,86,20,0,0,0,0,0,0,0,0,0,0,0,0,0,0,0,0,0,0,0,0,0,PROCEDURE
1570,120324,Có phải mọi sinh viên sư phạm đều được Nhà nước hỗ trợ tiền học phí không?,74,17,0,0,0,0,0,0,0,0,0,0,0,0,0,0,0,0,0,0,0,0,0,GENERAL_SEMANTIC
1571,121440,"Khi chấm dứt hoạt động bán hàng đa cấp, doanh nghiệp bán hàng đa cấp có trách nhiệm gì?",87,19,0,0,0,0,0,0,0,0,0,0,0,0,0,0,0,0,0,0,0,0,1,PROCEDURE
1572,81378,Hồ sơ đề nghị tiêu hủy tài sản công của cơ quan nhà nước gồm những giấy tờ gì?,78,19,0,0,0,0,0,0,0,0,0,0,0,0,0,0,0,0,0,0,0,0,1,PROCEDURE
1573,102284,"Vợ, chồng đã ly hôn sử dụng chung chỗ ở thì có được tách hộ khẩu hay không?",75,18,0,0,0,0,0,0,0,0,0,0,0,0,0,0,0,0,0,0,0,0,0,CONDITION
1574,31326,Thế nào là đô thị loại 5?,25,7,0,0,0,0,0,0,0,0,0,0,0,0,0,0,0,0,0,0,0,1,0,DEFINITION
1575,120080,Mẫu đơn đề nghị cấp giấy phép lái xe quốc tế được quy định cụ thể như thế nào?,78,19,0,0,0,0,0,0,0,0,0,0,0,0,0,0,0,0,0,0,0,0,0,PROCEDURE
1576,76530,Quá trình ly thân có chấm dứt mối quan hệ vợ chồng không?,57,13,0,0,0,0,0,0,0,0,0,0,0,0,0,0,0,0,0,0,0,0,0,GENERAL_SEMANTIC
1577,132696,Có các chức danh chuyên môn gì về phục hồi chức năng?,53,12,0,0,0,0,0,0,0,0,0,0,0,0,0,0,0,0,0,0,0,0,0,GENERAL_SEMANTIC
1578,147292,"Ai có trách nhiệm nhận xét, đánh giá công chức lãnh đạo khi hết thời gian luân chuyển?",86,18,0,0,0,0,0,0,0,0,0,0,0,0,0,0,0,0,0,0,0,0,0,GENERAL_SEMANTIC
1579,166728,Để được thuê nhà ở phục vụ tái định cư thì phải đáp ứng những điều kiện nào?,76,18,0,0,0,0,0,0,0,0,0,0,0,0,0,0,0,0,0,0,0,0,0,CONDITION
1580,119628,Những trường hợp nào sẽ áp dụng hình thức kỷ luật buộc thôi việc đối với người lao động?,88,19,0,0,0,0,0,1,0,0,0,0,0,0,0,0,0,0,0,0,1,0,1,ELIGIBILITY
1581,56716,Thời hạn giải quyết hồ sơ hoàn thuế là bao lâu?,47,11,0,0,0,0,0,0,0,0,0,0,0,0,0,0,0,0,0,0,0,0,0,PROCEDURE
1582,123272,Tổ chức lễ kết nạp đảng viên được quy định như thế nào?,55,13,0,0,0,0,0,0,0,0,0,0,0,0,0,0,0,0,0,0,0,0,1,GENERAL_SEMANTIC
1583,40872,"Quy trình xây dựng Quy định khối lượng kiến thức tối thiểu, yêu cầu về năng lực mà người học đạt được sau khi tốt nghiệp trình độ trung cấp, trình độ cao đẳng gồm những bước nào?",178,38,0,0,0,0,0,0,0,0,0,0,0,0,0,0,0,0,0,0,0,0,0,PROCEDURE
1584,110834,Ai là nhà thầu?,15,4,0,0,0,0,0,0,0,0,0,0,0,0,0,0,0,0,0,0,0,0,1,GENERAL_SEMANTIC
1585,133970,Chi phí lập vi bằng có được quyền thỏa thuận hay không?,55,12,0,0,0,0,0,0,0,0,0,0,0,0,0,0,0,0,0,0,0,0,0,CONDITION
1586,153738,Bộ Công an thỏa thuận với cơ quan có thẩm quyền của nước ngoài về cách thức chuyển giao người nước ngoài đang chấp hành án phạt tù trên lãnh thổ Việt Nam cho họ khi nào?,169,37,0,0,0,0,0,0,0,0,0,0,0,0,0,0,0,0,0,0,0,0,1,SANCTION
1587,61462,Nhà đầu tư nước ngoài sở hữu từ bao nhiêu % vốn điều lệ trở lên của doanh nghiệp để trở thành doanh nghiệp có vốn đầu tư trực tiếp nước ngoài?,142,31,0,0,0,0,0,0,0,0,0,0,0,0,0,0,0,0,0,0,0,0,1,NUMERICAL_THRESHOLD
1588,127032,Công thức xác định số tiền đóng BHXH hộ gia đình khi tăng lương cơ sở ra sao?,77,18,0,0,0,0,0,0,0,0,0,0,0,0,0,0,0,0,0,0,0,0,0,GENERAL_SEMANTIC
1589,42888,Thời hạn nộp hồ sơ khai thuế đối với loại thuế có kỳ tính thuế theo năm là bao lâu?,83,20,0,0,0,0,0,0,0,0,0,0,0,0,0,0,0,0,0,1,0,0,0,PROCEDURE
1590,69812,Việc tạm giữ tang vật theo thủ tục hành chính chỉ được áp dụng trong trường hợp nào?,84,18,0,0,0,0,0,0,0,0,0,0,0,0,0,0,0,0,0,1,0,0,0,PROCEDURE
1591,125952,Mẫu hợp đồng làm việc xác định thời hạn dành cho viên chức dưới 18 tuổi làm trong đơn vị sự nghiệp công lập thuộc lĩnh vực văn hóa mới nhất?,140,31,0,0,0,0,0,0,0,0,0,0,0,0,0,0,0,0,1,0,0,1,0,NUMERICAL_THRESHOLD
1592,100756,Trường hợp nào thương binh được giảm tiền thuế sử dụng đất phi nông nghiệp?,75,15,0,0,0,0,0,0,0,0,0,0,0,0,0,0,0,0,0,0,0,0,0,ELIGIBILITY
1593,50336,Ai có trách nhiệm phát hành các văn bản của Cơ quan điều tra Viện kiểm sát quân sự trung ương sau khi Thủ trưởng Cơ quan điều tra ký?,133,30,0,0,0,0,0,0,0,0,0,0,0,0,0,0,0,0,0,0,0,0,1,GENERAL_SEMANTIC
1594,103394,Hương ước có nội dung trái pháp luật thì phải xử lý như thế nào?,64,15,0,0,0,0,0,1,0,0,0,0,0,0,0,0,0,0,0,0,1,0,0,GENERAL_SEMANTIC
1595,143400,Hệ thống thu hồi hơi xăng dầu là gì?,36,9,0,0,0,0,0,0,0,0,0,0,0,0,0,0,0,0,0,0,0,0,0,DEFINITION
1596,96008,"Đối với mỗi học phần, sinh viên được đánh giá qua tối thiểu mấy điểm thành phần?",80,17,0,0,0,0,0,0,0,0,0,0,0,0,0,0,0,0,0,0,0,0,0,NUMERICAL_THRESHOLD
1597,121114,Nội dung báo cáo đối với tổ chức kinh tế thực hiện dự án đầu tư tại báo cáo định kỳ bao gồm những gì?,101,25,0,0,0,0,0,0,0,0,0,0,0,0,0,0,0,0,0,0,0,0,1,GENERAL_SEMANTIC
1598,96562,Khi nào Thiếu úy quân nhân chuyên nghiệp được kéo dài tuổi phục vụ tại ngũ?,75,16,0,0,0,0,0,0,0,0,0,0,0,0,0,0,0,0,0,0,0,0,0,GENERAL_SEMANTIC
1599,130038,Hồ sơ thủ tục đề nghị cấp Giấy phép kinh doanh bán lẻ rượu cần những giấy tờ gì và thẩm quyền do ai cấp phép?,109,26,0,0,0,0,0,0,0,0,0,0,0,0,0,0,0,0,0,0,0,0,0,PROCEDURE
1600,146766,Mức lệ phí cấp lại Chứng chỉ hành nghề dịch vụ đại diện quyền đối với giống cây trồng là bao nhiêu?,99,22,0,0,0,0,0,0,0,0,0,0,0,0,0,0,0,0,0,0,0,0,0,PROCEDURE
1601,114048,Có được ký hợp đồng làm việc không xác định thời hạn trong trường hợp công chức chuyển sang làm viên chức tại đơn vị sự nghiệp công lập không?,142,30,0,0,0,0,0,0,0,0,0,0,0,0,0,0,0,0,0,0,0,0,0,CONDITION
1602,52502,Nguyên tắc khi Vụ trưởng các Vụ trực thuộc Tổng cục Quản lý đất đai khi ký thừa lệnh Tổng cục trưởng như thế nào?,113,25,0,0,0,0,0,0,0,0,0,0,0,0,0,0,0,0,0,0,0,0,0,GENERAL_SEMANTIC
1603,43198,Thủ tục chuyển đổi loại hình Văn phòng giám định tư pháp được thực hiện như thế nào?,84,18,0,0,0,0,0,0,0,0,0,0,0,0,0,0,0,0,0,0,0,0,0,PROCEDURE
1604,134752,Tổ chức muốn hoạt động đại lý bảo hiểm thì cần phải đáp ứng được những điều kiện nào?,85,19,0,0,0,0,0,0,0,0,0,0,0,0,0,0,0,0,0,0,0,0,1,CONDITION
1605,38550,Các khoản thu chi của Hội Cựu giáo chức Việt Nam gồm những khoản nào?,69,15,0,0,0,0,0,0,0,0,0,0,0,0,0,0,0,0,0,0,0,0,0,GENERAL_SEMANTIC
1606,152300,Giấy phép liên vận được cấp cho những phương tiện vận tải liên vận ASEAN nào?,77,16,0,0,0,0,0,0,0,0,0,0,0,0,0,0,0,0,0,0,0,0,0,PROCEDURE
1607,65154,Các công trình xây dựng phải được chấp thuận về quản lý độ cao khi có độ cao từ bao nhiêu mét trở lên?,102,24,0,0,0,0,0,0,0,0,0,0,0,0,0,0,0,0,0,0,0,0,0,NUMERICAL_THRESHOLD
1608,93952,"Chánh Thanh tra Bộ, cơ quan ngang Bộ phải đáp ứng tiêu chuẩn về trình độ và phẩm chất như thế nào?",98,22,0,0,0,0,0,0,0,0,0,0,0,0,0,0,0,0,0,0,0,0,1,CONDITION
1609,167284,Thời hạn mà công ty cổ phần phải nộp hồ sơ khai thuế là khoảng thời gian nào theo quy định pháp luật hiện nay?,110,25,0,0,0,0,0,1,0,0,0,0,0,0,0,0,0,0,0,1,1,0,1,PROCEDURE
1610,3928,Trường hợp không nộp bổ sung đầy đủ ký quỹ bù trừ thì thành viên bù trừ bị xử lý như thế nào?,93,23,0,0,0,0,0,0,0,0,0,0,0,0,0,0,0,0,1,0,0,0,0,PROCEDURE
1611,40622,Quà tặng khách hàng có thuộc diện chịu thuế thu nhập cá nhân không?,67,14,0,0,0,0,0,0,0,0,0,0,0,0,0,0,0,0,0,0,0,0,1,GENERAL_SEMANTIC
1612,13162,Hành vi cố ý gây thương tích cho bạn cùng lớp thì có phải đi tù hay không?,74,18,0,0,0,0,0,0,0,0,0,0,0,0,0,0,0,0,0,0,0,0,0,GENERAL_SEMANTIC
1613,34168,Lãnh sự danh dự nước Cộng hòa xã hội chủ nghĩa Việt Nam chịu sự quản lý và chỉ đạo trực tiếp bởi ai?,100,24,0,0,0,0,0,0,0,0,0,0,0,0,0,0,0,0,0,0,0,0,0,GENERAL_SEMANTIC
1614,144726,Tài sản cố định tại đơn vị sự nghiệp công lập được quản lý thế nào?,67,16,0,0,0,0,0,0,0,0,0,0,0,0,0,0,0,0,0,0,0,0,0,GENERAL_SEMANTIC
1615,29136,Người khiếu nại sẽ có những quyền và nghĩa vụ gì?,49,11,0,0,0,0,0,0,0,0,0,0,0,0,0,0,0,0,0,0,0,0,0,GENERAL_SEMANTIC
1616,40084,Phiên họp Hội đồng thẩm định loài động vật hoang dã thuộc Danh mục loài nguy cấp do ai quyết định?,98,21,0,0,0,0,0,0,0,0,0,1,0,0,0,0,0,0,0,0,1,0,0,PROCEDURE
1617,115818,Quy định hành chính là gì?,26,6,0,0,0,0,0,0,0,0,0,0,0,0,0,0,0,0,0,0,0,0,0,DEFINITION
1618,162814,Đối tượng được cấp giấy chứng nhận đủ điều kiện hoạt động dịch vụ quan trắc môi trường,86,18,0,0,0,0,0,0,0,0,0,0,0,0,0,0,0,0,0,0,0,0,0,PROCEDURE
1619,106244,Mẫu Quyết định hủy bỏ Lệnh phong tỏa tài khoản trong tố tụng hình sự mới nhất hiện nay?,87,19,0,0,0,0,0,0,0,0,0,1,0,0,0,0,0,0,1,0,1,0,0,GENERAL_SEMANTIC
1620,22326,Chế độ làm việc của Hội đồng thành viên Tổng công ty Giấy Việt Nam được quy định thế nào?,89,20,0,0,0,0,0,0,0,0,0,0,0,0,0,0,0,0,0,0,0,0,1,GENERAL_SEMANTIC
1621,166998,Ai được tuyển sinh vào trường phổ thông dân tộc nội trú?,56,12,0,0,0,0,0,0,0,0,0,0,0,0,0,0,0,0,0,0,0,0,0,ELIGIBILITY
1622,48066,Kế hoạch hằng năm về hoạt động đối ngoại của Bộ Giáo dục và Đào tạo gồm những nội dung nào?,91,21,0,0,0,0,0,0,0,0,0,0,0,0,0,0,0,0,0,0,0,0,0,GENERAL_SEMANTIC
1623,95146,Ô tô quay đầu xe không đúng quy định gây ra ùn tắc giao thông bị xử phạt không?,79,19,0,0,0,0,0,0,0,0,0,0,0,0,0,0,0,0,0,0,0,0,0,SANCTION
1624,133318,"Sinh viên có thuộc đối tượng được miễn, giảm, tạm hoãn đóng góp vào quỹ phòng chống thiên tai không?",100,20,0,0,0,0,0,0,0,0,0,0,0,0,0,0,0,0,0,0,0,0,0,CONDITION
1625,31166,Ai có quyền chỉ đạo và quản lý Đội Kiểm soát Hải quan?,54,13,0,0,0,0,0,0,0,0,0,0,0,0,0,0,0,0,0,0,0,0,0,GENERAL_SEMANTIC
1626,19426,Có bắt buộc lập hồ sơ quản lý tại mỗi điểm kết nối tín hiệu đèn báo hiệu trên đường bộ tại đường ngang với đèn giao thông đường bộ hay không?,141,32,0,0,0,0,0,0,0,0,0,0,0,0,0,0,0,0,0,0,0,0,0,PROCEDURE
1627,24382,Chính sách ưu tiên theo đối tượng chính sách trong tuyển sinh,61,12,0,0,0,0,0,0,0,0,0,0,0,0,0,0,0,0,0,1,0,0,0,CONDITION
1628,21574,Giảng viên đại học có nhiệm vụ tham gia đánh giá các đề tài sinh viên nghiên cứu khoa học không?,96,21,0,0,0,0,0,0,0,0,0,0,0,0,0,0,0,0,0,0,0,0,0,GENERAL_SEMANTIC
1629,125850,Cơ quan nhà nước yêu cầu thương nhân chấm dứt hoạt động triển lãm thương mại khi nào?,85,18,0,0,0,0,0,0,0,0,0,0,0,0,0,0,0,0,0,0,0,0,1,CONDITION
1630,153382,"Trình tự, thủ tục đề xuất đàm phán điều ước ước quốc tế trong Công an nhân dân như thế nào?",91,21,0,0,0,0,0,0,0,0,0,0,0,0,0,0,0,0,0,0,0,0,0,PROCEDURE
1631,101114,Người phát ngôn của Bộ Kế hoạch và Đầu tư có thể ủy quyền phát ngôn tiếp cho người khác hay không?,98,22,0,0,0,0,0,0,0,0,0,0,0,0,0,0,0,0,0,0,0,0,0,GENERAL_SEMANTIC
1632,32082,"Ai có thể đề nghị Ủy ban thường vụ Quốc hội giải thích Hiến pháp, luật, pháp lệnh?",82,18,0,0,0,0,0,1,0,0,0,0,0,1,1,0,0,0,0,0,3,0,1,GENERAL_SEMANTIC
1633,29412,Bắt buộc người lao động trực trong dịp Tết Nguyên Đán có được không?,68,14,0,0,0,0,0,0,0,0,0,0,0,0,0,0,0,0,0,0,0,0,1,CONDITION
1634,131118,Hình thức liên kết của nhà xuất bản với đối tác liên kết bao gồm những hình thức liên kết nào?,94,21,0,0,0,0,0,0,0,0,0,0,0,0,0,0,0,0,0,0,0,0,0,GENERAL_SEMANTIC
1635,75826,Nhiệm vụ của Văn phòng Tổng cục Thủy sản trong công tác cán bộ được quy định ra sao?,84,19,0,0,0,0,0,0,0,0,0,0,0,0,0,0,0,0,0,0,0,0,0,GENERAL_SEMANTIC
1636,70920,Viên chức có được hưởng chính sách hỗ trợ về nhà ở xã hội không?,64,15,0,0,0,0,0,0,0,0,0,0,0,0,0,0,0,0,0,0,0,0,0,CONDITION
1637,99870,Phạm vi thành lập bộ bản đồ chuẩn biên giới quốc gia quy định ra sao?,69,16,0,0,0,0,0,0,0,0,0,0,0,0,0,0,0,0,0,0,0,0,0,GENERAL_SEMANTIC
1638,1830,Trường hợp cho người lao động thôi việc vì thay đổi cơ cấu gây ảnh hưởng đến nhiều người thì phải giải quyết như thế nào?,121,26,0,0,0,0,0,0,0,0,0,0,0,0,0,0,0,0,0,0,0,0,1,PROCEDURE
1639,67196,Thành viên cơ quan lãnh sự có được miễn nghĩa vụ về giấy phép lao động theo quy định của Nước tiếp nhận không?,110,24,0,0,0,0,0,0,0,0,0,0,0,0,0,0,0,0,0,1,0,0,1,CONDITION
1640,103682,Giấy phép xây dựng là gì?,25,6,0,0,0,0,0,0,0,0,0,0,0,0,0,0,0,0,0,0,0,0,0,DEFINITION
1641,107168,Thời hạn thẩm định phương án giá và thời hạn quyết định giá của Ủy ban nhân dân tỉnh là bao lâu?,96,22,0,0,0,0,0,0,0,0,0,1,0,0,0,0,0,0,0,0,1,0,1,NUMERICAL_THRESHOLD
1642,23920,"Từ 2022, người lao động không nghỉ hết phép năm thì có được thanh toán tiền những ngày phép chưa nghỉ không?",108,22,0,0,0,0,0,0,0,0,0,0,0,0,0,0,0,1,0,0,0,1,1,CONDITION
1643,122546,Đặt tiền bảo lãnh phương tiện giao thông trong những trường hợp nào?,68,13,0,0,0,0,0,0,0,0,0,0,0,0,0,0,0,0,0,0,0,0,0,ELIGIBILITY
1644,121098,"Từ 01/07/2022, tăng tiền lương đóng BHXH bắt buộc, BHYT tối thiểu như thế nào?",78,17,0,0,0,0,0,0,0,0,0,0,0,0,0,0,0,1,0,0,0,1,0,NUMERICAL_THRESHOLD
1645,154872,"Những loại tài sản, thu nhập nào thì phải thực hiện kê khai tài sản, thu nhập?",78,17,0,0,0,0,0,0,0,0,0,0,0,0,0,0,0,0,0,0,0,0,0,GENERAL_SEMANTIC
1646,25516,Đại diện theo ủy quyền của pháp nhân phát sinh khi nào?,55,12,0,0,0,0,0,0,0,0,0,0,0,0,0,0,0,0,0,1,0,0,0,GENERAL_SEMANTIC
1647,128792,Thành viên công ty TNHH được cấp giấy chứng nhận phần vốn góp khi nào?,70,15,0,0,0,0,0,0,0,0,0,0,0,0,0,0,0,0,0,0,0,0,1,PROCEDURE
1648,77454,Hệ thống chống sét trong nhà chung cư có chức năng gì?,54,12,0,0,0,0,0,0,0,0,0,0,0,0,0,0,0,0,0,0,0,0,0,GENERAL_SEMANTIC
1649,79542,Văn thư cơ quan nhà nước có những nhiệm vụ gì trong công tác văn thư?,69,16,0,0,0,0,0,0,0,0,0,0,0,0,0,0,0,0,0,0,0,0,1,GENERAL_SEMANTIC
1650,3704,Mức tính tiền chậm nộp thuế TNDN tạm tính là bao nhiêu?,55,12,0,0,0,0,0,0,0,0,0,0,0,0,0,0,0,0,0,0,0,0,0,PROCEDURE
1651,37998,Kế hoạch thực hiện Quy chế dân chủ trong hoạt động của Bộ Tư pháp năm 2022 đề ra những nhiệm vụ gì?,99,23,0,0,0,0,0,0,0,0,0,0,0,0,0,0,0,1,0,0,0,1,0,GENERAL_SEMANTIC
1652,147914,Mại dâm là gì? Sugar daddy là gì?,33,8,0,0,0,0,0,0,0,0,0,0,0,0,0,0,0,0,0,0,0,0,0,DEFINITION
1653,110118,Sửa chữa căn hộ chung cư có cần phải xin giấy phép xây dựng không?,66,15,0,0,0,0,0,0,0,0,0,0,0,0,0,0,0,0,0,0,0,0,0,GENERAL_SEMANTIC
1654,108246,Tổ chức kỷ niệm 69 năm ngày Chiến thắng Điện Biên Phủ phải đảm bảo những yêu cầu nào?,85,19,0,0,0,0,0,0,0,0,0,0,0,0,0,0,0,0,0,0,0,1,1,CONDITION
1655,155936,Công dân Việt Nam điều khiển phương tiện đường thủy hoạt động trong khu vực biên giới biển mang theo các loại giấy tờ bản chính hay bản sao?,140,29,0,0,0,0,0,0,0,0,0,0,0,0,0,0,0,0,0,1,0,0,0,GENERAL_SEMANTIC
1656,144528,Túi ni lông thuộc diện chịu thuế là loại túi nào?,49,11,0,0,0,0,0,0,0,0,0,0,0,0,0,0,0,0,0,0,0,0,0,GENERAL_SEMANTIC
1657,75804,Quảng cáo thuốc thụt trực tràng chứa hoạt chất Glycerol phối hợp với dịch chiết dược liệu không đưa ra tên hoạt chất bị xử phạt như thế nào?,140,29,0,0,0,0,0,0,0,0,0,0,0,0,0,0,0,0,0,0,0,0,0,SANCTION
1658,80778,Ở Viện kiểm sát nhân dân tối cao đăng ký Hồ sơ nghiệp vụ kiểm sát tại đâu?,74,18,0,0,0,0,0,0,0,0,0,0,0,0,0,0,0,0,0,0,0,0,0,PROCEDURE
1659,50114,Hồ sơ cấp đổi giấy phép của cơ sở sản xuất tàu bay không người lái khi thay đổi thông tin trên giấy phép cần những gì?,118,27,0,0,0,0,0,0,0,0,0,0,0,0,0,0,0,0,0,0,0,0,0,PROCEDURE
1660,91488,Mức bảo đảm tài chính từ ngân sách nhà nước để thi hành án được xác định ra sao?,80,19,0,0,0,0,0,0,0,0,0,0,0,0,0,0,0,0,0,0,0,0,0,NUMERICAL_THRESHOLD
1661,89770,Chủ tịch Ủy ban nhân dân cấp xã được quyền xử phạt người làm hư hại hiện vật trong bảo tàng không?,98,22,0,0,0,0,0,0,0,0,0,0,0,0,0,0,0,0,0,0,0,0,1,SANCTION
1662,129662,Trình tự thực hiện thủ tục giải quyết hưởng chế độ bệnh nghề nghiệp do bệnh tật tái phát ra sao?,96,21,0,0,0,0,0,0,0,0,0,0,0,0,0,0,0,0,0,0,0,0,0,PROCEDURE
1663,81882,Nhận nuôi con nuôi khi cả vợ và chồng đều tham gia bảo hiểm xã hội thì có phải cả hai đều được hưởng chế độ thai sản?,117,28,0,0,0,0,0,0,0,0,0,0,0,0,0,0,0,0,0,0,0,0,0,ELIGIBILITY
1664,35506,Người đại diện theo pháp luật của doanh nghiệp là gì?,53,11,0,0,0,0,0,1,0,0,0,0,0,0,0,0,0,0,0,1,1,0,1,DEFINITION
1665,4148,"Trình tự, hồ sơ cấp thẻ ABTC lần đầu cho doanh nhân Việt Nam như thế nào?",73,17,0,0,0,0,0,0,0,0,0,0,0,0,0,0,0,0,0,0,0,0,0,PROCEDURE
1666,130746,"Quy định về bảo vệ môi trường đối với hộ gia đình, cá nhân được quy định như thế nào?",85,20,0,0,0,0,0,0,0,0,0,0,0,0,0,0,0,0,0,0,0,0,1,GENERAL_SEMANTIC
1667,63170,Thành viên Đoàn kiểm toán nhà nước được đánh giá xếp loại theo những mức nào?,77,16,0,0,0,0,0,0,0,0,0,0,0,0,0,0,0,0,0,1,0,0,0,NUMERICAL_THRESHOLD
1668,11042,Tòa án ra quyết định thi hành án phạt tù nhưng chưa nhận được quyết định này thì có bị áp giải không?,101,23,0,0,0,0,0,0,0,0,0,1,0,0,0,0,0,0,0,0,1,0,0,SANCTION
1669,578,Ai có quyền quyết định chia tách thư viện theo quy định hiện nay?,65,14,0,0,0,0,0,0,0,0,0,1,0,0,0,0,0,0,0,1,1,0,0,CROSS_REFERENCE
1670,159170,Mẫu báo cáo tình hình quản lý sử dụng nhà ở công vụ dành cho đơn vị quản lý vận hành nhà ở công vụ và cơ quan quản lý nhà ở công vụ ra sao?,139,36,0,0,0,0,0,0,0,0,0,0,0,0,0,0,0,0,0,0,0,0,1,GENERAL_SEMANTIC
1671,75818,Quy định về trách nhiệm khi chấm dứt hợp đồng lao động của người lao động và người sử dụng lao động?,100,22,0,0,0,0,0,0,0,0,0,0,0,0,0,0,0,0,0,0,0,0,1,GENERAL_SEMANTIC
1672,14298,Doanh nghiệp kinh doanh muốn có giấy phép quá cảnh hàng hóa của Trung Quốc qua lãnh thổ Việt Nam thì hồ sơ đề nghị cấp giấy phép gồm những gì?,142,31,0,0,0,0,0,0,0,0,0,0,0,0,0,0,0,0,0,0,0,0,1,PROCEDURE
1673,166282,Chủ thể nào được hưởng quyền ưu tiên trong đăng ký quyền sở hữu sáng chế?,73,16,0,0,0,0,0,0,0,0,0,0,0,0,0,0,0,0,0,0,0,0,0,PROCEDURE
1674,152148,Truy cứu trách nhiệm hình sự đối với hành vi cá độ bóng đá không?,65,15,0,0,0,0,0,0,0,0,0,0,0,0,0,0,0,0,0,0,0,0,0,SANCTION
1675,109470,"Công tác tuyên truyền, nâng cao nhận thức cộng đồng về khí tượng thủy văn?",74,15,0,0,0,0,0,0,0,0,0,0,0,0,0,0,0,0,0,0,0,0,0,GENERAL_SEMANTIC
1676,18820,"Chủ thể nào thực hiện việc quản lý tài chính, tài sản của Tạp chí Lao động và Công đoàn?",88,20,0,0,0,0,0,0,0,0,0,0,0,0,0,0,0,0,0,0,0,0,0,GENERAL_SEMANTIC
1677,154722,Báo cáo Bộ Giáo dục và Đào tạo công tác quản lý nhà nước đối với kinh doanh dịch vụ tư vấn du học về những nội dung gì?,119,29,0,0,0,0,0,0,0,0,0,0,0,0,0,0,0,0,0,0,0,0,0,GENERAL_SEMANTIC
1678,142958,Tại Thông tư 26/2017/TT-BYT quy định về nhiệm vụ quyền hạn của Trung tâm Kiểm soát bệnh tật tỉnh như thế nào?,109,25,0,0,0,0,0,0,0,0,1,0,0,0,0,0,1,1,0,0,1,1,0,GENERAL_SEMANTIC
1679,112534,Quyền của trẻ em trong việc khám chữa bệnh được quy định thế nào?,65,14,0,0,0,0,0,0,0,0,0,0,0,0,0,0,0,0,0,0,0,0,0,GENERAL_SEMANTIC
1680,122182,Công chức được bổ nhiệm vào ngạch thuyền viên kiểm ngư trung cấp phải có thời gian làm việc trên tàu kiểm ngư từ bao nhiêu tháng trở lên?,137,29,0,0,0,0,0,0,0,0,0,0,0,0,0,0,0,0,0,0,0,0,0,PROCEDURE
1681,159456,Đạt chuẩn phổ cập giáo dục mầm non cho trẻ em 5 tuổi cần đáp ứng điều kiện gì?,78,19,0,0,0,0,0,0,0,0,0,0,0,0,0,0,0,0,0,0,0,1,0,CONDITION
1682,155838,Lưỡng dụng là gì? Sân bay chuyên dùng là gì?,44,10,0,0,0,0,0,0,0,0,0,0,0,0,0,0,0,0,0,0,0,0,0,DEFINITION
1683,36678,Hồ sơ đề nghị cấp chứng chỉ hành nghề kiến trúc bao gồm những gì?,65,15,0,0,0,0,0,0,0,0,0,0,0,0,0,0,0,0,0,0,0,0,0,PROCEDURE
1684,4194,Cơ quan nào có thẩm quyền nhận đơn đề nghị tạm dừng làm thủ tục hải quan?,73,17,0,0,0,0,0,0,0,0,0,0,0,0,0,0,0,0,0,0,0,0,1,PROCEDURE
1685,6268,"Chủ tịch Ủy ban nhân dân cấp tỉnh có quyền xử phạt doanh nghiệp quản lý, thanh lý tài sản hoạt động không đúng theo nội dung đăng ký không?",139,30,0,0,0,0,0,0,0,0,0,0,0,0,0,0,0,0,0,1,0,0,1,SANCTION
1686,27132,Khi triển khai lấy phiếu tín nhiệm để bổ nhiệm viên chức giữ chức danh lãnh đạo tại đơn vị trực thuộc Bộ Tài chính thì viên chức tập sự có được tham gia hay không?,163,36,0,0,0,0,0,0,0,0,0,0,0,0,0,0,0,0,0,0,0,0,0,CONDITION
1687,5836,Những đối tượng nào sẽ được tham gia vào Hội Cựu giáo chức Việt Nam?,68,15,0,0,0,0,0,0,0,0,0,0,0,0,0,0,0,0,0,0,0,0,0,CONDITION
1688,101974,"Nhiệm vụ phát huy vai trò, trách nhiệm nêu gương của cán bộ, đảng viên trong quá trình đổi mới phương thức lãnh đạo, cầm quyền của Đảng là gì?",142,30,0,0,0,0,0,0,0,0,0,0,0,0,0,0,0,0,0,0,0,0,0,DEFINITION
1689,30336,Người thi hành công vụ phạm tội giam người trái pháp luật đang mang thai thì có được coi là tình tiết giảm nhẹ không?,117,25,0,0,0,0,0,1,0,0,0,0,0,0,0,0,0,0,0,0,1,0,0,CONDITION
1690,12994,Hồ sơ đăng ký thuế lần đầu bao gồm những gì?,44,11,0,0,0,0,0,0,0,0,0,0,0,0,0,0,0,0,0,0,0,0,0,PROCEDURE
1691,35350,Người thực hiện chứng thực không được phép chứng thực các loại hợp đồng nào?,76,15,0,0,0,0,0,0,0,0,0,0,0,0,0,0,0,0,0,0,0,0,0,CONDITION
1692,56666,Đối tượng không chịu thuế bảo vệ môi trường là những hàng hóa nào?,66,14,0,0,0,0,0,0,0,0,0,0,0,0,0,0,0,0,0,0,0,0,0,CONDITION
1693,48378,"Trình tự, thủ tục bổ sung nghiệp vụ kinh doanh chứng khoán của công ty chứng khoán được thực hiện như thế nào?",110,23,0,0,0,0,0,0,0,0,0,0,0,0,0,0,0,0,1,0,0,0,1,PROCEDURE
1694,85046,Hoạt động bảo trì tài sản kết cấu hạ tầng hàng không được thực hiện thông qua các hình thức nào?,96,21,0,0,0,0,0,0,0,0,0,0,0,0,0,0,0,0,0,0,0,0,0,GENERAL_SEMANTIC
1695,87864,Điều kiện để công nhận là người hoạt động cách mạng trước ngày 01 tháng 01 năm 1945?,84,18,0,0,0,0,0,0,0,0,0,0,0,0,0,0,0,1,1,0,0,1,0,CONDITION
1696,77668,Hoạt động đối ngoại của Tổng cục Hải quan gồm những nội dung nào?,65,14,0,0,0,0,0,0,0,0,0,0,0,0,0,0,0,0,0,0,0,0,0,GENERAL_SEMANTIC
1697,36066,Cơ sở cho thuê nhà trọ có phải đăng ký kinh doanh không?,56,13,0,0,0,0,0,0,0,0,0,0,0,0,0,0,0,0,0,0,0,0,0,PROCEDURE
1698,17016,"Trách nhiệm của cơ quan, tổ chức và cá nhân về việc làm theo quy định pháp luật",79,18,0,0,0,0,0,1,0,0,0,0,0,0,0,0,0,0,0,1,1,0,1,CROSS_REFERENCE
1699,112224,Thành phần hồ sơ và thủ tục cấp Giấy phép vận tải đường bộ quốc tế giữa Việt Nam và Lào quy định như thế nào?,109,26,0,0,0,0,0,0,0,0,0,0,0,0,0,0,0,0,0,0,0,0,0,PROCEDURE
1700,144318,Làm thế nào để thích ứng với biến đổi khí hậu?,46,11,0,0,0,0,0,0,0,0,0,0,0,0,0,0,0,0,0,0,0,0,0,GENERAL_SEMANTIC
1701,158676,Báo cáo sự cố công trình xây dựng được thực hiện như thế nào?,61,14,0,0,0,0,0,0,0,0,0,0,0,0,0,0,0,0,0,0,0,0,0,GENERAL_SEMANTIC
1702,44992,Bơm chữa cháy cho doanh nghiệp sản xuất phải được bảo dưỡng thường xuyên như thế nào?,85,17,0,0,0,0,0,0,0,0,0,0,0,0,0,0,0,0,0,0,0,0,1,GENERAL_SEMANTIC
1703,42890,Chứng từ điện tử trong hoạt động tài chính của tổ chức bị hủy hiệu lực có được lưu trữ không?,93,21,0,0,0,0,0,0,0,0,0,0,0,0,0,0,0,0,0,0,0,0,1,CONDITION
1704,53536,Trung tâm thanh toán bù trừ séc có được quyền bố trí lại vị trí các nội dung của công cụ chuyển nhượng là séc hay không?,120,27,0,0,0,0,0,0,0,0,0,0,0,0,0,0,0,0,0,0,0,0,0,CONDITION
1705,109968,"Tài khoản đăng nhập Hệ thống thu nộp, chi trả bảo hiểm xã hội điện tử được thu hồi trong những trường hợp nào?",110,24,0,0,0,0,0,0,0,0,0,0,0,0,0,0,0,0,0,0,0,0,0,PROCEDURE
1706,61522,Hồ sơ đề nghị công nhận làng nghề truyền thống gồm những tài liệu nào?,70,15,0,0,0,0,0,0,0,0,0,0,0,0,0,0,0,0,0,0,0,0,0,PROCEDURE
1707,102090,Biên bản giao nhận người có hành vi vi phạm hành chính phải ghi rõ các nội dung gì?,83,19,0,0,0,0,0,0,0,0,0,0,0,0,0,0,0,0,0,0,0,0,0,SANCTION
1708,14814,"Ai có thẩm quyền quyết định chủ trương về thanh lý, xử lý trang thiết bị tìm kiếm cứu nạn?",90,20,0,0,0,0,0,0,0,0,0,1,0,0,0,0,0,0,0,0,1,0,0,GENERAL_SEMANTIC
1709,15526,Bảo vệ thông tin bí mật đời sống riêng tư cho trẻ em trên môi trường mạng bằng những biện pháp nào?,99,22,0,0,0,0,0,0,0,0,0,0,0,0,0,0,0,0,0,0,0,0,0,GENERAL_SEMANTIC
1710,31310,"Trách nhiệm của cơ sở khai thác, sử dụng tài nguyên nước theo quy định hiện nay là gì?",86,19,0,0,0,0,0,0,0,0,0,0,0,0,0,0,0,0,0,1,0,0,0,DEFINITION
1711,142556,Nhà biệt thự là gì?,19,5,0,0,0,0,0,0,0,0,0,0,0,0,0,0,0,0,0,0,0,0,0,DEFINITION
1712,127606,"Tổ chức tín dụng đáp ứng các tiêu chí nào sẽ được tái cấp vốn, gia hạn tái cấp vốn theo tỷ lệ 70%?",98,24,0,0,0,0,0,0,0,0,0,0,0,0,0,0,0,0,0,1,0,1,1,PROCEDURE
1713,22234,Kế toán trưởng có phải chịu trách nhiệm pháp lý trong trường hợp chủ doanh nghiệp gian lận về thuế hay không?,109,22,0,0,0,0,0,0,0,0,0,0,0,0,0,0,0,0,0,0,0,0,1,GENERAL_SEMANTIC
1714,160164,Những ai được mua công cụ nợ của Chính phủ tại thị trường trong nước?,69,15,0,0,0,0,0,0,0,0,0,0,0,0,0,0,0,0,0,0,0,0,0,ELIGIBILITY
1715,155714,Biên phòng cửa khẩu cảng từ chối cấp Giấy phép xuống tàu trong trường hợp nào?,78,16,0,0,0,0,0,0,0,0,0,0,0,0,0,0,0,0,0,0,0,0,0,PROCEDURE
1716,28026,"Những việc không thuộc nhiệm vụ, quyền hạn của Thừa phát lại khi tổ chức thi hành án là gì?",91,20,0,0,0,0,0,0,0,0,0,0,0,0,0,0,0,0,0,0,0,0,1,DEFINITION
1717,157336,Tổ chức được cấp phép lắp đặt cáp viễn thông trên biển cần phải nộp phí quyền hoạt động viễn thông hay không?,109,23,0,0,0,0,0,0,0,0,0,0,0,0,0,0,0,0,0,0,0,0,1,PROCEDURE
1718,35162,"Tình hình vận tải hàng hóa, hành khách dịp Tết 2023 được đảm bảo tăng cường như thế nào?",88,19,0,0,0,0,0,0,0,0,0,0,0,0,0,0,0,1,0,0,0,1,0,GENERAL_SEMANTIC
1719,144360,Trường hợp Trung tâm trọng tài thay đổi danh sách Trọng tài viên thì phải thông báo cho cơ quan nào?,100,21,0,0,0,0,0,0,0,0,0,0,0,0,0,0,0,0,0,0,0,0,1,GENERAL_SEMANTIC
1720,9636,Công chức thuộc Bộ Tài nguyên và Môi trường đi công tác nước ngoài đột xuất trong những trường hợp nào?,103,21,0,0,0,0,0,0,0,0,0,0,0,0,0,0,0,0,0,0,0,0,0,ELIGIBILITY
1721,3398,Việc ra quyết định dừng quản lý người sử dụng trái phép chất ma túy được thực hiện trong trường hợp nào?,104,22,0,0,0,0,0,0,0,0,0,1,0,0,0,0,0,0,0,0,1,0,0,ELIGIBILITY
1722,148760,"Việc sử dụng giấy chuyển tuyến trong khám, chữa bệnh bảo hiểm y tế được quy định ra sao?",88,19,0,0,0,0,0,0,0,0,0,0,0,0,0,0,0,0,0,0,0,0,0,GENERAL_SEMANTIC
1723,44464,Giáo viên trực tiếp giảng dạy ở các trường trung cấp chuyên nghiệp kiêm nhiệm công tác chủ nhiệm lớp thì được giảm định mức giờ dạy là bao nhiêu?,145,30,0,0,0,0,0,0,0,0,0,0,0,0,0,0,0,0,0,0,0,0,0,PROCEDURE
1724,11560,Quy định về trách nhiệm khi sử dụng người lao động nước ngoài của nhà thầu?,75,16,0,0,0,0,0,0,0,0,0,0,0,0,0,0,0,0,0,0,0,0,1,GENERAL_SEMANTIC
1725,35554,Cơ quan nào có thẩm quyền cho phép tiến hành hoạt động quá cảnh lãnh thổ Việt Nam tiền chất dùng làm thuốc?,107,23,0,0,0,0,0,0,0,0,0,0,0,0,0,0,0,0,0,0,0,0,1,GENERAL_SEMANTIC
1726,167586,Hệ quả khi vay tiền online nhưng không trả? Vay tiền online mà không trả bị phạt bao nhiêu tiền?,96,20,0,0,0,0,0,0,0,0,0,0,0,0,0,0,0,0,0,0,0,0,0,SANCTION
1727,126700,"Việc lập, chuyển gửi, giao nhận Phiếu kết quả xét nghiệm HIV dương tính như thế nào?",84,17,0,0,0,0,0,0,0,0,0,0,0,0,0,0,0,0,0,0,0,0,0,GENERAL_SEMANTIC
1728,125172,Chế độ thai sản cho nam chiến sĩ công an nhân dân quy định như thế nào?,71,17,0,0,0,0,0,0,0,0,0,0,0,0,0,0,0,0,0,0,0,0,0,GENERAL_SEMANTIC
1729,76278,Tiền lương làm thêm giờ được quy định như thế nào?,50,11,0,0,0,0,0,0,0,0,0,0,0,0,0,0,0,0,0,0,0,0,0,GENERAL_SEMANTIC
1730,40278,Mức tiền tạm ứng chi phí cho người làm chứng do đương sự yêu cầu Tòa án triệu tập đối với vụ việc dân sự gồm những chi phí nào?,127,30,0,0,0,0,0,0,0,0,0,0,0,0,0,0,0,0,0,0,0,0,0,CONDITION
1731,19130,"Ủy ban sông Mê Công Việt Nam nghiên cứu, đề xuất với Thủ tướng Chính phủ phương hướng, giải pháp để giải quyết các vấn đề gì?",125,27,0,0,0,0,0,0,0,0,0,0,0,0,0,0,0,0,0,0,0,0,1,PROCEDURE
1732,69410,Các giải pháp thực hiện phương án quản lý rừng bền vững đối với rừng đặc dụng là gì?,84,19,0,0,0,0,0,0,0,0,0,0,0,0,0,0,0,0,0,0,0,0,0,DEFINITION
1733,12510,Chủ tịch Ủy ban nhân dân cấp tỉnh có quyền xử phạt cơ sở giết mổ không có biện pháp gây ngất vật nuôi trước khi giết mổ không?,126,29,0,0,0,0,0,0,0,0,0,0,0,0,0,0,0,0,0,0,0,0,1,SANCTION
1734,68100,Nếu như Sĩ quan Quân đội vi phạm pháp luật về quản lý và sử dụng xe ô tô thì Thủ trưởng cơ quan có trách nhiệm gì?,114,28,0,0,0,0,0,1,0,0,0,0,0,0,0,0,0,0,0,0,1,0,1,SANCTION
1735,132984,Nhiệm vụ của Ban Tuyên giáo Tổng Liên đoàn lao động Việt Nam là gì?,67,15,0,0,0,0,0,0,0,0,0,0,0,0,0,0,0,0,0,0,0,0,0,DEFINITION
1736,68018,"Trường hợp nào thì bị thu hồi, hủy giá trị sử dụng hộ chiếu?",60,14,0,0,0,0,0,0,0,0,0,0,0,0,0,0,0,0,0,0,0,0,0,ELIGIBILITY
1737,161740,Cán bộ Quân đội giữ chức vụ Phó Tư lệnh Bộ đội Biên phòng đã nghỉ hưu thì khi mất được tổ chức Lễ tang theo cấp nào?,116,28,0,0,0,0,0,0,0,0,0,0,0,0,0,0,0,0,0,1,0,0,1,PROCEDURE
1738,157076,Để cấp thẻ tạm trú đối với người nước ngoài kết hôn với người Việt Nam thực hiện theo quy trình ra sao?,103,23,0,0,0,0,0,0,0,0,0,0,0,0,0,0,0,0,0,1,0,0,0,PROCEDURE
1739,167132,Tổ chức sử dụng đất bao gồm những tổ chức nào? Khi thay đổi nghĩa vụ tài chính thì bắt buộc phải đăng ký biến động đúng không?,126,28,0,0,0,0,0,0,0,0,0,0,0,0,0,0,0,0,0,0,0,0,1,PROCEDURE
1740,54518,"Người học ngành xây dựng và hoàn thiện công trình thủy lợi trình độ cao đẳng thì phải có khả năng học tập, nâng cao trình độ như thế nào?",137,30,0,0,0,0,0,0,0,0,0,0,0,0,0,0,0,0,0,0,0,0,0,GENERAL_SEMANTIC
1741,162826,"Mạo danh chức vụ, cấp bậc, vị trí công tác của người khác sẽ bị xử lý hình sự như thế nào?",90,22,0,0,0,0,0,0,0,0,0,0,0,0,0,0,0,0,0,0,0,0,0,PROCEDURE
1742,149758,"Thẩm kế viên viên hạng IV cần đáp ứng được những tiêu chuẩn về về trình độ đào tạo, bồi dưỡng nào?",98,22,0,0,0,0,0,0,0,0,0,0,0,0,0,0,0,0,0,0,0,0,0,CONDITION
1743,30370,Mẫu Phiếu đánh giá kết quả sát hạch thực hành khám máy mới nhất hiện nay?,73,16,0,0,0,0,0,0,0,0,0,0,0,0,0,0,0,0,1,0,0,0,0,GENERAL_SEMANTIC
1744,92912,Thực hiện kết nối các tuyến đường sắt cần đảm bảo những nguyên tắc gì?,70,15,0,0,0,0,0,0,0,0,0,0,0,0,0,0,0,0,0,0,0,0,0,GENERAL_SEMANTIC
1745,100888,Công trình xây dựng là gì?,26,6,0,0,0,0,0,0,0,0,0,0,0,0,0,0,0,0,0,0,0,0,0,DEFINITION
1746,95774,Trưởng phòng xét nghiệm có trách nhiệm thế nào trong việc quản lý chất lượng xét nghiệm tại cơ sở khám chữa bệnh?,113,23,0,0,0,0,0,0,0,0,0,0,0,0,0,0,0,0,0,0,0,0,0,GENERAL_SEMANTIC
1747,47390,Khi người gửi hàng chuyển giao hàng nguy hiểm cho người kinh doanh vận tải đa phương thức để vận chuyển thì phải thực hiện quy định như thế nào để đảm bảo an toàn?,163,35,0,0,0,0,0,0,0,0,0,0,0,0,0,0,0,0,0,0,0,0,0,GENERAL_SEMANTIC
1748,15532,"Thu thập, xử lý và quản lý hệ thống thông tin người nộp thuế như thế nào?",73,17,0,0,0,0,0,0,0,0,0,0,0,0,0,0,0,0,0,0,0,0,0,PROCEDURE
1749,22456,Người chế tạo trái phép vũ khí thể thao gây thiệt hại tài sản 200.000.000 đồng thì bị truy cứu trách nhiệm hình sự thế nào?,123,28,0,0,0,0,0,0,0,0,0,0,0,0,0,0,0,0,0,0,0,1,0,SANCTION
1750,113156,Kế hoạch đối ngoại hàng năm của Bảo hiểm xã hội Việt Nam theo quy định bao gồm những nội dung nào?,98,22,0,0,0,0,0,0,0,0,0,0,0,0,0,0,0,0,0,1,0,0,0,GENERAL_SEMANTIC
1751,98466,Mẫu đề nghị ra quyết định chuyển vụ án hình sự mới nhất?,56,13,0,0,0,0,0,0,0,0,0,1,0,0,0,0,0,0,1,0,1,0,0,GENERAL_SEMANTIC
1752,68674,Điều kiện để được hưởng chế độ phụ cấp ưu đãi là gì?,52,13,0,0,0,0,0,0,0,0,0,0,0,0,0,0,0,0,0,0,0,0,0,PROCEDURE
1753,148458,Có mấy trường hợp công dân Việt Nam được quyền có hai quốc tịch?,64,14,0,0,0,0,0,0,0,0,0,0,0,0,0,0,0,0,0,0,0,0,0,GENERAL_SEMANTIC
1754,41364,Điều kiện công nhận hoàn thành chương trình trung học của học sinh là gì?,73,15,0,0,0,0,0,0,0,0,0,0,0,0,0,0,0,0,0,0,0,0,0,CONDITION
1755,93778,Việc báo cáo hợp tác quốc tế về pháp luật được thực hiện trong thời gian nào?,77,17,0,0,0,0,0,1,0,0,0,0,0,0,0,0,0,0,0,0,1,0,0,GENERAL_SEMANTIC
1756,84652,"Chủ tịch Ủy ban nhân dân cấp xã có được quyền xử phạt người lưu hành bản ghi âm, ghi hình có nội dung nghệ thuật biểu diễn xâm phạm chủ quyền và toàn vẹn lãnh thổ đất nước không?",178,40,0,0,0,0,0,0,0,0,0,0,0,0,0,0,0,0,0,0,0,0,1,SANCTION
1757,43894,Công tác chuẩn bị khoan thăm dò nước dưới đất được thực hiện thế nào?,69,15,0,0,0,0,0,0,0,0,0,0,0,0,0,0,0,0,0,0,0,0,0,GENERAL_SEMANTIC
1758,132188,"Tăng cường thực hiện công tác tuyên truyền, giáo dục về sức khỏe tâm thần cho học sinh, trẻ em?",95,20,0,0,0,0,0,0,0,0,0,0,0,0,0,0,0,0,0,0,0,0,0,GENERAL_SEMANTIC
1759,24576,Tiêu chí xác định doanh nghiệp siêu nhỏ là gì?,46,10,0,0,0,0,0,0,0,0,0,0,0,0,0,0,0,0,0,0,0,0,1,DEFINITION
1760,139246,Phát hiện thời điểm đủ 5 năm liên tục trên thẻ bảo hiểm y tế chưa chính xác thì phải làm gì?,92,22,0,0,0,0,0,0,0,0,0,0,0,0,0,0,0,0,0,0,0,1,0,GENERAL_SEMANTIC
1761,114266,Sĩ quan quân đội có nghĩa vụ gì?,32,8,0,0,0,0,0,0,0,0,0,0,0,0,0,0,0,0,0,0,0,0,0,GENERAL_SEMANTIC
1762,107006,Nguồn tài chính đối với tổ chức thủy lợi cơ sở được sử dụng thế nào?,68,16,0,0,0,0,0,0,0,0,0,0,0,0,0,0,0,0,0,0,0,0,1,GENERAL_SEMANTIC
1763,84210,"Tổ chức lễ tang cán bộ, công, viên chức theo hình thức nào?",59,13,0,0,0,0,0,0,0,0,0,0,0,0,0,0,0,0,0,1,0,0,1,GENERAL_SEMANTIC
1764,158890,Có được điều chỉnh quy hoạch xây dựng khu du lịch khi hình thành dự án trọng điểm có ý nghĩa quốc gia hay không?,112,25,0,0,0,0,0,0,0,0,0,0,0,0,0,0,0,0,0,0,0,0,0,CONDITION
1765,118710,Nghỉ việc chăm 2 con sinh đôi bị ốm hơn 1 tuổi thì có được hưởng chế độ ốm đau không?,85,21,0,0,0,0,0,0,0,0,0,0,0,0,0,0,0,0,0,0,0,1,0,CONDITION
1766,45414,Kinh phí thực hiện những hoạt động chữ thập đỏ trong trường học được lấy từ những nguồn nào?,92,19,0,0,0,0,0,0,0,0,0,0,0,0,0,0,0,0,0,0,0,0,0,GENERAL_SEMANTIC
1767,14334,"Văn phòng đại diện có được mượn, cho thuê lại trụ sở không?",59,13,0,0,0,0,0,0,0,0,0,0,0,0,0,0,0,0,0,0,0,0,0,CONDITION
1768,286,Thực hiện giám định tư pháp trong lĩnh vực tài chính cần lập những hồ sơ gì?,76,17,0,0,0,0,0,0,0,0,0,0,0,0,0,0,0,0,0,0,0,0,0,PROCEDURE
1769,147116,"Trường của cơ quan nhà nước có hình thức đào tạo, bồi dưỡng do ai quản lý?",74,17,0,0,0,0,0,0,0,0,0,0,0,0,0,0,0,0,0,0,0,0,1,GENERAL_SEMANTIC
1770,124182,Bồi dưỡng cán bộ trong các cơ quan nhà nước theo phương pháp nào?,65,14,0,0,0,0,0,0,0,0,0,0,0,0,0,0,0,0,0,1,0,0,1,GENERAL_SEMANTIC
1771,54814,Có tổ chức lễ đón chính thức Người đứng đầu Nghị viện nước khách thăm làm việc tại Việt Nam hay không?,102,22,0,0,0,0,0,0,0,0,0,0,0,0,0,0,0,0,0,0,0,0,1,GENERAL_SEMANTIC
1772,119012,Sổ nhật ký Đoàn thanh tra chuyên ngành hải quan là gì?,54,12,0,0,0,0,0,0,0,0,0,0,0,0,0,0,0,0,0,0,0,0,0,DEFINITION
1773,84730,Yêu cầu về kinh nghiệm đối với vị trí chuyên viên cao cấp về quản lý bản quyền tác giả như thế nào?,99,23,0,0,0,0,0,0,0,0,0,0,0,0,0,0,0,0,0,0,0,0,0,PROCEDURE
1774,146236,Những đối tượng nào được quyền yêu cầu thực hiện thủ tục trợ cấp xã hội đối với người khuyết tật?,97,21,0,0,0,0,0,0,0,0,0,0,0,0,0,0,0,0,0,0,0,0,0,PROCEDURE
1775,83624,Năng lực chịu trách nhiệm bồi thường thiệt hại của cá nhân được quy định như thế nào?,85,18,0,0,0,0,0,0,0,0,0,0,0,0,0,0,0,0,0,0,0,0,1,GENERAL_SEMANTIC
1776,60852,Công ty có khoảng 1.000 lao động thì cần tổ chức bộ phận y tế có quy mô như thế nào?,84,22,0,0,0,0,0,0,0,0,0,0,0,0,0,0,0,0,0,0,0,1,1,GENERAL_SEMANTIC
1777,134576,Thực phẩm nhập khẩu có bắt buộc phải có nhãn phụ không?,55,12,0,0,0,0,0,0,0,0,0,0,0,0,0,0,0,0,0,0,0,0,0,GENERAL_SEMANTIC
1778,49818,"Điều kiện về Giấy khen để được tặng ""Bằng khen của Thủ tướng chính phủ"" ra sao?",79,17,0,0,0,0,0,0,0,0,0,0,0,0,0,0,0,0,0,0,0,0,0,CONDITION
1779,85198,Trách nhiệm của Ủy ban nhân dân cấp tỉnh trong việc bảo vệ môi trường nước mặt là gì?,85,19,0,0,0,0,0,0,0,0,0,0,0,0,0,0,0,0,0,0,0,0,1,PROCEDURE
1780,31430,Điều kiện để hưởng bảo hiểm xã hội khi ốm đau?,46,11,0,0,0,0,0,0,0,0,0,0,0,0,0,0,0,0,0,0,0,0,0,CONDITION
1781,14212,Đồ chơi và thiết bị dạy học của lớp mầm non độc lập được trang bị như thế nào?,78,19,0,0,0,0,0,0,0,0,0,0,0,0,0,0,0,0,0,0,0,0,0,GENERAL_SEMANTIC
1782,95944,Mẫu quyết định hủy quyết định hoãn chấp hành án phạt tù đối với người mắc bệnh tâm thần cụ thể như thế nào?,107,24,0,0,0,0,0,0,0,0,0,1,0,0,0,0,0,0,0,0,1,0,0,SANCTION
1783,65512,Đối tượng nào được tuyển thẳng trong tuyển sinh THPT?,53,10,0,0,0,0,0,0,0,0,0,0,0,0,0,0,0,0,0,0,0,0,0,CONDITION
1784,158466,Hội Môi trường giao thông vận tải Việt Nam có mục đích hoạt động là gì?,71,16,0,0,0,0,0,0,0,0,0,0,0,0,0,0,0,0,0,0,0,0,0,DEFINITION
1785,7848,Có bắt buộc phải niêm yết công khai giá vé xe buýt bên trong xe để hành khách biết không?,89,20,0,0,0,0,0,0,0,0,0,0,0,0,0,0,0,0,0,0,0,0,0,GENERAL_SEMANTIC
1786,47538,Tình tiết tăng nặng mức kỷ luật đối với đảng viên vi phạm là những hành vi nào?,79,18,0,0,0,0,0,1,0,0,0,0,0,0,0,0,0,0,0,0,1,0,0,SANCTION
1787,109084,Năm báo cáo công tác thi hành án dân sự bắt đầu từ ngày nào?,60,15,0,0,0,0,0,0,0,0,0,0,0,0,0,0,0,0,0,0,0,0,0,GENERAL_SEMANTIC
1788,44766,Quyền và nghĩa vụ của chủ sở hữu nhà ở và người sử dụng nhà ở được quy định như thế nào?,88,22,0,0,0,0,0,0,0,0,0,0,0,0,0,0,0,0,0,0,0,0,0,GENERAL_SEMANTIC
1789,34292,Thẩm quyền cấp phép xây dựng tường rào ở khu đô thị quy định như thế nào?,73,17,0,0,0,0,0,0,0,0,0,0,0,0,0,0,0,0,0,0,0,0,0,PROCEDURE
1790,99068,Thủ tục cấp lại thẻ BHYT online trên Cổng dịch vụ công quốc gia ra sao?,71,16,0,0,0,0,0,0,0,0,0,0,0,0,0,0,0,0,0,0,0,0,0,PROCEDURE
1791,96636,Quy trình thẩm định văn bản quy phạm pháp luật của Kiểm toán nhà nước thực hiện như thế nào?,92,20,0,0,0,0,0,1,0,0,0,0,0,0,0,0,0,0,0,0,1,0,0,GENERAL_SEMANTIC
1792,162576,Thời điểm hưởng chế độ con đẻ của người hoạt động kháng chiến bị nhiễm chất độc hóa học là khi nào?,99,22,0,0,0,0,0,0,0,0,0,0,0,0,0,0,0,0,0,0,0,0,0,GENERAL_SEMANTIC
1793,69156,Thẩm quyền bổ nhiệm Chấp hành viên sơ cấp thuộc về cơ quan nhà nước nào?,72,16,0,0,0,0,0,0,0,0,0,0,0,0,0,0,0,0,0,0,0,0,1,PROCEDURE
1794,82172,Ai có nghĩa vụ thanh toán số tiền ghi trên hối phiếu đòi nợ?,60,14,0,0,0,0,0,0,0,0,0,0,0,0,0,0,0,0,0,0,0,0,0,GENERAL_SEMANTIC
1795,157894,Nguồn kinh phí thực hiện chi trả phụ cấp thâm niên cho giáo viên giảng dạy tại trường mầm non công lập được lấy từ đâu?,119,26,0,0,0,0,0,0,0,0,0,0,0,0,0,0,0,0,0,0,0,0,0,PROCEDURE
1796,137974,Việc cấp Giấy phép xây dựng có thời hạn ở tỉnh Hòa Bình được quy định ra sao?,77,18,0,0,0,0,0,0,0,0,0,0,0,0,0,0,0,0,0,0,0,0,0,PROCEDURE
1797,73116,Chủ hộ kinh doanh chăn nuôi có quyền và nghĩa vụ như thế nào?,61,14,0,0,0,0,0,0,0,0,0,0,0,0,0,0,0,0,0,0,0,0,1,GENERAL_SEMANTIC
1798,11010,Tự nguyện ly hôn theo quy định pháp luật,40,9,0,0,0,0,0,1,0,0,0,0,0,0,0,0,0,0,0,1,1,0,0,CROSS_REFERENCE
1799,112602,Ai có thẩm quyền quyết định bổ nhiệm chức danh người đứng đầu Văn phòng Ban cán sự đảng Bộ GDĐT?,96,21,0,0,0,0,0,0,0,0,0,1,0,0,0,0,0,0,0,0,1,0,0,GENERAL_SEMANTIC
1800,71166,Việc phong tỏa tài khoản của đối tượng thanh tra thực hiện theo nguyên tắc gì?,78,16,0,0,0,0,0,0,0,0,0,0,0,0,0,0,0,0,0,1,0,0,0,CONDITION
1801,167722,Công chức là người đứng đầu cơ quan vi phạm pháp luật về phòng chống tham nhũng thì có bị xử lý kỷ luật nặng hơn người vi phạm khác không?,138,31,0,0,0,0,0,1,0,0,0,0,0,0,0,0,0,0,0,0,1,0,1,SANCTION
1802,20708,Doanh nghiệp nhà nước là những doanh nghiệp như thế nào?,56,11,0,0,0,0,0,0,0,0,0,0,0,0,0,0,0,0,0,0,0,0,1,GENERAL_SEMANTIC
1803,41536,Làm giả Giấy phép hoạt động cho thuê lại lao động có bị truy cứu trách nhiệm hình sự hay không?,95,21,0,0,0,0,0,0,0,0,0,0,0,0,0,0,0,0,0,0,0,0,0,SANCTION
1804,55492,"Tổ chức học tập, quán triệt và tuyên truyền sâu rộng, thường xuyên, liên tục và có hệ thống các nội dung chủ yếu về tư tưởng, đạo đức, phong cách Hồ Chí Minh?",158,34,0,0,0,0,0,0,0,0,0,0,0,0,0,0,0,0,0,0,0,0,1,GENERAL_SEMANTIC
1805,5304,Ai có thẩm quyền cấp Giấy phép hoạt động cho thuê lại lao động?,63,14,0,0,0,0,0,0,0,0,0,0,0,0,0,0,0,0,0,0,0,0,0,PROCEDURE
1806,98884,Lệ phí cấp giấy chứng nhận quyền sử dụng đất tại Thanh Hóa hiện nay là bao nhiêu?,81,18,0,0,0,0,0,0,0,0,0,0,0,0,0,0,0,0,0,0,0,0,0,PROCEDURE
1807,165190,"Theo quy định của pháp luật hiện hành, những hành vi nào bị cấm trong hoạt động thương mại điện tử?",99,21,0,0,0,0,0,1,0,0,0,0,0,0,0,0,0,0,1,1,1,0,0,CROSS_REFERENCE
1808,78846,Chương trình mục tiêu quốc gia phát triển kinh tế xã hội vùng đồng bào dân tộc thiểu số và miền núi giai đoạn 2021-2030 có hỗ trợ nhà ở cho hộ đồng bào dân tộc thiểu số không?,175,40,0,0,0,0,0,0,0,0,0,0,0,0,0,0,0,1,0,0,0,1,0,GENERAL_SEMANTIC
1809,14018,Khi nào thì phải lập quỹ bảo đảm nghĩa vụ thu dọn công trình dầu khí?,69,16,0,0,0,0,0,0,0,0,0,0,0,0,0,0,0,0,0,0,0,0,0,GENERAL_SEMANTIC
1810,29470,Tổ thẩm định nhiệm vụ khoa học và công nghệ cấp Bộ của Bộ Văn hóa Thể thao và Du lịch làm việc theo nguyên tắc nào?,115,27,0,0,0,0,0,0,0,0,0,0,0,0,0,0,0,0,0,1,0,0,0,PROCEDURE
1811,101600,Mỗi người hướng dẫn tập luyện môn Judo được hướng dẫn tối đa bao nhiêu võ sinh trong một buổi tập? Mật độ tập luyện trên sàn như thế nào?,137,30,0,0,0,0,0,0,0,0,0,0,0,0,0,0,0,0,0,0,0,0,0,NUMERICAL_THRESHOLD
1812,107078,Bên nhận thầu có quyền tạm dừng thực hiện Hợp đồng thiết kế và thi công xây dựng công trình khi nào?,100,22,0,0,0,0,0,0,0,0,0,0,0,0,0,0,0,0,0,0,0,0,0,GENERAL_SEMANTIC
1813,44854,Vi phạm quy định về họp báo thì tổ chức sẽ bị xử phạt vi phạm hành chính như thế nào?,85,21,0,0,0,0,0,0,0,0,0,0,0,0,0,0,0,0,0,0,0,0,1,SANCTION
1814,105996,Bản chính bằng tốt nghiệp cao đẳng được cấp bao nhiêu lần cho mỗi sinh viên?,76,16,0,0,0,0,0,0,0,0,0,0,0,0,0,0,0,0,0,0,0,0,0,PROCEDURE
1815,131446,Hồ sơ để mở tài khoản thanh toán gồm những gì?,46,11,0,0,0,0,0,0,0,0,0,0,0,0,0,0,0,0,0,0,0,0,0,PROCEDURE
1816,55736,Trình tự đo ngắm trên một trạm máy khi đo độ lún công trình bằng phương pháp đo cao hình học cấp 2 được tiến hành như thế nào?,126,29,0,0,0,0,0,0,0,0,0,0,0,0,0,0,0,0,0,0,0,1,0,PROCEDURE
1817,52206,Ban Đối ngoại Tổng Liên đoàn lao động Việt Nam thực hiện những nhiệm vụ nào?,76,16,0,0,0,0,0,0,0,0,0,0,0,0,0,0,0,0,0,0,0,0,0,GENERAL_SEMANTIC
1818,74010,Cửa xe taxi cần niêm yết những thông tin gì?,44,10,0,0,0,0,0,0,0,0,0,0,0,0,0,0,0,0,0,0,0,0,0,GENERAL_SEMANTIC
1819,122536,Sau khi tốt nghiệp ngành chế tạo thiết bị cơ khí trình độ trung cấp thì người học phải có được những kiến thức nào?,115,25,0,0,0,0,0,0,0,0,0,0,0,0,0,0,0,0,0,0,0,0,0,PROCEDURE
1820,57984,Cá nhân bắn pháo hoa nổ có phải hành vi trái pháp luật không?,61,14,0,0,0,0,0,1,0,0,0,0,0,0,0,0,0,0,0,0,1,0,1,GENERAL_SEMANTIC
1821,10390,Cách tính thời gian hưởng chế độ trợ cấp hàng tháng đối với quân nhân tham gia bảo vệ tổ quốc đã xuất ngũ từ năm 1995 như thế nào?,130,30,0,0,0,0,0,0,0,0,0,0,0,0,0,0,0,1,0,0,0,1,0,PROCEDURE
1822,65952,"Nộp hồ sơ ghi nhận tổ chức tư vấn, dịch vụ quyền tác giả, quyền liên quan tại đâu?",82,19,0,0,0,0,0,0,0,0,0,0,0,0,0,0,0,0,0,0,0,0,1,PROCEDURE
1823,6458,Quyền của cơ sở sản xuất con giống vật nuôi là gà Tàu vàng được quy định thế nào?,81,19,0,0,0,0,0,0,0,0,0,0,0,0,0,0,0,0,0,0,0,0,0,GENERAL_SEMANTIC
1824,72652,Xử lý đối với trang thiết bị y tế có sử dụng kết quả phân loại bị thu hồi,73,19,0,0,0,0,0,0,0,0,0,0,0,0,0,0,0,0,0,0,0,0,0,GENERAL_SEMANTIC
1825,44970,Phụ nữ đang nuôi con nhỏ đã được ân giảm án tử hình thì thì phải chấp hành tối thiểu bao nhiêu năm tù?,102,24,0,0,0,0,0,0,0,0,0,0,0,0,0,0,0,0,0,0,0,0,0,NUMERICAL_THRESHOLD
1826,84392,Người nộp thuế nợ thuế đối với hàng xuất nhập khẩu quá 90 ngày kể từ ngày hết thời hạn có bị cưỡng chế thi hành quyết định hành chính hay không?,144,32,0,0,0,0,0,0,0,0,0,1,0,0,0,0,0,0,0,0,1,1,0,PROCEDURE
1827,121998,"Báo cáo thỉnh thị trong công tác thực hành quyền công tố, kiểm sát xét xử hình sự về vụ việc cụ thể được thực hiện như thế nào?",127,29,0,0,0,0,0,0,0,0,0,0,0,0,0,0,0,0,0,0,0,0,0,GENERAL_SEMANTIC
1828,34900,Người lao động nước ngoài không thuộc diện cấp giấy phép lao động được quy định thế nào?,88,18,0,0,0,0,0,0,0,0,0,0,0,0,0,0,0,0,0,0,0,0,1,PROCEDURE
1829,14572,Tổng cục Thuế yêu cầu triển khai giảm thuế trước bạ ô tô từ ngày 1/7/2023 theo Công điện 04/CĐ-TCT phải không?,110,26,0,0,0,0,0,0,0,0,0,0,0,0,0,0,0,1,0,1,0,1,0,CONDITION
1830,117912,Người chiếm đoạt vật liệu hạt nhân dẫn đến chết người là người bị bệnh nặng có được giảm nhẹ trách nhiệm hình sự không?,119,25,0,0,0,0,0,0,0,0,0,0,0,0,0,0,0,0,0,0,0,0,0,CONDITION
1831,86880,Trước khi cấp chứng minh quân nhân chuyên nghiệp thì cơ quan có thẩm quyền cần phải thu thập những thông tin nào đối với sĩ quan quân đội?,138,29,0,0,0,0,0,0,0,0,0,0,0,0,0,0,0,0,0,0,0,0,1,PROCEDURE
1832,19618,Bộ Chính trị đã đặt ra tình hình và nguyên nhân nào trong phương hướng phát triển của Hà Nội đến năm 2030?,106,23,0,0,0,0,0,0,0,0,0,0,0,0,0,0,0,1,0,0,0,1,0,GENERAL_SEMANTIC
1833,32322,Xây dựng cơ sở hạ tầng bảo vệ môi trường nông thôn; thu hút các doanh nghiệp đầu tư các khu xử lý chất thải trong chương trình xây dựng nông thôn mới giai đoạn 2021-2025?,170,37,0,0,0,0,0,0,0,0,0,0,0,0,0,0,0,1,0,0,0,1,1,GENERAL_SEMANTIC
1834,6486,"Người học ngành dược trình độ cao đẳng sau khi tốt nghiệp có thể làm những vị trí, công việc nào?",97,21,0,0,0,0,0,0,0,0,0,0,0,0,0,0,0,0,0,0,0,0,0,GENERAL_SEMANTIC
1835,87234,Thanh tra viên là gì và việc sắp xếp ngạch thanh tra viên theo thứ tự ra sao?,77,18,0,0,0,0,0,0,0,0,0,0,0,0,0,0,0,0,0,1,0,0,0,DEFINITION
1836,77580,Chủ đầu tư cấp 1 có các nghĩa vụ gì?,36,10,0,0,0,0,0,0,0,0,0,0,0,0,0,0,0,0,0,0,0,1,1,PROCEDURE
1837,9602,Bão có phải là sự kiện bất khả kháng không?,43,10,0,0,0,0,0,0,0,0,0,0,0,0,0,0,0,0,0,0,0,0,0,GENERAL_SEMANTIC
1838,145736,"Hồ sơ đăng ký người phụ thuộc giảm trừ gia cảnh đối với cá nhân có thu nhập từ tiền lương, tiền công gồm những thành phần nào?",126,28,0,0,0,0,0,0,0,0,0,0,0,0,0,0,0,0,0,0,0,0,1,PROCEDURE
1839,126410,"Các bộ, cơ quan ngang bộ, cơ quan thuộc chính phủ phải thực hiện các nội dung để triển khai Nghị định 44/2022/NĐ-CP như thế nào?",128,29,0,0,0,0,0,0,0,1,0,0,0,0,0,0,1,1,0,0,1,1,1,GENERAL_SEMANTIC
1840,59618,Đăng ký xe thế chấp do ngân hàng bán đấu giá để thu hồi nợ thì cần có những giấy tờ gì?,87,22,0,0,0,0,0,0,0,0,0,0,0,0,0,0,0,0,0,0,0,0,0,PROCEDURE
1841,160060,Xác nhận kiến thức pháp luật về bán hàng đa cấp được pháp luật quy định như thế nào?,84,19,0,0,0,0,0,1,0,0,0,0,0,0,0,0,0,0,0,0,1,0,0,PROCEDURE
1842,167194,Người học nghề vận hành máy thi công nền trình độ cao đẳng phải có mức độ tự chủ và trách nhiệm như thế nào?,108,25,0,0,0,0,0,0,0,0,0,0,0,0,0,0,0,0,0,0,0,0,0,NUMERICAL_THRESHOLD
1843,140908,Làm Bí thư Đoàn thanh niên tại xã vừa được công nhận là vùng có điều kiện kinh tế - xã hội đặc biệt khó khăn thì sẽ được nhận những khoản trợ cấp nào?,150,34,0,0,0,0,0,0,0,0,0,0,0,0,0,0,0,0,0,0,0,0,0,PROCEDURE
1844,33688,Soạn thảo văn bản quy phạm pháp luật của Bộ Giao thông vận tải theo thủ tục rút gọn trong những trường hợp nào?,111,24,0,0,0,0,0,1,0,0,0,0,0,0,0,0,0,0,0,1,1,0,0,PROCEDURE
1845,78784,Trường hợp có sai sót trong văn bản hợp nhất thì ai sẽ xử lý?,61,15,0,0,0,0,0,0,0,0,0,0,0,0,0,0,0,0,0,0,0,0,0,GENERAL_SEMANTIC
1846,83390,Thủ tục nộp tiền phạt vi phạm giao thông được quy định như thế nào?,67,15,0,0,0,0,0,0,0,0,0,0,0,0,0,0,0,0,0,0,0,0,0,SANCTION
1847,142868,Có được hưởng chế độ ưu đãi đối với thương binh 21% không?,58,13,0,0,0,0,0,0,0,0,0,0,0,0,0,0,0,0,0,0,0,1,0,CONDITION
1848,46738,Bộ phận Tiếp nhận và Trả kết quả giải quyết thủ tục hành chính được hiểu như thế nào?,85,19,0,0,0,0,0,0,0,0,0,0,0,0,0,0,0,0,0,0,0,0,0,PROCEDURE
1849,19354,Thực hiện đề nghị cấp giấy phép kinh doanh dịch vụ lữ hành nội địa theo những bước nào?,87,19,0,0,0,0,0,0,0,0,0,0,0,0,0,0,0,0,0,1,0,0,0,PROCEDURE
1850,111326,Nguyên tắc trong quản lý và sử dụng viện trợ được quy định như thế nào?,71,16,0,0,0,0,0,0,0,0,0,0,0,0,0,0,0,0,0,0,0,0,0,GENERAL_SEMANTIC
1851,100518,"Khi nào học sinh THCS, THPT được lên lớp?",41,9,0,0,0,0,0,0,0,0,0,0,0,0,0,0,0,0,0,0,0,0,0,GENERAL_SEMANTIC
1852,115636,Hành vi nào là hành vi bị nghiêm cấm về biên phòng?,51,12,0,0,0,0,0,0,0,0,0,0,0,0,0,0,0,0,0,0,0,0,0,GENERAL_SEMANTIC
1853,109264,Công chức đang công tác tại Viện kiểm sát nhân dân đang trong thời gian xử lý kỷ luật thì có được thực hiện việc chuyển đổi vị trí công tác không?,146,32,0,0,0,0,0,1,0,0,0,0,0,0,0,0,0,0,0,0,1,0,0,CONDITION
1854,125650,Tập thủ tục tố tụng khi lập hồ sơ kiểm sát vụ án dân sự trường hợp Viện kiểm sát tham gia phiên tòa sơ thẩm gồm những tài liệu gì?,130,31,0,0,0,0,0,0,0,0,0,0,0,0,0,0,0,0,0,0,0,0,0,PROCEDURE
1855,14754,Cho cá nhân khác sử dụng Giấy phép cho thuê lại lao động thì doanh nghiệp có bị thu hồi giấy phép không?,104,23,0,0,0,0,0,0,0,0,0,0,0,0,0,0,0,0,0,0,0,0,1,GENERAL_SEMANTIC
1856,159826,"Kho bạc Nhà nước ở tỉnh, thành phố trực thuộc Trung ương có được trích tài khoản của cá nhân mở tại Kho bạc Nhà nước để nộp ngân sách nhà nước không?",149,33,0,0,0,0,0,0,0,0,0,0,0,0,0,0,0,0,0,0,0,0,1,PROCEDURE
1857,68406,Người lao động có trách nhiệm bảo vệ bí mật kinh doanh của doanh nghiệp hay không?,82,17,0,0,0,0,0,0,0,0,0,0,0,0,0,0,0,0,0,0,0,0,1,GENERAL_SEMANTIC
1858,61308,Thẻ bảo hiểm y tế được quy định thế nào?,40,10,0,0,0,0,0,0,0,0,0,0,0,0,0,0,0,0,0,0,0,0,0,GENERAL_SEMANTIC
1859,106334,Thời gian thử thách đối với người phạm tội hưởng án treo không được quá bao nhiêu năm?,86,18,0,0,0,0,0,0,0,0,0,0,0,0,0,0,0,0,0,0,0,0,0,NUMERICAL_THRESHOLD
1860,166328,"Xử phạt đối với hành vi phạt tiền, trừ lương của nhân viên trái quy định pháp luật?",83,18,0,0,0,0,0,1,0,0,0,0,0,0,0,0,0,0,0,0,1,0,0,SANCTION
1861,118486,Tổ chức thanh lý trụ sở UBND cấp xã theo hình thức phá dỡ thế nào?,66,16,0,0,0,0,0,0,0,0,0,0,0,0,0,0,0,0,0,1,0,0,1,PROCEDURE
1862,140444,Cán bộ sử dụng thang máy tại Trụ sở Bộ Tài nguyên và Môi trường phải chấp hành các quy định nào?,96,22,0,0,0,0,0,0,0,0,0,0,0,0,0,0,0,0,0,0,0,0,0,GENERAL_SEMANTIC
1863,130368,Quy trình khen thưởng Bằng khen của Thủ tướng Chính phủ trong Quân đội nhân dân quy định như thế nào?,101,21,0,0,0,0,0,0,0,0,0,0,0,0,0,0,0,0,0,0,0,0,0,GENERAL_SEMANTIC
1864,45864,Một số loại thuốc thử và vật liệu thử nào được dùng trong thí nghiệm để chẩn đoán bệnh tụ huyết trùng gia cầm ở gà?,115,26,0,0,0,0,0,0,0,0,0,0,0,0,0,0,0,0,0,0,0,0,0,GENERAL_SEMANTIC
1865,7482,Các hồ sơ cần thiết để đăng ký niêm yết cổ phiếu?,49,12,0,0,0,0,0,0,0,0,0,0,0,0,0,0,0,0,0,0,0,0,0,PROCEDURE
1866,71446,Thời hạn tự nguyện thi hành án đối với người phải thi hành án là bao nhiêu ngày?,80,18,0,0,0,0,0,0,0,0,0,0,0,0,0,0,0,0,0,0,0,0,0,NUMERICAL_THRESHOLD
1867,141988,Trách nhiệm tổ chức hội nghị nhà chung cư lần đầu của Ủy ban nhân dân cấp xã là gì?,83,20,0,0,0,0,0,0,0,0,0,0,0,0,0,0,0,0,0,0,0,0,1,PROCEDURE
1868,15212,Chủ tịch Ủy ban nhân dân cấp xã có quyền xử phạt người nhập khẩu nguồn gen cây trồng gây hại đến sức khỏe con người không?,122,27,0,0,0,0,0,0,0,0,0,0,0,0,0,0,0,0,0,0,0,0,1,SANCTION
1869,8212,Có những biện pháp cưỡng chế nào đối với pháp nhân thương mại?,62,13,0,0,0,0,0,0,0,0,0,0,0,0,0,0,0,0,0,0,0,0,0,GENERAL_SEMANTIC
1870,75872,Hiểu thế nào về sản phẩm mật mã dân sự?,39,10,0,0,0,0,0,0,0,0,0,0,0,0,0,0,0,0,0,0,0,0,0,GENERAL_SEMANTIC
1871,129366,Cơ sở vật chất và trang thiết bị Trung tâm Chống độc của Bệnh viện đa khoa hạng đặc biệt được bố trí như thế nào?,113,26,0,0,0,0,0,0,0,0,0,0,0,0,0,0,0,0,0,0,0,0,0,GENERAL_SEMANTIC
1872,12012,Để thành lập Hội đồng quản lý thì đơn vị sự nghiệp công lập trong lĩnh vực tài chính cần chuẩn bị những giấy tờ gì?,115,26,0,0,0,0,0,0,0,0,0,0,0,0,0,0,0,0,0,0,0,0,0,GENERAL_SEMANTIC
1873,146572,Đăng ký giao dịch đảm bảo có tốn phí hay không?,47,11,0,0,0,0,0,0,0,0,0,0,0,0,0,0,0,0,0,0,0,0,0,PROCEDURE
1874,2034,"Hồ sơ miễn, giảm tiền thuê đất 2022?",36,8,0,0,0,0,0,0,0,0,0,0,0,0,0,0,0,1,0,0,0,1,0,PROCEDURE
1875,99242,Bóng cười có bị cấm sản xuất tại Việt Nam không?,48,11,0,0,0,0,0,0,0,0,0,0,0,0,0,0,0,0,0,0,0,0,0,GENERAL_SEMANTIC
1876,130158,Cơ sở vật chất và trang thiết bị khi tổ chức thi đấu môn Cầu lông được chuẩn bị như thế nào?,92,22,0,0,0,0,0,0,0,0,0,0,0,0,0,0,0,0,0,0,0,0,1,GENERAL_SEMANTIC
1877,103124,Mức xử phạt vi phạm hành chính đối với người thông thầu là bao nhiêu tiền?,74,16,0,0,0,0,0,0,0,0,0,0,0,0,0,0,0,0,0,0,0,0,0,SANCTION
1878,130848,Khai thác khoáng sản làm vật liệu xây dựng thông thường bị xem là trái phép khi nào?,84,18,0,0,0,0,0,0,0,0,0,0,0,0,0,0,0,0,0,0,0,0,0,GENERAL_SEMANTIC
1879,39918,Có được thu hồi đất nông nghiệp để thực hiện dự án quan trọng quốc gia do Quốc hội quyết định chủ trương đầu tư hay không?,122,27,0,0,0,0,0,0,0,0,0,1,0,0,0,0,0,0,0,0,1,0,0,CONDITION
1880,34214,Kỹ thuật viên đường bộ hạng 2 có nhiệm vụ như thế nào?,54,13,0,0,0,0,0,0,0,0,0,0,0,0,0,0,0,0,0,0,0,1,0,GENERAL_SEMANTIC
1881,15670,"Cơ sở giáo dục nào được kiểm tra và công nhận biết tiếng Việt thành thạo trong cơ sở khám bệnh, chữa bệnh?",106,23,0,0,0,0,0,0,0,0,0,0,0,0,0,0,0,0,0,0,0,0,0,GENERAL_SEMANTIC
1882,99830,Hội đồng khoa học Viện kiểm sát nhân dân tối cao có chức năng gì? Cơ cấu của Hội đồng khoa học như thế nào?,107,25,0,0,0,0,0,0,0,0,0,0,0,0,0,0,0,0,0,0,0,0,0,GENERAL_SEMANTIC
1883,125306,"Khi xử lý đơn khiếu nại được gửi đến Viện kiểm sát, tiến hành phân loại đơn như thế nào?",88,20,0,0,0,0,0,0,0,0,0,0,0,0,0,0,0,0,0,0,0,0,0,GENERAL_SEMANTIC
1884,164868,Ai có quyền cấp chứng chỉ chuyên môn cho người điều khiển phương tiện giao thông?,81,16,0,0,0,0,0,0,0,0,0,0,0,0,0,0,0,0,0,0,0,0,0,PROCEDURE
1885,128292,Sĩ quan Công an nhân dân muốn xuất ngũ để ra nước ngoài định cư thì có cần đủ số năm công tác không?,100,24,0,0,0,0,0,0,0,0,0,0,0,0,0,0,0,0,0,0,0,0,0,GENERAL_SEMANTIC
1886,144442,Nghĩa vụ của thành viên liên hiệp hợp tác xã?,45,10,0,0,0,0,0,0,0,0,0,0,0,0,0,0,0,0,0,0,0,0,0,GENERAL_SEMANTIC
1887,13582,"Nhiệm vụ, quyền hạn của cơ quan thi hành án dân sự cấp tỉnh quy định thế nào?",77,18,0,0,0,0,0,0,0,0,0,0,0,0,0,0,0,0,0,0,0,0,1,PROCEDURE
1888,153960,Cá nhân được cấp chứng chỉ hành nghề thiết kế kết cấu công trình cần có bao nhiêu năm kinh nghiệm thiết kế trở lên?,115,25,0,0,0,0,0,0,0,0,0,0,0,0,0,0,0,0,0,0,0,0,1,PROCEDURE
1889,3764,Công ty đại chúng là gì?,24,6,0,0,0,0,0,0,0,0,0,0,0,0,0,0,0,0,0,0,0,0,1,DEFINITION
1890,66128,Người đứng đầu đơn vị thuộc Bộ Nội vụ vắng mặt tại cuộc họp giao ban hàng tuần của Bộ thì có được ủy nhiệm cho cấp phó dự thay hay không?,137,32,0,0,0,0,0,0,0,0,0,0,0,0,0,0,0,0,0,0,0,0,0,PROCEDURE
1891,167662,Doanh nghiệp bắt buộc mua lại trái phiếu trước hạn chào bán ra thị trường quốc tế theo yêu cầu của nhà đầu tư trong trường hợp nào?,131,28,0,0,0,0,0,0,0,0,0,0,0,0,0,0,0,0,0,1,0,0,1,CONDITION
1892,56646,Quy trình để được thành lập trường đại học tư thục gồm mấy bước?,64,14,0,0,0,0,0,0,0,0,0,0,0,0,0,0,0,0,0,0,0,0,0,GENERAL_SEMANTIC
1893,111632,Chuyển xếp lương đối với viên chức Quản lý dự án hàng hải khi chuyển ngạch cùng loại viên chức ra sao?,102,22,0,0,0,0,0,0,0,0,0,0,0,0,0,0,0,0,0,0,0,0,0,GENERAL_SEMANTIC
1894,99184,Giá tính thuế tiêu thụ đặc biệt đối với trò chơi điện tử có thưởng được xác định như thế nào?,93,21,0,0,0,0,0,0,0,0,0,0,0,0,0,0,0,0,0,0,0,0,0,GENERAL_SEMANTIC
1895,138474,Nguyên tắc để học môn học giáo dục quốc phòng và an ninh ra sao?,64,15,0,0,0,0,0,0,0,0,0,0,0,0,0,0,0,0,0,0,0,0,0,GENERAL_SEMANTIC
1896,20510,Khi nào được cấp lại chứng chỉ hành nghề thú y?,47,11,0,0,0,0,0,0,0,0,0,0,0,0,0,0,0,0,0,0,0,0,0,PROCEDURE
1897,14214,Bản đồ quy hoạch sử dụng đất cấp huyện bao gồm những gì?,56,13,0,0,0,0,0,0,0,0,0,0,0,0,0,0,0,0,0,0,0,0,0,PROCEDURE
1898,164100,Quy định mới về xử phạt vi phạm trong lĩnh vực trồng trọt khi nào có hiệu lực?,78,18,0,0,0,0,0,0,0,0,0,0,0,0,0,0,0,0,1,0,0,0,0,SANCTION
1899,49284,"Trình tự cấp Giấy phép đối với trường hợp chuyển đổi chương trình, dự án tài chính vi mô như thế nào?",101,22,0,0,0,0,0,0,0,0,0,0,0,0,0,0,0,0,0,0,0,0,0,PROCEDURE
1900,127244,Thời hạn xác nhận hồ sơ đề nghị hỗ trợ tiền thuê nhà như thế nào?,65,16,0,0,0,0,0,0,0,0,0,0,0,0,0,0,0,0,0,0,0,0,0,PROCEDURE
1901,36776,Kế hoạch an ninh cảng biển được Bộ luật ISPS quy định như thế nào?,66,15,0,0,0,0,0,1,1,0,0,0,0,0,0,0,0,0,0,0,2,0,0,GENERAL_SEMANTIC
1902,75490,"Các khoản chi nguyên liệu, vật liệu, nhiên liệu, năng lượng, hàng hóa có được tính vào chi phí được trừ khi xác định thu nhập chịu thuế TNDN hay không?",151,31,0,0,0,0,0,0,0,0,0,0,0,0,0,0,0,0,0,0,0,0,0,CONDITION
1903,93228,Việc điều chỉnh chương trình phát triển nhà ở được thực hiện như thế nào?,73,15,0,0,0,0,0,0,0,0,0,0,0,0,0,0,0,0,0,0,0,0,0,GENERAL_SEMANTIC
1904,22922,Việc tiếp nhận thông báo tổ chức lễ hội cấp huyên được thực hiện theo trình tự nào?,83,18,0,0,0,0,0,0,0,0,0,0,0,0,0,0,0,0,0,1,0,0,1,PROCEDURE
1905,29964,"Mua, bán trang thiết bị thuộc loại B, C, D phải đáp ứng điều kiện nào?",70,16,0,0,0,0,0,0,0,0,0,0,0,0,0,0,0,0,0,0,0,0,0,CONDITION
1906,36866,Việc xây dựng chương trình đảm bảo và cải tiến chất lượng bệnh viện được quy định thế nào?,90,19,0,0,0,0,0,0,0,0,0,0,0,0,0,0,0,0,0,0,0,0,0,GENERAL_SEMANTIC
1907,152480,Viên chức được cử tham gia đoàn công tác nước ngoài của các ban ngành thuộc cơ quan Bảo Hiểm xã hội Việt Nam phải chuẩn bị bằng văn bản những vấn đề gì?,152,34,0,0,0,0,0,0,0,0,0,0,0,0,0,0,0,0,0,0,0,0,1,GENERAL_SEMANTIC
1908,54870,Cách tính mức phụ cấp ưu đãi nghề đối với công chức phục vụ người bệnh gây mê hồi sức hiện nay được quy định như thế nào?,121,28,0,0,0,0,0,0,0,0,0,0,0,0,0,0,0,0,0,0,0,0,0,PROCEDURE
1909,60202,"Ai có quyền quyết định chỉnh sửa nội dung chứng chỉ nghiệp vụ sư phạm dạy trình độ cao đẳng, trình độ trung cấp?",112,24,0,0,0,0,0,0,0,0,0,1,0,0,0,0,0,0,0,0,1,0,0,PROCEDURE
1910,31822,Điều lệ công ty bao gồm những nội dung gì?,42,10,0,0,0,0,0,0,0,0,0,0,0,0,0,0,0,0,0,0,0,0,1,GENERAL_SEMANTIC
1911,83518,Con liệt sĩ ở TP. Hồ Chí Minh sẽ được cộng lên đến 02 điểm cho kỳ thi tuyển sinh vào lớp 10 sắp tới?,100,25,0,0,0,0,0,0,0,0,0,0,0,0,0,0,0,0,0,0,0,1,0,GENERAL_SEMANTIC
1912,102832,Có các phương pháp giám sát trọng điểm về HIV nào?﻿,51,11,0,0,0,0,0,0,0,0,0,0,0,0,0,0,0,0,0,0,0,0,0,GENERAL_SEMANTIC
1913,57570,"Những đơn vị nào phải triển khai, ghi nhận và lưu trữ thông tin thực hiện nhiệm vụ bảo đảm chuyến bay chuyên cơ của Việt Nam?",125,27,0,0,0,0,0,0,0,0,0,0,0,0,0,0,0,0,0,0,0,0,0,GENERAL_SEMANTIC
1914,88876,Người đảm nhiệm chức danh kiểm soát viên khí tượng thủy văn hạng 2 phải có năng lực chuyên môn nghiệp vụ như thế nào?,117,25,0,0,0,0,0,0,0,0,0,0,0,0,0,0,0,0,0,0,0,1,0,GENERAL_SEMANTIC
1915,73468,Đề thi Hóa tốt nghiệp THPT năm 2023 phải đáp ứng những yêu cầu gì?,66,15,0,0,0,0,0,0,0,0,0,0,0,0,0,0,0,1,0,0,0,1,0,CONDITION
1916,53756,Các biện pháp khẩn cấp tạm thời,31,7,0,0,0,0,0,0,0,0,0,0,0,0,0,0,0,0,0,0,0,0,0,PROCEDURE
1917,63810,"Tăng cường quản lý thuế đối với hoạt động kinh doanh thương mại điện tử và xây dựng quy chuẩn, tiêu chuẩn kết nối, chia sẻ dữ liệu tại Chỉ thị mới như thế nào?",159,35,0,0,0,0,0,0,0,0,0,0,0,0,0,0,0,0,0,0,0,0,0,CONDITION
1918,103258,Hóa đơn điện tử áp dụng với những đối tượng nào?,48,11,0,0,0,0,0,0,0,0,0,0,0,0,0,0,0,0,0,0,0,0,0,CONDITION
1919,93440,Hội viên của Hội Khoa học kỹ thuật Lạnh và Điều hòa không khí Việt Nam là những người nào?,90,20,0,0,0,0,0,0,0,0,0,0,0,0,0,0,0,0,0,0,0,0,0,GENERAL_SEMANTIC
1920,123484,Có thể mua trái phiếu của công ty cổ phần bằng gì?,50,12,0,0,0,0,0,0,0,0,0,0,0,0,0,0,0,0,0,0,0,0,1,GENERAL_SEMANTIC
1921,29980,Thuế bảo vệ môi trường là gì? Công thức tính thuế bảo vệ môi trường ra sao?,75,17,0,0,0,0,0,0,0,0,0,0,0,0,0,0,0,0,0,0,0,0,0,DEFINITION
1922,146082,Chủ hộ kinh doanh có thể thuê người điều hành hoạt động kinh doanh của hộ kinh doanh được không?,96,20,0,0,0,0,0,0,0,0,0,0,0,0,0,0,0,0,0,0,0,0,1,GENERAL_SEMANTIC
1923,8242,"Phụ cấp trách nhiệm đối với cán bộ trực tiếp vận hành, bảo dưỡng máy phát nơtron NA-3C là bao nhiêu?",100,22,0,0,0,0,0,0,0,0,0,0,0,0,0,0,0,0,0,0,0,1,0,PROCEDURE
1924,168264,Mẫu đơn đề nghị vay vốn gửi Quỹ Phát triển Khoa học và Công nghệ Quốc gia mới nhất hiện nay?,92,21,0,0,0,0,0,0,0,0,0,0,0,0,0,0,0,0,1,0,0,0,0,GENERAL_SEMANTIC
1925,12464,"Xử lý sự cố liên quan đến hoạt động của Phòng máy chủ của Ủy ban Dân tộc, đánh giá và phân loại mức độ ảnh hưởng của sự cố theo mấy mức?",136,33,0,0,0,0,0,0,0,0,0,0,0,0,0,0,0,0,0,1,0,0,1,NUMERICAL_THRESHOLD
1926,61258,"Thực hiện cải cách tiền lương, chính sách BHXH phù hợp với điều kiện đất nước trong giai đoạn 2023-2025?",104,21,0,0,0,0,0,0,0,0,0,0,0,0,0,0,0,1,0,0,0,1,0,CONDITION
1927,149398,Thực hiện thí nghiệm thiết bị trên lưới điện phân phối đột xuất thì đơn vị phân phối cần thông báo cho khách hàng trước bao nhiêu ngày?,135,28,0,0,0,0,0,0,0,0,0,0,0,0,0,0,0,0,0,0,0,0,0,NUMERICAL_THRESHOLD
1928,129562,Vốn điều lệ của Tập đoàn Bưu chính Viễn thông Việt Nam là bao nhiêu?,68,15,0,0,0,0,0,0,0,0,0,0,0,0,0,0,0,0,0,0,0,0,0,NUMERICAL_THRESHOLD
1929,137290,Việc tổ chức nhập học đối với học viên trúng xét tuyển chương trình đào tạo sơ cấp lý luận chính trị tại Trung tâm chính trị cấp huyện là trách nhiệm của ai?,157,34,0,0,0,0,0,0,0,0,0,0,0,0,0,0,0,0,0,0,0,0,1,PROCEDURE
1930,90572,Quy trình giải quyết kiến nghị về kết quả lựa chọn nhà thầu được thực hiện như thế nào?,87,19,0,0,0,0,0,0,0,0,0,0,0,0,0,0,0,0,0,0,0,0,1,PROCEDURE
1931,37762,Nhà phân phối hóa chất ở Việt Nam có cần cung cấp Phiếu an toàn hóa chất cho bên mua hay không?,95,22,0,0,0,0,0,0,0,0,0,0,0,0,0,0,0,0,0,0,0,0,0,PROCEDURE
1932,34418,Chủ tịch Hội đồng thành viên Công ty Mua bán nợ Việt Nam do ai bổ nhiệm?,72,17,0,0,0,0,0,0,0,0,0,0,0,0,0,0,0,0,0,0,0,0,1,GENERAL_SEMANTIC
1933,59570,Điều kiện công ty đại chúng phát hành cổ phiếu để chào mua công khai là gì?,75,17,0,0,0,0,0,0,0,0,0,0,0,0,0,0,0,0,0,0,0,0,1,CONDITION
1934,166334,Trẻ em khuyết tật đi học mẫu giáo có phải đóng học phí hay không?,65,15,0,0,0,0,0,0,0,0,0,0,0,0,0,0,0,0,0,0,0,0,0,GENERAL_SEMANTIC
1935,9848,"Thủ tục, điều kiện thông báo thiết lập website thương mại điện tử bán hàng",74,15,0,0,0,0,0,0,0,0,0,0,0,0,0,0,0,0,0,0,0,0,0,PROCEDURE
1936,115984,"Trình tự, thủ tục xây dựng kế hoạch thanh tra của Thanh tra tỉnh được pháp luật quy định như thế nào?",101,22,0,0,0,0,0,1,0,0,0,0,0,0,0,0,0,0,0,0,1,0,0,PROCEDURE
1937,121540,Sử dụng nguồn kinh phí nào để thực hiện nhiệm vụ cung ứng dịch vụ sự nghiệp công bảo đảm an toàn hàng hải?,106,24,0,0,0,0,0,0,0,0,0,0,0,0,0,0,0,0,0,0,0,0,0,GENERAL_SEMANTIC
1938,156868,Cần chú ý những nội dung nào khi lập Biên bản kiểm toán dự án đầu tư?,69,17,0,0,0,0,0,0,0,0,0,0,0,0,0,0,0,0,0,0,0,0,0,GENERAL_SEMANTIC
1939,20236,Thông tin tài chính trên báo cáo tài chính hợp nhất của toàn bộ tập đoàn có thay đổi khi công ty mẹ mua lại công ty con cấp 2 từ công ty con cấp 1 không?,153,37,0,0,0,0,0,0,0,0,0,0,0,0,0,0,0,0,0,0,0,1,1,PROCEDURE
1940,166192,Bên cung ứng dịch vụ giới thiệu dịch vụ có những nghĩa vụ gì?,61,14,0,0,0,0,0,0,0,0,0,0,0,0,0,0,0,0,0,0,0,0,0,GENERAL_SEMANTIC
1941,160172,"Cần chuẩn bị hồ sơ gì khi thực hiện thủ tục hoàn thuế TNCN cho tổ chức, cá nhân trả thu nhập từ tiền lương, tiền công được ủy quyền quyết toán thuế?",148,33,0,0,0,0,0,0,0,0,0,0,0,0,0,0,0,0,0,0,0,0,1,PROCEDURE
1942,136474,Chủ sở hữu của Tập đoàn Dầu khí Việt Nam có quyền hạn gì?,57,14,0,0,0,0,0,0,0,0,0,0,0,0,0,0,0,0,0,0,0,0,0,GENERAL_SEMANTIC
1943,50786,Phụ cấp thâm niên nhà giáo năm 2023 có tăng không?,50,11,0,0,0,0,0,0,0,0,0,0,0,0,0,0,0,1,0,0,0,1,0,PROCEDURE
1944,105272,Quản lý doanh nghiệp tư nhân quy định như thế nào?,50,11,0,0,0,0,0,0,0,0,0,0,0,0,0,0,0,0,0,0,0,0,1,GENERAL_SEMANTIC
1945,43514,Rủi ro khi cho mượn căn cước công dân là gì?,44,11,0,0,0,0,0,0,0,0,0,0,0,0,0,0,0,0,0,0,0,0,0,DEFINITION
1946,23226,Mức lương trong hợp đồng lao động có được thấp hơn mức lương thử việc không?,76,16,0,0,0,0,0,0,0,0,0,0,0,0,0,0,0,0,0,0,0,0,0,CONDITION
1947,77890,Thủ tục cấp bản sao trích lục lại giấy đăng ký kết hôn như thế nào?,67,16,0,0,0,0,0,0,0,0,0,0,0,0,0,0,0,0,0,0,0,0,0,PROCEDURE
1948,146534,Thông tin để đăng tải trên Cổng thông tin điện tử pháp điển cần đảm bảo những yêu cầu gì?,89,20,0,0,0,0,0,0,0,0,0,0,0,0,0,0,0,0,0,0,0,0,0,CONDITION
1949,45894,"Công dân Việt Nam có các nghĩa vụ gì về xuất cảnh, nhập cảnh?",61,14,0,0,0,0,0,0,0,0,0,0,0,0,0,0,0,0,0,0,0,0,0,GENERAL_SEMANTIC
1950,130904,Có bắt buộc phải đảm nhiệm chức vụ Phó Giám đốc Sở Khoa học và Công nghệ từ 3 năm trở lên mới được bổ nhiệm Giám đốc Sở?,120,29,0,0,0,0,0,0,0,0,0,0,0,0,0,0,0,0,0,0,0,1,0,GENERAL_SEMANTIC
1951,49270,"Mục tiêu của kế hoạch phát triển kinh tế tập thể, hợp tác xã năm 2024 là gì?",76,18,0,0,0,0,0,0,0,0,0,0,0,0,0,0,0,1,0,0,0,1,0,DEFINITION
1952,40228,Hồ sơ đề nghị thành lập Trung tâm trọng tài bao gồm những thành phần nào?,73,16,0,0,0,0,0,0,0,0,0,0,0,0,0,0,0,0,0,0,0,0,0,PROCEDURE
1953,33106,Danh mục hàng hóa được giảm thuế GTGT năm 2023 còn 8%,53,12,0,0,0,0,0,0,0,0,0,0,0,0,0,0,0,1,0,0,0,1,0,ELIGIBILITY
1954,144880,Ai có quyền quyết định triệu tập Đại hội nhiệm kỳ hoặc Hội nghị đại biểu hàng năm?,82,18,0,0,0,0,0,0,0,0,0,1,0,0,0,0,0,0,0,0,1,0,0,GENERAL_SEMANTIC
1955,430,Nguyên tắc đấu giá quyền sử dụng đất được quy định ra sao?,58,13,0,0,0,0,0,0,0,0,0,0,0,0,0,0,0,0,0,0,0,0,0,GENERAL_SEMANTIC
1956,50244,Không xây dựng Quy chế công bố thông tin của doanh nghiệp theo quy định bị xử phạt như thế nào?,95,21,0,0,0,0,0,0,0,0,0,0,0,0,0,0,0,0,0,1,0,0,1,SANCTION
1957,40742,Thời hạn tối đa của Giấy chứng nhận đăng ký hành nghề kiểm toán trong bao lâu?,78,17,0,0,0,0,0,0,0,0,0,0,0,0,0,0,0,0,0,0,0,0,0,PROCEDURE
1958,66538,Đang ở bệnh viện do bị tai nạn nặng có được ủy quyền nộp hồ sơ hưởng trợ cấp thất nghiệp không?,95,22,0,0,0,0,0,0,0,0,0,0,0,0,0,0,0,0,0,0,0,0,0,PROCEDURE
1959,102358,Xử phạt hành chính đối với hành vi vi phạm chế độ hôn nhân một vợ một chồng như thế nào?,88,21,0,0,0,0,0,0,0,0,0,0,0,0,0,0,0,0,0,0,0,0,0,SANCTION
1960,10144,Người lao động bị tai biến liệt nửa người có thể hưởng bảo hiểm xã hội một lần hay không?,89,20,0,0,0,0,0,0,0,0,0,0,0,0,0,0,0,0,0,0,0,0,1,GENERAL_SEMANTIC
1961,32778,Có thể ủy quyền cho người khác (đại diện theo ủy quyền) bán nhà đất được không?,79,17,0,0,0,0,0,0,0,0,0,0,0,0,0,0,0,0,0,1,0,0,0,GENERAL_SEMANTIC
1962,25902,Cá nhân công tác trong ngành giao thông vận tải cần đạt những tiêu chuẩn nào để được công nhận là chiến sĩ thi đua toàn quốc?,125,27,0,0,0,0,0,0,0,0,0,0,0,0,0,0,0,0,0,0,0,0,1,CONDITION
1963,78054,Có bắt buộc điều kiện hóa đối với nguồn phóng xạ đã qua sử dụng hay không?,74,17,0,0,0,0,0,0,0,0,0,0,0,0,0,0,0,0,0,0,0,0,0,CONDITION
1964,166960,Quy định về việc hỗ trợ bảo vệ rừng là rừng tự nhiên trong thời gian đóng cửa rừng?,83,19,0,0,0,0,0,0,0,0,0,0,0,0,0,0,0,0,0,0,0,0,0,GENERAL_SEMANTIC
1965,27594,Thi công xây dựng cảng cạn nhưng không thực hiện đầy đủ phương án bảo đảm an toàn thì tổ chức bị xử phạt thế nào?,113,26,0,0,0,0,0,0,0,0,0,0,0,0,0,0,0,0,0,0,0,0,1,SANCTION
1966,123778,Thời hạn thanh tra lại là bao lâu?,34,8,0,0,0,0,0,0,0,0,0,0,0,0,0,0,0,0,0,0,0,0,0,NUMERICAL_THRESHOLD
1967,36028,"Gỗ tròn, gỗ xẻ các loại từ gỗ rừng tự nhiên trong nước có được xuất khẩu ra nước ngoài không?",93,21,0,0,0,0,0,0,0,0,0,0,0,0,0,0,0,0,0,0,0,0,0,CONDITION
1968,120408,Quy định về mẫu sổ bảo hiểm xã hội như thế nào?,47,12,0,0,0,0,0,0,0,0,0,0,0,0,0,0,0,0,0,0,0,0,0,GENERAL_SEMANTIC
1969,125084,"Phí thẩm định cấp Giấy chứng nhận khai thác cảng hàng không, sân bay thế nào?",77,16,0,0,0,0,0,0,0,0,0,0,0,0,0,0,0,0,0,0,0,0,0,PROCEDURE
1970,30330,Biểu mẫu thông báo về việc người nộp thuế thuộc diện/không thuộc diện được miễn (giảm) thuế theo hiệp định tránh đánh thuế hai lần và điều ước quốc tế khác như thế nào?,168,35,0,0,0,0,0,0,0,0,0,0,0,0,0,0,0,0,0,1,0,0,0,PROCEDURE
1971,103882,Tài chính công đoàn được hình thành từ những nguồn nào?,55,11,0,0,0,0,0,0,0,0,0,0,0,0,0,0,0,0,0,0,0,0,0,GENERAL_SEMANTIC
1972,148532,Người nước ngoài làm việc tại khu kinh tế cửa khẩu chuyển đến các địa điểm khác của Việt Nam thực hiện thủ tục cấp thị thực thế nào?,132,29,0,0,0,0,0,0,0,0,0,0,0,0,0,0,0,0,0,0,0,0,0,PROCEDURE
1973,158266,"Năm 2023, có mấy trường hợp được cộng điểm ưu tiên trong thi tuyển vào lớp 10?",78,17,0,0,0,0,0,0,0,0,0,0,0,0,0,0,0,1,0,0,0,1,0,GENERAL_SEMANTIC
1974,32794,Thẩm tra hồ sơ pháp lý thực hiện như thế nào?,45,11,0,0,0,0,0,0,0,0,0,0,0,0,0,0,0,0,0,0,0,0,0,PROCEDURE
1975,24624,"Đoàn Chủ tịch Ủy ban Trung ương Mặt trận Tổ quốc Việt Nam có trách nhiệm gì trong việc kiểm tra, tổng kết hội nghị đối thoại trên?",130,28,0,0,0,0,0,0,0,0,0,0,0,0,0,0,0,0,0,0,0,0,1,GENERAL_SEMANTIC
1976,12968,Vi bằng là gì?,14,4,0,0,0,0,0,0,0,0,0,0,0,0,0,0,0,0,0,0,0,0,0,DEFINITION
1977,32522,"Điều kiện, trình tự, thủ tục xem xét, quyết định nghỉ hưu ở tuổi cao hơn đối với viên chức",90,20,0,0,0,0,0,0,0,0,0,1,0,0,0,0,0,0,0,0,1,0,0,PROCEDURE
1978,53522,Kiểm toán viên từ chối thực hiện một hợp đồng dịch vụ đảm bảo trong trường hợp nào?,83,18,0,0,0,0,0,0,0,0,0,0,0,0,0,0,0,0,0,0,0,0,0,ELIGIBILITY
1979,50796,"Quy định về trách nhiệm của cơ quan, tổ chức, đơn vị trong công tác thi đua, khen thưởng?",89,19,0,0,0,0,0,0,0,0,0,0,0,0,0,0,0,0,0,0,0,0,1,GENERAL_SEMANTIC
1980,76824,Đại diện người sở hữu trái phiếu có thực hiện các biện pháp xử lý tài sản theo hợp đồng thay cho người sở hữu trái phiếu không?,127,28,0,0,0,0,0,0,0,0,0,0,0,0,0,0,0,0,0,1,0,0,0,GENERAL_SEMANTIC
1981,103916,Có thể sử dụng nhà chung cư vào mục đích khác ngoài mục đích để ở không?,72,17,0,0,0,0,0,0,0,0,0,0,0,0,0,0,0,0,0,0,0,0,0,GENERAL_SEMANTIC
1982,68056,Người học ngành chế tạo thiết bị cơ khí trình độ trung cấp sau khi tốt nghiệp thì phải có kỹ năng ngoại ngữ như thế nào?,120,27,0,0,0,0,0,0,0,0,0,0,0,0,0,0,0,0,0,0,0,0,0,PROCEDURE
1983,158630,Giấy chứng nhận quyền sử dụng đất là gì?,40,9,0,0,0,0,0,0,0,0,0,0,0,0,0,0,0,0,0,0,0,0,0,DEFINITION
1984,96284,"Công chức địa chính cấp xã có quyền hạn, chức năng gì?",54,12,0,0,0,0,0,0,0,0,0,0,0,0,0,0,0,0,0,0,0,0,0,PROCEDURE
1985,144158,"Văn bản đề nghị chấp thuận chuyển đổi đơn vị trực thuộc chương trình, dự án tài chính vi mô có những nội dung nào?",114,25,0,0,0,0,0,0,0,0,0,0,0,0,0,0,0,0,0,0,0,0,0,GENERAL_SEMANTIC
1986,13044,Xuất khẩu tại chỗ là gì?,24,6,0,0,0,0,0,0,0,0,0,0,0,0,0,0,0,0,0,0,0,0,0,DEFINITION
1987,85268,"Ai sẽ quy định cụ thể thẩm quyền cấp, thu hồi Giấy chứng nhận cơ sở đủ điều kiện an toàn thực phẩm?",99,23,0,0,0,0,0,0,0,0,0,0,0,0,0,0,0,0,0,0,0,0,0,PROCEDURE
1988,105252,Chứng cứ trong vụ án hình sự là gì?,35,9,0,0,0,0,0,0,0,0,0,0,0,0,0,0,0,0,0,0,0,0,0,DEFINITION
1989,78728,Doanh nghiệp có bắt buộc nộp báo cáo kiểm toán kèm theo báo cáo tài chính cho cơ quan có thẩm quyền hay không?,110,24,0,0,0,0,0,0,0,0,0,0,0,0,0,0,0,0,0,1,0,0,1,PROCEDURE
1990,124390,Mẫu đơn đề nghị đăng ký phương tiện đang khai thác trên đường thủy nội địa lần đầu,82,18,0,0,0,0,0,0,0,0,0,0,0,0,0,0,0,0,0,0,0,0,0,PROCEDURE
1991,100202,Thời hạn giải quyết đơn yêu cầu hủy phán quyết của trọng tài trong thời gian bao lâu?,85,18,0,0,0,0,0,0,0,0,0,0,0,0,0,0,0,0,0,0,0,0,0,PROCEDURE
1992,116912,"Có cần phải làm lại giấy đăng ký kết hôn khi bị mất, cháy không?",64,15,0,0,0,0,0,0,0,0,0,0,0,0,0,0,0,0,0,0,0,0,0,PROCEDURE
1993,56396,Thay đổi chức danh người đại diện doanh nghiệp thế nào?,55,11,0,0,0,0,0,0,0,0,0,0,0,0,0,0,0,0,0,0,0,0,1,GENERAL_SEMANTIC
1994,94782,Việc cấp giấy phép sử dụng tần số vô tuyến điện có phải bảo vệ quyền và lợi ích hợp pháp của người sử dụng dịch vụ vô tuyến điện không?,135,31,0,0,0,0,0,0,0,0,0,0,0,0,0,0,0,0,0,0,0,0,0,PROCEDURE
1995,136288,Việc quy hoạch cảng hàng không phải dựa trên những căn cứ nào để thực hiện?,75,16,0,0,0,0,0,0,0,0,0,0,0,0,0,0,0,0,0,1,0,0,0,GENERAL_SEMANTIC
1996,91470,Hiệu lệnh dừng phương tiện để kiểm soát của lực lượng cảnh sát đường thủy như thế nào?,86,18,0,0,0,0,0,0,0,0,0,0,0,0,0,0,0,0,0,0,0,0,0,GENERAL_SEMANTIC
1997,162058,Hội có quyền tham gia ý kiến vào các văn bản quy phạm pháp luật không?,70,16,0,0,0,0,0,1,0,0,0,0,0,0,0,0,0,0,0,0,1,0,0,GENERAL_SEMANTIC
1998,163688,"Nhiệm vụ, quyền hạn của Thẩm phán được quy định như thế nào?",60,13,0,0,0,0,0,0,0,0,0,0,0,0,0,0,0,0,0,0,0,0,0,GENERAL_SEMANTIC
1999,52850,Mẫu những giấy tờ sẽ thay thế sổ hộ khẩu giấy được quy định như thế nào?,72,17,0,0,0,0,0,0,0,0,0,0,0,0,0,0,0,0,1,0,0,0,0,GENERAL_SEMANTIC
2000,164972,Dựa vào kết quả đánh giá thì công chức cấp tỉnh được xếp loại chất lượng theo những mức nào?,92,20,0,0,0,0,0,0,0,0,0,0,0,0,0,0,0,0,0,1,0,0,0,PROCEDURE
2001,70146,Cá nhân được trưng cầu giám định có quyền giữ bí mật thông tin hay không?,73,16,0,0,0,0,0,0,0,0,0,0,0,0,0,0,0,0,0,0,0,0,1,GENERAL_SEMANTIC
2002,136760,Có trường hợp nào không được nhận chuyển nhượng quyền sử dụng đất trồng lúa không?,82,16,0,0,0,0,0,0,0,0,0,0,0,0,0,0,0,0,0,0,0,0,0,ELIGIBILITY
2003,20558,Có áp dụng hình thức xử phạt bổ sung đối với cá nhân có hành vi cung cấp môi giới bằng giả không?,97,23,0,0,0,0,0,0,0,0,0,0,0,0,0,0,0,0,1,0,0,0,1,SANCTION
2004,124828,Tại trường phổ thông dân tộc nội trú thực hiện công tác nuôi dưỡng và chăm sóc học sinh như thế nào?,100,22,0,0,0,0,0,0,0,0,0,0,0,0,0,0,0,0,0,0,0,0,0,GENERAL_SEMANTIC
2005,124728,Hình thức bồi dưỡng nghiệp vụ kiểm định viên giáo dục đại học và cao đẳng sư phạm như thế nào?,94,21,0,0,0,0,0,0,0,0,0,0,0,0,0,0,0,0,0,0,0,0,0,GENERAL_SEMANTIC
2006,159336,Nhà thầu nước ngoài có được thực hiện hoạt động xây dựng tại Việt Nam không?,76,16,0,0,0,0,0,0,0,0,0,0,0,0,0,0,0,0,0,0,0,0,1,CONDITION
2007,110978,Quỹ phúc lợi của Tập đoàn Điện lực Việt Nam dùng cho các hoạt động gì?,70,16,0,0,0,0,0,0,0,0,0,0,0,0,0,0,0,0,0,0,0,0,0,GENERAL_SEMANTIC
2008,118276,Các điều kiện cần thiết để trở thành hòa giải viên lao động?,60,13,0,0,0,0,0,0,0,0,0,0,0,0,0,0,0,0,0,0,0,0,0,CONDITION
2009,127514,Trách nhiệm của các cơ sở giáo dục đại học khi cử giảng viên đi học?,68,16,0,0,0,0,0,0,0,0,0,0,0,0,0,0,0,0,0,0,0,0,0,GENERAL_SEMANTIC
2010,62588,"Mục đích của Chương trình hành động thực hiện Nghị quyết 19-NQ/TW về nông nghiệp, nông dân, nông thôn là gì?",108,23,0,0,0,0,0,0,0,0,0,0,1,0,0,0,0,0,0,0,1,1,0,DEFINITION
2011,144008,Kế toán của công ty làm việc theo hợp đồng dịch vụ được không?,62,14,0,0,0,0,0,0,0,0,0,0,0,0,0,0,0,0,0,1,0,0,1,GENERAL_SEMANTIC
2012,53624,Việc đổi mới sách giáo khoa giáo dục phổ thông bao gồm những nội dung nào?,74,16,0,0,0,0,0,0,0,0,0,0,0,0,0,0,0,0,0,0,0,0,0,GENERAL_SEMANTIC
2013,149510,Doanh nghiệp cảng hàng không có những quyền và nghĩa vụ nào theo quy định hiện nay?,83,17,0,0,0,0,0,0,0,0,0,0,0,0,0,0,0,0,0,1,0,0,1,GENERAL_SEMANTIC
2014,49948,Hồ sơ đề nghị chấp thuận tổ chức lại quỹ tín dụng nhân dân được xác lập theo nguyên tắc nào?,92,21,0,0,0,0,0,0,0,0,0,0,0,0,0,0,0,0,0,1,0,0,1,PROCEDURE
2015,157630,Không thực hiện báo cáo tình hình thay đổi lao động bị xử phạt bao tiền?,72,16,0,0,0,0,0,0,0,0,0,0,0,0,0,0,0,0,0,0,0,0,0,SANCTION
2016,41814,Trường hợp bồi thường bảo hiểm khi có bên thứ ba yêu cầu đòi bồi thường được quy định như thế nào?,98,22,0,0,0,0,0,0,0,0,0,0,0,0,0,0,0,0,0,0,0,0,0,CONDITION
2017,48230,Doanh nghiệp đã giao kết hợp đồng bảo hiểm tài sản trên giá trị và phát sinh trường hợp bảo hiểm thì cần xử lý như thế nào?,123,28,0,0,0,0,0,0,0,0,0,0,0,0,0,0,0,0,0,0,0,0,1,GENERAL_SEMANTIC
2018,64084,Thời hạn nộp tờ khai thuế thu nhập cá nhân từ đầu tư vốn là bao lâu?,68,17,0,0,0,0,0,0,0,0,0,0,0,0,0,0,0,0,0,0,0,0,1,PROCEDURE
2019,22624,Có thể kiện người tung tin đồn thất thiệt về mình không?,56,12,0,0,0,0,0,0,0,0,0,0,0,0,0,0,0,0,0,0,0,0,0,GENERAL_SEMANTIC
2020,118932,Sử dụng tác phẩm phái sinh mà không được phép của tác giả có được xem là hành vi xâm phạm quyền tác giả không?,110,25,0,0,0,0,0,0,0,0,0,0,0,0,0,0,0,0,0,0,0,0,0,CONDITION
2021,98794,Doanh nghiệp nào phải nộp và không cần nộp báo cáo tài chính?,61,13,0,0,0,0,0,0,0,0,0,0,0,0,0,0,0,0,0,0,0,0,1,PROCEDURE
2022,8350,Mức thanh toán trực tiếp của BHYT thay đổi như thế nào?,55,12,0,0,0,0,0,0,0,0,0,0,0,0,0,0,0,0,0,0,0,0,0,NUMERICAL_THRESHOLD
2023,105516,Việc xác định đe dọa gây thiệt hại đáng kể của ngành sản xuất trong nước dựa trên mấy yếu tố?,93,21,0,0,0,0,0,0,0,0,0,0,0,0,0,0,0,0,0,0,0,0,0,GENERAL_SEMANTIC
2024,91896,Cơ quan có thẩm quyền sẽ kiểm tra công tác cán bộ đối với đảng viên dựa trên những nội dung nào?,96,22,0,0,0,0,0,0,0,0,0,0,0,0,0,0,0,0,0,0,0,0,1,GENERAL_SEMANTIC
2025,77250,Mức hưởng sử dụng dịch vụ cho đối tượng thuộc hộ cận nghèo theo chuẩn nghèo quốc gia này là bao nhiêu?,102,22,0,0,0,0,0,0,0,0,0,0,0,0,0,0,0,0,0,1,0,0,0,CONDITION
2026,127256,Trình tự cấp Giấy chứng nhận huấn luyện kỹ thuật an toàn vật liệu nổ công nghiệp thuộc thẩm quyền giải quyết của Bộ Công Thương như thế nào?,140,29,0,0,0,0,0,0,0,0,0,0,0,0,0,0,0,0,0,0,0,0,0,PROCEDURE
2027,73536,Kinh phí của Bảo tàng Hải quan Việt Nam được dùng đầu tư những công việc nào?,77,17,0,0,0,0,0,0,0,0,0,0,0,0,0,0,0,0,0,0,0,0,0,GENERAL_SEMANTIC
2028,167094,Mẫu Tờ khai đề nghị cấp thẻ tạm trú cho người nước ngoài mới nhất hiện nay như thế nào?,87,20,0,0,0,0,0,0,0,0,0,0,0,0,0,0,0,0,1,0,0,0,0,PROCEDURE
2029,12814,Độ tuổi nhỏ nhất để làm thẻ Căn cước công dân ở thủ đô Hà Nội là bao nhiêu tuổi?,80,20,0,0,0,0,0,0,0,0,0,0,0,0,0,0,0,0,0,0,0,0,0,NUMERICAL_THRESHOLD
2030,114634,Hồ sơ xin phép thành lập Hội đấu tranh vì nữ quyền gồm những giấy tờ tài liệu gì?,81,19,0,0,0,0,0,0,0,0,0,0,0,0,0,0,0,0,0,0,0,0,0,PROCEDURE
2031,53784,Việc thu hồi nợ bảo lãnh được tiến hành trong trường hợp nào?,61,13,0,0,0,0,0,0,0,0,0,0,0,0,0,0,0,0,0,0,0,0,0,ELIGIBILITY
2032,10426,Cơ sở chế biến cà phê hòa tan phải có những khu vực nào?,56,14,0,0,0,0,0,0,0,0,0,0,0,0,0,0,0,0,0,0,0,0,0,GENERAL_SEMANTIC
2033,157516,Chương trình khuyến mại tặng kèm quà theo hàng hóa có phải thực hiện thông báo khuyến mại đến cơ quan chức năng không?,118,24,0,0,0,0,0,0,0,0,0,0,0,0,0,0,0,0,0,1,0,0,1,GENERAL_SEMANTIC
2034,124040,Vợ chồng nhờ người mang thai hộ phải đáp ứng điều kiện gì theo quy định mới nhất hiện nay?,90,20,0,0,0,0,0,0,0,0,0,0,0,0,0,0,0,0,1,1,0,0,0,CONDITION
2035,65962,Tài xế xe ô tô chạy vào phần lề đường của đường cao tốc bị xử phạt như thế nào?,79,20,0,0,0,0,0,0,0,0,0,0,0,0,0,0,0,0,0,0,0,0,0,SANCTION
2036,161084,Hướng dẫn đăng ký kết hôn lưu động cấp xã mới nhất năm 2023 như thế nào?,72,17,0,0,0,0,0,0,0,0,0,0,0,0,0,0,0,1,1,0,0,1,0,PROCEDURE
2037,105332,Người ứng cử được đại biểu Quốc hội giới thiệu phải chuẩn bị hồ sơ nhân sự như thế nào?,87,20,0,0,0,0,0,0,0,0,0,0,0,0,0,0,0,0,0,0,0,0,0,PROCEDURE
2038,116248,Định hướng phân quyền trong quản lý nhà nước tại Luật Đất đai được quy định ra sao?,83,18,0,0,0,0,0,1,0,0,0,0,0,0,0,0,0,0,0,0,1,0,0,GENERAL_SEMANTIC
2039,18896,"Tài xế có bị tước giấy phép lái xe khi ô tô quay đầu nơi có biển báo P.124b ""Cấm ô tô quay đầu xe"" hay không?",109,28,0,0,0,0,0,0,0,0,0,0,0,0,0,0,0,0,0,0,0,1,0,GENERAL_SEMANTIC
2040,129126,Cần giữ chức danh phát thanh viên hạng 4 trong bao nhiêu năm để thăng hạng phát thanh viên hạng 3 đối với người có trình độ trung cấp?,134,29,0,0,0,0,0,0,0,0,0,0,0,0,0,0,0,0,0,0,0,1,0,PROCEDURE
2041,147366,"Quyền của tổ chức, cá nhân cung cấp dịch vụ hóa đơn, chứng từ điện tử là gì?",76,18,0,0,0,0,0,0,0,0,0,0,0,0,0,0,0,0,0,0,0,0,1,PROCEDURE
2042,57504,Mẫu biên bản giao nhận học sinh trường giáo dưỡng về gia đình để giải quyết việc tang là mẫu biên bản nào?,106,23,0,0,0,0,0,0,0,0,0,0,0,0,0,0,0,0,0,0,0,0,0,PROCEDURE
2043,90984,Cảnh sát giao thông dừng xe kiểm soát trong các trường hợp nào?,63,13,0,0,0,0,0,0,0,0,0,0,0,0,0,0,0,0,0,0,0,0,0,ELIGIBILITY
2044,79900,Thời hiệu yêu cầu Tòa án tuyên bố giao dịch dân sự vô hiệu?,59,14,0,0,0,0,0,0,0,0,0,0,0,0,0,0,0,0,0,0,0,0,0,CONDITION
2045,109504,"Quy trình thu thập, xử lý thông tin đầu vào của Phân hệ kế toán thuế bao gồm những bước nào?",92,21,0,0,0,0,0,0,0,0,0,0,0,0,0,0,0,0,0,0,0,0,0,GENERAL_SEMANTIC
2046,85650,Cơ quan đăng ký đầu tư chấm dứt hoặc chấm dứt một phần hoạt động của dự án đầu tư trong trường hợp nào?,103,24,0,0,0,0,0,0,0,0,0,0,0,0,0,0,0,0,0,0,0,0,1,PROCEDURE
2047,51064,Trách nhiệm bảo quản tài sản được xác lập quyền sở hữu toàn dân được quy định thế nào?,86,19,0,0,0,0,0,0,0,0,0,0,0,0,0,0,0,0,0,0,0,0,0,GENERAL_SEMANTIC
2048,165430,Số lượng thành viên của hội đồng quản trị là bao nhiêu thành viên?,66,14,0,0,0,0,0,0,0,0,0,0,0,0,0,0,0,0,0,0,0,0,0,NUMERICAL_THRESHOLD
2049,88524,Đối tượng nào được phổ cập giáo dục trung cơ sở? Chương trình giáo dục thực hiện phổ cập giáo dục trung học cơ sở là gì?,120,27,0,0,0,0,0,0,0,0,0,0,0,0,0,0,0,0,0,0,0,0,0,CONDITION
2050,33466,"Nhiệm vụ, quyền hạn của bộ, ngành quản lý hàng dự trữ quốc gia về dự trữ quốc gia",81,19,0,0,0,0,0,0,0,0,0,0,0,0,0,0,0,0,0,0,0,0,0,GENERAL_SEMANTIC
2051,30388,Trách nhiệm và quyền hạn của các thành viên Hội đồng thẩm định nhà nước được quy định ra sao?,93,20,0,0,0,0,0,0,0,0,0,0,0,0,0,0,0,0,0,0,0,0,0,GENERAL_SEMANTIC
2052,56246,Cố tình làm sai giấy khám sức khỏe nghĩa vụ quân sự bị xử lý như thế nào?,73,18,0,0,0,0,0,0,0,0,0,0,0,0,0,0,0,0,0,0,0,0,0,GENERAL_SEMANTIC
2053,92176,Trường Nghiệp vụ Thuế trực thuộc Tổng cục thuế có những quyền hạn gì theo quy định?,83,17,0,0,0,0,0,0,0,0,0,0,0,0,0,0,0,0,0,1,0,0,0,GENERAL_SEMANTIC
2054,137374,Giáo viên giáo dục nghề nghiệp hạng II phải thực hiện những nhiệm vụ gì theo quy định?,86,18,0,0,0,0,0,0,0,0,0,0,0,0,0,0,0,0,0,1,0,0,0,GENERAL_SEMANTIC
2055,7230,"Được hưởng trợ cấp một lần, trợ cấp hàng tháng vào thời điểm nào?",65,14,0,0,0,0,0,0,0,0,0,0,0,0,0,0,0,0,0,0,0,0,0,PROCEDURE
2056,67276,Có được phép thế chấp ngôi nhà cấp 4 xây dựng trên nền đất 200 mét vuông mà không phải thế chấp mảnh đất đó không?,114,26,0,0,0,0,0,0,0,0,0,0,0,0,0,0,0,0,0,0,0,1,0,PROCEDURE
2057,39274,"Nguyên liệu, vật tư, linh kiện nào được miễn thuế nhập khẩu để phục vụ trực tiếp cho hoạt động sản xuất sản phẩm CNTT?",118,25,0,0,0,0,0,0,0,0,0,0,0,0,0,0,0,0,0,0,0,0,0,ELIGIBILITY
2058,142774,BOG là gì?,10,3,0,0,0,0,0,0,0,0,0,0,0,0,0,0,0,0,0,0,0,0,0,DEFINITION
2059,143086,Gửi thông tin mang tính thương mại vào địa chỉ điện tử của người tiếp nhận khi chưa được người tiếp nhận đồng ý thì tổ chức bị xử phạt thế nào?,143,32,0,0,0,0,0,0,0,0,0,0,0,0,0,0,0,0,0,0,0,0,1,SANCTION
2060,1326,Tài sản cố định có được trừ khi xác định thu nhập chịu thuế thu nhập doanh nghiệp không?,88,19,0,0,0,0,0,0,0,0,0,0,0,0,0,0,0,0,0,0,0,0,1,CONDITION
2061,73702,"Thời hạn nộp hồ sơ khai thuế đối với tổ chức khai thuế thay, nộp thuế thay cho cá nhân cho thuê tài sản là khi nào?",115,27,0,0,0,0,0,0,0,0,0,0,0,0,0,0,0,0,0,0,0,0,1,PROCEDURE
2062,151052,Đề tài khoa học và công nghệ cấp Bộ của Ủy ban Dân tộc bao gồm những đề tài trong lĩnh vực nào?,95,23,0,0,0,0,0,0,0,0,0,0,0,0,0,0,0,0,0,0,0,0,1,PROCEDURE
2063,74712,Thời gian thực hiện môn học Giáo dục quốc phòng và an ninh trong chương trình đào tạo trình độ cao đẳng là bao lâu?,115,25,0,0,0,0,0,0,0,0,0,0,0,0,0,0,0,0,0,0,0,0,0,NUMERICAL_THRESHOLD
2064,29788,Cách tính thời hiệu truy cứu trách nhiệm hình sự đối với tội hiếp dâm trẻ em?,77,17,0,0,0,0,0,0,0,0,0,0,0,0,0,0,0,0,0,0,0,0,0,SANCTION
2065,115444,Chủ xe đã tham gia hợp tác xã thì có cần phải đăng ký kinh doanh vận tải không?,79,19,0,0,0,0,0,0,0,0,0,0,0,0,0,0,0,0,0,0,0,0,0,PROCEDURE
2066,47350,Công ty đại chúng có cần phải thành lập Ủy ban kiểm toán hay không?,67,15,0,0,0,0,0,0,0,0,0,0,0,0,0,0,0,0,0,0,0,0,1,GENERAL_SEMANTIC
2067,18052,Cha mẹ được quyền trực tiếp nuôi dưỡng con có quyền cấm người không trực tiếp nuôi con không được gặp con hay không?,116,24,0,0,0,0,0,0,0,0,0,0,0,0,0,0,0,0,0,0,0,0,0,GENERAL_SEMANTIC
2068,115206,Thành phần hồ sơ đề nghị cấp Giấy chứng nhận quyền sử dụng đất cho đất tín ngưỡng bao gồm những gì?,99,22,0,0,0,0,0,0,0,0,0,0,0,0,0,0,0,0,0,0,0,0,0,PROCEDURE
2069,922,"Người không có quyền đại diện xác lập, thực hiện giao dịch dân sự dẫn đến hậu quả pháp lý như thế nào?",102,23,0,0,0,0,0,0,0,0,0,0,0,0,0,0,0,0,0,0,0,0,0,GENERAL_SEMANTIC
2070,10210,Trưởng đoàn thanh tra của Cục Báo chí có quyền xử phạt tổ chức nhập khẩu báo in có nội dung thông tin ảnh hưởng đến sự phát triển bình thường về tinh thần của trẻ em không?,172,38,0,0,0,0,0,0,0,0,0,0,0,0,0,0,0,0,0,0,0,0,1,SANCTION
2071,156164,Quỹ cấp tỉnh do ai thành lập để hoạt động hỗ trợ công tác phòng chống thiên tai?,80,18,0,0,0,0,0,0,0,0,0,0,0,0,0,0,0,0,0,0,0,0,0,PROCEDURE
2072,138790,Cơ sở giáo dục nghề nghiệp gồm những loại hình nào?,51,11,0,0,0,0,0,0,0,0,0,0,0,0,0,0,0,0,0,0,0,0,0,GENERAL_SEMANTIC
2073,105856,Nội dung chính cần có khi lập phương thức vận hành hệ thống điện miền là gì?,76,17,0,0,0,0,0,0,0,0,0,0,0,0,0,0,0,0,0,0,0,0,0,DEFINITION
2074,23676,Cục Giải quyết khiếu nại tố cáo và Thanh tra khu vực 1 có chức năng gì?,71,17,0,0,0,0,0,0,0,0,0,0,0,0,0,0,0,0,0,0,0,1,0,PROCEDURE
2075,115320,Trong lĩnh vực giao thông đường bộ có các biện pháp khắc phục hậu quả nào?,74,16,0,0,0,0,0,0,0,0,0,0,0,0,0,0,0,0,0,0,0,0,0,GENERAL_SEMANTIC
2076,74556,Trên Giấy chứng nhận kiểm định có phải sẽ in hình xe cơ giới được kiểm định hay không?,86,19,0,0,0,0,0,0,0,0,0,0,0,0,0,0,0,0,0,0,0,0,0,GENERAL_SEMANTIC
2077,56766,Người muốn trở thành hội viên của Hội Nghệ sĩ Nhiếp ảnh Việt Nam thì phải đáp ứng những điều kiện nào?,102,22,0,0,0,0,0,0,0,0,0,0,0,0,0,0,0,0,0,0,0,0,0,CONDITION
2078,47464,Tiêu chuẩn Chủ tịch Hội Nông dân Việt Nam cấp xã 2023 theo quy định mới tại Nghị định 33/2023/NĐ-CP ra sao?,107,25,0,0,0,0,0,0,0,1,0,0,0,0,0,0,1,1,0,1,1,1,0,PROCEDURE
2079,21904,"Nhận, thực hiện lệnh, xác nhận kết quả giao dịch chứng khoán phái sinh như thế nào?",83,17,0,0,0,0,0,0,0,0,0,0,0,0,0,0,0,0,0,0,0,0,0,GENERAL_SEMANTIC
